Date,Open,High,Low,Close,Volume
2014-01-02,12.630523317978497,12.637786580112499,12.427157519528851,12.456209182739258,6029100.0
2014-01-03,12.405368011093687,12.46347272414205,12.289158584996958,12.310948371887207,11362700.0
2014-01-06,12.340001390112281,12.361791179394045,12.245581740542873,12.274633407592773,10370200.0
2014-01-07,12.27463428124995,12.332739004811186,12.223792821299602,12.28189754486084,13083100.0
2014-01-08,12.390844104380129,12.463475357367185,12.383580840548829,12.412633895874023,13428900.0
2014-01-09,12.325476082376223,12.340002610000106,12.100320445509732,12.172951698303223,9422200.0
2014-01-10,12.231055214355031,12.354527916300125,12.216528688167188,12.274633407592773,11148000.0
2014-01-13,12.354528795643859,12.448948451933662,12.27463428124995,12.28189754486084,10286100.0
2014-01-14,12.390841642919414,12.630523760435315,12.376316503468185,12.623260498046875,13334500.0
2014-01-15,12.69589213346192,12.855681140351074,12.659577205710217,12.753996849060059,15510900.0
2014-01-16,13.00820105708088,13.20430492475351,12.993674536810637,13.182515144348145,21768200.0
2014-01-17,13.051787706591016,13.051787706591016,12.855685096921713,12.906526565551758,14574800.0
2014-01-21,12.906521995008994,12.950100183355964,12.797575831478756,12.848417282104492,8371500.0
2014-01-22,12.906521601328079,13.059045948552916,12.870205291041982,13.044519424438477,12870700.0
2014-01-23,12.928314153639004,13.029998469766758,12.790316286215534,12.855684280395508,8872200.0
2014-01-24,12.87020716237606,12.906523477942565,12.71768279297411,12.761260986328125,12403200.0
2014-01-27,12.572418606232084,12.579681868366086,12.361789545648437,12.456209182739258,11006600.0
2014-01-28,12.48526310793932,12.53610456112161,12.38357881624904,12.463473320007324,7525700.0
2014-01-29,12.43442005961011,12.521576429505858,12.332735780964377,12.354525566101074,9378900.0
2014-01-30,12.434418954988285,12.536101839275414,12.419892432854295,12.448944091796875,7230000.0
2014-01-31,12.347264493454086,12.434422264127686,12.252844845106303,12.289159774780273,13590600.0
2014-02-03,12.361790384239308,12.427158362554113,12.114844996233535,12.18021297454834,14171700.0
2014-02-04,12.180212256688726,12.252843493349618,12.129370806623784,12.158422470092773,12321900.0
2014-02-05,12.071265083260974,12.107580005886843,11.94052914528704,11.95505428314209,14334100.0
2014-02-06,12.129372960082843,12.340002059936523,12.129372960082843,12.340002059936523,10142700.0
2014-02-07,12.427158392113032,12.543367823765609,12.405368604181037,12.463473320007324,9430700.0
2014-02-10,12.448948332450867,12.579684305540342,12.419896663612024,12.53610610961914,8003300.0
2014-02-11,12.565153808400767,12.674101341769765,12.485260705342386,12.630521774291992,9631800.0
2014-02-12,12.68136521182874,12.710418261382499,12.579682309041889,12.623260498046875,6962800.0
2014-02-13,12.528842197895118,12.724946147383843,12.528842197895118,12.674104690551758,6564600.0
2014-02-14,12.790311356068063,13.044518585085767,12.7830480944782,12.993677139282227,11269900.0
2014-02-18,13.008206458879966,13.029996248333779,12.841155562378123,12.921050071716309,6412700.0
2014-02-19,12.87747263520476,12.986418829947363,12.790316233541088,12.899262428283691,8702500.0
2014-02-20,12.783049306921223,12.906521995008994,12.68136502034412,12.848417282104492,11836500.0
2014-02-21,12.935571782300718,12.97915134965145,12.848415418250111,12.884730339050293,6013200.0
2014-02-24,12.862942421336394,12.921048519566527,12.819364232989425,12.848417282104492,5499200.0
2014-02-25,12.81210013523296,12.87020484434845,12.775785211532854,12.797574996948242,5944700.0
2014-02-26,12.812101678474047,12.979153949462683,12.797576538439749,12.950100898742676,9376100.0
2014-02-27,12.9355728762707,13.080835342407227,12.921047737917483,13.080835342407227,8659800.0
2014-02-28,13.088100468599754,13.182520115310355,13.059047417103725,13.124415397644043,11279600.0
2014-03-03,12.971889030451855,13.131676633032116,12.90652106000413,13.095361709594727,18168800.0
2014-03-04,13.117151940744527,13.1679933947848,13.0808370122374,13.10262680053711,12548700.0
2014-03-05,13.313256219235225,13.378624200476906,13.262414763897418,13.356834411621094,9863100.0
2014-03-06,13.611041434073867,13.719987594577956,13.560199984860333,13.705462455749512,14240300.0
2014-03-07,13.80714474600556,13.81440800776265,13.574725911080828,13.632830619812012,14153200.0
2014-03-10,13.581990866488814,13.770830154418945,13.560201078500397,13.770830154418945,10652100.0
2014-03-11,13.741776775517287,13.770828437220114,13.574725911080828,13.632830619812012,8748200.0
2014-03-12,13.63283265729562,14.155775114032192,13.63283265729562,14.112196922302246,21260500.0
2014-03-13,14.104934067288678,14.177565312489135,13.930619910003045,13.995987892150879,18414700.0
2014-03-14,13.90156905235737,14.010516630019906,13.719991603354474,13.727254867553711,13077400.0
2014-03-17,13.828934553919225,13.916090924495936,13.763566583323925,13.879776000976562,10786300.0
2014-03-18,13.857987049398863,13.945144810544726,13.828935385900655,13.930618286132812,11987400.0
2014-03-19,13.857988124076163,13.872514649614597,13.632832519533316,13.712725639343262,10596800.0
2014-03-20,13.473044256722929,13.690937995910645,13.414939536671364,13.690937995910645,13124200.0
2014-03-21,13.640097369996612,13.690938829973307,13.378625421172599,13.45851993560791,12885000.0
2014-03-24,13.516624642299691,13.560202838607246,13.36409887723442,13.538413047790527,7898200.0
2014-03-25,13.647359900488697,13.930620239614326,13.647359900488697,13.887042045593262,17129500.0
2014-03-26,13.988721352436047,14.046826057921042,13.857985418763441,13.865248680114746,10597800.0
2014-03-27,13.799883624233464,14.163038456450135,13.799883624233464,14.104933738708496,14222200.0
2014-03-28,14.126720248942725,14.453558690892235,14.126720248942725,14.264718055725098,11246400.0
2014-03-31,14.33735277880431,14.55524651190012,14.330089515835205,14.540719985961914,14482300.0
2014-04-01,14.577031443057814,14.787661863009829,14.569768181818906,14.7586088180542,16133600.0
2014-04-02,14.744086613030682,14.780402929859585,14.518930989994827,14.55524730682373,14875200.0
2014-04-03,14.497139657071834,14.591560685452599,14.380930226238345,14.482614517211914,14904400.0
2014-04-04,14.547982981211046,14.664192415926625,14.330089252125033,14.359142303466797,14585200.0
2014-04-07,14.271982872755963,14.388192293938639,14.242931210123082,14.337350845336914,9693500.0
2014-04-08,14.446303066274472,14.51167106628418,14.373673186553603,14.51167106628418,9181600.0
2014-04-09,14.497139296478325,14.67871670080491,14.497139296478325,14.635138511657715,9754100.0
2014-04-10,14.678715647532497,14.744083619225638,14.373666960065256,14.395455360412598,9776500.0
2014-04-11,14.395459045665122,14.49714196751847,14.337354320988078,14.446300506591797,8414400.0
2014-04-14,14.569772937000547,14.765876898477801,14.511668213450902,14.715035438537598,9819500.0
2014-04-15,14.765872418012668,14.932923274363278,14.56976851603997,14.896608352661133,22468600.0
2014-04-16,14.823979178396442,14.831242440808586,14.562507272861948,14.635138511657715,15121500.0
2014-04-17,14.954708930850074,15.194390949774514,14.940182412048573,15.049128532409668,20492800.0
2014-04-21,14.816714851039421,14.954714056300178,14.715031955229156,14.932924270629883,11525800.0
2014-04-22,14.802188327259225,14.947450794410079,14.780399926914486,14.932924270629883,11191200.0
2014-04-23,14.794928664838318,14.860295260980568,14.744085823998715,14.823980331420898,9031700.0
2014-04-24,14.845767898599815,14.961977318190277,14.715031955229156,14.932924270629883,12202800.0
2014-04-25,14.57703536050689,14.635140080707846,14.417247726285716,14.46082592010498,15474700.0
2014-04-28,14.620617344658696,14.751353345335046,14.569775874468153,14.74409008026123,14382700.0
2014-04-29,14.736824687565976,14.816717813680786,14.5842989280271,14.598825454711914,13771200.0
2014-04-30,14.497141153244051,14.598825454711914,14.380931710417208,14.598825454711914,12965700.0
2014-05-01,14.591561172897954,14.606087698568835,14.344615777795914,14.359142303466797,10276400.0
2014-05-02,14.344613225294319,14.380928147683855,14.25019359588623,14.25019359588623,11073200.0
2014-05-05,14.184827641122846,14.330088736628976,14.163037853400368,14.279247283935547,7061200.0
2014-05-06,14.366405044501244,14.591560642919102,14.330088731643082,14.526192665100098,10549900.0
2014-05-07,14.555246728411134,14.77313907942236,14.504403886871119,14.765875816345215,14637400.0
2014-05-08,14.78039894082371,14.954713058579843,14.765872418012668,14.896608352661133,13522200.0
2014-05-09,14.889348312888911,14.925663242448579,14.715034157416133,14.823980331420898,10384000.0
2014-05-12,14.613353489417522,14.954718589782715,14.606090225325584,14.954718589782715,19623700.0
2014-05-13,14.903873362937327,15.041871189858979,14.83124212568478,14.991029739379883,9547500.0
2014-05-14,15.04186931104993,15.150816845983442,14.925659900091274,14.947449684143066,10140100.0
2014-05-15,14.94745329440265,15.034611066335593,14.831243855375918,15.005558013916016,12943300.0
2014-05-16,15.01282368343066,15.121769876815513,14.809456439873193,15.085454940795898,9131200.0
2014-05-19,14.991031487706227,15.056399470324488,14.940190031297755,15.005558013916016,6459900.0
2014-05-20,14.911134875472175,15.041869424795177,14.860292045633523,14.896608352661133,4564200.0
2014-05-21,14.896617017766669,14.976511554375222,14.874827220875355,14.88935375213623,5629400.0
2014-05-22,14.940188288900789,15.049134452116798,14.911136625195144,14.991029739379883,6156500.0
2014-05-23,15.049136207219593,15.049136207219593,14.925663505087968,15.005558013916016,7179700.0
2014-05-27,15.12903684032537,15.22345652825878,15.03461715239196,15.172615051269531,7520300.0
2014-05-28,15.216185842346498,15.26702728991518,15.114501561883586,15.15081787109375,7761100.0
2014-05-29,15.14355692190819,15.14355692190819,14.991031170583542,15.034610748291016,6114900.0
2014-05-30,14.816714851039421,14.983765718535015,14.816714851039421,14.932924270629883,6671500.0
2014-06-02,15.01282127702091,15.027347803230699,14.940190031297755,15.005558013916016,6475000.0
2014-06-03,15.034610446103775,15.470395131813437,14.983767606466966,15.426816940307617,20116100.0
2014-06-04,15.412290661752486,15.441343713439233,15.310607751500376,15.32513427734375,10888700.0
2014-06-05,15.339663293150469,15.405029899404578,15.288820444445754,15.397768020629883,8404000.0
2014-06-06,15.41229362022775,15.419556884543661,15.303347426141126,15.31787395477295,7647900.0
2014-06-09,15.46313445013624,15.484922854911234,15.368713411691798,15.405028343200684,8131800.0
2014-06-10,15.390501968214672,15.543026330717876,15.346922391505991,15.4703950881958,7595600.0
2014-06-11,15.477658838039337,15.521238416119402,15.288818155669698,15.346922874450684,7507600.0
2014-06-12,15.325132291608309,15.412288664723864,15.24523779514774,15.332395553588867,5641600.0
2014-06-13,15.354188891026483,15.40503035591184,15.267032489887592,15.31787395477295,5705100.0
2014-06-16,15.317871953449025,15.412291606567628,15.303345426715135,15.405028343200684,4543500.0
2014-06-17,15.419547805331568,15.470389240280886,15.346916590264598,15.441337585449219,10287700.0
2014-06-18,15.41955229198439,15.572078026538215,15.346921055783788,15.506710052490234,8455000.0
2014-06-19,15.499447737751133,15.753656387329102,15.499447737751133,15.753656387329102,9709300.0
2014-06-20,15.601134282960134,15.615660811542137,15.35418883837013,15.361452102661133,8450400.0
2014-06-23,15.267028330251541,15.267028330251541,15.129029116500375,15.143555641174316,6105200.0
2014-06-24,15.296080115435892,15.361448091660778,15.07092452250887,15.092714309692383,8122200.0
2014-06-25,15.16534633335235,15.296082304512208,14.874822722622584,15.274293899536133,5486200.0
2014-06-26,15.296082384504363,15.36145037042614,15.187136203076687,15.267030715942383,5177100.0
2014-06-27,15.383241281022949,15.470397678381323,15.339663082343762,15.455872535705566,5816000.0
2014-06-30,15.50671207346839,15.579343319134969,15.448607354000286,15.53576374053955,6491200.0
2014-07-01,15.739134086550662,15.964289746174485,15.739134086550662,15.957026481628418,8655700.0
2014-07-02,16.24028519222754,16.43638775665226,16.167653945802257,16.254810333251953,10574100.0
2014-07-03,16.400071931673104,16.494491577148438,16.349230477545944,16.494491577148438,4317800.0
2014-07-07,16.574386926705184,16.61796512027327,16.429125819702964,16.46544075012207,12390700.0
2014-07-08,16.42186387646427,16.472705337267726,16.312916305798677,16.392810821533203,10319000.0
2014-07-09,16.30565285672632,16.334704523533034,16.218495085654627,16.283863067626953,12353400.0
2014-07-10,16.131337592300476,16.668807983398438,16.12407571446811,16.668807983398438,14431800.0
2014-07-11,16.705116870469787,16.7559583088583,16.516276252651526,16.56711769104004,13026000.0
2014-07-14,16.739421211240348,16.843392314055492,16.650302111327342,16.82853889465332,14313800.0
2014-07-15,16.761702750530084,16.776556172437136,16.51662695506488,16.687437057495117,10256800.0
2014-07-16,16.07845923971884,16.115592790595866,15.528895435240011,15.54374885559082,41814000.0
2014-07-17,15.46947721652653,15.46947721652653,14.942193745511984,15.001605987548828,25798200.0
2014-07-18,15.268964067648804,15.350656451428273,15.179846391252953,15.209551811218262,19052400.0
2014-07-21,15.239256597239697,15.268962013208137,15.150137516334903,15.172417640686035,17570900.0
2014-07-22,15.380361557006836,15.454627230151948,15.35065613764873,15.380361557006836,10489800.0
2014-07-23,15.410071188005176,15.439778029251526,15.32837879107787,15.358085632324219,11879700.0
2014-07-24,15.476911669314813,15.573456079753308,15.410072686511127,15.514043807983398,12694300.0
2014-07-25,15.328378380080585,15.328378380080585,15.075875902257541,15.113009452819824,12177800.0
2014-07-28,15.001607908047227,15.164991240439905,14.949620950172507,15.127859115600586,12681000.0
2014-07-29,15.35065854970979,15.447202948418605,15.246687440869511,15.254114151000977,9895500.0
2014-07-30,15.402638372621537,15.432345202093128,15.30609400983805,15.387784957885742,9957300.0
2014-07-31,14.986755816125152,15.061021488867574,14.793665633594811,14.85307788848877,16332100.0
2014-08-01,14.875354796158085,15.075870227720197,14.875354796158085,15.001605987548828,9833500.0
2014-08-04,15.268963678733972,15.313523932296832,15.11300704076363,15.231831550598145,9836300.0
2014-08-05,14.860503059324266,14.890208475446737,14.615427356189972,14.704545021057129,13411900.0
2014-08-06,14.823372121442025,14.934771346836625,14.771386571724543,14.88278579711914,9394300.0
2014-08-07,14.927346192808358,15.031317303077126,14.756536106938196,14.78624153137207,8653500.0
2014-08-08,14.830796209979598,14.875356458862674,14.645132755799333,14.69711971282959,19783100.0
2014-08-11,14.860504732205884,14.979329243071605,14.860504732205884,14.890210151672363,10054400.0
2014-08-12,14.927341133946898,14.934767841663497,14.778809812614229,14.845648765563965,9283800.0
2014-08-13,15.098153114318846,15.187272201942648,15.053594278756869,15.098153114318848,11932500.0
2014-08-14,15.261537029488649,15.29867057426958,15.194698065382868,15.246685028076172,6287000.0
2014-08-15,15.261533449959131,15.261533449959131,15.07587001910075,15.18726921081543,7212400.0
2014-08-18,15.172420128477228,15.21697896798598,15.105581160964114,15.202125549316406,4432100.0
2014-08-19,15.32837562511005,15.454626841330427,15.32837562511005,15.402641296386719,7677200.0
2014-08-20,15.402640156971067,15.521464655623708,15.387786740514548,15.476905822753906,10026700.0
2014-08-21,15.387789462309092,15.439776429102373,15.291245071264445,15.313525199890137,10642500.0
2014-08-22,15.402639651815251,15.59572980991801,15.402639651815251,15.469478607177734,11389900.0
2014-08-25,15.484336874620894,15.49919029524407,15.335805501389457,15.358085632324219,9991200.0
2014-08-26,15.380361809867011,15.484334320579482,15.328376262760736,15.447200775146484,7830700.0
2014-08-27,15.536320180000052,15.55860030770773,15.36551011707437,15.52889347076416,12153100.0
2014-08-28,15.3877888282821,15.543746889235946,15.291244441215394,15.52889347076416,7620800.0
2014-08-29,15.558597056805207,15.558597056805207,15.454624565727269,15.551170349121094,5322800.0
2014-09-02,15.610583950641498,15.788820701049897,15.588303825653032,15.655142784118652,8116900.0
2014-09-03,15.803675844724323,15.877940103135206,15.721983460672433,15.855661392211914,9850200.0
2014-09-04,15.833381776036413,15.8779406158217,15.729410677704083,15.736837387084961,8057900.0
2014-09-05,15.692274722953595,15.736834972401468,15.580876932333432,15.729408264160156,5969000.0
2014-09-08,15.721983149331251,15.729409858325255,15.603158638426992,15.647717475891113,6724200.0
2014-09-09,15.647714552603249,15.744260334988827,15.580875600643889,15.632861137390137,7312400.0
2014-09-10,15.447202836842635,15.655146469521325,15.410070702953634,15.618014335632324,6244800.0
2014-09-11,15.469481659212764,15.551174046662036,15.402642690663358,15.521467208862305,7389100.0
2014-09-12,15.402635769869391,15.417489182095244,15.061015787670918,15.105574607849121,15136400.0
2014-09-15,15.202119120777173,15.202119120777173,15.023882421613372,15.031309127807617,8072900.0
2014-09-16,15.023888332810323,15.291244194997729,14.95704936726347,15.209551811218262,8209000.0
2014-09-17,15.268964942638753,15.39521617185099,15.254112940054966,15.313525199890137,6456800.0
2014-09-18,15.372938270971025,15.566027063249814,15.335804721301963,15.536321640014648,8889700.0
2014-09-19,15.50660739150827,15.558594336206552,15.22439963135748,15.239253044128418,8952700.0
2014-09-22,15.172417439655192,15.187270855692477,15.001607404725574,15.120431900024414,12063100.0
2014-09-23,15.068442493783845,15.209545660431377,15.061015787670918,15.105574607849121,9091000.0
2014-09-24,15.22440648943177,15.328377592664948,15.187274357277076,15.291245460510254,9684500.0
2014-09-25,15.098151042052464,15.127857872682993,14.897634184795335,14.934767723083496,12835200.0
2014-09-26,14.912489580773288,15.001608668001941,14.905062872129248,14.957048416137695,11396400.0
2014-09-29,14.801092207592117,14.875357879657532,14.667414281174345,14.815945625305176,12150400.0
2014-09-30,14.778811776889828,14.994182079797445,14.711972815056418,14.98675537109375,15357400.0
2014-10-01,14.986757537597327,15.023889669983822,14.845652884828558,14.927345275878906,16100700.0
2014-10-02,14.927344376122159,15.157566699341713,14.801093150517893,15.068449020385742,22937000.0
2014-10-03,15.306095281013727,15.52146414657084,15.246683033635932,15.469478607177734,19548800.0
2014-10-06,15.521464594367728,15.528891302566677,15.372934679887983,15.462052345275879,19804800.0
2014-10-07,15.365509099062237,15.402641226281633,15.120433376514596,15.135285377502441,9473500.0
2014-10-08,14.979332163364496,15.343232475897375,14.942200027667333,15.298673629760742,12264600.0
2014-10-09,15.424922579860105,15.432349289194892,15.157566709807654,15.202125549316406,10846800.0
2014-10-10,14.986757649674718,15.016463072506053,14.400060321380188,14.437193870544434,28668600.0
2014-10-13,14.711970876789843,14.934767859048192,14.570867679509183,14.607999801635742,14696600.0
2014-10-14,14.771384949536186,15.135285174095165,14.74167953145986,14.957048416137695,21296600.0
2014-10-15,14.645136353493044,15.038743482987819,14.444620850259941,14.905065536499023,20760400.0
2014-10-16,15.023884795856302,15.66256746449959,14.994179382884305,15.387784957885742,30662100.0
2014-10-17,15.261533765630663,15.462050615065127,15.261533765630663,15.387784957885742,14809100.0
2014-10-20,15.439777114359018,15.588307062289077,15.320951172914873,15.499189376831055,11512400.0
2014-10-21,15.54374539317407,15.944777737813872,15.447199598899802,15.88536548614502,17393800.0
2014-10-22,16.041321644877467,16.115587304851367,15.736833713834162,15.773965835571289,14927700.0
2014-10-23,15.840802573135102,15.907641516116641,15.692271273954027,15.818522453308105,10095300.0
2014-10-24,15.603157057057368,15.736834972401468,15.514037974661383,15.729408264160156,8800200.0
2014-10-27,15.833381770275384,15.89279402880081,15.677425122833636,15.863088607788086,11136800.0
2014-10-28,15.929926309869586,16.04132410869038,15.848233929701067,16.033897399902344,11058800.0
2014-10-29,16.019043982326274,16.085882944918723,15.922499601081551,16.033897399902344,9201700.0
2014-10-30,15.95962840889628,15.996761945112626,15.603154960216782,15.677420616149902,12181300.0
2014-10-31,16.108159573954964,16.434926190683278,16.108159573954964,16.353235244750977,19615000.0
2014-11-03,16.323528528546007,16.323528528546007,16.15271851182909,16.264116287231445,10560900.0
2014-11-04,16.33095778215157,16.338384490536335,16.160147738801367,16.301252365112305,8881100.0
2014-11-05,16.382935436208896,16.4720544774168,16.21955217991003,16.36065673828125,8994500.0
2014-11-06,16.368089913741365,16.382941912731404,16.130439515405108,16.189851760864258,6782500.0
2014-11-07,16.20470428466797,16.241837821348902,16.048747680106807,16.20470428466797,7835600.0
2014-11-10,16.41264866940967,16.58345869726899,16.405221961698437,16.53147315979004,7833800.0
2014-11-11,16.605743930019056,16.63544935350473,16.412653719611846,16.486919403076172,6580400.0
2014-11-12,16.175003311709805,16.390372217577625,16.152723183585557,16.375518798828125,11788800.0
2014-11-13,16.531478619587336,16.650303149211492,16.457212934447206,16.590890884399414,10891000.0
2014-11-14,16.66515529419325,16.687434006480263,16.568609485949477,16.635448455810547,8233100.0
2014-11-17,16.46463750720256,16.48691763480227,16.175002930906015,16.271547317504883,16309900.0
2014-11-18,16.160149892960305,16.42007905507662,16.115591053211787,16.375518798828125,13347000.0
2014-11-19,16.590882411457414,16.813677936596292,16.516616764244652,16.73198699951172,14975100.0
2014-11-20,16.78397890691667,16.94736225968446,16.724566649864748,16.902803421020508,11797500.0
2014-11-21,17.043911736426008,17.155309565347043,16.999351471657395,17.12560272216797,11661000.0
2014-11-24,16.97706769779397,17.088465493526247,16.89537531989038,17.036479949951172,9042000.0
2014-11-25,17.036480336823622,17.133024717584018,16.984494792068034,17.01420021057129,6605100.0
2014-11-26,17.07361322543296,17.259276702982035,17.02905438744116,17.214717864990234,7688400.0
2014-11-28,17.326109357540172,17.482067358456856,17.170152773122897,17.43008041381836,6019000.0
2014-12-01,17.22957012358704,17.244422124251475,16.962214280629713,17.036479949951172,7990200.0
2014-12-02,16.835963440129188,16.85081685762199,16.665153388461544,16.76169776916504,9853000.0
2014-12-03,16.89537860162816,17.14045436644232,16.769127364208735,17.029056549072266,16566400.0
2014-12-04,17.006771331005748,17.029051454414155,16.858241424448735,16.947359085083008,6130000.0
2014-12-05,16.902800498339175,16.93250591347877,16.746842465232294,16.88794708251953,7679900.0
2014-12-08,16.917652724837858,17.006770380491314,16.628016802715138,16.70970916748047,9404100.0
2014-12-09,16.54632938161485,16.783978402682944,16.390371326226475,16.76912498474121,9606600.0
2014-12-10,16.67258239198333,16.67258239198333,16.464638767962807,16.4794921875,10065400.0
2014-12-11,16.338385021850943,16.61316757502382,16.27897276934057,16.44235610961914,11096100.0
2014-12-12,16.434933236363754,16.501772213098413,16.31610870361328,16.31610870361328,11335100.0
2014-12-15,16.479488603876565,16.62801851744906,16.2566916087682,16.293825149536133,14120700.0
2014-12-16,16.197280800294653,16.226987635550515,15.91507294786328,15.922499656677246,11179200.0
2014-12-17,15.788819935400756,16.07845446370665,15.71455427220702,16.071027755737305,13146600.0
2014-12-18,16.375517117908686,16.501768331319994,16.130441399698483,16.18242835998535,10804900.0
2014-12-19,16.70228832697261,16.74684717045117,16.330961326151076,16.486919403076172,11708000.0
2014-12-22,16.53890304156532,16.76912535879795,16.501769495882684,16.613168716430664,4714700.0
2014-12-23,16.501767604891924,16.61316681267431,16.486915604820737,16.494340896606445,6055100.0
2014-12-24,16.516620008300382,16.717136870208854,16.501766592640564,16.598312377929688,1975600.0
2014-12-26,16.73199208717025,16.73941879579969,16.538901912304347,16.568607330322266,2634900.0
2014-12-29,16.8285395623881,16.895378535849932,16.620595932006836,16.620595932006836,3737200.0
2014-12-30,16.583457327146238,16.754267340893264,16.576030620048602,16.665149688720703,4791900.0
2014-12-31,16.694861615464436,16.813686142396563,16.583463798528083,16.620595932006836,3877200.0
2015-01-02,16.672580718686188,16.680006011209514,16.338385895140174,16.546329498291016,6074100.0
2015-01-05,16.44236126723262,16.464641400100245,16.1230197786314,16.145299911499023,9031800.0
2015-01-06,15.833381770275384,16.026471964608007,15.714557253224536,15.863088607788086,10169500.0
2015-01-07,16.03389714958892,16.160148364014812,15.84823368228613,16.09330940246582,10180200.0
2015-01-08,16.10816510741619,16.345814152673594,16.093311687962593,16.197282791137695,15825900.0
2015-01-09,16.056181269322227,16.07103327386077,15.610588553661538,15.744266510009766,17596000.0
2015-01-12,15.640288047875426,15.6625681709841,15.365506945366741,15.439772605895996,24695300.0
2015-01-13,15.61058243107011,15.818524578055102,15.588302308250444,15.632861137390137,11043200.0
2015-01-14,15.335805089246563,15.66999996178588,15.29867295518669,15.64029312133789,21760200.0
2015-01-15,16.776553960881433,17.17758638400405,16.271549014615843,16.99934959411621,36350200.0
2015-01-16,16.613169348751935,16.85824509358556,16.55375708989833,16.783979415893555,22402000.0
2015-01-20,16.78397653932908,17.222142404465746,16.687430749926225,17.147876739501953,23999700.0
2015-01-21,17.081037173659293,17.296407452725283,17.051330342133078,17.23699378967285,17966600.0
2015-01-22,17.22956992571467,17.615748852051524,16.999346211812153,17.608322143554688,25334400.0
2015-01-23,17.771706273285012,18.04648739551772,17.73457273210508,17.816265106201172,13027300.0
2015-01-26,17.786565375638645,17.96480218078051,17.749431822588125,17.942522048950195,14091400.0
2015-01-27,17.920235817790076,18.0167816063609,17.786559321806955,17.96479606628418,14735300.0
2015-01-28,18.15045728671547,18.187589406061015,17.712291479240168,17.771703720092773,16762900.0
2015-01-29,17.593470876695253,17.67516184056729,17.140451554996304,17.296409606933594,19411300.0
2015-01-30,17.073614781584592,17.170160591949603,16.83596573530156,16.865671157836914,17590300.0
2015-02-02,17.103318910690504,17.14045103710132,16.865668485561866,17.036479949951172,12854500.0
2015-02-03,17.3335389223451,17.40780458186193,17.125595358997902,17.192434310913086,16676200.0
2015-02-04,17.51920458635183,17.638029090059614,17.415233499732473,17.511777877807617,11266500.0
2015-02-05,17.615754451060834,17.645461294490236,17.311266388410772,17.571195602416992,12016600.0
2015-02-06,17.415229209394102,17.548905680758555,17.118166606807844,17.15530014038086,16529800.0
2015-02-09,17.021625752070296,17.036479168553285,16.702284380184853,16.835962295532227,12821100.0
2015-02-10,17.749424346533758,17.78655788394364,17.42265629982488,17.71971893310547,17077300.0
2015-02-11,17.734569371328348,18.083617509774808,17.652878429212798,18.039058685302734,14211100.0
2015-02-12,18.128185902984654,18.18017146172525,17.935095673019408,18.172744750976562,10136200.0
2015-02-13,18.157888547339738,18.536640792442608,18.120755002182655,18.44752311706543,11637500.0
2015-02-17,18.33612417068454,18.484654092547014,18.32869746211644,18.395536422729492,10525500.0
2015-02-18,18.336123036903068,18.454947533645676,18.276710788531762,18.350975036621094,7433100.0
2015-02-19,18.328695785333625,18.35097449249995,18.165311044782225,18.209871292114258,9929400.0
2015-02-20,18.343547520113823,18.35097281082235,18.04648489778844,18.15045738220215,7268000.0
2015-02-23,18.12818043432219,18.143033851338796,17.920236845589148,17.987075805664062,7827400.0
2015-02-24,18.105897492639333,18.625755675364246,18.083618787079423,18.596050262451172,15932700.0
2015-02-25,18.603475553304747,18.803992402341464,18.55891672568534,18.596050262451172,10388400.0
2015-02-26,18.417814873155223,18.558919500966837,18.3064170791986,18.328697204589844,7588500.0
2015-02-27,18.380681836295373,18.402961960582303,18.172738259116574,18.21729850769043,8541000.0
2015-03-02,18.12075110521973,18.291561126708984,18.12075110521973,18.291561126708984,7081200.0
2015-03-03,18.35097154472451,18.3658249581159,18.120749303155783,18.19501495361328,7485300.0
2015-03-04,18.247006222205325,18.269286349298948,17.92023810733171,18.068769454956055,9415000.0
2015-03-05,18.16530990600586,18.18016332085205,17.927660934465248,18.16530990600586,6882400.0
2015-03-06,18.009361803843486,18.105906212933867,17.853405123812806,17.89053726196289,6375000.0
2015-03-09,17.578618876830294,17.600899005046802,17.27413087370459,17.41523551940918,15598700.0
2015-03-10,17.095894886498407,17.27413167095668,17.014202495767513,17.118173599243164,12405600.0
2015-03-11,17.385524507839094,17.615746778137577,17.385524507839094,17.444936752319336,9485000.0
2015-03-12,17.452371203916314,17.638034727362232,17.430091071162707,17.474651336669922,10892000.0
2015-03-13,17.571191916518348,17.801414238801566,17.563765207218893,17.734575271606445,9748200.0
2015-03-16,17.801411580026297,18.113326241516734,17.749426039194518,18.031635284423828,18384800.0
2015-03-17,17.860828623225547,18.150464654388756,17.786564354388954,18.053918838500977,12558800.0
2015-03-18,18.2024451239427,18.492079657690343,17.93508929802196,18.350975036621094,14551700.0
2015-03-19,18.492077591285646,18.677741023761403,18.291560744251928,18.313840866088867,11699700.0
2015-03-20,18.41781513193396,18.49208080111511,18.32869746211644,18.395536422729492,7196900.0
2015-03-23,18.477228417477473,18.529215380361972,18.380684033691775,18.417816162109375,9110900.0
2015-03-24,18.276707310766476,18.343546254528277,18.157882836634265,18.19501495361328,9071500.0
2015-03-25,18.150461961817562,18.157888670899517,17.14045219067062,17.214717864990234,32339400.0
2015-03-26,17.12559788354357,17.45979269238434,17.051332213078968,17.229570388793945,36432500.0
2015-03-27,17.014199824204788,17.170157871429836,16.828536359151048,17.036479949951172,20264000.0
2015-03-30,16.917653970698883,17.303832867802424,16.917653970698883,17.266700744628906,14707100.0
2015-03-31,17.38552209973739,17.49691986564547,17.31868315689265,17.43750762939453,13621500.0
2015-04-01,17.4003814779691,17.430086898028193,17.18501116241595,17.251850128173828,13314800.0
2015-04-02,17.541485980031975,17.69744262123488,17.511779143707656,17.59347152709961,12443500.0
2015-04-06,17.229572280150926,17.630604678282886,17.22214557063922,17.482074737548828,11439200.0
2015-04-07,17.482069511477505,17.54890704410249,17.340964905936808,17.370670318603516,13305600.0
2015-04-08,17.177583427918833,17.340968186240918,17.14045130093646,17.229570388793945,10835200.0
2015-04-09,17.26670744600735,17.57862221782104,17.259280735190327,17.407812118530273,10183300.0
2015-04-10,17.623179776733988,17.67516533214911,17.363250583158237,17.452369689941406,10531900.0
2015-04-13,17.45978681100162,17.593464689508128,17.311255520105647,17.326108932495117,11125700.0
2015-04-14,17.259276702982035,17.303835540973836,16.954788713121545,17.214717864990234,13787000.0
2015-04-15,17.19986582546587,17.556339390972926,17.147880274225262,17.459794998168945,16883000.0
2015-04-16,17.459794246907375,17.48949966783811,16.82111140714684,17.25927734375,28320800.0
2015-04-17,17.11075018663389,17.266706858988528,16.98449894003719,17.244426727294922,16113600.0
2015-04-20,17.378099551604144,17.54148430276567,17.222142925313364,17.28155517578125,15253500.0
2015-04-21,17.30382881391091,17.355815757274062,17.19985776018335,17.326108932495117,13191400.0
2015-04-22,17.378105834728657,17.70487403869629,17.37067912367254,17.70487403869629,15880200.0
2015-04-23,17.704869591800627,18.13560880936541,17.6008984961298,18.046489715576172,22973300.0
2015-04-24,18.70745342768107,18.796571108586658,18.33612645207446,18.499509811401367,28481800.0
2015-04-27,18.484655874170866,19.13819212615559,18.395538195763834,18.87083625793457,25744900.0
2015-04-28,18.73715961108801,18.781719869852825,18.417818172440445,18.573776245117188,14437100.0
2015-04-29,18.454945867314816,18.492077988006756,18.261855723417607,18.41038703918457,12642500.0
2015-04-30,18.19501620895113,18.284135278948657,18.091045141036982,18.15045738220215,16033300.0
2015-05-01,18.343551264952445,18.447522354092303,18.24700546803699,18.37325668334961,9732900.0
2015-05-04,18.239579001630357,18.276712545744957,18.031636820588073,18.061342239379883,9436900.0
2015-05-05,17.97221974034488,18.157883161561255,17.949939619859098,18.039058685302734,13233000.0
2015-05-06,18.105895743978405,18.20244151374562,18.009351390710645,18.157882690429688,8302200.0
2015-05-07,18.083621085968893,18.128179919252865,17.994502002901182,18.098474502563477,7299600.0
2015-05-08,18.165315873924303,18.37325950058863,18.11333032138324,18.232154846191406,11054400.0
2015-05-11,18.25443112730726,18.28413796049642,18.076194377671605,18.098474502563477,6256500.0
2015-05-12,17.95736989420974,18.1950188939396,17.92766306099362,18.105899810791016,10406900.0
2015-05-13,18.180162794534947,18.32126739848955,18.113323846161695,18.15045738220215,6596700.0
2015-05-14,18.098476038309485,18.20987383922196,18.053915784744586,18.12818145751953,9130500.0
2015-05-15,18.157889185203484,18.269286991588174,18.12818234803425,18.239580154418945,5952400.0
2015-05-18,18.180167003512025,18.180167003512025,18.098476038309485,18.12818145751953,9387100.0
2015-05-19,18.18016371218866,18.313841615682634,18.165310297022742,18.261856079101562,10063100.0
2015-05-20,18.20987003576728,18.32126781341235,18.128177671127755,18.25442886352539,9053200.0
2015-05-21,18.105901328790218,18.14303487342364,17.935091272976134,18.001930236816406,12175800.0
2015-05-22,18.09847448982589,18.254431114459912,17.97222328186035,17.97222328186035,8574500.0
2015-05-26,17.94994760064204,18.105904263884423,17.935094180380826,18.016786575317383,10911600.0
2015-05-27,17.949943816237926,18.343550871174813,17.89795827278396,18.269285202026367,14361100.0
2015-05-28,18.187588100473825,18.30641257364928,18.09104374720606,18.157882690429688,10416600.0
2015-05-29,17.860823829048297,18.14303307427761,17.77913287195539,18.031635284423828,13170000.0
2015-06-01,17.95737445856477,18.00193330321502,17.771710953271917,17.92766761779785,10391300.0
2015-06-02,17.80883939819419,17.823692815500404,17.55633696998795,17.578617095947266,12267300.0
2015-06-03,17.660314716204937,17.675166721419377,17.43751763998521,17.571195602416992,10846500.0
2015-06-04,17.281555292268763,17.40037979400548,16.917655078637594,17.066184997558594,16981800.0
2015-06-05,16.94735730460021,17.110742026097366,16.89537177194185,16.97706413269043,9277100.0
2015-06-08,16.984500306337107,17.021632445646635,16.783983354464883,16.821115493774414,9155900.0
2015-06-09,16.984496954141143,17.15530702765305,16.865671015502386,16.954790115356445,14045900.0
2015-06-10,17.118165408540623,17.333535638689852,17.081033294066316,17.326108932495117,14611900.0
2015-06-11,17.571192810327396,17.608324942213535,17.422661449782773,17.459794998168945,12836500.0
2015-06-12,17.482072716456567,17.64545605732538,17.378100211812924,17.578617095947266,12115900.0
2015-06-15,17.370668497175778,17.40780202973994,17.251844025969316,17.274124145507812,12984800.0
2015-06-16,17.25927545330362,17.563763421117294,17.229570035626583,17.511777877807617,12381400.0
2015-06-17,17.496925473064312,17.60089798219918,17.415234507351084,17.52663230895996,12642300.0
2015-06-18,17.571192542296085,17.69744377188317,17.50435357272057,17.645458221435547,11225200.0
2015-06-19,17.541476490530655,17.586035304412004,17.370665107070373,17.37809181213379,11609100.0
2015-06-22,17.57119607268679,17.742006177476572,17.52663722285039,17.70487403869629,13407100.0
2015-06-23,17.83111596094538,17.85339608245244,17.638025824049524,17.771703720092773,9339600.0
2015-06-24,17.793986632460587,17.823693468160805,17.69744224943467,17.749427795410156,9368200.0
2015-06-25,17.853398907463895,18.068767783445896,17.823692074087187,17.88310432434082,8369700.0
2015-06-26,17.76428044095484,17.853399527681123,17.407806927049347,17.54891014099121,14805800.0
2015-06-29,17.371138376610762,17.578029214624724,17.133597856035657,17.148921966552734,14494500.0
2015-06-30,17.516727124713544,17.723616486280175,17.37113712384845,17.40178680419922,15836800.0
2015-07-01,17.72362108503076,17.80024749808028,17.509068882324822,17.570369720458984,12403200.0
2015-07-02,17.62400044425158,17.876866479121077,17.585687984418215,17.73893928527832,7884900.0
2015-07-06,17.624004888266704,17.82323294499557,17.524391590665786,17.57802963256836,7476100.0
2015-07-07,17.478418194333912,17.624008236822263,17.19490235854467,17.59335708618164,10131500.0
2015-07-08,17.309837683402655,17.3634757244434,16.99567076171229,17.03398323059082,13956700.0
2015-07-09,17.302173941354713,17.355811979431888,16.942031784603014,17.02631950378418,12147200.0
2015-07-10,17.118273990893496,17.371140108726525,17.118273990893496,17.294513702392578,9042600.0
2015-07-13,17.38646112201851,17.532049648186867,17.2868463814541,17.516725540161133,11501200.0
2015-07-14,17.44776200847329,17.547375287909283,17.386461191544964,17.470748901367188,8778400.0
2015-07-15,17.40179076810361,17.55504358934714,17.17191299776553,17.28685188293457,13861500.0
2015-07-16,16.896050930921806,17.493734912042584,16.627860806245717,17.4171085357666,29850800.0
2015-07-17,17.585694708345716,17.692970806117696,17.45543024896807,17.646995544433594,10314200.0
2015-07-20,17.646991381287375,17.654654166681517,17.332824487762004,17.54737663269043,12307200.0
2015-07-21,17.578029711205467,17.746606623871568,17.4937405241089,17.532052993774414,9372700.0
2015-07-22,17.217884760646623,17.27152426025072,16.942031784603014,17.02631950378418,17279900.0
2015-07-23,16.95735439436773,17.240871592516456,16.926704715974967,17.09528160095215,16251500.0
2015-07-24,16.90371594510642,17.018654793923012,16.558899398656642,16.581886291503906,15045700.0
2015-07-27,16.528249222146872,16.620201183471764,16.344346761023935,16.5742244720459,10167100.0
2015-07-28,16.63552839638781,16.850082038494172,16.551240666100437,16.765792846679688,13102700.0
2015-07-29,16.719813577533348,17.064631587218294,16.658512760425666,16.94202995300293,12780100.0
2015-07-30,17.033985121287124,17.455429633364446,17.003335435087724,17.394128799438477,17400600.0
2015-07-31,17.279183716331804,17.32516042530764,16.880729135895244,16.94202995300293,16313800.0
2015-08-03,16.781113767936844,16.781113767936844,16.489935262931336,16.643186569213867,11945800.0
2015-08-04,16.72748271893719,16.7964463470809,16.352014888781067,16.436304092407227,13832400.0
2015-08-05,16.512926022451715,16.75813080068015,16.48993912496537,16.558902740478516,7506500.0
2015-08-06,16.41331015703819,16.51292344080182,16.099143273940886,16.306034088134766,12945100.0
2015-08-07,16.29071499393984,16.405653893674973,16.083824097500155,16.11447525024414,16644500.0
2015-08-10,16.183434979088645,16.773454911828697,16.030182175386756,16.558902740478516,25398700.0
2015-08-11,16.09148135793334,16.168107751943165,15.746663315652578,15.961216926574707,18685200.0
2015-08-12,15.73134068904742,15.922905961367167,15.463149015494364,15.899917602539062,20957100.0
2015-08-13,15.746666414340545,15.853943971675543,15.63939031853274,15.739005088806152,7873400.0
2015-08-14,15.6087403469687,15.631727246206774,15.493800004669673,15.616401672363281,11355400.0
2015-08-17,15.248592064700647,15.562758925988181,15.087677972516326,15.539772033691406,18060200.0
2015-08-18,15.463149207289904,15.478474780032062,15.332884762035674,15.348210334777832,10410700.0
2015-08-19,15.32522066711411,15.37119591988791,15.041703441700648,15.256257057189941,12520400.0
2015-08-20,15.164305845012974,15.37885798897759,15.026378631591797,15.026378631591797,12865500.0
2015-08-21,14.75052680658403,14.94975487649777,14.459348219188332,14.467009544372559,20217500.0
2015-08-24,13.593471514266328,14.88845316112117,13.271641799116813,14.3750581741333,31876000.0
2015-08-25,15.118330902716378,15.332884533325068,14.329082918119665,14.3750581741333,25640300.0
2015-08-26,14.819488892592666,14.926764972401134,14.512984763477782,14.903778076171875,20952300.0
2015-08-27,15.034044895472155,15.279248237609865,15.00339374694134,15.279248237609863,17880000.0
2015-08-28,15.041704765024406,15.3865228449813,14.980403935423965,15.32522201538086,10980800.0
2015-08-31,15.447822353814002,15.470810711021343,15.133655446281702,15.233268737792969,9081400.0
2015-09-01,14.827151729498988,15.141318645612973,14.750525331575021,14.873126983642578,14185700.0
2015-09-02,15.095345731006582,15.378861547280607,15.057031795343063,15.279248237609863,14670900.0
2015-09-03,15.440161304887631,15.50912492274019,15.340548002171214,15.378860473632812,8174900.0
2015-09-04,15.095342673453258,15.194955962947384,15.018716279174058,15.072354316711426,8944000.0
2015-09-08,15.294568461214288,15.37119485152941,15.187292391689217,15.363532066345215,10390900.0
2015-09-09,15.662375969835036,15.830952871441388,15.187293484905226,15.233268737792969,10318700.0
2015-09-10,15.171970444216813,15.256259639843442,14.765852963165994,15.095345497131348,17806400.0
2015-09-11,15.125990743528495,15.286906300532106,15.026377464641882,15.248592376708984,9549900.0
2015-09-14,15.317558224792956,15.455485447733405,15.240931827434155,15.35587215423584,7790800.0
2015-09-15,15.447827559783045,15.754331784872504,15.355877023019922,15.624067306518555,11469800.0
2015-09-16,15.869263187393221,15.899914326181346,15.677697954547662,15.838613510131836,11471100.0
2015-09-17,15.769653720831165,16.106809021355573,15.761990934282077,15.830954551696777,11394200.0
2015-09-18,15.731338910609699,15.90757859045337,15.59341169628791,15.79263973236084,14057800.0
2015-09-21,15.731337547302246,15.876926072889933,15.631722807135146,15.731337547302246,12292100.0
2015-09-22,15.455485050352696,15.509123088666662,15.233268649878344,15.286908149719238,13482400.0
2015-09-23,15.057030324786204,15.547438422692728,15.018717854391706,15.332884788513184,22169600.0
2015-09-24,15.240929993089269,15.34820752109083,14.988063935308174,15.317556381225586,11088800.0
2015-09-25,15.447821241844531,15.555097311369604,15.294568461214288,15.363532066345215,10742300.0
2015-09-28,15.302226267523478,15.363527067524808,15.003385050207783,15.04169750213623,15576100.0
2015-09-29,15.034043083066644,15.286909181853181,14.934428323877599,15.24093246459961,10919600.0
2015-09-30,15.601076245408908,15.930568747643202,15.578087886580803,15.899917602539062,12400200.0
2015-10-01,16.053170769844915,16.091483240568774,15.784979090196689,15.984207153320312,14508200.0
2015-10-02,15.486130329549981,15.915237437138845,15.486130329549981,15.907574653625488,15271100.0
2015-10-05,16.13745471883538,16.42863468964856,15.930565379235917,16.39798355102539,10938100.0
2015-10-06,16.137451067480942,16.36733017056072,16.060824699787684,16.267715454101562,10577700.0
2015-10-07,16.612538602601145,16.93436827890714,16.574224675941586,16.80410385131836,13647100.0
2015-10-08,16.68916286663525,17.06463053086812,16.604873700257393,17.049304962158203,10343500.0
2015-10-09,17.095282361497365,17.187234323820054,16.788778256299825,16.819429397583008,11648800.0
2015-10-12,16.9113845539236,17.010999328990096,16.865409290869128,16.92671012878418,6779500.0
2015-10-13,16.71981561051952,16.88073118844737,16.612539532918916,16.811767578125,12740800.0
2015-10-14,16.689170701432968,17.263866644108006,16.59721870753292,17.118276596069336,22801100.0
2015-10-15,17.279184824615886,17.46308874926127,16.696827755503993,16.819429397583008,17867300.0
2015-10-16,16.86540780143826,17.02632193868177,16.850082227931125,16.9803466796875,9598700.0
2015-10-19,16.919044362428224,17.087621271631566,16.827092390981942,17.03398323059082,8940900.0
2015-10-20,17.010993889226953,17.179570774204137,16.988005534287286,17.09528160095215,6718400.0
2015-10-21,17.11060868449227,17.20256065085809,16.965018680049276,17.02631950378418,8154300.0
2015-10-22,17.156586988227698,17.332828166646273,17.10294894061094,17.248538970947266,8214500.0
2015-10-23,17.432441531104427,17.432441531104427,17.16424983062815,17.21788787841797,11854100.0
2015-10-26,17.217887222939552,17.256201156707387,16.804106968936853,16.9803466796875,12350400.0
2015-10-27,16.903720219537593,17.08762271645278,16.76579298146942,17.010997772216797,6885400.0
2015-10-28,16.911381708487923,17.06463450825353,16.758130370249333,16.919044494628906,9913700.0
2015-10-29,16.712151515376448,16.71981430053711,16.48993659182454,16.71981430053711,7939100.0
2015-10-30,16.735138816610604,16.91137847962296,16.589548830783265,16.827089309692383,8791800.0
2015-11-02,16.750465671738212,16.965017813082618,16.68150206586984,16.934368133544922,5716700.0
2015-11-03,17.041644583998508,17.585690657803685,16.942031296372512,17.447763442993164,12846400.0
2015-11-04,17.700631685466917,18.129737491831133,17.66231775358713,18.045448303222656,14372000.0
2015-11-05,17.800242154755992,17.800242154755992,17.58569001645489,17.60867691040039,8345300.0
2015-11-06,17.309838558138548,17.49374104879744,17.18723689769929,17.4860782623291,8805900.0
2015-11-09,17.432442929900283,17.608682661501952,17.378804877806495,17.59335708618164,8629200.0
2015-11-10,17.248538970947266,17.371140640221903,17.110611727631504,17.248538970947266,7388700.0
2015-11-11,17.179573863181524,17.39412749661591,17.07229777722786,17.302175521850586,5255100.0
2015-11-12,17.194899764425386,17.37880225594265,17.04164695739746,17.04164695739746,5685100.0
2015-11-13,16.911378049078362,16.972678863414476,16.528247594095973,16.77345085144043,7883500.0
2015-11-16,16.727478507762363,17.148921496739437,16.70449015032605,17.125934600830078,7121500.0
2015-11-17,17.187237172614214,17.48607854202408,17.148923239659677,17.256200790405273,7148400.0
2015-11-18,17.148923239659677,17.286850475241803,16.97268353265012,17.256200790405273,8010400.0
2015-11-19,17.578028448009565,17.578028448009565,17.309836795042727,17.371137619018555,7115100.0
2015-11-20,17.478414509697593,17.539715336528666,17.401788110777,17.49374008178711,6039900.0
2015-11-23,17.562705393797827,17.578030967370044,17.271526803561393,17.294513702392578,5502100.0
2015-11-24,17.18723149520358,17.302170333045556,16.980340710172054,17.240869522094727,8911500.0
2015-11-25,17.294514670149468,17.363478293556334,17.248539408387295,17.28685188293457,5442600.0
2015-11-27,17.156585613713407,17.348150889298513,17.11827314320721,17.20256233215332,3995600.0
2015-11-30,17.19490020261213,17.524392723049843,17.14892348241585,17.44010353088379,8612900.0
2015-12-01,17.50140853162304,17.892201977212,17.493745743098454,17.838563919067383,10256000.0
2015-12-02,17.76959800720215,17.89986247237543,17.66998323067284,17.76959800720215,6829100.0
2015-12-03,17.838561435368675,17.861548336214444,17.486080519951788,17.570369720458984,5884700.0
2015-12-04,17.49373872297796,17.907520368092865,17.41711233000925,17.861543655395508,6355600.0
2015-12-07,17.968824613888174,18.00713708690903,17.76193375191036,17.80790901184082,4634000.0
2015-12-08,17.62399811512965,17.792574962255273,17.53204617754428,17.685298919677734,6133900.0
2015-12-09,17.585686855879075,17.631662097034038,17.35580772705113,17.4171085357666,8663600.0
2015-12-10,17.40945585084934,17.509070636250552,17.325168103426105,17.355817794799805,7171900.0
2015-12-11,17.17957279517439,17.286848874458993,16.980344746840867,16.995670318603516,11326300.0
2015-12-14,17.11060868449227,17.171909508227174,16.911380641972098,17.02631950378418,7898600.0
2015-12-15,17.179574111230952,17.54737909254873,17.179574111230952,17.4860782623291,9444200.0
2015-12-16,17.708286743754936,17.800237217084128,17.53970844010738,17.746599197387695,7384800.0
2015-12-17,17.692971864236362,17.84622469438487,17.58569576004879,17.59335708618164,8925700.0
2015-12-18,17.44776804419066,17.685308609269633,17.409454106902267,17.570369720458984,8648000.0
2015-12-21,17.570365880460407,17.662316386802264,17.43243865942068,17.585691452026367,4958700.0
2015-12-22,17.608682072452957,17.692971272367707,17.585695171768755,17.66998291015625,4553900.0
2015-12-23,17.7772508572631,17.784912178995953,17.60100976535169,17.685298919677734,6172900.0
2015-12-24,17.73893928527832,17.838554019287717,17.685301256900953,17.73893928527832,2009500.0
2015-12-28,17.73894033925168,17.76959147816086,17.509062643539824,17.631664276123047,3100100.0
2015-12-29,17.677636136418414,17.800237745514593,17.608672548611008,17.685298919677734,4136700.0
2015-12-30,17.662317436775,17.692968581729037,17.501403310347413,17.532052993774414,2574100.0
2015-12-31,17.516727075126575,17.624003148340915,17.294510681723285,17.432437896728516,3898300.0
2016-01-04,17.041649017183992,17.087624280238465,16.750470402469315,16.92671012878418,9145100.0
2016-01-05,16.995669075380736,17.17957153849926,16.819429397583008,16.819429397583008,7642100.0
2016-01-06,16.597217898030216,16.635530374395643,16.29071370252492,16.352014541625977,8063200.0
2016-01-07,15.999531512339564,16.38266207161666,15.9535562544539,16.168109893798828,11242800.0
2016-01-08,16.298364410652823,16.39797765229146,15.915234084844489,15.945883750915527,9290700.0
2016-01-11,16.221748106549963,16.283048938209195,15.861605903242861,16.037845611572266,9771200.0
2016-01-12,16.26772257462649,16.275385360902522,15.716015116495349,15.899917602539062,11629400.0
2016-01-13,16.014857227444672,16.14512167721473,15.670040597954834,15.69302749633789,12858400.0
2016-01-14,15.884589717873638,16.75812822634042,15.861602823918478,16.71981430053711,18687600.0
2016-01-15,15.754328188246559,16.30603712898292,15.754328188246559,16.168109893798828,12066200.0
2016-01-19,16.57422729284046,16.704491740996648,16.267723138804456,16.59721565246582,14807000.0
2016-01-20,15.96888466797718,16.252400513816024,15.892258250186801,16.160449981689453,10815300.0
2016-01-21,16.206419786880446,16.45162307196473,15.976542072495649,16.34434700012207,9105000.0
2016-01-22,16.67383942372958,16.819429421982182,16.566563352136534,16.80410385131836,8369200.0
2016-01-25,16.635522754915428,16.911377135285722,16.627861432373248,16.69682502746582,8463700.0
2016-01-26,16.689169135944436,16.750469972285163,16.474615477988277,16.5435791015625,7709700.0
2016-01-27,16.643188972453405,16.85774258606207,16.5589012533614,16.612539291381836,6432800.0
2016-01-28,16.689164789083723,16.75812839469568,16.459285616534917,16.5742244720459,7169000.0
2016-01-29,16.75812965101078,17.164247068363647,16.75812965101078,17.125934600830078,9010200.0
2016-02-01,16.995670088597073,17.279185854734344,16.97268173126421,17.210222244262695,5389200.0
2016-02-02,17.087623799928867,17.33282860622396,17.072299687026288,17.28685188293457,13487900.0
2016-02-03,17.432441536893588,17.700633237458927,17.309839867182667,17.562705993652344,13083200.0
2016-02-04,17.601011562483425,17.81556513107172,17.562699103801442,17.80023956298828,6473100.0
2016-02-05,17.63166593378864,17.899857578351376,17.3634742892259,17.432437896728516,9325400.0
2016-02-08,17.225545633653883,17.55503807271617,17.05696875248268,17.470748901367188,8355200.0
2016-02-09,17.033985750951796,17.378803867986132,16.91138407856786,17.28685188293457,8426600.0
2016-02-10,17.37113893465807,17.55504142051379,17.07229757783341,17.087621688842773,5761600.0
2016-02-11,16.98034395489958,17.133596742324617,16.696828198148232,16.857742309570312,10394600.0
2016-02-12,17.079960889917984,17.102947787903215,16.796443635374448,17.04164695739746,7326900.0
2016-02-16,17.33282365305097,18.152722650890045,17.309835297975617,17.884531021118164,13843800.0
2016-02-17,17.899860130717283,18.19103871161586,17.83089651338105,18.114412307739258,11956100.0
2016-02-18,18.37493624591766,18.535851796791594,18.206359372097694,18.237009048461914,12780200.0
2016-02-19,18.23701715316938,18.413258351312074,18.014802150812493,18.22169303894043,8950300.0
2016-02-22,18.405592044406173,18.489879771895843,18.275327598438068,18.359615325927734,7250300.0
2016-02-23,18.19103265473342,18.19869543872239,17.82322779242247,17.930503845214844,5802500.0
2016-02-24,17.685308100910838,18.007137857246114,17.493742804557154,17.945837020874023,5267500.0
2016-02-25,18.145060527073582,18.16038609768228,17.91518135252365,18.15272331237793,5076800.0
2016-02-26,18.152724671937417,18.45922879943295,17.94583383780532,18.214025497436523,9920900.0
2016-02-29,18.060773875974572,18.198701107687693,17.976484687366096,18.045448303222656,6614000.0
2016-03-01,18.50520334354498,18.911322210357223,18.382601697248248,18.83469581604004,9858800.0
2016-03-02,18.73508058285365,18.926645818009508,18.681441089327535,18.865345001220703,5841300.0
2016-03-03,18.873008307410327,19.0569122386257,18.735082551289167,18.81937026977539,7957500.0
2016-03-04,18.819378265561916,19.11822118461106,18.727427722414127,18.888341903686523,7264600.0
2016-03-07,18.69676612637512,18.941969386546326,18.436237297061535,18.926645278930664,8971500.0
2016-03-08,18.666126873139756,19.041594757636215,18.635475717738807,18.888341903686523,11734000.0
2016-03-09,18.94197270697972,18.995612208380784,18.788721373271876,18.957298278808594,5807300.0
2016-03-10,19.049250248254875,19.15652632800306,18.78105858735744,18.957298278808594,6483700.0
2016-03-11,19.15652718393108,19.447705754054937,19.148864397674263,19.424718856811523,7560000.0
2016-03-14,19.39406545919128,19.447703495231984,19.24081413643598,19.325101852416992,4109400.0
2016-03-15,19.07989885893212,19.30977803887521,18.949634428755765,19.064573287963867,8839800.0
2016-03-16,18.97262293135396,19.769533627992022,18.941971789181352,19.754209518432617,10874100.0
2016-03-17,19.72356124634862,19.80785043806179,19.631610729504352,19.746549606323242,6264700.0
2016-03-18,19.830840383380345,20.114357687186043,19.76953954222335,19.95344352722168,7208700.0
2016-03-21,19.830834326918136,19.938111862325147,19.731221038533295,19.86914825439453,5494100.0
2016-03-22,19.738890128015857,19.96876792018247,19.662263710117866,19.777202606201172,6247400.0
2016-03-23,19.784861689862318,19.784861689862318,19.570309513750964,19.67758560180664,5465900.0
2016-03-24,19.55498437811135,19.731224087152416,19.493683546204583,19.715898513793945,5549000.0
2016-03-28,19.708232482353914,19.738883624024457,19.570306729417105,19.63926887512207,2197200.0
2016-03-29,19.58562867248585,19.938109455077086,19.493678180698026,19.899795532226562,4550800.0
2016-03-30,20.167988670951182,20.39786784085507,20.167988670951182,20.275264739990234,5999600.0
2016-03-31,20.13734109401252,20.259942746148887,20.060714696045544,20.076040267944336,5369100.0
2016-04-01,19.830839825110502,20.083705970455444,19.74655208434705,20.01474380493164,5091200.0
2016-04-04,20.02240398636192,20.02240398636192,19.777200642654844,19.807851791381836,4302700.0
2016-04-05,19.547313690185547,19.63926417011471,19.340422918055143,19.547313690185547,8612600.0
2016-04-06,19.271461585402648,19.723555639018528,19.17184831021984,19.63160514831543,8333100.0
2016-04-07,19.531991082239138,19.55497943646757,19.348088632991928,19.440040588378906,7774400.0
2016-04-08,19.731230346972207,19.77720562010636,19.317448504182074,19.3710880279541,8214600.0
2016-04-11,19.69290365518767,19.800179702280534,19.539650906603697,19.547313690185547,5406300.0
2016-04-12,19.692906978174687,19.708231086397657,19.394064214161773,19.593292236328125,4766900.0
2016-04-13,19.88447787888999,20.083704496272556,19.75421342196927,20.053054809570312,9082700.0
2016-04-14,19.38640594482422,19.562647114943324,19.225491809551645,19.38640594482422,13870800.0
2016-04-15,19.547320431366522,19.60095847341082,19.440044347277922,19.50900650024414,8019100.0
2016-04-18,19.44770182310758,19.677580979765697,19.40172657638665,19.539653778076172,6507600.0
2016-04-19,19.55497962085836,19.669918470030822,19.271462428807983,19.279125213623047,9378700.0
2016-04-20,19.102891715050102,19.34809506219194,18.957301679611923,19.24848175048828,9391300.0
2016-04-21,19.386401277980443,19.42471520205577,19.15652357963552,19.279125213623047,6044400.0
2016-04-22,19.29444846306085,19.3940617306245,19.118208818087762,19.210159301757812,6447400.0
2016-04-25,19.271466378703185,19.40939361059052,19.11821503557164,19.1641902923584,7772500.0
2016-04-26,19.309780310631368,19.424719183361795,19.14120193320149,19.1641902923584,9920000.0
2016-04-27,19.07990323286763,19.41705856382522,19.018602396468722,19.348094940185547,7302200.0
2016-04-28,18.88833860754911,19.064578335767006,18.44390716248421,18.51287078857422,12170200.0
2016-04-29,18.390264388111405,18.397927173656345,17.94583305719312,18.07609748840332,14955900.0
2016-05-02,18.068434135556938,18.198698562677176,17.976482173431595,18.15272331237793,6112100.0
2016-05-03,17.892195739761863,17.968822136767283,17.74660573160426,17.86920738220215,9323900.0
2016-05-04,17.861547822789692,18.04545033190596,17.8002469864176,17.945837020874023,7789900.0
2016-05-05,17.96882672840327,18.152729251293344,17.930512789346587,18.007139205932617,7238400.0
2016-05-06,18.00713117002029,18.091420336802543,17.884529542806117,17.938167572021484,5373300.0
2016-05-09,17.930509098713372,17.9994727132933,17.77725775861234,17.907522201538086,5189800.0
2016-05-10,17.85387842767138,17.96115594776358,17.80790318278997,17.922842025756836,5374500.0
2016-05-11,17.899862939798286,17.968826567957194,17.723621744765893,17.792585372924805,6185400.0
2016-05-12,17.80024310623536,17.846219819637618,17.432438168178706,17.61634063720703,7674600.0
2016-05-13,17.509066621734117,17.62400549570504,17.447765791514488,17.4860782623291,4837700.0
2016-05-16,17.60101826622703,17.807909129572643,17.55504300599262,17.708295822143555,4654300.0
2016-05-17,17.77725671202,17.861544432578874,17.55504030889445,17.585691452026367,4017400.0
2016-05-18,17.624004825462194,18.11441144856902,17.54737842522,18.0224609375,10028100.0
2016-05-19,17.861542264191105,17.869205049043824,17.662314242600733,17.815567016601562,3868700.0
2016-05-20,18.007137360851697,18.405593517049834,17.953499313195636,18.321304321289062,8380600.0
2016-05-23,18.873005644812935,18.972620381961555,18.55117600288002,18.597152709960938,6840000.0
2016-05-24,18.627806516264314,18.82703457320362,18.58949404672973,18.750408172607422,7573600.0
2016-05-25,18.857682216431257,18.941969926061642,18.78871861485301,18.865345001220703,5151600.0
2016-05-26,19.003272514772952,19.095224479293417,18.842358403770756,18.9956111907959,8204700.0
2016-05-27,19.102889680222532,19.164190510478267,18.987950806183914,19.00327491760254,5381300.0
2016-05-31,19.026260000353474,19.041585570659834,18.796382291865356,18.941970825195312,7999900.0
2016-06-01,18.941975985588286,19.35575772742631,18.941975985588286,19.348094940185547,6126800.0
2016-06-02,19.31744147202029,19.348092617303454,19.210165386583302,19.29445457458496,4188200.0
2016-06-03,19.41705873737199,19.616286822830908,19.394070375444226,19.56264877319336,5041800.0
2016-06-06,19.616283074158847,19.669921113546163,19.486018637849522,19.51666831970215,7579500.0
2016-06-07,19.70823446711124,20.014740068576423,19.692910356259603,19.96876335144043,6624300.0
2016-06-08,20.3135845217375,20.3672225717198,20.145007584432086,20.175657272338867,6173600.0
2016-06-09,19.853822439588235,20.114351297120713,19.853822439588235,20.09902572631836,5760100.0
2016-06-10,19.846159475945136,19.899797511744758,19.570306511614667,19.815509796142578,6699400.0
2016-06-13,19.577968053307863,19.784858875003394,19.539655587746562,19.63926887512207,7414600.0
2016-06-14,19.57030534323028,19.700568301522782,19.455365031633974,19.593292236328125,7191500.0
2016-06-15,19.669927401322216,19.94578193381154,19.6622646130278,19.80019187927246,6926800.0
2016-06-16,19.547318155617603,19.85382226127749,19.44770340782385,19.815509796142578,4637700.0
2016-06-17,19.838501478581613,19.869152627308605,19.616286496419782,19.807851791381836,5813100.0
2016-06-20,20.16799062071945,20.413193923100835,20.137340938685263,20.2063045501709,10019300.0
2016-06-21,20.26760186883949,20.42085317554712,20.183312700157927,20.3748779296875,6095200.0
2016-06-22,20.382545997522758,20.627749321034422,20.321245166644843,20.336570739746094,8010400.0
2016-06-23,20.413194497849954,20.543458938598633,20.321243987631483,20.543458938598633,6708600.0
2016-06-24,19.60862198476311,20.07604173105213,19.547321154227426,19.67758560180664,9529800.0
2016-06-27,19.589337536848873,19.843744281527357,19.366732393447105,19.796043395996094,10314300.0
2016-06-28,20.05044518697575,20.169699645916406,19.947093041128415,20.082246780395508,14428100.0
2016-06-29,20.41616057819649,20.64671611745406,20.408210178031226,20.51156234741211,8758600.0
2016-06-30,20.72621500243913,21.004472894353007,20.53540998076823,20.853418350219727,9765900.0
2016-07-01,21.171427532835786,21.187328331014967,21.060124978348668,21.09192657470703,5939300.0
2016-07-05,20.79777297291499,20.909075554690155,20.76597288514378,20.877275466918945,5678400.0
2016-07-06,20.51156178479054,20.829571717143175,20.47181130143833,20.789819717407227,6062900.0
2016-07-07,20.8693256286403,21.091932314577367,20.86137522738712,20.91702651977539,5327900.0
2016-07-08,21.068081822332147,21.306587802446444,20.996529725021052,21.25093650817871,5780600.0
2016-07-11,21.592794039173317,21.7597494217173,21.568942836985922,21.624595642089844,6051600.0
2016-07-12,21.624590454097763,21.696142527109878,21.3383821620493,21.441734313964844,8538700.0
2016-07-13,21.40198497153414,21.47353704834182,21.274781616405726,21.37813377380371,10553300.0
2016-07-14,21.46558667537954,21.64844130905256,21.179378367798392,21.55303955078125,12145100.0
2016-07-15,21.616641601327593,21.672292880676487,21.441735847506916,21.47353744506836,5996500.0
2016-07-18,21.712044347731442,21.982351873750613,21.584840984473445,21.974401473999023,7767300.0
2016-07-19,21.76769772607198,21.879001816930284,21.61664466539489,21.680246353149414,4997300.0
2016-07-20,21.783596234944245,21.93465079611058,21.68819447154296,21.902849197387695,5805100.0
2016-07-21,21.99825113090144,22.117504086046726,21.799495700198097,21.847196578979492,6369300.0
2016-07-22,21.886951629831206,22.093657488579776,21.847199628311976,22.053905487060547,5116800.0
2016-07-25,21.855152289535972,22.197011956047763,21.855152289535972,22.149311065673828,7799700.0
2016-07-26,22.236756183127603,22.586566152254548,22.228805784240226,22.522964477539062,10178800.0
2016-07-27,22.65017650164068,22.65017650164068,22.212915010055198,22.340118408203125,7057700.0
2016-07-28,22.49117415059415,22.570675141172657,22.260617032040745,22.371919631958008,4746300.0
2016-07-29,22.340111521335764,22.340111521335764,21.99030152607411,22.085704803466797,7366600.0
2016-08-01,22.538868528482237,22.856876947959705,22.538868528482237,22.753524780273438,7328200.0
2016-08-02,22.650168769432476,22.650168769432476,22.308309184968298,22.3878116607666,6088500.0
2016-08-03,22.32420998340468,22.45141333812852,22.189056229462647,22.3878116607666,3872000.0
2016-08-04,22.435514835491997,22.602470203391135,22.356013867942053,22.5786190032959,3165000.0
2016-08-05,22.77737351756579,22.936378478889548,22.761472718156675,22.8886775970459,5573000.0
2016-08-08,22.86482489931585,23.16693248636969,22.825072903398507,23.127182006835938,8731700.0
2016-08-09,23.19873581448572,23.397491259755288,23.166934215378408,23.373640060424805,6660600.0
2016-08-10,23.38954622851314,23.41339743331812,23.198741139225458,23.230541229248047,8229100.0
2016-08-11,23.166934967041016,23.3497911350735,22.896627431393444,23.166934967041016,9134000.0
2016-08-12,23.190787692582205,23.270290181775763,23.103334802830904,23.24643898010254,3481800.0
2016-08-15,23.357739831352237,23.413392631149275,23.302088547938943,23.365690231323242,3187000.0
2016-08-16,23.182835768982645,23.214637369124343,23.03973160111252,23.119234085083008,5914400.0
2016-08-17,23.055625145042086,23.055625145042086,22.84891935832744,23.039724349975586,6996800.0
2016-08-18,22.984075401323132,23.21463240388672,22.928424129361833,23.182830810546875,4254200.0
2016-08-19,22.761470224945597,22.80917261794779,22.66606847170827,22.769420623779297,6241800.0
2016-08-22,22.499116519362204,22.642220687166105,22.435514835491997,22.5786190032959,6415400.0
2016-08-23,22.7376255056565,22.809177594387286,22.62632141408425,22.658123016357422,5501800.0
2016-08-24,22.71377334561809,22.73762454631665,22.530918689413866,22.570669174194336,5391500.0
2016-08-25,22.761470988290455,22.928426336630203,22.674019630953996,22.737621307373047,6388200.0
2016-08-26,22.73762054482803,22.976126444304878,22.60246679742221,22.769420623779297,5267500.0
2016-08-29,22.72172583992885,22.87278042550694,22.7058250379977,22.817129135131836,3143900.0
2016-08-30,22.72967358016872,22.809176064134025,22.68197269634304,22.753524780273438,5001800.0
2016-08-31,22.864823526904715,23.039727749292,22.793271454931848,22.848922729492188,4674700.0
2016-09-01,22.809177571573198,23.07948512508938,22.76147516821115,23.023832321166992,6066600.0
2016-09-02,23.135134883285644,23.222586250900736,23.079483599425924,23.166934967041016,6050200.0
2016-09-06,23.46109504536426,23.628048906497426,23.29413966784725,23.445194244384766,6433000.0
2016-09-07,24.12891021130696,24.287913650129365,23.675748060268464,23.707548141479492,14429800.0
2016-09-08,23.771153844293995,23.78705464578303,23.564447974088182,23.68370246887207,6361600.0
2016-09-09,23.294138135813274,23.317989335713843,22.697871785752692,22.729673385620117,8325600.0
2016-09-12,22.6978680349571,23.087429987039727,22.419611664017356,23.047677993774414,5844500.0
2016-09-13,22.825077455019603,22.880730260401787,22.507069006183755,22.65017318725586,6857800.0
2016-09-14,22.67402229630813,22.864827347994613,22.54681892851714,22.753524780273438,5088700.0
2016-09-15,22.745574010851858,23.270288273564297,22.745574010851858,23.1987361907959,6305100.0
2016-09-16,23.15898360531283,23.230535686270866,22.872776797864393,22.984079360961914,7329300.0
2016-09-19,23.779101184200286,23.94605654557696,23.7473011016994,23.795001983642578,7696400.0
2016-09-20,23.977860278756623,24.041461969825583,23.763204002754915,23.771154403686523,5763300.0
2016-09-21,23.922202547408116,24.29586219227993,23.890400952244462,24.24816131591797,8097200.0
2016-09-22,24.454868687509226,24.605923241357146,24.256113254271717,24.3753662109375,5329000.0
2016-09-23,24.36741887425199,24.383319674841545,23.866555786751462,23.94605827331543,7959800.0
2016-09-26,23.866553868065164,23.906304349959612,23.620096027891787,23.72344970703125,4363300.0
2016-09-27,23.69165149932562,24.192516134631607,23.57239852019026,24.168664932250977,5707200.0
2016-09-28,24.224314886049005,24.248166087114832,23.954007339504887,24.113012313842773,4125100.0
2016-09-29,24.097112841492976,24.36742040293788,23.98581026315116,24.168664932250977,5985800.0
2016-09-30,24.081209580979603,24.39126757882416,24.03350718409302,24.31971549987793,5725700.0
2016-10-03,24.359461610144994,24.49461534430607,24.303810340146324,24.423063278198242,4198500.0
2016-10-04,24.50256896043199,24.58207143503594,24.136859700190833,24.160709381103516,5104800.0
2016-10-05,24.383321010071384,24.41512109660806,24.248167230426766,24.272018432617188,6205000.0
2016-10-06,24.407168772217204,24.49462013515523,24.152760533861677,24.462820053100586,4099900.0
2016-10-07,24.550270871210387,24.812627986969495,24.367416233399055,24.78877830505371,5753400.0
2016-10-10,24.796728333322978,25.027283847898506,24.772877135380565,24.8682804107666,7810500.0
2016-10-11,24.637718902754912,24.637718902754912,24.25610890332241,24.431013107299805,10157600.0
2016-10-12,24.566176382668807,24.971637733237863,24.407172912654858,24.92393684387207,9587000.0
2016-10-13,24.590026879903384,24.590026879903384,23.469046155479614,24.272018432617188,17323000.0
2016-10-14,24.69337460084079,24.86032995327978,24.303814133661305,24.3753662109375,9822900.0
2016-10-17,24.26406726301622,24.45487232534178,24.152763172705097,24.303817749023438,7598400.0
2016-10-18,24.57412281169452,24.62977409302364,24.39921856803389,24.534372329711914,5487500.0
2016-10-19,24.605922505489563,24.67747458062591,24.37536548196498,24.629772186279297,6733000.0
2016-10-20,24.5900262743076,24.764930536911546,24.48667258374502,24.693378448486328,7329800.0
2016-10-21,24.58207473679117,24.75697899130536,24.454871366892892,24.709278106689453,3817100.0
2016-10-24,24.756979558218738,24.971635818481445,24.70927867251052,24.971635818481445,3768900.0
2016-10-25,24.963684273605605,25.138590040489742,24.947783473637273,25.082937240600586,3214700.0
2016-10-26,24.79672851000046,24.987533545748406,24.70132523393467,24.8126277923584,4121500.0
2016-10-27,24.8285293368392,24.85238053566794,24.446919253881426,24.462820053100586,6243200.0
2016-10-28,24.59797381369609,24.725177174682013,24.454869653491006,24.462820053100586,5210800.0
2016-10-31,24.590022104148233,24.74902553871851,24.51847002785735,24.725175857543945,3212300.0
2016-11-01,24.741085308275927,24.804687007623304,24.23227019711278,24.415124893188477,5815800.0
2016-11-02,24.383316006717855,24.431016884926795,24.04145642738938,24.160709381103516,5274700.0
2016-11-03,24.12891254577761,24.24816551552804,23.993758775691447,24.073261260986328,4890800.0
2016-11-04,24.017603119984777,24.20840964882405,23.866550099530237,24.041454315185547,4431900.0
2016-11-07,24.423072198187498,24.947786530363,24.39127211073828,24.92393684387207,3981800.0
2016-11-08,24.804682532739513,25.043188483168528,24.653627955396416,24.915985107421875,4077100.0
2016-11-09,24.359465980899767,24.637723897203582,24.097108863558148,24.31971549987793,8996700.0
2016-11-10,24.28791837440916,24.28791837440916,23.349793808645114,23.405445098876953,10104300.0
2016-11-11,23.103332371739853,23.914254946692374,22.86482644564026,23.795001983642578,7506800.0
2016-11-14,23.278240020160176,23.53264676632851,22.904578784889587,22.93638038635254,8551400.0
2016-11-15,23.302087210894747,23.40544088820377,22.87277625177998,23.214635848999023,11135600.0
2016-11-16,23.12718412679385,23.77115135584825,23.12718412679385,23.739351272583008,8802600.0
2016-11-17,23.850650909433817,23.86655170730549,23.333887109672794,23.429288864135742,7065100.0
2016-11-18,23.39748878477594,23.508791337110566,23.206683759466497,23.429288864135742,5136600.0
2016-11-21,23.5326448425118,23.6439474057654,23.421340762874507,23.57239532470703,4477100.0
2016-11-22,23.826797476147632,23.969901610793276,23.667794061506235,23.779096603393555,8937500.0
2016-11-23,23.77115306772112,23.95400772971975,23.64394969273217,23.763202667236328,4017500.0
2016-11-25,23.651897233135497,23.69959811389221,23.540594672575278,23.580345153808594,2101800.0
2016-11-28,23.620095635041913,23.802951791312694,23.48494339229517,23.580345153808594,5435000.0
2016-11-29,23.516744418522276,23.651898183080945,23.166934407361538,23.49289321899414,9254600.0
2016-11-30,23.492890572238764,23.707546794657244,23.373637620800793,23.60419464111328,6403400.0
2016-12-01,23.453141520194983,23.469042319056,22.53091641562682,22.6978702545166,12499600.0
2016-12-02,22.674020790406235,22.952278707612347,22.570667113200475,22.94432830810547,5195800.0
2016-12-05,23.007933421310817,23.28619138004209,22.95228213284134,23.071535110473633,3953100.0
2016-12-06,23.30208703888388,23.540594473416945,23.214635677633705,23.461091995239258,4336200.0
2016-12-07,23.437241578109496,23.802952383363724,23.25438693367423,23.795001983642578,3911600.0
2016-12-08,24.06531432150775,24.06531432150775,23.73935544966994,23.88245964050293,4094600.0
2016-12-09,24.10506173005956,24.351518073662433,23.8188533849828,23.94605827331543,4387400.0
2016-12-12,23.82680569382387,23.82680569382387,23.55649812768481,23.771154403686523,3428000.0
2016-12-13,23.898354356575094,24.359466929754554,23.874504673586454,24.13686180114746,5857700.0
2016-12-14,24.057359108890584,24.160711272498023,23.73140030224229,23.74730110168457,6108400.0
2016-12-15,23.977855682373047,24.0812093582879,23.87450352284183,23.977855682373047,5073300.0
2016-12-16,23.89040663955977,23.914257841610496,23.365692325514914,23.437244415283203,6662100.0
2016-12-19,23.445192717640428,23.484944717500525,23.190785984070775,23.270288467407227,6157000.0
2016-12-20,23.333889382654657,23.500843227419765,23.166934021505856,23.302087783813477,5570800.0
2016-12-21,23.238487050970303,23.27823905114421,22.98408031539229,23.166934967041016,6267500.0
2016-12-22,23.04767814799826,23.055628546704522,22.658117709692377,22.848922729492188,7455900.0
2016-12-23,22.88072795681643,23.15898437379357,22.809175873484094,23.095382690429688,4853500.0
2016-12-27,23.055627461651312,23.238482074139284,23.055627461651312,23.135129928588867,3083000.0
2016-12-28,23.262337874756774,23.310038757810048,23.08743362597228,23.15103530883789,3663300.0
2016-12-29,23.047682567476095,23.182836338631798,22.90457839608961,23.158985137939453,5323900.0
2016-12-30,23.21463097233968,23.238480649490427,22.753518512030766,22.856870651245117,4862800.0
2017-01-03,23.254386901935405,23.46109274525198,23.103332340207192,23.302087783813477,6280300.0
2017-01-04,23.36569386388838,23.421345155953546,23.214640790106934,23.29414176940918,4391800.0
2017-01-05,23.476993754712748,23.779101364488326,23.469043354931326,23.691648483276367,4775700.0
2017-01-06,23.64394855123063,23.73140143595735,23.421341897555234,23.556495666503906,4878700.0
2017-01-09,23.683704156875777,23.96196062084659,23.628051347697614,23.88245964050293,8371700.0
2017-01-10,23.882455629566287,24.089159963405667,23.771151546286916,23.90630531311035,7582000.0
2017-01-11,23.67574564117666,24.009654799884956,23.628043249658703,23.985803604125977,7467300.0
2017-01-12,23.31003589867116,23.739348342643652,23.03972840055149,23.28618621826172,13032200.0
2017-01-13,23.453145988163683,23.572398969572475,23.23053931085239,23.405445098876953,9811100.0
2017-01-17,23.54059734432525,23.572397429644337,23.421342854323136,23.548547744750977,7679800.0
2017-01-18,23.492895130939406,23.59624882092228,23.405443758319873,23.445194244384766,7692800.0
2017-01-19,23.445193097858095,23.60419806710963,23.365690613232328,23.556495666503906,8493200.0
2017-01-20,23.54854641249566,24.057359879885663,23.508794412615977,23.90630531311035,7399400.0
2017-01-23,24.097111513132223,24.240215686759555,24.017609025963278,24.113012313842773,6959800.0
2017-01-24,24.272009909234683,24.56616705103395,24.25610911335814,24.502565383911133,7213600.0
2017-01-25,24.725174168372263,24.908028788008455,24.59797082285287,24.892127990722656,8025800.0
2017-01-26,24.8523786389204,25.003433187206493,24.653623213001058,24.733125686645508,8308700.0
2017-01-27,24.780834948350673,24.92393914605025,24.645681152343748,24.844436645507812,5982200.0
2017-01-30,24.70132865955606,24.804682349325898,24.59797648617007,24.79673194885254,7253100.0
2017-01-31,24.67747706433801,24.772878829865988,24.43101921789267,24.57412338256836,6263100.0
2017-02-01,24.836481476587732,24.892132761370256,24.518473051842033,24.709278106689453,5036900.0
2017-02-02,24.415118989243403,24.558223157266283,24.343568421615725,24.47077178955078,5794800.0
2017-02-03,24.613873864668676,24.709277146577254,24.486670499713053,24.621824264526367,5249100.0
2017-02-06,24.6059314875034,24.6059314875034,24.407175987657283,24.542329788208008,3523700.0
2017-02-07,24.574122793932908,24.621823675554296,24.248163989483334,24.26406478881836,6209500.0
2017-02-08,24.39922066109744,24.40717106145272,24.081212228805487,24.113012313842773,7776600.0
2017-02-09,24.113008099084638,24.248161848732916,23.985804748401968,24.01760482788086,8547000.0
2017-02-10,24.200470105631155,24.49462739646873,24.128918004317338,24.415124893188477,6749400.0
2017-02-13,24.59797237434487,25.281690020540534,24.59797237434487,25.194238662719727,10203800.0
2017-02-14,25.01933210794104,25.01933210794104,24.733125329886352,24.908029556274414,5208600.0
2017-02-15,25.043191684512642,25.28169766543057,25.043191684512642,25.241947174072266,4577200.0
2017-02-16,25.21808933885129,25.830257966054056,25.146537260112243,25.69510269165039,13197100.0
2017-02-17,25.52019391089861,25.742802036567085,25.45659375554114,25.711000442504883,7518200.0
2017-02-21,25.750753791748842,25.81435698696955,25.575848037659174,25.703054428100586,5475400.0
2017-02-22,25.599704934801654,25.599704934801654,25.369147863608447,25.49635124206543,5296200.0
2017-02-23,25.5599571704749,25.5599571704749,25.226046370975325,25.241947174072266,5291200.0
2017-02-24,25.130636062564953,25.377092361450195,25.019331995017158,25.377092361450195,3687100.0
2017-02-27,25.2975911880661,25.2975911880661,25.02728367874681,25.067035675048828,5841900.0
2017-02-28,25.114741902847108,25.18629399504539,24.963687317496962,25.019338607788086,6040800.0
2017-03-01,24.979583369603244,25.122687526788937,24.852380011301214,25.106786727905273,4910300.0
2017-03-02,24.796736585389585,24.83648707880516,24.478728088912614,24.542329788208008,8561100.0
2017-03-03,24.542321391741584,24.58207187155765,24.279964282358193,24.52642059326172,6120700.0
2017-03-06,24.48666859706205,24.597972670037517,24.41511652028625,24.52642059326172,5467400.0
2017-03-07,24.653622096969666,24.963680062125253,24.613870103755172,24.892127990722656,7014000.0
2017-03-08,25.019336897256323,25.059088899306442,24.804682151721007,24.820581436157227,4528500.0
2017-03-09,24.558220111142948,24.693373862357877,24.423066359928022,24.629772186279297,6120700.0
2017-03-10,24.542325387485405,24.70927924955501,24.5025733848137,24.693378448486328,5655300.0
2017-03-13,24.860331541416514,25.0988374699844,24.83648034200624,25.04318618774414,3965700.0
2017-03-14,24.947781548894483,25.019333626847917,24.804678909371244,24.8126277923584,5967200.0
2017-03-15,24.94778610902519,25.464550031514893,24.915986022113042,25.36914825439453,4571400.0
2017-03-16,25.639451608722933,25.814357365376505,25.599701127510933,25.76665496826172,6489000.0
2017-03-17,25.917700773005762,26.044904097025714,25.790497448985807,25.909751892089844,6199800.0
2017-03-20,26.07670841854468,26.323166211492566,26.005156351738314,26.116458892822266,5126700.0
2017-03-21,26.426525850366307,26.657079866450545,25.790505986945384,25.822307586669922,9159900.0
2017-03-22,25.893857959742423,26.116463077579336,25.82230588147095,25.989259719848633,6713500.0
2017-03-23,25.81436365949107,25.965416738033685,25.734859644914916,25.885915756225586,5909900.0
2017-03-24,26.021064003994905,26.315221230473295,25.925662234039024,26.084667205810547,5899900.0
2017-03-27,26.116465756005994,26.442424583168236,26.060814470839336,26.370872497558594,5661500.0
2017-03-28,26.521930875421777,26.57758216539365,26.339076203690215,26.513978958129883,4527000.0
2017-03-29,26.195965953162634,26.21186675129597,26.05286180272974,26.180065155029297,4083900.0
2017-03-30,26.108510061555926,26.35496785498035,26.060807672670517,26.291364669799805,3890600.0
2017-03-31,25.997216022762696,26.188019575173907,25.893862329425417,26.108518600463867,4853500.0
2017-04-03,26.18801823128683,26.235720633325588,26.00516357262304,26.14826774597168,4283100.0
2017-04-04,26.0767101446703,26.195964608163788,26.052860465078396,26.124412536621094,3756600.0
2017-04-05,26.283422854214223,26.498079112757733,26.13236676518308,26.156219482421875,5112900.0
2017-04-06,26.140313333938025,26.18801269312183,26.021058870444534,26.124412536621094,3990800.0
2017-04-07,26.12441157639122,26.26751571421667,26.052859507478495,26.132360458374023,3366300.0
2017-04-10,26.13236136629628,26.13236136629628,25.77460100930291,25.85410499572754,4937100.0
2017-04-11,25.98925721040937,25.98925721040937,25.424792554530224,25.758703231811523,6293800.0
2017-04-12,25.814361380568027,25.949513644264,25.456600928478988,25.663305282592773,6136500.0
2017-04-13,25.520198633645958,25.79845808403429,25.297593499549286,25.305543899536133,8781700.0
2017-04-17,25.472498119625847,25.496347802128835,25.257841878796896,25.46454620361328,6918900.0
2017-04-18,25.249895287994008,25.329397779891785,25.146541593611726,25.273746490478516,5468600.0
2017-04-19,25.377094441646207,25.400945640158035,25.035234844894934,25.130638122558594,4739200.0
2017-04-20,25.257845688822176,25.337348180719953,25.154491994439898,25.273746490478516,4237700.0
2017-04-21,25.512246138947713,25.551996616871765,25.40094358765354,25.504297256469727,4530400.0
2017-04-24,25.901815397898492,26.0767181565886,25.830263304371837,25.997217178344727,5717000.0
2017-04-25,26.04490687637538,26.378817533039662,26.036957994611207,26.291364669799805,5614300.0
2017-04-26,26.28342399190958,26.323174478671387,26.092617409578068,26.235721588134766,6027700.0
2017-04-27,26.323169507406,26.474222541680824,26.24366551612938,26.251617431640625,5625600.0
2017-04-28,26.35496785498035,26.434468803689242,26.267514991740498,26.291364669799805,5250500.0
2017-05-01,26.36292343969761,26.561678894771557,26.347022639359587,26.553730010986328,4015100.0
2017-05-02,26.6888798053316,27.022790516125138,26.6888798053316,26.975088119506836,5989300.0
2017-05-03,26.935338421505595,27.26129722595215,26.90353682283584,27.26129722595215,6660700.0
2017-05-04,27.181786910701543,27.181786910701543,27.006884224209863,27.14203643798828,5697300.0
2017-05-05,27.157946378942643,27.380551527311518,27.05459268887094,27.36465072631836,5249800.0
2017-05-08,27.58726078799489,27.905267731232613,27.53160949710909,27.809865951538086,6906900.0
2017-05-09,27.92911303520963,28.191468617902924,27.92911303520963,28.151718139648438,7297900.0
2017-05-10,28.040415587429035,28.326623883288693,27.88936255695514,28.151718139648438,9936700.0
2017-05-11,28.31867638850807,28.461780558776383,28.119920933442916,28.270977020263672,6648900.0
2017-05-12,28.223270586936003,28.239171385001544,28.02451516026744,28.119916915893555,4905000.0
2017-05-15,28.111976281827477,28.13582596954017,27.73036611458428,27.873470306396484,9784700.0
2017-05-16,27.833702858178025,27.8496036529541,27.666749062178944,27.8496036529541,6046200.0
2017-05-17,27.66675987965304,27.67471179653346,27.340801041212462,27.36465072631836,8128100.0
2017-05-18,27.38054926952877,27.81781367886493,27.356699586389503,27.746261596679688,8303700.0
2017-05-19,27.8893680480194,28.00861950626197,27.77806244111824,27.984769821166992,7283300.0
2017-05-22,28.13583164998092,28.231233452860714,28.032477927746108,28.143783569335938,5914200.0
2017-05-23,28.13583164998092,28.215335679687943,28.064279539628917,28.143783569335938,6612800.0
2017-05-24,28.159679401675906,28.294834726478296,28.096079215062396,28.23918342590332,7812500.0
2017-05-25,28.350480849065917,28.45383454530062,28.21532858171642,28.278928756713867,4514900.0
2017-05-26,28.263019932869096,28.2868726453949,28.088117226692916,28.231218338012695,3109800.0
2017-05-30,28.3663742117575,28.469727880887092,28.207369266812066,28.44587516784668,4219300.0
2017-05-31,28.08017311249538,28.111974716186523,27.905267324961944,28.111974716186523,7663100.0
2017-06-01,28.382281666948007,28.557184417923246,28.247126370573547,28.533334732055664,6016100.0
2017-06-02,28.549231167114367,28.803637886684463,28.501528769907228,28.763887405395508,5779200.0
2017-06-05,29.065996722557863,29.153446568889525,28.859289366002514,28.93084144592285,4819600.0
2017-06-06,28.922892188628868,29.08189714559164,28.811589628585118,28.962642669677734,5028000.0
2017-06-07,29.08984009078053,29.185241832377557,28.922886284794068,28.986486434936523,6537700.0
2017-06-08,29.21705360949268,29.336308102638522,29.050099745302695,29.280656814575195,7593900.0
2017-06-09,29.08189281541236,29.177294562278156,27.984762111771694,28.453824996948242,12040100.0
2017-06-12,28.453832451443752,28.453832451443752,27.833713352436632,28.016571044921875,11057000.0
2017-06-13,28.191473018577074,28.29482670438587,28.02451916418656,28.270977020263672,4969400.0
2017-06-14,28.199428921076386,28.437934894313518,28.119924908152015,28.342533111572266,7016400.0
2017-06-15,27.91321960441158,28.199427975809403,27.833715594152245,28.175575256347656,4623300.0
2017-06-16,28.517425537109375,28.581028724393178,28.398174110102584,28.517425537109375,7432400.0
2017-06-19,28.72414434216102,28.90699902952657,28.67644193263466,28.787744522094727,4523700.0
2017-06-20,29.034203985983442,29.209109797565983,28.716193970882145,28.724145889282227,4987400.0
2017-06-21,28.78774031300051,29.240902522555096,28.78774031300051,29.185251235961914,6329400.0
2017-06-22,29.19320315277103,29.352205095741464,29.12165106532727,29.185251235961914,6273400.0
2017-06-23,29.19319819677576,29.240897558462123,29.050094046182377,29.201147079467773,5558600.0
2017-06-26,29.914536350894437,29.980211920966205,29.487654540178575,29.660051345825195,10127200.0
2017-06-27,29.380934532719003,29.380934532719003,28.707775641012255,28.806285858154297,8081100.0
2017-06-28,28.95405146090144,29.05256167365875,28.52716969684216,29.019723892211914,8306200.0
2017-06-29,28.921210922595527,28.921210922595527,28.346562328385964,28.57642364501953,7332200.0
2017-06-30,28.60105946759469,28.80629094967227,28.48613033868467,28.699569702148438,5177500.0
2017-07-03,28.76524005875313,28.871958155323995,28.592846396677125,28.633892059326172,4470600.0
2017-07-05,28.79807146790713,28.79807146790713,28.428654322658552,28.58462905883789,9222200.0
2017-07-06,28.32193946838379,28.436868576767374,28.165964697232255,28.32193946838379,6493700.0
2017-07-07,28.362981973354895,28.461492179346987,28.305517425560925,28.42865753173828,7937800.0
2017-07-10,28.412242242778717,28.86375080334297,28.362985567748964,28.732402801513672,7779700.0
2017-07-11,29.085399145687713,29.085399145687713,28.773446488427794,29.044353485107422,9300800.0
2017-07-12,29.265997297489726,29.38913425182856,29.14285721156842,29.298831939697266,9211200.0
2017-07-13,29.11002710889939,29.684675775327037,29.11002710889939,29.676467895507812,9943900.0
2017-07-14,29.66005186277165,29.840653420449637,29.53691173253264,29.758562088012695,7196600.0
2017-07-17,29.577958547548594,29.602588453503174,29.257797954392565,29.479448318481445,4649800.0
2017-07-18,29.454818601414118,29.586166604242514,29.323470598585725,29.44660758972168,6185300.0
2017-07-19,29.602585063544606,29.898115716903177,29.602585063544606,29.889907836914062,7033800.0
2017-07-20,29.889906044803705,29.889906044803705,29.619002179238432,29.635417938232422,6996600.0
2017-07-21,29.6025801777964,29.6025801777964,29.307046441630735,29.43018341064453,5023500.0
2017-07-24,29.643628257493205,29.733930587768555,29.561533806523293,29.733930587768555,6842100.0
2017-07-25,29.561534496426773,29.758558051769565,29.528699846855616,29.635417938232422,5276300.0
2017-07-26,29.635417246604664,29.75855735726798,29.50406925663591,29.733930587768555,4342200.0
2017-07-27,29.996629368978958,30.054093924232742,29.52049090363799,29.701095581054688,7243100.0
2017-07-28,29.594371211346214,29.610790101331833,29.30704846555553,29.438396453857422,3678400.0
2017-07-31,29.577953290053802,29.88169806736097,29.430186406926847,29.520488739013672,7757600.0
2017-08-01,29.512280327284376,29.545118107738833,29.31525677614074,29.421977996826172,5437300.0
2017-08-02,29.881699166257224,29.939163719410608,29.438398500574028,29.61079216003418,6064600.0
2017-08-03,29.643625905998444,29.643625905998444,29.266000856241448,29.380929946899414,3919800.0
2017-08-04,29.49586772361948,29.61900786077745,29.35630869273486,29.577959060668945,4071400.0
2017-08-07,29.766767631665264,30.226487199337384,29.766767631665264,30.201860427856445,4860200.0
2017-08-08,30.136175711946468,30.341407096198214,30.07871117488257,30.127967834472656,3301200.0
2017-08-09,29.717507073950227,29.93915735970868,29.577948094806338,29.930946350097656,3153700.0
2017-08-10,29.553331334952976,29.57795810895866,29.011520385742188,29.011520385742188,5605400.0
2017-08-11,29.159289284119534,29.717519164648046,29.085405825473586,29.668262481689453,4291100.0
2017-08-14,29.577950999054064,29.635415545643202,29.430184127372588,29.594369888305664,3875600.0
2017-08-15,29.7093082919369,29.95558857630853,29.627216951535626,29.898120880126953,3820400.0
2017-08-16,29.717514128130016,29.914534563405635,29.668257453519434,29.832443237304688,3232000.0
2017-08-17,29.79960065309385,29.83243843087694,29.36451105800787,29.380929946899414,3324000.0
2017-08-18,29.553325552173696,29.635416870518732,29.233165026411772,29.438396453857422,3692800.0
2017-08-21,29.47944454948601,29.561535874615842,29.249586333855838,29.536909103393555,3588100.0
2017-08-22,29.939167498076536,30.103350166903205,29.83244625807226,29.980213165283203,3202300.0
2017-08-23,29.939154783828926,30.045872846929612,29.857060352694923,30.029457092285156,2956400.0
2017-08-24,30.193646643760268,30.316786753024275,30.02946400685235,30.234695434570312,4544500.0
2017-08-25,30.316793280468914,30.42351452270344,30.169026370169956,30.251117706298828,2975200.0
2017-08-28,30.0376769746575,30.267535210534636,30.02125808186862,30.185443878173828,2199900.0
2017-08-29,29.980213481653788,30.349630753579476,29.963794588281125,30.275747299194336,2997700.0
2017-08-30,30.275747773489638,30.439933578204684,30.210072198970114,30.31679344177246,2838900.0
2017-08-31,30.333207650043928,30.357834420892946,30.12797620874672,30.349626541137695,4288600.0
2017-09-01,30.37425258788562,30.571276144730675,30.300369145516623,30.55485725402832,4100000.0
2017-09-05,30.579489313981792,30.702629449758838,30.086935034041083,30.251117706298828,7123000.0
2017-09-06,30.423505945689627,30.677990894894815,30.37424927894853,30.59589958190918,4187700.0
2017-09-07,30.57127925877048,30.817556381225586,30.522022581646052,30.817556381225586,3597500.0
2017-09-08,30.842180204490433,30.932482538124315,30.66157553722267,30.78471565246582,5581800.0
2017-09-11,30.694417875061042,31.096672930526626,30.661580088577388,31.06383514404297,6920100.0
2017-09-12,31.07204068193197,31.145924130157287,30.907858025060996,31.080251693725586,3524500.0
2017-09-13,30.924270531011985,31.022783872667162,30.776506781695453,30.809341430664062,4983400.0
2017-09-14,30.784709381409808,30.973521889825882,30.677988178711132,30.686199188232422,5799000.0
2017-09-15,30.80113666311401,30.924273655248673,30.7026264430896,30.90785789489746,7245600.0
2017-09-18,31.088459703415477,31.2936911569424,31.055625050854598,31.25264549255371,6179600.0
2017-09-19,31.342951331266317,31.54818280769861,31.301905662296623,31.44146156311035,6559400.0
2017-09-20,31.490711612272,31.515338382150187,30.735458309648525,31.04741096496582,7961100.0
2017-09-21,31.022790814453785,31.466091556347525,30.924277450754854,31.392208099365234,8458000.0
2017-09-22,30.948902176323983,31.055623403339744,30.858599840509363,31.006366729736328,4529900.0
2017-09-25,30.784705590162588,30.784705590162588,30.259313782476966,30.43170738220215,5895000.0
2017-09-26,30.448143476946406,30.636956068826514,30.31679545078703,30.48918914794922,5995400.0
2017-09-27,30.61232463135962,30.669789188330515,30.38246327189255,30.579486846923828,4802700.0
2017-09-28,30.341405505450552,30.456334573552812,30.201849674635593,30.4152889251709,7618700.0
2017-09-29,30.58769067941595,30.86680554701653,30.58769067941595,30.825759887695312,3818500.0
2017-10-02,31.055621863658292,31.342944616475062,31.00636519249693,31.301898956298828,5096200.0
2017-10-03,31.490704994486887,31.58100730717402,31.400402681799754,31.556377410888672,3727100.0
2017-10-04,31.400405452375544,31.47428888458562,31.301895253289697,31.416824340820312,2717200.0
2017-10-05,31.73699310766589,31.892967891166375,31.5153427532703,31.57280731201172,4456400.0
2017-10-06,31.531761645994074,31.589226204735496,31.367575850339907,31.57280731201172,3086100.0
2017-10-09,31.6877343826505,31.860131179322515,31.605643055917835,31.827293395996094,1963500.0
2017-10-10,32.10640707200375,32.147452733811555,31.868337849301916,31.991477966308594,4112000.0
2017-10-11,32.6728429824344,33.1571892817973,32.574332773020124,33.124351501464844,9015400.0
2017-10-12,33.239283348838626,33.378839216265575,33.09972434982862,33.19823455810547,5524100.0
2017-10-13,33.41168264615875,33.543030656599946,33.3542180873147,33.51019287109375,3913100.0
2017-10-16,33.5594457763439,33.59228042657498,33.3706332282864,33.56765365600586,2707000.0
2017-10-17,33.518398584014825,33.86318588256836,33.280329374108945,33.86318588256836,7582200.0
2017-10-18,33.98631766697193,34.2490135819668,33.60048167175594,34.06840896606445,6653200.0
2017-10-19,33.67437029869906,33.896020598408676,33.24748858795269,33.715415954589844,5710500.0
2017-10-20,33.674374589623255,33.756465911865234,33.51839982473021,33.756465911865234,5251600.0
2017-10-23,33.96168930252822,34.051991614549046,33.7482500363192,33.83034133911133,5092400.0
2017-10-24,33.871401429949294,33.969914793195244,33.63333529773109,33.920658111572266,4251600.0
2017-10-25,33.90422044373212,33.99452274424543,33.411666426582165,33.78929138183594,3360000.0
2017-10-26,33.80571703722199,33.937065010207135,33.715414718622945,33.82213592529297,3651500.0
2017-10-27,34.05199840423097,34.62664703310339,34.002741733784845,34.602020263671875,4822800.0
2017-10-30,34.77441051281787,35.02068757780276,34.54455233637634,34.58559799194336,5200800.0
2017-10-31,34.62664626934545,34.905761132550886,34.56097071019922,34.749786376953125,3704500.0
2017-11-01,34.87292679465956,34.889345686066534,34.36395368737675,34.56097412109375,4235700.0
2017-11-02,34.55276359322575,34.675903703549515,34.43783449376789,34.602020263671875,3255800.0
2017-11-03,34.39679487244131,34.66769877849363,34.14230672783635,34.63486099243164,6140900.0
2017-11-06,34.63485511077939,34.872924321924714,34.54455591181889,34.831878662109375,5650500.0
2017-11-07,35.00427371529826,35.061738267659614,34.692321051348635,34.897552490234375,2761600.0
2017-11-08,34.823667651196445,34.92218099265299,34.65127400102215,34.831878662109375,2378400.0
2017-11-09,34.59380092544575,34.659476470231276,33.89601548580236,34.1833381652832,4680100.0
2017-11-10,34.30648798971729,34.33111476021521,34.142302212703655,34.2490234375,5333900.0
2017-11-13,34.24902117696155,34.48708724975586,34.07662440010515,34.48708724975586,2222000.0
2017-11-14,34.29828088050556,34.388583224715646,34.07663052605815,34.363956451416016,2799400.0
2017-11-15,33.9781210066942,34.19156348500086,33.887818660609355,34.101261138916016,3417300.0
2017-11-16,34.273651350430065,34.675906360942555,34.273651350430065,34.56097412109375,3304500.0
2017-11-17,34.67590161290794,34.823665352171325,34.45425130663852,34.53634262084961,3702000.0
2017-11-20,34.536350331275656,34.70874400855651,34.44604798653324,34.65127944946289,4455300.0
2017-11-21,34.987859373726096,35.19309083929725,34.93039481389287,34.95502471923828,3668500.0
2017-11-22,34.96324241107029,35.08638257760104,34.71696520959329,34.81547546386719,2768600.0
2017-11-24,35.028900153345,35.31622604400752,34.97964661269323,35.29159927368164,1499700.0
2017-11-27,34.207973519253414,34.216184530204764,33.70721145663056,33.73183822631836,8188400.0
2017-11-28,33.6825780668837,33.838555942973564,33.50197655523941,33.600486755371094,4864800.0
2017-11-29,33.55944984522479,33.58407661877976,32.213131943437034,32.35268783569336,11796100.0
2017-11-30,32.508663177490234,32.623595429743176,32.15566480310109,32.508663177490234,9357100.0
2017-12-01,32.79599075499505,32.82882854299938,32.01611051360334,32.59075927734375,7192200.0
2017-12-04,32.87808032525995,32.943755897736615,32.262385925417696,32.33626937866211,7109000.0
2017-12-05,32.18029022216797,32.4429862132401,31.958639892529007,32.18029022216797,4504000.0
2017-12-06,31.983268562297173,32.08998979362729,31.62206233601972,31.75341033935547,8622000.0
2017-12-07,31.810875544934074,32.0407337725714,31.695946431115413,32.024314880371094,11285400.0
2017-12-08,32.32805832735791,32.46761420780855,31.975059988874886,32.01610565185547,5071600.0
2017-12-11,32.17208021589182,32.492243900871216,32.163872335982084,32.319847106933594,5272500.0
2017-12-12,32.19671007338899,32.32805807284277,32.08178096531485,32.26238250732422,5488100.0
2017-12-13,32.40194782781083,32.41836672238768,32.196716342976124,32.254180908203125,4227100.0
2017-12-14,32.42656611228338,32.549706223570865,32.27879923137164,32.34447479248047,4737600.0
2017-12-15,32.34447956042986,32.525081116935645,32.2213394309901,32.426570892333984,7156400.0
2017-12-18,32.32805590220326,32.401939342659134,32.18028902129152,32.34447479248047,5746900.0
2017-12-19,32.18849819608138,32.35268397387807,32.11461475265204,32.29521942138672,4454900.0
2017-12-20,32.32805054606031,32.51686305559087,32.15565379250407,32.37730407714844,6330100.0
2017-12-21,32.4758095305749,32.55790081687847,32.18027588935107,32.20490264892578,3563100.0
2017-12-22,32.50866095915749,32.53329086303711,32.26238384144546,32.53329086303711,2523600.0
2017-12-26,32.27058173897279,32.27058173897279,31.86011899906433,31.975048065185547,2861500.0
2017-12-27,32.01611533816685,32.10641770299465,31.917605090893012,32.081790924072266,3092900.0
2017-12-28,32.43477668861247,32.74672936665231,32.34447748195405,32.623592376708984,4279500.0
2017-12-29,32.71388814135428,33.017632907405876,32.549705505371094,32.549705505371094,3870900.0
2018-01-02,33.25569598586137,33.698996578873704,33.18181255369265,33.67436981201172,4984000.0
2018-01-03,34.142296382835774,34.322901019870486,34.01915628820616,34.240806579589844,6963200.0
2018-01-04,34.413202523372995,34.47887808001853,34.02736958862059,34.06020736694336,4876600.0
2018-01-05,34.38857892398214,34.946808680572865,34.306487602194224,34.85650634765625,5330800.0
2018-01-08,34.80724942934892,34.872921854089434,34.63485265979144,34.840084075927734,3538200.0
2018-01-09,34.88114374134874,34.889351622657166,34.5856099089034,34.62665557861328,5729900.0
2018-01-10,33.945289143279254,34.0273836229454,33.428108013511405,33.90424346923828,7102700.0
2018-01-11,33.83855308876354,33.986319942288645,33.616902808475885,33.68257522583008,5701800.0
2018-01-12,33.69079732874349,33.90423666990283,33.46093596336009,33.813934326171875,5028000.0
2018-01-16,34.487085629631125,34.76620047954474,34.32290300275019,34.66769027709961,9081600.0
2018-01-17,35.02068859518218,35.52145374976267,34.88934061460228,35.406524658203125,7117700.0
2018-01-18,36.00580840464056,36.81852324522076,35.710274596580994,36.58866500854492,11866200.0
2018-01-19,36.999132744838256,37.384968947917436,36.59688077836269,36.67076110839844,6543700.0
2018-01-22,37.762582722711734,38.09095425989028,37.71332605266004,38.07453536987305,8335800.0
2018-01-23,38.15662120029665,38.23050462895599,37.811833954274796,37.992435455322266,5659600.0
2018-01-24,37.467047517509066,37.49167428579158,37.1468870035045,37.212562561035156,7400600.0
2018-01-25,37.52450391799895,37.58196845257127,36.97448533521187,37.023738861083984,7655700.0
2018-01-26,37.35212541709692,37.549148994995946,36.96628927331908,37.53273010253906,7057300.0
2018-01-29,37.32749552835235,37.508097067135544,37.105845196061665,37.2700309753418,11604400.0
2018-01-30,36.588659176658496,36.966284257174244,36.44910330708737,36.84314727783203,10224600.0
2018-01-31,37.29466195946218,37.598403649915845,37.04017381624858,37.19615173339844,6333300.0
2018-02-01,37.212563097090566,37.70511725933402,37.1879331968703,37.311073303222656,6706500.0
2018-02-02,36.94986100588752,37.20434907702476,36.49014466006895,36.539398193359375,12051800.0
2018-02-05,36.161779451726986,36.785684789052965,35.143833253159954,35.25876235961914,11748300.0
2018-02-06,34.70053866116459,35.8744629653484,34.56097962776079,35.78416061401367,13414100.0
2018-02-07,35.29159525638232,35.29159525638232,34.380367279052734,34.380367279052734,15239500.0
2018-02-08,34.569180660620276,34.5773885394703,33.13256072998047,33.13256072998047,11356000.0
2018-02-09,33.444513540037775,34.216182550920564,32.80418938094748,34.04378890991211,10588400.0
2018-02-12,34.50351184444502,35.12741723275896,34.4460472865192,34.91397476196289,6573300.0
2018-02-13,34.9221805080676,35.020690716574094,34.38036966390728,34.79083251953125,5831900.0
2018-02-14,34.61843533577547,35.37368860972439,34.41320391036087,35.340850830078125,6860100.0
2018-02-15,35.72667694091797,35.9154894238133,35.094563951268995,35.72667694091797,6116500.0
2018-02-16,35.58713024589614,36.08789545777075,35.55429559568161,35.693851470947266,4792100.0
2018-02-20,35.36548057687743,36.25207870239147,35.29980501787038,35.907291412353516,9291700.0
2018-02-21,35.84161634583303,35.97296433406891,35.19308428385076,35.209503173828125,6612600.0
2018-02-22,35.02889611410775,35.086363790880135,34.626644297781,34.79903793334961,7984000.0
2018-02-23,35.619976523868615,36.03865051269531,35.390118259624295,36.03865051269531,7204900.0
2018-02-26,36.2110402203755,36.45731735229492,35.956552076161366,36.45731735229492,3897600.0
2018-02-27,36.16177899646558,36.36701043586843,35.80057279048653,35.808780670166016,5999100.0
2018-02-28,35.84982365786263,36.046847202890945,35.53787414797706,35.587127685546875,6400100.0
2018-03-01,35.5871272162231,35.75952399019293,34.733366883247825,35.0699462890625,7792400.0
2018-03-02,34.7990446050606,35.34085551471199,34.60202416423289,35.30801773071289,4819600.0
2018-03-05,35.340858933095824,35.92371556333182,35.193092022390395,35.70206832885742,5977200.0
2018-03-06,36.399854565740846,36.44911124715766,35.652812121296606,35.74311447143555,8632000.0
2018-03-07,35.55429256505761,36.35058835048669,35.447571349103335,36.284915924072266,4482900.0
2018-03-08,36.3670057951777,36.440889229198,35.784149333230246,35.95654296875,7092400.0
2018-03-09,36.161782758764694,36.61329134610961,35.72669306407023,36.60508346557617,8336200.0
2018-03-12,36.769270303716745,37.2289867846382,36.73643251748417,37.12226867675781,5176100.0
2018-03-13,37.35211566460138,37.55734706935194,36.867769424126756,36.93344497680664,5842300.0
2018-03-14,37.29466231736424,37.31108121046304,36.80210805073504,37.06480407714844,4300500.0
2018-03-15,37.02375492330736,37.47526665023207,36.8513612447999,37.19615173339844,3942200.0
2018-03-16,36.941653286526595,37.368534989183054,36.88418874305195,36.91702651977539,8125600.0
2018-03-19,36.71180222866018,36.834939217867216,36.276709431695274,36.61328887939453,5116500.0
2018-03-20,36.69537611232241,36.867769742220425,36.54760924910046,36.80209732055664,6404200.0
2018-03-21,36.58865613802017,36.81851431896937,36.325960179340264,36.695377349853516,7036400.0
2018-03-22,36.20282855607027,36.42447891028094,35.866249084472656,35.866249084472656,6318500.0
2018-03-23,35.81699624832038,35.874460808153614,34.95502471923828,34.95502471923828,5923500.0
2018-03-26,35.96476300952293,36.35059603376923,35.447578841518684,36.34238815307617,5395200.0
2018-03-27,36.71180413165645,36.81031435444513,35.406531936268244,35.537879943847656,6995000.0
2018-03-28,35.283391659561474,35.439366439281144,34.84009096151587,35.04532241821289,8563100.0
2018-03-29,35.29981141830641,36.055061694328664,35.26697363284886,35.92371368408203,7758900.0
2018-04-02,35.57891710488475,35.784148513396644,34.82366389313795,34.889339447021484,6361200.0
2018-04-03,36.34238356932858,36.35059144898641,35.32443425468048,35.693851470947266,6174500.0
2018-04-04,34.782619139622334,36.07147216796875,34.76620025072573,36.07147216796875,5497100.0
2018-04-05,36.14536423226377,36.3095500288479,35.41474072562717,35.56250762939453,6115100.0
2018-04-06,35.20130537746706,35.43937152137139,34.69232903712991,34.82367706298828,5133100.0
2018-04-09,35.37368054379413,36.1535604088575,35.225913700662865,35.357261657714844,6696400.0
2018-04-10,36.014013670825314,36.30133957739522,35.32443587927427,35.77594757080078,5682300.0
2018-04-11,35.50503796362355,35.94833861116551,35.50503796362355,35.611759185791016,4788000.0
2018-04-12,35.570718060791094,35.997596740722656,35.34085669669307,35.997596740722656,7574700.0
2018-04-13,35.86623811344023,35.907286898450906,34.93859444595232,35.01247787475586,5749900.0
2018-04-16,35.14383498720042,35.30801764362407,35.0371137552583,35.19308853149414,5206900.0
2018-04-17,34.552767056464354,34.77441739831339,34.29007105092108,34.73337173461914,9831100.0
2018-04-18,34.56097107115451,34.69231905923575,33.830347691728676,34.413204193115234,8947400.0
2018-04-19,32.779562471300046,32.90270257525093,32.106403667956556,32.45119094848633,27527000.0
2018-04-20,32.31983526354921,32.45939422354082,31.868326875966336,31.975048065185547,15313300.0
2018-04-23,31.983264771038517,32.08177811055023,31.630266466745805,31.810871124267578,11178300.0
2018-04-24,32.048940330712995,32.18849619764669,31.441453930056248,31.810871124267578,13004000.0
2018-04-25,31.49071185767845,31.59743308062083,31.21159698107903,31.334733963012695,12359200.0
2018-04-26,31.2608536528024,31.654897631839845,31.2608536528024,31.334733963012695,7685800.0
2018-04-27,31.802664515426784,31.802664515426784,31.18697021100893,31.334733963012695,8276100.0
2018-04-30,31.7616185246006,31.8847586489785,31.50713352720866,31.564598083496094,7968000.0
2018-05-01,31.474292835517033,31.96684702435879,31.408617273493782,31.95863914489746,5507000.0
2018-05-02,31.687731984525914,31.687731984525914,30.907855044836438,30.989946365356445,11522200.0
2018-05-03,30.82575519440111,31.351147069519914,30.620523797458915,31.277263641357422,7021400.0
2018-05-04,31.19518656182691,31.736997571584755,31.145929876727465,31.679533004760742,9474000.0
2018-05-07,31.564598083496094,31.728783872138813,31.392204414633788,31.564598083496094,4590100.0
2018-05-08,31.999689780830643,32.328061378837326,31.966851994713245,32.163875579833984,8116600.0
2018-05-09,32.31984372488974,32.393727162679255,32.14745008057523,32.30342483520508,5861400.0
2018-05-10,32.4840228862787,32.730299918315566,32.377301690815855,32.64820861816406,7957900.0
2018-05-11,32.86986666750348,32.984795767554814,32.54149512599987,32.763145446777344,4184400.0
2018-05-14,32.94374923745445,33.28853652849985,32.738517812332276,32.795982360839844,5014000.0
2018-05-15,32.311639181463136,32.34447696422241,31.983267617037022,32.26238250732422,5622800.0
2018-05-16,32.34448173382799,32.697480121586004,32.24596837102311,32.664642333984375,7671500.0
2018-05-17,32.07356725228591,32.21312625146616,31.745195715518438,31.983264923095703,7964200.0
2018-05-18,31.581017286853523,31.64668972400796,31.425039376892713,31.539968490600586,7783900.0
2018-05-21,32.295210566650915,32.59074425933855,32.114605947434605,32.40193176269531,7902200.0
2018-05-22,32.40193660397221,32.66463256303761,32.38551771508277,32.5414924621582,5752000.0
2018-05-23,32.13103164149805,32.549705505371094,32.08998598250225,32.549705505371094,4815400.0
2018-05-24,32.3198384959418,32.385514044054986,31.835492289145783,32.23774719238281,7930800.0
2018-05-25,32.098196725111166,32.41836040963912,31.958640845759227,32.26238250732422,5403000.0
2018-05-29,31.597435567620913,31.6549001233629,31.219807317852037,31.326528549194336,7198200.0
2018-05-30,31.441447352764573,31.523541785184193,31.252634855573035,31.474285125732422,8413400.0
2018-05-31,31.466096575567267,31.901186374096227,31.4332587824296,31.769838333129883,8129400.0
2018-06-01,32.00789656519874,32.18029022216797,31.851918667536193,32.18029022216797,5970000.0
2018-06-04,32.71389889010495,32.83703903913534,32.566131963902116,32.81241226196289,8927200.0
2018-06-05,32.59074432246668,32.72209228262867,32.34446728861074,32.45939636230469,6345900.0
2018-06-06,32.71388852634094,32.77956408677354,32.47582244873047,32.47582244873047,9829700.0
2018-06-07,32.47583095287773,32.78778055187071,32.39373648083966,32.4429931640625,8216900.0
2018-06-08,32.14745168833957,32.14745168833957,31.62205971848619,31.95863914489746,8081300.0
2018-06-11,32.01610198941982,32.139242095858485,31.81907844543457,31.81907844543457,4511600.0
2018-06-12,32.12282566984489,32.311638217704036,31.99968555396217,32.18029022216797,6582600.0
2018-06-13,32.61537382550477,32.74672179669772,32.05714416503906,32.05714416503906,9616600.0
2018-06-14,32.040727162357946,32.07356493998391,31.687728881835938,31.687728881835938,7636000.0
2018-06-15,31.86834080373184,31.966851027519848,31.64669045152116,31.761619567871094,11235700.0
2018-06-18,31.44966446014073,31.49071011851843,31.063828381907776,31.400407791137695,8921400.0
2018-06-19,30.948894379384328,31.17054465738453,30.66156855312518,30.833965301513672,9848900.0
2018-06-20,31.474294103850493,31.67952554606872,31.20338709696246,31.482501983642578,8668600.0
2018-06-21,31.088448235732812,31.203377306260332,30.825752322646398,30.883216857910156,9246700.0
2018-06-22,31.41682410234698,31.449661878987257,31.170547040710375,31.293684005737305,10338500.0
2018-06-25,30.88949655150316,31.110745456717325,30.67675896747612,31.068195343017578,10528100.0
2018-06-26,30.91501550856587,31.229866104240564,30.727805467080906,31.025636672973633,8817000.0
2018-06-27,30.846938098342704,30.90650433980879,30.217233657836914,30.217233657836914,8798100.0
2018-06-28,30.20872826967809,30.583145141601562,30.081084457415752,30.583145141601562,7199000.0
2018-06-29,31.10222362126537,31.289433670679596,31.00861859655826,31.110734939575195,8088200.0
2018-07-02,30.812900592531697,31.119243130517845,30.668240641880924,31.09371566772461,7365500.0
2018-07-03,30.9660701751709,31.153280215104402,30.93203139588905,30.9660701751709,6512600.0
2018-07-05,30.974581653079024,31.144769058134216,30.83842978136487,31.136260986328125,9230900.0
2018-07-06,31.331984198617988,31.782986738429276,31.280926021121214,31.71491241455078,7251600.0
2018-07-09,32.22547229705042,32.36162415328853,31.97018797236851,32.191436767578125,7124100.0
2018-07-10,31.88510633465964,32.29356205780322,31.88510633465964,32.27654266357422,7211500.0
2018-07-11,31.76596971578505,31.78298586169738,31.400060902444757,31.459627151489258,7316200.0
2018-07-12,31.765974167363705,31.9872198025169,31.65534972672832,31.74895477294922,5275300.0
2018-07-13,31.944670338117636,32.165915955253645,31.89361215903211,32.14038848876953,4947500.0
2018-07-16,32.233995317792306,32.24250339172048,32.038277156269324,32.15740966796875,5399200.0
2018-07-17,31.91061499657339,32.43820292227103,31.78297123814085,32.3701286315918,6238500.0
2018-07-18,32.37014688862816,32.73605573998714,32.23399498436325,32.68499755859375,10532200.0
2018-07-19,33.561466055330534,34.36986918586054,32.863687331155134,33.876319885253906,17762300.0
2018-07-20,34.029493730760464,34.76130804278512,33.90184992555279,34.65919494628906,14481000.0
2018-07-23,34.73578749445871,34.87193939892719,34.57410812231411,34.6677131652832,6832800.0
2018-07-24,34.974050703461664,35.06765574158033,34.36136878816025,34.369876861572266,7018300.0
2018-07-25,34.48900278414966,34.80385662430149,34.30179598975623,34.795345306396484,7725700.0
2018-07-26,34.633665717305675,34.837891899881825,34.41241689904543,34.73577880859375,8476600.0
2018-07-27,34.8378947493406,35.67182542965474,34.8378947493406,35.271881103515625,9468500.0
2018-07-30,35.27188441338361,35.331450664273035,34.79535116015103,34.96554183959961,5174300.0
2018-07-31,35.11019669344459,35.38250368857184,34.96553674695884,35.067649841308594,4908300.0
2018-08-01,35.26336522178345,35.51014148958722,35.16125213535712,35.49312210083008,6115000.0
2018-08-02,34.97405113945682,35.44207633588467,34.88895741980666,35.35697937011719,4669300.0
2018-08-03,35.43355788506582,35.69735355667881,35.365483572269454,35.476104736328125,4575200.0
2018-08-06,35.059137429759936,35.24634420520951,34.88894679616513,34.94851303100586,7245800.0
2018-08-07,34.94852601107694,35.101697313589284,34.75280784589285,35.09318923950195,7494900.0
2018-08-08,35.3654964848051,35.83351851180654,35.27189143018124,35.714385986328125,5089600.0
2018-08-09,35.6888534949881,35.69736481559503,35.467607850973415,35.603759765625,4513300.0
2018-08-10,35.14422751746838,35.14422751746838,34.710244530141686,34.91447067260742,7053200.0
2018-08-13,34.62515819035631,34.88044581570131,34.43795137685151,34.64217758178711,6708600.0
2018-08-14,34.888952120094245,35.05063146131701,34.77832770445928,34.8123664855957,5339100.0
2018-08-15,34.42092514038086,34.5060188344959,34.14011010679181,34.42092514038086,6052800.0
2018-08-16,34.42092919147563,34.65919415993287,34.35285163127828,34.38689041137695,5544000.0
2018-08-17,34.19969080386982,34.22522151979355,33.8593126373581,34.14863586425781,7897200.0
2018-08-20,34.05502214853001,34.24223220245431,33.95290904916989,34.12309646606445,4156700.0
2018-08-21,34.35285091271959,34.92298910603822,34.344342840931255,34.795345306396484,6075100.0
2018-08-22,34.761321039728955,34.931511761599694,34.497528504641444,34.803871154785156,5512700.0
2018-08-23,35.144249388613915,35.18679625759592,34.616661071777344,34.616661071777344,4126100.0
2018-08-24,34.82939349714903,35.23784922180941,34.74429977180552,35.09318923950195,4232000.0
2018-08-27,35.25486828108036,35.493133306672014,35.20381009868893,35.339962005615234,5733000.0
2018-08-28,36.07178140459421,36.38663209539511,35.95264888624347,36.037742614746094,10683500.0
2018-08-29,36.75253775310828,37.765170562664046,36.66744403205602,37.552433013916016,12278200.0
2018-08-30,37.73963727785121,37.85877302377072,36.93974531766601,36.98229217529297,7826200.0
2018-08-31,36.692961943809074,37.109928859063096,36.5568100779108,37.101417541503906,8782900.0
2018-09-04,36.81210225571485,37.54391990797029,36.752536004588684,37.5354118347168,8174900.0
2018-09-05,37.51839244720679,37.926848131892136,37.45882619607251,37.6290168762207,7262400.0
2018-09-06,37.3907470793,37.50137150373912,37.08440776304235,37.484352111816406,10424900.0
2018-09-07,37.44179879631344,38.49697819068265,37.42477940732659,38.190635681152344,14256000.0
2018-09-10,38.29276049608164,38.34381867867873,37.88430477365754,37.969398498535156,6824900.0
2018-09-11,37.13545621291994,37.92683994559363,37.08440129217746,37.909820556640625,12509700.0
2018-09-12,37.37372386543297,37.69708578666252,37.2886301606384,37.390743255615234,10303700.0
2018-09-13,37.4332935963306,37.4332935963306,36.820608530271834,36.95676040649414,9624500.0
2018-09-14,37.45881759630113,37.91833135337123,37.39925135884203,37.790687561035156,5295400.0
2018-09-17,37.126954353477316,37.56093748298383,36.99080246518929,37.23757553100586,6210300.0
2018-09-18,37.01631702550304,37.51837754718783,36.88867325455493,37.06737518310547,8814200.0
2018-09-19,37.6120030974931,37.77368248240139,37.22056674700923,37.458831787109375,6393200.0
2018-09-20,37.65454149357883,37.80771276951326,37.356710260438,37.586463928222656,4728000.0
2018-09-21,37.65453822121347,37.79069009397658,37.4588201069988,37.49285888671875,6668600.0
2018-09-24,37.30564566432888,38.24168930401946,37.263098816364106,38.19914245605469,8229100.0
2018-09-25,38.12256339399314,38.2161684232994,37.55242839166154,37.586463928222656,6678200.0
2018-09-26,37.654546615867226,38.06300232521712,37.654546615867226,37.671566009521484,4564300.0
2018-09-27,37.95237958494178,38.48847914758866,37.9353634366448,38.088531494140625,6711700.0
2018-09-28,37.86726879163849,37.96938186598433,37.416266404337925,37.577945709228516,7727700.0
2018-10-01,37.909828192501735,38.25871762102084,37.79920376508333,38.00343322753906,5029800.0
2018-10-02,37.22906313149223,37.43329256324777,36.97377877638534,37.118438720703125,5440300.0
2018-10-03,37.47584199879931,37.646032662644544,37.07589442568055,37.40776443481445,5631100.0
2018-10-04,36.65041573111152,36.65892704881859,35.714372042563014,36.10580825805664,7885000.0
2018-10-05,35.637786324637204,35.79946565338451,35.03360936749394,35.425048828125,7921400.0
2018-10-08,34.68472115212789,35.03361052812159,34.37838187373954,34.85491180419922,7761800.0
2018-10-09,34.88896489266151,35.1442493524086,34.531567298239196,34.803871154785156,5678700.0
2018-10-10,34.335824560762084,34.41241017579455,33.4848747253418,33.4848747253418,12853500.0
2018-10-11,32.76157710209762,33.69762086371082,32.61691715095172,33.13599395751953,10209000.0
2018-10-12,34.15714348621298,34.53156368436757,33.34874007651829,33.748687744140625,7578600.0
2018-10-15,33.58699685489579,33.689109943904015,32.94878436789037,32.97431182861328,8209000.0
2018-10-16,33.90186783659567,34.089077984176015,33.5274507875535,34.04652786254883,10748100.0
2018-10-17,34.03800121044577,34.114586843013946,33.340222445320975,33.67209243774414,8173600.0
2018-10-18,33.867819677945654,33.99546351531419,32.72754620040229,32.795623779296875,9555600.0
2018-10-19,33.3232099700845,33.4593618733345,32.62543106016352,32.71903610229492,11266200.0
2018-10-22,33.34872429201893,33.382763065943266,32.795608823271074,32.94878005981445,8165700.0
2018-10-23,31.842552706936228,32.48927663169544,31.70640081426858,32.33610534667969,12350000.0
2018-10-24,31.961685476675274,31.961685476675274,31.000110998323713,31.04265785217285,13312400.0
2018-10-25,31.297953523391698,31.953185696853406,31.05118038350766,31.817033767700195,9927300.0
2018-10-26,31.102236379036547,31.73194110147115,30.753346845910364,31.204349517822266,11973200.0
2018-10-29,31.62980718095399,31.834036591418485,30.608669866980573,30.91501235961914,8269300.0
2018-10-30,31.34901073991358,32.165922289446414,31.204347493742464,32.148902893066406,12106400.0
2018-10-31,32.92325664907462,33.17854426393924,32.361629739382806,32.42119598388672,12610900.0
2018-11-01,32.99983830631439,33.25512589040513,32.66796834233619,33.22959518432617,14348600.0
2018-11-02,33.340228787408996,33.60402451557208,32.70201614331023,32.999847412109375,9736200.0
2018-11-05,32.948793537365496,33.03388726086739,32.59990407721977,32.744564056396484,8591900.0
2018-11-06,32.7615801376502,33.05941138590925,32.693502568838326,32.957298278808594,8578100.0
2018-11-07,33.43383025022331,33.44233832294255,32.9487889523011,33.34022521972656,6568700.0
2018-11-08,33.0083597889936,33.23811673776152,32.92326281938467,32.9317741394043,7953700.0
2018-11-09,32.412695053661984,32.66797947866123,32.17443002314503,32.39567565917969,5975400.0
2018-11-12,32.21697627155401,32.26803120790912,31.493666627387224,31.536216735839844,11666700.0
2018-11-13,31.81702540862792,32.438218625069915,31.689384834522333,31.825536727905273,15057100.0
2018-11-14,32.50629757118418,32.625430077173846,31.800007362649232,32.199954986572266,10404900.0
2018-11-15,32.39566681469043,32.82114182223416,32.24249555228535,32.778594970703125,10840400.0
2018-11-16,31.544711881198126,31.655336274823778,31.19582255925524,31.374521255493164,16382400.0
2018-11-19,31.178812806052182,31.212851590934097,30.600166447528387,30.6767520904541,15191700.0
2018-11-20,30.1236336802179,30.62569434975876,29.97046240841785,30.32785987854004,11673500.0
2018-11-21,30.991599513733778,31.246887127693736,30.753334536562466,30.77886199951172,7013100.0
2018-11-23,30.489539438208066,30.804390022893713,30.421461881456263,30.600160598754883,2320500.0
2018-11-26,31.238386015079392,31.391557335050674,31.034159752529632,31.349010467529297,7077300.0
2018-11-27,30.966074869199492,31.33198368665442,30.966074869199492,31.314964294433594,6870200.0
2018-11-28,31.714903379700747,32.353115809070886,31.54471274931212,32.3446044921875,8380200.0
2018-11-29,32.29356205780322,32.65095959825979,32.2254844808872,32.27654266357422,7056600.0
2018-11-30,31.689381909889097,31.995721207140573,31.5532300290717,31.987213134765625,8734400.0
2018-12-03,33.03388392066337,33.187055204372925,32.65946703054954,32.957298278808594,7457600.0
2018-12-04,32.78710918429528,32.99984672791747,31.851065290804538,31.859573364257812,13321200.0
2018-12-06,30.37891824803812,31.366020202636722,30.302332611641805,31.36602020263672,12075700.0
2018-12-07,31.187326554343493,31.43409964866422,30.753340128591194,31.076702117919922,10802700.0
2018-12-10,30.898005133248702,31.34049965832719,30.7022869628305,31.000118255615234,12439100.0
2018-12-11,31.68937594164442,31.78297770460784,30.889480952138808,31.229862213134766,8635800.0
2018-12-12,32.00423176248318,32.080817396499064,31.714908616880578,31.808513641357422,8405400.0
2018-12-13,31.9021221224254,32.04678208784218,31.646834483967513,31.76597023010254,5825900.0
2018-12-14,31.314963908447115,31.578759615442696,31.085206985473633,31.085206985473633,5969600.0
2018-12-17,31.170302444291483,31.43409489246507,30.73631608420437,30.821413040161133,10733100.0
2018-12-18,31.153281378138058,31.485151373234004,31.153281378138058,31.280921936035156,7100400.0
2018-12-19,31.161795597675134,31.72342260312121,30.719301101548314,30.829925537109375,11786400.0
2018-12-20,30.983093664499975,31.27241683444565,30.242767970801392,30.53209114074707,12540400.0
2018-12-21,31.178816076253234,31.425592423354555,30.33637716182808,30.387432098388672,16981000.0
2018-12-24,30.259788131439528,30.540599989514178,30.013011811898323,30.030031204223633,6288500.0
2018-12-26,30.064066369388954,31.289433254231696,30.064066369388954,31.280921936035156,10063400.0
2018-12-27,30.804393753478514,31.314962506483468,30.600164304606352,31.297943115234375,8688600.0
2018-12-28,31.595780027974516,32.06380196198522,31.502174991948934,31.60428810119629,7369000.0
2018-12-31,31.8510579927711,31.987209859648136,31.289431136138766,31.4085636138916,4600600.0
