Date,Open,High,Low,Close,Volume
2013-01-02,15.351575314503773,15.63074588775635,15.345817963858176,15.630745887756348,2020500.0
2013-01-03,15.616351669080611,15.648010501889344,15.472449231000097,15.524253845214844,502800.0
2013-01-04,15.558794030619403,15.56167105883604,15.429281649370903,15.51562213897705,403800.0
2013-01-07,15.472453676242539,15.524258305340776,15.363087067271117,15.460942268371582,642300.0
2013-01-08,15.440794736052041,15.475330606284544,15.268110444371155,15.282502174377441,913800.0
2013-01-09,15.363089632862058,15.440797412906122,15.334309461538997,15.429286003112793,256500.0
2013-01-10,15.604840691088327,15.673914060875832,15.530011618861623,15.653766632080078,572100.0
2013-01-11,15.627860697840237,15.74873864884008,15.627860697840237,15.728592872619629,577800.0
2013-01-14,15.656647879473347,15.740111342493373,15.576063091565475,15.702696800231934,838800.0
2013-01-15,15.653772353132135,15.653772353132135,15.544405732621467,15.616357803344727,436800.0
2013-01-16,15.593329836300091,15.832208812992189,15.593329836300091,15.803428649902344,797400.0
2013-01-17,15.907038227363847,16.13440580229548,15.860990953563746,16.102746963500977,1734900.0
2013-01-18,16.01639786127704,16.088349886054377,15.961716232779024,16.033666610717773,974100.0
2013-01-22,16.042306318567334,16.042306318567334,15.898403868012089,15.978988647460938,456000.0
2013-01-23,16.059580893410423,16.17470322494041,16.010653284945278,16.157434463500977,853500.0
2013-01-24,15.941578475491452,16.154554358267553,15.898408222552378,16.00489616394043,597300.0
2013-01-25,16.11713804691856,16.289820668983147,16.102746318810542,16.2092342376709,835500.0
2013-01-28,16.220748719814644,16.30709086187318,16.200601286792004,16.249528884887695,534000.0
2013-01-29,16.223633313366786,16.223633313366786,16.09411922961313,16.145925521850586,616800.0
2013-01-30,16.125768676489944,16.26103674025798,16.114257271710933,16.163183212280273,469800.0
2013-01-31,16.19484826589922,16.261042985900588,16.094116024617385,16.122896194458008,565800.0
2013-02-01,16.203476491865235,16.44523410848595,16.197720789451154,16.436599731445312,762000.0
2013-02-04,16.312846741652415,16.46826226966795,16.180455675311798,16.183334350585938,1051800.0
2013-02-05,16.27254986135129,16.476891295182906,16.2610368096841,16.436599731445312,485400.0
2013-02-06,16.335870585511337,16.49416313597505,16.335870585511337,16.47689437866211,402600.0
2013-02-07,16.45963404827592,16.48841422442645,16.249535139328994,16.38768196105957,558300.0
2013-02-08,16.425093811725535,16.62080260033435,16.425093811725535,16.589143753051758,744900.0
2013-02-11,16.617919365346417,16.669723983898916,16.5402116140981,16.629430770874023,437700.0
2013-02-12,16.60641184064407,16.686998293518123,16.583387375085724,16.65821647644043,989400.0
2013-02-13,16.692750930786133,16.776216052316883,16.617923482639007,16.692750930786133,368700.0
2013-02-14,16.638068694012738,16.874069026011703,16.62079993520222,16.865434646606445,556200.0
2013-02-15,16.871197365738514,16.911488953330924,16.701390045856186,16.77334213256836,232500.0
2013-02-19,16.790598570575405,16.97767287058824,16.784842868979002,16.96615982055664,530400.0
2013-02-20,16.980556357543204,16.98631041393166,16.59201756998499,16.60352897644043,914700.0
2013-02-21,16.554605482080294,16.554605482080294,16.177581301276316,16.29270362854004,527700.0
2013-02-22,16.445232004278424,16.64381771028643,16.399183097179787,16.635183334350586,624000.0
2013-02-25,16.724403301124255,16.781963608755934,16.315718858952128,16.31859588623047,836100.0
2013-02-26,16.41933078724391,16.46825837429464,16.295574129159498,16.42796516418457,403500.0
2013-02-27,16.525817355736248,16.779086353781864,16.436598212625665,16.698501586914062,688500.0
2013-02-28,16.71002197265625,16.83090165819157,16.672607420052376,16.71002197265625,536100.0
2013-03-01,16.594904118048017,16.698515069780978,16.422221394280026,16.640953063964844,521400.0
2013-03-04,16.5920231020721,16.626558979792584,16.476899118097656,16.594900131225586,468000.0
2013-03-05,16.730163149370515,16.96040773064468,16.730163149370515,16.920114517211914,457800.0
2013-03-06,16.97480534932315,17.038123049001577,16.899976238888584,16.940269470214844,528000.0
2013-03-07,16.98056004364567,17.098559396205655,16.96616831219335,17.017972946166992,411300.0
2013-03-08,17.08129194748435,17.118708146557836,16.89421918631566,17.041000366210938,555000.0
2013-03-11,17.026601130625554,17.08128442035931,16.89708876939888,17.058259963989258,528900.0
2013-03-12,17.03812443963107,17.14749108494019,16.994952528672197,17.13022232055664,1022700.0
2013-03-13,17.133088786042002,17.23382098704931,17.038113934172657,17.182016372680664,722400.0
2013-03-14,17.28850708356662,17.354703434691167,17.24821551409172,17.271238327026367,601200.0
2013-03-15,17.28563009753606,17.28563009753606,16.946018903332543,16.98918914794922,742800.0
2013-03-18,16.813635367000774,16.920123335483588,16.689878634212644,16.77334213256836,379200.0
2013-03-19,16.84240085064224,16.87405967530472,16.557473075518466,16.704254150390625,1109400.0
2013-03-20,16.799240980208747,16.934509090026186,16.779093544728134,16.925874710083008,973500.0
2013-03-21,16.82514440638997,16.828021435193605,16.632312662443095,16.6524600982666,1679100.0
2013-03-22,16.787727061536714,16.908605080847153,16.73304375593449,16.836654663085938,282300.0
2013-03-25,16.89413056049914,16.95477589298916,16.709306060544257,16.819046020507812,426900.0
2013-03-26,16.905670620475725,16.963429066573394,16.83058612776306,16.948989868164062,154800.0
2013-03-27,16.862363359277644,17.006757084322413,16.758398753571694,16.983654022216797,264300.0
2013-03-28,16.960546638957133,17.11360251248055,16.914338878559224,17.099164962768555,405000.0
2013-04-01,17.13959227691528,17.13959227691528,16.706409647153574,16.749727249145508,281700.0
2013-04-02,16.845022930432588,16.845022930432588,16.538908001786318,16.602441787719727,392100.0
2013-04-03,16.605335826766034,16.6486534302821,16.212582284060158,16.267452239990234,1171200.0
2013-04-04,16.279004922539276,16.4869323980623,16.192368061289514,16.481155395507812,350400.0
2013-04-05,16.18658854794073,16.417620692923613,16.09706485176094,16.394515991210938,570600.0
2013-04-08,16.420506829467442,16.5966690182821,16.264560840659897,16.593780517578125,303000.0
2013-04-09,16.54179336958515,16.871012965897435,16.512914979457392,16.752609252929688,197700.0
2013-04-10,16.79593376556911,17.13381566306809,16.79593376556911,17.128040313720703,531300.0
2013-04-11,17.01540946555175,17.156916245202577,16.94898882645904,17.047176361083984,382200.0
2013-04-12,16.931664837984755,17.003862493872095,16.784382677549367,16.97787094116211,226500.0
2013-04-15,16.821923371467427,16.908558559043378,16.541796652289456,16.56490135192871,498600.0
2013-04-16,16.69774274008215,16.91722251590874,16.6428727961255,16.905670166015625,211500.0
2013-04-17,16.70063027273042,16.70063027273042,16.276111596163084,16.339645385742188,599400.0
2013-04-18,16.521581056074996,16.616881739306486,16.151932324694926,16.201026916503906,1368300.0
2013-04-19,16.206805685175212,16.368527039284405,16.071074230188593,16.32232093811035,564900.0
2013-04-22,16.429172597642474,16.55335170304878,16.163488337963823,16.49848175048828,298500.0
2013-04-23,16.639990745197355,16.873909786482447,16.61111068836878,16.83925437927246,365100.0
2013-04-24,16.827703457655872,17.104941781539335,16.79304969995851,17.05584716796875,685800.0
2013-04-25,17.154031832063474,17.32441869981696,17.107827380460296,17.22334098815918,503100.0
2013-04-26,17.128044837491213,17.128044837491213,16.998090354319505,17.05584716796875,1923300.0
2013-04-29,17.090494456895957,17.307085710080454,17.06450291162817,17.26665496826172,397500.0
2013-04-30,17.29264849429363,17.408163743431366,17.174246396715244,17.399499893188477,1945800.0
2013-05-01,17.39661785820592,17.422609416126175,17.243560317306592,17.263774871826172,608700.0
2013-05-02,17.402391290723077,17.526570410773356,17.2782121706728,17.49191665649414,827700.0
2013-05-03,17.668072423891825,17.780699160211498,17.627641677856445,17.627641677856445,1022400.0
2013-05-06,17.751824760484503,17.858676172128455,17.69406630279388,17.766263961791992,738000.0
2013-05-07,17.8586755974623,17.8586755974623,17.688292036040224,17.780702590942383,638700.0
2013-05-08,17.798026447523807,18.023281567417445,17.798026447523807,17.97130012512207,747300.0
2013-05-09,17.994408943897458,18.18500872842455,17.942425832467606,18.104148864746094,957000.0
2013-05-10,18.124359305985603,18.27452829837679,18.121472457646025,18.262977600097656,349200.0
2013-05-13,18.179227065320063,18.2398723551353,18.06371183413385,18.086814880371094,507000.0
2013-05-14,18.141690063161597,18.202335370498215,18.06082855173898,18.170568466186523,153600.0
2013-05-15,18.161906740979287,18.4102650019743,18.161906740979287,18.346731185913086,151800.0
2013-05-16,18.375603002854067,18.439136796132154,18.202330974094174,18.21677017211914,318000.0
2013-05-17,18.30918063719243,18.46512660511243,18.274525243227924,18.450687408447266,195000.0
2013-05-20,18.456471181125497,18.517116495784954,18.38138666321006,18.416040420532227,962400.0
2013-05-21,18.43047658203666,18.470907335957268,18.38138362956078,18.413148880004883,886200.0
2013-05-22,18.479569762827463,18.597973514305558,18.03772330983215,18.12147331237793,1495500.0
2013-05-23,17.861557984868277,18.147458360094973,17.809576549134345,18.12435531616211,1573500.0
2013-05-24,18.075266332953664,18.11858558654785,17.93953652743319,18.11858558654785,746700.0
2013-05-28,18.31496240037959,18.424702316424597,18.239877890437516,18.28319549560547,457200.0
2013-05-29,18.187890837222817,18.410257449757417,18.167674639063176,18.35249900817871,215400.0
2013-05-30,18.439132804920987,18.704818617960623,18.413141262625828,18.635509490966797,1004700.0
2013-05-31,18.548876084265796,18.673055166217328,18.390043258666992,18.390043258666992,1761300.0
2013-06-03,18.476682876395788,18.618188025231078,18.251427725186765,18.456466674804688,531300.0
2013-06-04,18.534437282571062,18.733700857064477,18.479567339202397,18.540212631225586,562500.0
2013-06-05,18.488238431780818,18.51134148791056,18.245655516188066,18.2572078704834,349800.0
2013-06-06,18.274528305873297,18.387156702673302,18.072377866222265,18.231210708618164,230400.0
2013-06-07,18.33517550085396,18.52577524477191,18.222547102546656,18.50267219543457,298800.0
2013-06-10,18.54021877964896,18.641294850693846,18.465134264859323,18.615304946899414,129300.0
2013-06-11,18.459359014112362,18.470909715314388,18.18500920480383,18.19655990600586,1291500.0
2013-06-12,18.364053288492244,18.401595535858945,17.968412962079423,17.985740661621094,351300.0
2013-06-13,17.979961769507632,18.37849055475816,17.939532678108765,18.35249900817871,386400.0
2013-06-14,18.39582381085876,18.44491841841181,18.248541640660324,18.277420043945312,168000.0
2013-06-17,18.49978301569872,18.661506007585704,18.45646541945352,18.543102264404297,243900.0
2013-06-18,18.62684606556516,18.86365184171108,18.62684606556516,18.849212646484375,670500.0
2013-06-19,18.86654059284199,18.930074374653064,18.62107096580101,18.626846313476562,2561700.0
2013-06-20,18.39293509270025,18.401598944075744,18.005958544385148,18.0377254486084,386400.0
2013-06-21,18.228326272421835,18.228326272421835,17.887555841047508,18.115697860717773,307500.0
2013-06-24,17.985739827028688,17.985739827028688,17.59587486773387,17.728717803955078,693300.0
2013-06-25,17.951087418169447,18.20233413431317,17.884666765230843,18.161903381347656,312900.0
2013-06-26,18.402384638150703,18.428430439710752,18.147720650120853,18.25479507446289,250500.0
2013-06-27,18.39081097913695,18.47184127018634,18.318464279174805,18.318464279174805,1718700.0
2013-06-28,18.341612371906773,18.500776740116837,18.179553473836524,18.382125854492188,600600.0
2013-07-01,18.46893790460786,18.564437489964348,18.35028871106571,18.358970642089844,331800.0
2013-07-02,18.34161890385831,18.567344291963376,18.26637765979333,18.385026931762695,1409100.0
2013-07-03,18.324251403291566,18.549976746717313,18.324251403291566,18.46894645690918,212700.0
2013-07-05,18.63100501961183,18.729399177602282,18.50946124316452,18.70914077758789,358800.0
2013-07-08,18.78148456839828,18.790166501165395,18.28373146247933,18.33582305908203,1793100.0
2013-07-09,18.51524391702422,18.576015784285175,18.46025779647198,18.53260612487793,232500.0
2013-07-10,18.52103611043508,18.761232445639973,18.518143236073787,18.72361183166504,324900.0
2013-07-11,19.027469131110472,19.14611835398117,18.934862395931496,19.131649017333984,431400.0
2013-07-12,19.192420641725572,19.273450912977655,19.151905506099528,19.235830307006836,310500.0
2013-07-15,19.282131190124495,19.282131190124495,19.203997104437047,19.235830307006836,977400.0
2013-07-16,19.264768857142048,19.380525203971988,19.224253721774218,19.311071395874023,156900.0
2013-07-17,19.311072795191098,19.392101415888842,19.26477025310395,19.31686019897461,314700.0
2013-07-18,19.244518369969104,19.319757949967197,19.09403424224309,19.15480613708496,385500.0
2013-07-19,19.07087618936586,19.114284197141245,18.95801271969489,19.105602264404297,226500.0
2013-07-22,19.13743744047206,19.13743744047206,19.00142434401405,19.067983627319336,273600.0
2013-07-23,19.143226190109345,19.26477161360392,18.975379877167324,19.01300048828125,1033500.0
2013-07-24,19.067984676826125,19.091135949151283,18.63679243675874,18.65704917907715,880500.0
2013-07-25,18.651261197498187,18.769912085457097,18.541292243381104,18.752548217773438,1026000.0
2013-07-26,18.61364333038457,18.61364333038457,18.50656889040984,18.604961395263672,281100.0
2013-07-29,18.541289706351346,18.633894780113494,18.448684632589202,18.486305236816406,198600.0
2013-07-30,18.54418898266933,18.749655921706914,18.54418898266933,18.70914077758789,138600.0
2013-07-31,18.717827251602003,18.90303749144908,18.717827251602003,18.8017520904541,538800.0
2013-08-01,18.981167901668965,19.140333941479053,18.946441819471115,19.12875747680664,181500.0
2013-08-02,19.082451625395418,19.082451625395418,18.900135999631804,19.024574279785156,89700.0
2013-08-05,18.95801639156871,19.010107998079732,18.93197224422287,18.98406219482422,94200.0
2013-08-06,18.92908091629657,18.92908091629657,18.781491318034004,18.868309020996094,783600.0
2013-08-07,18.810429470639942,18.810429470639942,18.587597005883335,18.662839889526367,372000.0
2013-08-08,18.746769121287073,18.76992206111009,18.570240788442522,18.671527862548828,171900.0
2013-08-09,18.636787338652763,18.671513409686355,18.549969677205045,18.57601547241211,103200.0
2013-08-12,18.512355150467368,18.703352743587278,18.468945477547138,18.645475387573242,137400.0
2013-08-13,18.76701546433134,18.89145374234879,18.587592715382268,18.865407943725586,231600.0
2013-08-14,18.706245555978935,18.743866165115346,18.55576146352375,18.57891273498535,245700.0
2013-08-15,18.338720990772934,18.385023541028787,18.147723384944996,18.159299850463867,300000.0
2013-08-16,18.19113202909649,18.379236766932138,18.115890796326184,18.222965240478516,135000.0
2013-08-19,18.182447759593085,18.272159977219854,18.08405526353083,18.092737197875977,607800.0
2013-08-20,18.10141899133986,18.26926530494732,18.10141899133986,18.220069885253906,125100.0
2013-08-21,18.141939121815405,18.228756832556975,18.07248528440417,18.081167221069336,218100.0
2013-08-22,18.13904344536463,18.31846626132286,18.13904344536463,18.280845642089844,276300.0
2013-08-23,18.30978432520601,18.370556222113958,18.196920811596964,18.280845642089844,170700.0
2013-08-26,18.27505531930227,18.36187301856817,18.240329233141836,18.246116638183594,111900.0
2013-08-27,18.072482165408985,18.072482165408985,17.75993912304285,17.79755973815918,624000.0
2013-08-28,17.846752367859487,18.0869453386286,17.846752367859487,18.029067993164062,132900.0
2013-08-29,18.046431804621303,18.251898698672544,18.020386005695347,18.217172622680664,319500.0
2013-08-30,18.225860835439168,18.225860835439168,18.000135468034596,18.0609073638916,256800.0
2013-09-03,18.27793926408987,18.442892631571176,18.130349757587425,18.211380004882812,878100.0
2013-09-04,18.32425860386025,18.71204302337344,18.292425381491658,18.671527862548828,1049700.0
2013-09-05,18.729404602408756,18.85094841406016,18.729404602408756,18.81332778930664,165300.0
2013-09-06,18.868307460789914,18.87988392631892,18.593386689371236,18.726505279541016,282000.0
2013-09-09,18.775702310559694,19.030366336516625,18.775702310559694,18.97538185119629,277500.0
2013-09-10,19.079559708633766,19.351587552010553,19.079559708633766,19.34579849243164,156900.0
2013-09-11,19.253191759888512,19.340009431126667,19.12296608098595,19.2937068939209,844200.0
2013-09-12,19.28791602353333,19.31974756321955,19.154795839019215,19.166372299194336,121200.0
2013-09-13,19.15769576919819,19.258981130763523,19.082452896619195,19.256088256835938,102300.0
2013-09-16,19.403682287065827,19.499180266870237,19.311077181855552,19.31975746154785,238500.0
2013-09-17,19.43840795572716,19.496286973194394,19.38631799914355,19.452878952026367,231300.0
2013-09-18,19.478924831468113,19.65545311816197,19.380532314540556,19.626514434814453,323700.0
2013-09-19,19.672812021957814,19.687281359977188,19.504965713841575,19.568632125854492,108900.0
2013-09-20,19.614938467179183,19.67571202202982,19.441304706764665,19.461563110351562,93000.0
2013-09-23,19.597574736723235,19.597574736723235,19.302395545314653,19.380531311035156,673500.0
2013-09-24,19.447677888879365,19.587212669202106,19.3691893670246,19.502910614013672,173100.0
2013-09-25,19.51744301318417,19.62790845062842,19.401165706466763,19.523258209228516,100500.0
2013-09-26,19.56686947326378,19.63372928215865,19.444776925113917,19.51163673400879,91200.0
2013-09-27,19.41569674264295,19.433139002240623,19.31395410955586,19.354650497436523,170100.0
2013-09-30,19.19186527230744,19.433144385629866,19.116284344293923,19.3750057220459,408600.0
2013-10-01,19.406979310418652,19.595933277495146,19.372096447962573,19.561050415039062,156000.0
2013-10-02,19.42441879986596,19.5290706990632,19.39825707260578,19.52616310119629,97500.0
2013-10-03,19.54070686121943,19.630822468751234,19.287798978917937,19.47675132751465,164400.0
2013-10-04,19.523264950883636,19.674426832523043,19.497101549806278,19.62500762939453,180000.0
2013-10-07,19.450582190511646,19.651163195305394,19.4069765394355,19.52616310119629,273300.0
2013-10-08,19.552328265782435,19.58721112642269,19.142445088791902,19.215118408203125,934800.0
2013-10-09,19.24419745650458,19.24419745650458,18.947685531683476,19.14535903930664,974100.0
2013-10-10,19.331402065459454,19.60465645054309,19.331402065459454,19.57267951965332,1054500.0
2013-10-11,19.488383221625128,19.671523728758878,19.433150475879167,19.610477447509766,198600.0
2013-10-14,19.49419338683852,19.79070527025956,19.476751119958198,19.764543533325195,279000.0
2013-10-15,19.738373189011124,19.802327036149162,19.569769104179514,19.587209701538086,278400.0
2013-10-16,19.616282835523624,19.793608070116985,19.610469302435085,19.773258209228516,349500.0
2013-10-17,19.648264944978408,19.91861343383789,19.581403474974923,19.91861343383789,116100.0
2013-10-18,19.938959996564027,19.985473259871657,19.808146329707753,19.973844528198242,198900.0
2013-10-21,19.997094574068182,20.04651375853446,19.956396520000986,20.023256301879883,189300.0
2013-10-22,20.058145792427133,20.061051727689676,19.883726468008167,19.97675132751465,215700.0
2013-10-23,19.668608558712652,19.67442209197813,19.229654361146643,19.316864013671875,336900.0
2013-10-24,19.48837661743164,19.569772740437994,19.441865022395394,19.48837661743164,252600.0
2013-10-25,19.558150318587167,19.587219659014853,19.494196438937152,19.54943084716797,1077000.0
2013-10-28,19.59593396145992,19.709307011017216,19.54651643264015,19.683143615722656,116100.0
2013-10-29,19.744191929403108,20.0000057220459,19.744191929403108,20.0000057220459,831000.0
2013-10-30,20.008726556154095,20.034889953780993,19.82849536156642,19.889541625976562,108300.0
2013-10-31,19.924424430330617,20.122099552769466,19.921516831696977,20.020355224609375,416700.0
2013-11-01,20.075595598802614,20.095943806827908,19.86338572916778,19.93315315246582,209700.0
2013-11-04,19.98547490384137,19.98547490384137,19.886636498338166,19.91861343383789,232500.0
2013-11-05,19.790706595458982,19.936056611346263,19.7005909828533,19.872102737426758,441600.0
2013-11-06,19.956397860735517,20.000001852274835,19.82849182085546,19.912792205810547,156300.0
2013-11-07,19.92732961944952,19.92732961944952,19.53198108576137,19.561050415039062,244800.0
2013-11-08,19.584305908458074,19.779073405702775,19.555234916243936,19.773258209228516,181500.0
2013-11-11,19.831398530271073,19.831398530271073,19.68314262450613,19.773258209228516,42000.0
2013-11-12,19.68896251928504,19.895357131958008,19.68896251928504,19.895357131958008,362100.0
2013-11-13,19.781981021361386,20.07267932450237,19.779075086263067,20.055238723754883,174900.0
2013-11-14,20.011630062582263,20.03779345485896,19.933141549137783,19.970932006835938,110400.0
2013-11-15,20.014536763774725,20.130814066321342,19.90697892821068,20.098838806152344,105900.0
2013-11-18,20.130821586319833,20.130821586319833,19.883728899334134,19.91861343383789,201000.0
2013-11-19,19.947673029550586,19.96220769070091,19.67441707512253,19.688953399658203,162300.0
2013-11-20,19.697676183671238,19.741281837852842,19.561049015135332,19.584304809570312,178500.0
2013-11-21,19.651166522074515,19.953491879379605,19.651166522074515,19.93895721435547,124500.0
2013-11-22,19.909887591241567,19.97965498036195,19.85465486693138,19.965120315551758,81900.0
2013-11-25,19.970934142762886,19.97674933948117,19.79651649908746,19.93895721435547,74700.0
2013-11-26,19.953495695326634,20.142449703547936,19.953495695326634,20.107566833496094,166200.0
2013-11-27,20.043609436753272,20.18605181757803,19.985470775770636,20.162796020507812,1223400.0
2013-11-29,20.168605515404884,20.261628685058962,20.165697917583636,20.19476890563965,117600.0
2013-12-02,20.191864910386233,20.250003570100205,20.122097520698,20.145353317260742,175200.0
2013-12-03,20.095933736705668,20.28198010560547,20.095933736705668,20.215120315551758,682500.0
2013-12-04,20.174425965103506,20.261635632403177,19.991285497435594,20.122100830078125,844500.0
2013-12-05,20.14244615845524,20.25581920878868,20.130817428227225,20.162796020507812,149700.0
2013-12-06,20.375006224464006,20.444773622849333,20.36337915642611,20.39826202392578,279000.0
2013-12-09,20.488378382019057,20.529076445127092,20.42151858528765,20.444772720336914,190800.0
2013-12-10,20.43023587003629,20.482562658460594,20.357560883926357,20.389537811279297,130800.0
2013-12-11,20.406982950027597,20.438959881887023,20.174424957764476,20.212215423583984,322800.0
2013-12-12,20.203495381982687,20.22384358195952,20.00582026246608,20.046518325805664,168600.0
2013-12-13,20.11047149493892,20.11337909366991,19.965123162723508,20.005821228027344,137700.0
2013-12-16,20.24709898767971,20.37791264416046,20.13953946592934,20.252912521362305,281700.0
2013-12-17,20.27035659571152,20.514541666042334,20.27035659571152,20.465124130249023,166500.0
2013-12-18,20.47675632546459,20.627919896257627,20.168617311607747,20.57268714904785,381000.0
2013-12-19,20.581399803160597,20.581399803160597,20.40698049822592,20.48837661743164,192000.0
2013-12-20,20.50291419357753,20.715122326537973,20.50291419357753,20.671518325805664,908400.0
2013-12-23,20.752886328061408,20.849127062830657,20.732472385274054,20.825796127319336,435300.0
2013-12-24,20.854956980113553,20.945365387793338,20.852039987725192,20.872455596923828,77100.0
2013-12-26,20.959949137897333,20.997861698991247,20.916204260195148,20.954116821289062,252600.0
2013-12-27,20.97160530090332,21.027016458202176,20.96285599514461,20.97160530090332,1479600.0
2013-12-30,20.980353417829356,21.064929479117957,20.962854807303483,21.006601333618164,270900.0
2013-12-31,21.088261600860783,21.210750222429674,21.088261600860783,21.204917907714844,887100.0
2014-01-02,21.076602747193448,21.076602747193448,20.82579478936983,20.913286209106445,865800.0
2014-01-03,20.910361763734173,20.910361763734173,20.770376209553014,20.852033615112305,427800.0
2014-01-06,20.857874842653597,20.857874842653597,20.712055254831252,20.749969482421875,737400.0
2014-01-07,20.79079500958455,20.924949949688113,20.764548755007613,20.892868041992188,394800.0
2014-01-08,21.056183035549427,21.22533184359654,20.997854882122397,21.204917907714844,342600.0
2014-01-09,21.251585665753797,21.251585665753797,20.968697464015325,21.047439575195312,213300.0
2014-01-10,21.062019567763627,21.17575723689596,21.041603959034298,21.143678665161133,156000.0
2014-01-13,21.108681367687634,21.175757172033055,20.837459489233684,20.9045352935791,543000.0
2014-01-14,20.95702925642695,21.39448464818897,20.95702925642695,21.353656768798828,383100.0
2014-01-15,21.470312397276675,21.61613031152235,21.43823048700587,21.54322052001953,759000.0
2014-01-16,21.479059946859497,21.546137422013384,21.391570199935227,21.43239974975586,601800.0
2014-01-17,21.3244937088726,21.452814680299266,21.266167208231412,21.315744400024414,545400.0
2014-01-21,21.397402515978186,21.44406438184178,21.269081550473327,21.43239974975586,510900.0
2014-01-22,21.429484762015854,21.6948743575364,21.388655208375745,21.66279411315918,448200.0
2014-01-23,21.546129573721938,21.55779420155896,21.333234262482556,21.446971893310547,285600.0
2014-01-24,21.318652165125005,21.35364938536976,20.93369108622925,20.948272705078125,1125900.0
2014-01-27,20.99202414371984,21.032853687308734,20.677055762833646,20.802459716796875,824700.0
2014-01-28,20.802460954466845,20.930780239261143,20.6945556083017,20.887035369873047,497400.0
2014-01-29,20.75288692892318,20.99203027640828,20.75288692892318,20.808298110961914,921600.0
2014-01-30,20.992027915712768,21.13201351709139,20.924952107503845,21.070768356323242,1313700.0
2014-01-31,20.805378523506086,21.053269461098633,20.79079523121254,20.97452735900879,524700.0
2014-02-03,20.957028531385916,20.957028531385916,20.461246661213245,20.50499153137207,1737900.0
2014-02-04,20.56624145629039,20.57499076681349,20.420423508012906,20.539995193481445,949500.0
2014-02-05,20.4524950305234,20.650807088565113,20.330008072982366,20.566232681274414,606300.0
2014-02-06,20.601232236907357,20.924949949688113,20.601232236907357,20.892868041992188,455700.0
2014-02-07,20.97453443954044,21.242841075662337,20.904541621694783,21.22242546081543,399300.0
2014-02-10,21.251587538312826,21.35657591663038,21.237004243050766,21.3303279876709,346800.0
2014-02-11,21.365322523718067,21.662792339256907,21.365322523718067,21.61029815673828,823800.0
2014-02-12,21.668623952777757,21.823191171646407,21.668623952777757,21.799861907958984,408000.0
2014-02-13,21.700703724738414,22.05650001968496,21.65987417664753,22.047752380371094,347400.0
2014-02-14,22.021504011307385,22.216900770981077,21.969009832685156,22.19065284729004,1166700.0
2014-02-18,22.219816323221256,22.266478183141455,22.082746066730834,22.248979568481445,169500.0
2014-02-19,22.190650995421485,22.327721249356017,22.16732006589643,22.228565216064453,139800.0
2014-02-20,22.237317585812534,22.40354943859763,22.196488036330603,22.380218505859375,285000.0
2014-02-21,22.4239650225837,22.46479457505834,22.22565291415269,22.283979415893555,390300.0
2014-02-24,22.39479279338085,22.50853209619223,22.368546545623914,22.371461868286133,167100.0
2014-02-25,22.318973374204152,22.388966167270155,22.14690754932192,22.251895904541016,243300.0
2014-02-26,22.327720279166932,22.561029564279696,22.30730634250443,22.403545379638672,164400.0
2014-02-27,22.39771753460542,22.438547084838405,22.248982627068106,22.400632858276367,196800.0
2014-02-28,22.403546633786686,22.467707107974302,22.228565494536507,22.38313102722168,163800.0
2014-03-03,22.20523434153596,22.286893435592578,22.050667130028618,22.243146896362305,269400.0
2014-03-04,22.531866059861226,22.67477030046595,22.531866059861226,22.636856079101562,889800.0
2014-03-05,22.671851574741808,22.74184435929651,22.59894179837914,22.680599212646484,289200.0
2014-03-06,22.747676546786476,22.85849887223415,22.666019132976338,22.838083267211914,427800.0
2014-03-07,22.986817362770143,22.986817362770143,22.741843460886127,22.81183624267578,672000.0
2014-03-10,22.820584060035884,22.86433059197381,22.668933866009905,22.773923873901367,150300.0
2014-03-11,22.820587486279194,22.881832640187532,22.584362853386285,22.648523330688477,178500.0
2014-03-12,22.546451563079902,22.838087381922122,22.502705022121635,22.82933807373047,145800.0
2014-03-13,22.89641690987963,22.931412475969488,22.342306818583545,22.458961486816406,778200.0
2014-03-14,22.432708089203295,22.5231164780076,22.32771974778103,22.33063507080078,178500.0
2014-03-17,22.476458342971288,22.68643672933639,22.476458342971288,22.607694625854492,150300.0
2014-03-18,22.695180778641394,22.94307166317729,22.610604710232202,22.934322357177734,538200.0
2014-03-19,22.940152343988228,23.06847326061573,22.779752866963175,22.91390609741211,785100.0
2014-03-20,22.858501124925745,23.348450662349613,22.817671579617144,23.33678436279297,533700.0
2014-03-21,23.409695021144298,23.435942944558242,23.080144991795155,23.132640838623047,396000.0
2014-03-24,23.246381166045026,23.263879783659245,22.852672282285194,23.039318084716797,727800.0
2014-03-25,23.147215044906563,23.340205367155082,23.091656895298335,23.211544036865234,309300.0
2014-03-26,23.46009463007876,23.480562717931225,22.948375701904297,22.948375701904297,384300.0
2014-03-27,22.954232731139346,23.027334264139036,22.71737974857193,22.778785705566406,543600.0
2014-03-28,22.848958875218916,23.109202949363407,22.834338572014076,22.92790985107422,214200.0
2014-03-31,23.120896041737005,23.375293956715947,23.07995819620683,23.30219078063965,696300.0
2014-04-01,23.41039057370724,23.673561096191406,23.404542786057387,23.673561096191406,621000.0
2014-04-02,23.717418767317426,23.720343497335435,23.515655898924077,23.63846778869629,542700.0
2014-04-03,23.67648415342296,23.889944297916546,23.57706507062854,23.673561096191406,354600.0
2014-04-04,23.860698302099,23.860698302099,22.9717695256336,23.003934860229492,977700.0
2014-04-07,22.945453200452377,23.135518801354703,22.667662440385392,22.796323776245117,797100.0
2014-04-08,22.831413043313397,23.10920214085948,22.828488313500173,23.09458351135254,181200.0
2014-04-09,23.199846206825292,23.34897561006135,23.08580686232058,23.337278366088867,174000.0
2014-04-10,23.37236908226925,23.37236908226925,22.59163198539599,22.615026473999023,1304400.0
2014-04-11,22.360632366760395,22.673511535367002,22.202730417522215,22.261213302612305,1170000.0
2014-04-14,22.442505881323054,22.559471648810096,22.22904745496585,22.43958282470703,1281000.0
2014-04-15,22.480520207536554,22.65304245218312,22.19395692758186,22.58578872680664,477900.0
2014-04-16,22.647196007417495,22.661814637431704,22.223198848666105,22.547775268554688,590700.0
2014-04-17,22.68812889962114,23.065338691012126,22.661811353761465,22.97176742553711,354600.0
2014-04-21,23.129677432512707,23.185235599940825,22.8898997260994,23.179386138916016,447300.0
2014-04-22,23.23201997795791,23.448403174806906,23.182309601087542,23.38699722290039,621000.0
2014-04-23,23.413315111909874,23.468871603907466,23.30804656914308,23.36652946472168,602100.0
2014-04-24,23.547816601905655,23.562438576970383,23.199849066914627,23.49810791015625,247800.0
2014-04-25,23.261259697857398,23.261259697857398,22.685211656315005,22.72907257080078,261900.0
2014-04-28,22.857731243004142,22.90743993893977,22.275833809394772,22.60040855407715,882900.0
2014-04-29,22.70860261899298,22.808021687597623,22.603334090386625,22.755388259887695,215100.0
2014-04-30,22.69106236500616,22.875281910574667,22.661820078397497,22.86943244934082,155700.0
2014-05-01,22.84310941234205,23.08581010874317,22.74953646696186,22.796323776245117,85500.0
2014-05-02,22.799244843939288,22.971767071145578,22.761231727074776,22.875272750854492,66300.0
2014-05-05,22.737840479142754,22.957148353488968,22.673509812388122,22.895742416381836,258900.0
2014-05-06,22.898666181704566,23.01270721687923,22.784626819716255,22.808019638061523,222600.0
2014-05-07,22.910362805263674,22.910362805263674,22.632572049216442,22.816791534423828,105600.0
2014-05-08,22.816793255936062,23.290497432006877,22.734919224367008,22.974695205688477,139200.0
2014-05-09,22.989317661529718,22.989317661529718,22.746616927601437,22.901594161987305,199800.0
2014-05-12,23.030248266223573,23.346052118808384,23.024402153706454,23.319734573364258,169500.0
2014-05-13,23.41038699077453,23.41038699077453,23.132597878274407,23.135520935058594,322200.0
2014-05-14,23.13844859623345,23.14137165338793,22.933760975205157,22.942533493041992,103200.0
2014-05-15,22.916216070743975,22.951306142292232,22.509765556701332,22.67351531982422,708900.0
2014-05-16,22.76708203443282,22.939604280747453,22.711523881112317,22.924983978271484,204300.0
2014-05-19,22.90743853603519,23.211545172377107,22.90743853603519,23.155988693237305,384600.0
2014-05-20,23.147214156337935,23.232012905689082,22.922056836973972,23.044870376586914,238200.0
2014-05-21,23.132595875057156,23.2173946318119,23.047795445116076,23.155988693237305,137100.0
2014-05-22,23.20862184229385,23.354826535899925,23.19692459674848,23.261255264282227,264300.0
2014-05-23,23.284644509913225,23.495179838753224,23.232011095999738,23.483484268188477,233700.0
2014-05-27,23.64139531412954,23.772979736328125,23.582912419159776,23.772979736328125,579900.0
2014-05-28,23.810993959624252,23.8636273962857,23.685257319187002,23.808069229125977,255000.0
2014-05-29,23.881169319360822,23.93087969222972,23.808066125115953,23.8519287109375,150900.0
2014-05-30,23.89286179572682,23.91625293924549,23.790518013494584,23.88116455078125,219600.0
2014-06-02,24.036143443961638,24.080006024111764,23.83145753827765,24.01275062561035,379500.0
2014-06-03,24.024448978120503,24.255452442536274,23.960118306394342,24.23790740966797,336900.0
2014-06-04,24.202814186804364,24.381184190203182,24.161876342677363,24.346094131469727,636600.0
2014-06-05,24.38411222566209,24.52154440356793,24.267148136001914,24.465986251831055,260700.0
2014-06-06,24.556634765785788,24.632661006693166,24.527392488125276,24.609268188476562,332700.0
2014-06-09,24.688216150402713,24.77593962632088,24.603417403850067,24.632658004760742,235200.0
2014-06-10,24.653133479966343,24.720388890042514,24.547866615862148,24.705768585205078,199200.0
2014-06-11,24.696990889976792,24.92799600826365,24.691143103905127,24.834423065185547,344100.0
2014-06-12,24.816879648136066,24.9192234334859,24.661900768707156,24.749624252319336,867300.0
2014-06-13,24.974785515850176,25.06250901914995,24.86074613279113,24.99233055114746,391500.0
2014-06-16,24.966005833059654,25.188238421214347,24.960158047367734,25.14145278930664,761100.0
2014-06-17,25.097591776811484,25.36076053684207,25.097591776811484,25.325672149658203,330600.0
2014-06-18,25.360766320427093,25.360766320427093,25.036191553915042,25.220409393310547,698100.0
2014-06-19,25.28474713185576,25.28474713185576,25.09467977918833,25.25550651550293,905100.0
2014-06-20,25.31105984987456,25.33152961730957,25.214565493348115,25.33152961730957,685800.0
2014-06-23,25.363687886022568,25.363687886022568,25.20871067414875,25.237951278686523,1428600.0
2014-06-24,25.303056301043764,25.408620842473074,24.98343307826048,25.033283233642578,1128000.0
2014-06-25,24.986356132215626,25.165227680813352,24.88079163261405,25.138837814331055,435300.0
2014-06-26,25.156437679038657,25.156437679038657,24.842678721693645,25.027416229248047,247800.0
2014-06-27,24.968768288441137,25.074331137713507,24.93651250730479,25.05967140197754,476700.0
2014-06-30,25.1212475362578,25.355833486971946,25.083125851112065,25.33530616760254,297000.0
2014-07-01,25.432069056399115,25.78101664577837,25.414474693697972,25.681316375732422,306900.0
2014-07-02,25.76342926637794,25.786887863707765,25.669594877058632,25.748767852783203,445800.0
2014-07-03,25.8337998951219,25.954024133726747,25.8337998951219,25.9100399017334,316800.0
2014-07-07,25.927641312261134,25.927641312261134,25.698919552374093,25.73703956604004,468000.0
2014-07-08,25.704779299400187,25.73410212358411,25.35583332909475,25.59921646118164,525900.0
2014-07-09,25.581619895351963,25.7692886386142,25.47898834164406,25.754627227783203,382800.0
2014-07-10,25.382217794740587,25.731165368631174,25.297180615980636,25.637331008911133,471000.0
2014-07-11,25.640269135843987,25.690117600822553,25.53177166736948,25.634403228759766,347700.0
2014-07-14,25.77808287227301,25.85139159593409,25.68424851137438,25.760488510131836,937500.0
2014-07-15,25.77222192930679,25.84846193778236,25.446732899768726,25.68425178527832,434700.0
2014-07-16,25.883654268562605,25.99801598249509,25.833805796494467,25.983354568481445,308100.0
2014-07-17,25.71357869600829,25.72237587959906,25.273729583817012,25.31184959411621,1110900.0
2014-07-18,25.41154693199302,25.666658514869024,25.379291155211398,25.643199920654297,605400.0
2014-07-21,25.587480610367543,25.77221805282951,25.549360611863502,25.719436645507812,355500.0
2014-07-22,25.82206987138351,25.930567330972664,25.769288457185343,25.886581420898438,342300.0
2014-07-23,25.760493006404968,25.760493006404968,25.279592661807808,25.294252395629883,797400.0
2014-07-24,25.28252723815879,25.285460192040723,25.047941264341034,25.05967140197754,921600.0
2014-07-25,24.874935589752486,24.907191373081375,24.508395190483583,24.56410789489746,2210100.0
2014-07-28,24.572897787883576,24.58462792283681,24.24447749966496,24.5406436920166,1801800.0
2014-07-29,24.619819111357803,24.734179129658862,24.49372727903968,24.496660232543945,577800.0
2014-07-30,24.70778699585136,24.810418553483505,24.587562751283894,24.73417854309082,1718400.0
2014-07-31,24.455601882632113,24.531843555919266,24.127181633964952,24.232746124267578,2455800.0
2014-08-01,24.194625536896776,24.443874526410923,24.103724128904005,24.311920166015625,587400.0
2014-08-04,24.376438945425882,24.487867709315644,24.182905924595634,24.417491912841797,720600.0
2014-08-05,24.338318074518455,24.429219506284927,24.0744076068159,24.15944480895996,1244100.0
2014-08-06,24.068544438917474,24.41162621638471,24.030424427853475,24.238618850708008,859800.0
2014-08-07,24.38815599204,24.402817398698616,23.857405688280195,23.913118362426758,879000.0
2014-08-08,24.004022676447452,24.221014190862373,23.96883563422176,24.209285736083984,652500.0
2014-08-11,24.320722499103322,24.56410395630429,24.311925316161307,24.429218292236328,1435200.0
2014-08-12,24.41162109375,24.46147123200668,24.20342503669294,24.41162109375,196800.0
2014-08-13,24.449741336757285,24.643274307250977,24.449741336757285,24.643274307250977,407400.0
2014-08-14,24.643274312921427,24.72831317971714,24.59929008076439,24.69019317626953,469200.0
2014-08-15,24.883734748845995,25.036214815347158,24.663810156253454,24.9511775970459,622500.0
2014-08-18,25.039142117472252,25.053803529949978,24.866134765609342,25.04793930053711,488400.0
2014-08-19,25.112452331896858,25.264932372928914,25.086060781153062,25.2268123626709,712200.0
2014-08-20,25.191615054428286,25.46725387553475,25.191615054428286,25.437931060791016,262800.0
2014-08-21,25.426204621054623,25.549361803178044,25.3792874394942,25.534700393676758,409500.0
2014-08-22,25.52003991158313,25.65786018610704,25.446731183521862,25.552295684814453,467400.0
2014-08-25,25.71064814610284,25.71064814610284,25.4144818831543,25.46139907836914,247800.0
2014-08-26,25.48779117867893,25.558166973016494,25.437942706371874,25.464332580566406,153000.0
2014-08-27,25.476056997009938,25.53177136842037,25.358765702955584,25.511245727539062,356700.0
2014-08-28,25.37929083595238,25.60801254614149,25.344102106127444,25.59334945678711,207600.0
2014-08-29,25.7370379735231,25.863128145173025,25.684256548473975,25.786888122558594,240900.0
2014-09-02,25.82500488325835,25.877787979554892,25.555230206268394,25.669591903686523,214200.0
2014-09-03,25.769292079116976,25.845532096773468,25.684254878209174,25.73996925354004,238200.0
2014-09-04,25.80740443370114,25.998006099202772,25.745825847096775,25.813268661499023,270600.0
2014-09-05,25.830870172923007,26.03026907426159,25.786885935427826,26.02733612060547,445200.0
2014-09-08,25.998015889098458,26.235534822205317,25.992151659092325,26.09185028076172,474300.0
2014-09-09,26.097712644277973,26.11823828545746,25.816207829628635,25.851396560668945,190500.0
2014-09-10,25.824999784769897,25.886578373734363,25.684248244882344,25.842594146728516,162300.0
2014-09-11,25.760491163908753,25.9100399017334,25.654928335968354,25.9100399017334,250800.0
2014-09-12,25.877794053229234,25.877794053229234,25.534710558342123,25.587491989135742,624600.0
2014-09-15,25.640269430987175,25.649066613823724,25.261998958470826,25.273727416992188,652500.0
2014-09-16,25.232677092526988,25.74876791287893,25.220948632780317,25.713579177856445,1664400.0
2014-09-17,25.76050081962525,26.042004036835692,25.737042218191046,25.8983211517334,444000.0
2014-09-18,26.006804971510977,26.294172286987305,25.983346380902894,26.294172286987305,355500.0
2014-09-19,26.417334650168904,26.423198879126087,25.918838275207086,25.965755462646484,339000.0
2014-09-22,25.871921138841522,25.93349973774092,25.602146471586945,25.651996612548828,315600.0
2014-09-23,25.531771199516083,25.766358819745953,25.470192599388508,25.56989288330078,632700.0
2014-09-24,25.61693755375686,25.89921757927677,25.61693755375686,25.890396118164062,329100.0
2014-09-25,25.837474862627353,25.855116106310742,25.3376026094462,25.416994094848633,507900.0
2014-09-26,25.613996512936932,25.778659861202254,25.528724632186172,25.71691131591797,828300.0
2014-09-29,25.458160304433733,25.831592707315483,25.40817257447168,25.7492618560791,325800.0
2014-09-30,25.787483313500406,25.787483313500406,25.44345303353242,25.537548065185547,370800.0
2014-10-01,25.487554552550893,25.487554552550893,24.849483542757888,24.914173126220703,1676700.0
2014-10-02,24.908300283657077,24.908300283657077,24.31727575812612,24.76127815246582,584400.0
2014-10-03,24.970047068424066,25.084722707403312,24.78479973466152,24.9171199798584,489600.0
2014-10-06,24.96122357154296,25.005329194664878,24.537803532494504,24.699525833129883,429900.0
2014-10-07,24.617193160054743,24.670120240349206,24.22905731201172,24.22905731201172,1260600.0
2014-10-08,24.28197865962875,24.828897301955926,24.02910246094726,24.775968551635742,439200.0
2014-10-09,24.725994311736862,24.728933677585484,24.090862465449362,24.105566024780273,1307100.0
2014-10-10,23.435146229696976,23.44102664296744,22.241334844665367,22.444223403930664,3951300.0
2014-10-13,22.4559802230049,22.735319131571234,21.953168841568495,21.967870712280273,4425000.0
2014-10-14,22.36189446616355,22.788253908543467,22.179588179151885,22.36483383178711,3031200.0
2014-10-15,21.935529696800135,22.641231390000954,21.806150520248163,22.470685958862305,1984800.0
2014-10-16,22.161943437382686,22.97349935918815,22.156063024096117,22.817657470703125,990300.0
2014-10-17,23.226377614949246,23.3763391029103,22.949977976697078,22.98526382446289,1563000.0
2014-10-20,22.99407567771132,23.373389970077998,22.83235174723508,23.349864959716797,591900.0
2014-10-21,23.626281527503636,24.223186612394258,23.60863859826491,24.21142578125,1086600.0
2014-10-22,24.39665967950259,24.429002788521604,23.852682000677998,23.864442825317383,2008500.0
2014-10-23,24.179069459183744,24.337852381684577,24.10556009322709,24.208473205566406,709500.0
2014-10-24,24.214361105189425,24.51134305289437,24.196718180122097,24.449594497680664,624900.0
2014-10-27,24.431949550174664,24.60249332498298,24.246703899867885,24.564268112182617,1352400.0
2014-10-28,24.693641678976675,24.922992903491618,24.611309175929197,24.914173126220703,1290900.0
2014-10-29,24.87301243319805,25.02885433180606,24.67894532196183,24.96416473388672,1864200.0
2014-10-30,24.846555664813252,24.873018373902976,24.35256378319063,24.66130828857422,1145100.0
2014-10-31,25.346423900689906,25.749261739531782,25.346423900689906,25.625762939453125,2241300.0
2014-11-03,25.663980606914265,25.940381880878704,25.62575539998943,25.802181243896484,1669500.0
2014-11-04,25.70514496635443,25.86098851274192,25.516958310739334,25.708086013793945,539700.0
2014-11-05,25.90216638608258,25.999200811170134,25.678695459017387,25.966856002807617,762900.0
2014-11-06,25.813949614580775,25.90510361083385,25.581657257479197,25.743379592895508,978000.0
2014-11-07,25.713970253525257,25.796302768872284,25.30525208971075,25.51108169555664,445200.0
2014-11-10,25.581657359830988,25.74044032988864,25.472862119612834,25.69927406311035,326100.0
2014-11-11,25.740434749779737,25.740434749779737,25.540485556289543,25.649282455444336,533700.0
2014-11-12,25.549306829080415,25.63163934418165,25.47285640971617,25.611055374145508,254700.0
2014-11-13,25.693389886490074,25.869815756837447,25.522844429815137,25.613998413085938,186600.0
2014-11-14,25.569894724277727,25.855114158003452,25.431694056111933,25.837472915649414,277500.0
2014-11-17,25.71691330675179,25.7933637323057,25.511083684855745,25.7198543548584,864900.0
2014-11-18,25.763959870351904,26.29323579830168,25.763959870351904,26.222665786743164,456900.0
2014-11-19,26.266777035725777,26.266777035725777,25.92274836604995,26.043304443359375,725700.0
2014-11-20,25.925682055645236,26.31087859302015,25.813945783927462,26.28147315979004,651300.0
2014-11-21,26.56081774291921,26.649029008009226,26.360868507166693,26.569639205932617,1091700.0
2014-11-24,26.62256232577315,26.840152772536275,26.581396065365542,26.825450897216797,533100.0
2014-11-25,26.904842537455412,26.913663999206374,26.77252397623458,26.83133316040039,610500.0
2014-11-26,26.843089959725994,27.40471060176891,26.843089959725994,27.398828506469727,552300.0
2014-11-28,27.45469679309552,27.551731175835336,27.307676377674035,27.47528076171875,333900.0
2014-12-01,27.354728577440028,27.498807974333562,27.028341203820215,27.128314971923828,930300.0
2014-12-02,27.0665722028136,27.30768773612019,26.954837582830084,27.298866271972656,538800.0
2014-12-03,27.431177079533406,27.898704451455853,27.419414569836135,27.87224006652832,1059600.0
2014-12-04,27.954568757907253,28.075126473813086,27.739917707398295,27.89575958251953,741000.0
2014-12-05,27.98397071455533,28.180978831595667,27.93104363785654,28.175098419189453,362100.0
2014-12-08,28.125110590068736,28.236845155406268,27.607597285009955,27.778141021728516,1208400.0
2014-12-09,27.384134330463247,27.834018843577812,27.307683895300357,27.775211334228516,645900.0
2014-12-10,27.63112647969826,27.778146915562786,27.195943903212253,27.24593162536621,667500.0
2014-12-11,27.36648752882107,27.704637389776487,27.3135604413982,27.375308990478516,1842900.0
2014-12-12,27.13419538515994,27.313560619975885,26.89602096641715,26.9224853515625,1188600.0
2014-12-15,27.051864643920467,27.319441131805753,26.584337266469575,26.672550201416016,1096800.0
2014-12-16,26.557870962872745,27.054802055236998,26.452016794600617,26.49024200439453,855900.0
2014-12-17,26.53729243575375,27.128316991148196,26.354987810501882,27.060688018798828,812100.0
2014-12-18,27.507625706988442,27.57525634765625,27.319439024298298,27.57525634765625,627600.0
2014-12-19,27.728158961936273,27.728158961936273,27.378249957344924,27.578197479248047,577500.0
2014-12-22,27.6428853503819,27.94868871024655,27.607601188581427,27.916345596313477,377700.0
2014-12-23,28.036897839534127,28.145694723104313,27.845771817092313,27.85459327697754,982500.0
2014-12-24,27.95271170196255,28.014960313120152,27.887499921222048,27.896392822265625,203400.0
2014-12-26,27.9675345713946,28.050532154925374,27.899356228198744,27.931962966918945,201000.0
2014-12-29,27.917140276933146,27.923068311924258,27.757071459141684,27.851926803588867,204600.0
2014-12-30,27.66221916291302,27.807467061158516,27.66221916291302,27.677040100097656,362700.0
2014-12-31,27.718540291937703,27.917143907218406,27.516971810702227,27.534757614135742,290100.0
2015-01-02,27.656291448516644,27.813395419875715,27.253156185510193,27.511043548583984,663000.0
2015-01-05,27.395440831136426,27.44583168188441,26.98341094609986,26.9923038482666,619500.0
2015-01-06,27.01009256267454,27.036771272049133,26.313498213989316,26.390567779541016,1123800.0
2015-01-07,26.541744279407368,26.769989810421542,26.384640278689087,26.65142059326172,721200.0
2015-01-08,26.921157375466052,27.48732627086346,26.921157375466052,27.44286346435547,633000.0
2015-01-09,27.552552302041466,27.567373244299297,27.128666229645397,27.45769691467285,420900.0
2015-01-12,27.33911483416413,27.33911483416413,26.799624647967594,26.930049896240234,572400.0
2015-01-13,27.12570070142037,27.457696245264714,26.529889677981366,26.66624641418457,520800.0
2015-01-14,26.408345409146413,26.778873878502946,26.242348559890438,26.515058517456055,1241700.0
2015-01-15,26.72256175674146,26.867809681823903,26.28385650734609,26.30460548400879,663000.0
2015-01-16,26.21271677469583,26.627708209429052,26.100075588182598,26.592138290405273,876900.0
2015-01-20,26.72848920800335,26.965627618824975,26.523957540688162,26.867807388305664,395400.0
2015-01-21,26.817418577394825,27.291695435139225,26.70181253322723,27.173126220703125,433500.0
2015-01-22,27.1494128723583,27.35987259576059,26.645492429714796,27.336158752441406,1371300.0
2015-01-23,27.214618292439518,27.389508057956753,27.13162070834433,27.265010833740234,564600.0
2015-01-26,27.205730701476448,27.377657330923448,27.004163889225204,27.31540870666504,353700.0
2015-01-27,26.965628237263527,27.081232579134987,26.66327633249479,26.829273223876953,1060800.0
2015-01-28,27.199795677022514,27.41618506930503,26.684019313485095,26.701805114746094,945900.0
2015-01-29,26.61287802843087,26.802588720417557,26.221600574282025,26.71959114074707,658200.0
2015-01-30,26.417242766579857,26.76998549470758,26.156390530881453,26.19492530822754,1456200.0
2015-02-02,26.242350698617383,26.346098949876165,25.71471823737474,26.263099670410156,927300.0
2015-02-03,26.375738833172342,26.74033926987551,26.337204062093996,26.728483200073242,631200.0
2015-02-04,26.65734829612522,27.018983956885144,26.648455393496995,26.829273223876953,1008000.0
2015-02-05,26.938950082111464,27.10198380672784,26.793702163116475,27.090126037597656,699000.0
2015-02-06,27.12865946600379,27.353941802911542,26.8737352519706,26.941913604736328,1006200.0
2015-02-09,26.90337440875623,26.90337440875623,26.589166472243374,26.657344818115234,1523400.0
2015-02-10,26.98638213935484,27.567372213333776,26.912275734689,27.55847930908203,1259100.0
2015-02-11,27.561433640934887,27.74521630087731,27.46954146288997,27.647396087646484,965700.0
2015-02-12,27.730396905556308,28.09796226834568,27.730396905556308,28.089069366455078,935400.0
2015-02-13,28.21653052624048,28.370671326961023,28.044605618479043,28.28767204284668,737100.0
2015-02-17,28.27580926884337,28.409199368842085,28.18984683533963,28.3765926361084,2393400.0
2015-02-18,28.34399581435276,28.385495461083732,28.189856692420214,28.30249786376953,458700.0
2015-02-19,28.260996990077434,28.46256548248545,28.219497345148184,28.379566192626953,651600.0
2015-02-20,28.302493366470628,28.5692736173608,28.234315022785992,28.54852294921875,1902900.0
2015-02-23,28.515922267760345,28.515922267760345,28.26989263274937,28.370676040649414,673200.0
2015-02-24,28.370666590680422,28.761945714767048,28.177991045982434,28.750089645385742,842400.0
2015-02-25,28.687837956831025,28.7560162930218,28.515913075923237,28.601877212524414,387900.0
2015-02-26,28.738237836199232,28.859773604677695,28.646347337509848,28.797521591186523,295500.0
2015-02-27,28.791593717542447,28.853842335422648,28.622633667909795,28.711559295654297,350100.0
2015-03-02,28.954640353996474,29.514878165033124,28.951675486622293,29.500057220458984,865800.0
2015-03-03,29.396296120135368,29.396296120135368,28.916089611096346,28.954626083374023,1192200.0
2015-03-04,28.87459206512642,28.924984609458615,28.59002599485714,28.91609001159668,569700.0
2015-03-05,29.016877236291805,29.099873135341934,28.81234557024794,28.93387794494629,733500.0
2015-03-06,28.839018791264508,28.88644646690122,28.55445273744422,28.63448715209961,642600.0
2015-03-09,28.61076471153006,28.791584165374477,28.581122845449492,28.723405838012695,519900.0
2015-03-10,28.53666728125118,28.60484562589827,28.18688774515001,28.19281578063965,1150500.0
2015-03-11,28.33509842516153,28.545558099444428,28.246171109432463,28.255064010620117,356100.0
2015-03-12,27.958640831745402,28.255062944797512,27.93789186052187,28.246170043945312,1173300.0
2015-03-13,28.314354215263506,28.486279144080438,28.130571517486224,28.435888290405273,539100.0
2015-03-16,28.59003310225815,28.874599243269763,28.551496619866665,28.868669509887695,657600.0
2015-03-17,28.6581974029541,28.7085899410486,28.498128584204373,28.6581974029541,439800.0
2015-03-18,28.649310348515716,29.01094597973386,28.28470985128111,28.871627807617188,466500.0
2015-03-19,28.841992307046084,29.00798752541072,28.800490958232952,28.936847686767578,283200.0
2015-03-20,29.147305270375828,29.437797712215055,29.108768793324998,29.34590721130371,462300.0
2015-03-23,29.35479594474337,29.387402686486833,29.09098053706052,29.10283660888672,401100.0
2015-03-24,29.12358499283833,29.12358499283833,28.836054071776708,28.853839874267578,580200.0
2015-03-25,28.83273940591074,28.865433138388145,27.480415474675915,27.51310920715332,1159200.0
2015-03-26,26.87409488083662,27.310999346904406,26.53527159922145,27.135643005371094,1420500.0
2015-03-27,27.147537321076058,28.00945870845789,27.08512262900698,27.905433654785156,1165500.0
2015-03-30,28.08672672498111,28.336387130334106,27.923259796948432,28.262083053588867,1275300.0
2015-03-31,28.140231516803485,28.19670235654972,27.89948937971696,27.94407081604004,408900.0
2015-04-01,27.866793047163927,27.884626301387403,27.545802974504994,27.76276969909668,625500.0
2015-04-02,27.87571211678705,27.95298899163565,27.676580329643343,27.70035743713379,643800.0
2015-04-06,27.438801986304423,27.884623086454408,27.290195519811938,27.822208404541016,1060800.0
2015-04-07,27.828155171472673,28.07187177484236,27.780602661830233,27.8341007232666,1043700.0
2015-04-08,27.77763600653792,28.089709517573844,27.762775525124127,27.997573852539062,876300.0
2015-04-09,27.860844215797638,28.398800884049624,27.860844215797638,28.363134384155273,597600.0
2015-04-10,28.383945283138836,28.479055404663086,28.342336624520826,28.479055404663086,264900.0
2015-04-13,28.517692886790222,28.6217162336386,28.271005208498394,28.309642791748047,436500.0
2015-04-14,28.31261040084988,28.31261040084988,27.93514954089784,28.02134132385254,664200.0
2015-04-15,28.235336946329873,28.571185751582473,28.199670442664907,28.48796844482422,444300.0
2015-04-16,28.21452681613607,28.40771638132603,28.21452681613607,28.366106033325195,523200.0
2015-04-17,28.137262818533756,28.137262818533756,27.82815871149144,27.96190643310547,497700.0
2015-04-20,28.104564282488226,28.312612668047713,28.09861873095335,28.19967269897461,398100.0
2015-04-21,28.514726370277398,28.59200155373969,28.294788524727924,28.392868041992188,454500.0
2015-04-22,28.568210398198623,28.800035820810876,28.34529989896426,28.794090270996094,450900.0
2015-04-23,28.282886780857297,28.446355406106637,28.128336481355017,28.34827423095703,588900.0
2015-04-24,28.294787958029794,28.312619514928745,27.706304063538244,27.88166046142578,630600.0
2015-04-27,27.920288221706286,28.24425101705672,27.884621719120396,27.95298194885254,595200.0
2015-04-28,27.96784099892283,28.039172299785744,27.59037846893637,27.97972869873047,1202700.0
2015-04-29,27.768711128059575,27.90840097238885,27.53688394539449,27.82518196105957,784500.0
2015-04-30,27.774658992826915,27.878684047527056,27.412058539762075,27.584442138671875,2324100.0
2015-05-01,27.840041146543257,28.416637151124807,27.83112452062295,28.35124969482422,1523700.0
2015-05-04,28.41663711035859,28.47607901551203,28.22047474173824,28.29477882385254,662400.0
2015-05-05,28.092675671890714,28.164006986265992,27.652798382906816,27.679548263549805,748200.0
2015-05-06,27.783577011268182,27.911379179135356,27.444753648011556,27.64685821533203,1397400.0
2015-05-07,27.75385531146014,27.991626384716618,27.75385531146014,27.950016021728516,928500.0
2015-05-08,28.178869830390802,28.34828235401012,28.152121648174422,28.22939682006836,657000.0
2015-05-11,28.229393461949833,28.3512517574964,28.131312270363132,28.24722671508789,495000.0
2015-05-12,28.125372757319806,28.161037568423886,27.863824573422633,27.991626739501953,996000.0
2015-05-13,28.140230081928514,28.366113429395632,28.08673202093414,28.16400718688965,393900.0
2015-05-14,28.360170903129987,28.603887515871016,28.256145851481552,28.499860763549805,876300.0
2015-05-15,28.553360331644804,28.65441090591529,28.42555647412935,28.547414779663086,379200.0
2015-05-18,28.586047979478398,28.841652238750942,28.50579835086357,28.826791763305664,625500.0
2015-05-19,28.898128975778537,29.03781884229076,28.621718617549316,28.7227725982666,457200.0
2015-05-20,28.758442396640874,28.99026794194756,28.657388404372117,28.78519058227539,858600.0
2015-05-21,28.761407756827385,28.97539998941657,28.636578387592824,28.930818557739258,460200.0
2015-05-22,28.89515456218374,29.09131696022017,28.89515456218374,28.990262985229492,411000.0
2015-05-26,28.94568028627626,28.97242846616992,28.63657962554175,28.767351150512695,785400.0
2015-05-27,28.856523212300644,29.99485169172293,28.841662731449073,29.896770477294922,1316100.0
2015-05-28,29.92647933959961,30.06914193890326,29.72734761615989,29.92647933959961,1225800.0
2015-05-29,30.02159355005606,30.16128680250551,29.89973695248474,30.039426803588867,1813800.0
2015-06-01,30.140479317977135,30.256393759671383,29.896762733255812,30.05725860595703,1315800.0
2015-06-02,29.965121602913253,29.965121602913253,29.676823600321256,29.721405029296875,938700.0
2015-06-03,29.870024723709065,29.896772911150222,29.498505869482816,29.519311904907227,3604800.0
2015-06-04,29.394474611536147,29.495528583527946,29.16264911274634,29.251811981201172,1787400.0
2015-06-05,29.216144348054904,29.34097371962217,28.990261008387815,29.254783630371094,1308000.0
2015-06-08,29.281531110997314,29.281531110997314,28.6276599124091,28.70493507385254,1367700.0
2015-06-09,28.722767869263215,28.761407150042164,28.395832275175863,28.687101364135742,1645500.0
2015-06-10,28.820849739381202,29.14481426615227,28.805989262117457,29.043760299682617,1308900.0
2015-06-11,29.165614540573813,29.180475016638688,29.008091453479167,29.034839630126953,1614300.0
2015-06-12,28.912986207020484,28.912986207020484,28.734657073401312,28.773296356201172,657000.0
2015-06-15,28.47607731294731,28.737625421464166,28.339358558327216,28.713850021362305,828300.0
2015-06-16,28.660346012262046,28.865423263396348,28.591985794769183,28.794090270996094,679200.0
2015-06-17,28.826793234976613,28.93081656840418,28.710878799509917,28.817874908447266,727200.0
2015-06-18,28.89515511893338,29.361782316581202,28.89515511893338,29.225065231323242,796800.0
2015-06-19,29.296398499528244,29.379619232002128,28.984325004433668,29.07943344116211,1072500.0
2015-06-22,29.320178637524855,29.40042660654299,29.18048873629967,29.32612419128418,899700.0
2015-06-23,29.382583153131865,29.424191806155868,29.082397452761274,29.18047523498535,976500.0
2015-06-24,29.13727415607261,29.208789519318,28.866105058786662,28.87206268310547,742200.0
2015-06-25,28.949529454551733,29.044888924174604,28.779677539395767,28.8511962890625,973200.0
2015-06-26,28.591957229311532,28.591957229311532,28.01981894171564,28.133054733276367,1826700.0
2015-06-29,27.763542233474386,27.96021369738801,27.322519566560956,27.3433780670166,1572300.0
2015-06-30,27.593694943940523,27.653291647577454,27.31954533292677,27.441720962524414,4370400.0
2015-07-01,27.832086837289218,27.873805555397034,27.450662454821156,27.507280349731445,1442400.0
2015-07-02,27.560914635429885,27.721828455007497,27.519195922002115,27.635412216186523,1002300.0
2015-07-06,27.385103485056646,27.635414077379917,27.11393438716536,27.233129501342773,3059400.0
2015-07-07,27.245051779703655,27.248030592079015,26.324267966019907,27.14671516418457,2893200.0
2015-07-08,26.783165945296123,26.857663528471164,26.348104220001183,26.41366195678711,1993500.0
2015-07-09,26.89342678308749,26.956005720781928,26.068000688256962,26.076940536499023,3779700.0
2015-07-10,26.386852206051653,26.652062063639402,26.360034362037354,26.55968475341797,1492200.0
2015-07-13,26.792101008123037,26.836800232087835,26.592450726450778,26.783161163330078,1103700.0
2015-07-14,26.914280925030006,27.128832119127964,26.88150205723849,27.063274383544922,1011300.0
2015-07-15,27.12287122437581,27.12287122437581,26.78018509600173,26.902359008789062,1074900.0
2015-07-16,27.10201526482504,27.10201526482504,26.705690024998997,26.953020095825195,1657500.0
2015-07-17,26.93812107477258,26.93812107477258,26.684831673158993,26.89640235900879,1542000.0
2015-07-20,26.994742248803938,27.039441487236353,26.696753577960365,26.711652755737305,1096800.0
2015-07-21,26.723564919081742,26.95301525560708,26.678865694368316,26.717605590820312,678600.0
2015-07-22,26.017333575314222,26.124610013899314,25.764044210314808,26.05309295654297,3495300.0
2015-07-23,26.199106671667874,26.75336342051751,26.199106671667874,26.44047737121582,1139700.0
2015-07-24,26.517954818428787,26.571592185446896,25.883239439160096,25.910058975219727,2122800.0
2015-07-27,25.75213159428326,25.898144554949543,25.448183602942887,25.71935272216797,1569000.0
2015-07-28,25.850464407480477,26.41366107028156,25.6478318746979,26.255727767944336,2151900.0
2015-07-29,26.234868383327424,26.33916431750979,26.002437493009616,26.28850746154785,1403400.0
2015-07-30,26.151426772003067,26.479215402817047,26.07990971758031,26.392797470092773,3404700.0
2015-07-31,26.431541223530022,26.431541223530022,26.03819651425591,26.085874557495117,1690800.0
2015-08-03,26.059051659040108,26.109710212863497,25.859399665578838,26.00243377685547,1101900.0
2015-08-04,25.918997651946825,25.969654499862813,25.549492017812984,25.7133846282959,2780100.0
2015-08-05,25.862389249214438,26.219974652769253,25.850470588313463,26.0382022857666,1431300.0
2015-08-06,26.085869646415485,26.085869646415485,25.376658460477245,25.57332992553711,2950500.0
2015-08-07,25.469042110151914,25.746170559279356,25.445203085440934,25.71935272216797,946800.0
2015-08-10,25.94581793159204,26.401739836492162,25.913040770481384,26.35704231262207,1439100.0
2015-08-11,26.094813190615262,26.097792002490902,25.659749787457226,25.76404571533203,2166000.0
2015-08-12,25.451153486460804,26.0381907559856,25.24852270005605,25.913036346435547,2565600.0
2015-08-13,25.910057909720006,26.01435382775029,25.64782870884706,25.704444885253906,903300.0
2015-08-14,25.609088508755598,25.609088508755598,25.33791777906427,25.49287223815918,1231500.0
2015-08-17,25.385597062995192,25.758081474313123,25.25746043394395,25.710403442382812,794400.0
2015-08-18,25.671673510358563,25.67465232262409,25.18595148562612,25.22469139099121,1221600.0
2015-08-19,25.27832940472877,25.28428873451143,24.8343277915426,24.998220443725586,1461000.0
2015-08-20,24.72705155292774,24.738970212600538,24.05061902110284,24.059558868408203,2677500.0
2015-08-21,23.7496442796298,24.11616938143021,23.400997161865234,23.400997161865234,4139700.0
2015-08-24,22.04515793948781,23.892684824287457,21.711411609422466,22.876544952392578,5372700.0
2015-08-25,23.776467177015117,23.827125738668826,22.65007209777832,22.65007209777832,2749500.0
2015-08-26,23.356302613727024,23.809243997142776,22.909320559080914,23.77944564819336,3394800.0
2015-08-27,24.193647712318903,24.697247629619916,24.166828176450394,24.66446876525879,3912300.0
2015-08-28,24.57507566456145,24.858165123737482,24.57507566456145,24.807506561279297,2056200.0
2015-08-31,24.616795870276906,24.989280407956215,24.49462023259587,24.738969802856445,1644000.0
2015-09-01,23.99697948684487,24.482701519077235,23.749651104812152,23.86586570739746,2040000.0
2015-09-02,24.268147098567265,24.43501853942871,24.002937352177828,24.43501853942871,1447200.0
2015-09-03,24.619771186047753,24.950536935476215,24.545273612211087,24.625730514526367,952500.0
2015-09-04,24.28603153058534,24.494621724925047,24.104257469148294,24.199613571166992,998100.0
2015-09-08,24.73301168938053,25.281309231746228,24.73003117201984,25.272369384765625,2252400.0
2015-09-09,25.495859404816606,25.671672409699248,24.756847998821115,24.807506561279297,2599800.0
2015-09-10,24.795585030615744,25.144230482760506,24.563154160818833,24.91775894165039,1707600.0
2015-09-11,24.700235828011355,24.94756766311042,24.58998053604301,24.932666778564453,1901100.0
2015-09-14,25.0548327068134,25.120390434989105,24.917757922019053,24.989274978637695,1593000.0
2015-09-15,25.10549579362005,25.376666618909468,25.093577133773017,25.308128356933594,1239600.0
2015-09-16,25.248527226262254,25.391561349989473,25.099533773655047,25.36176300048828,1427100.0
2015-09-17,25.317069150517,25.56737977277637,25.10549673186054,25.159135818481445,1956300.0
2015-09-18,24.783667537982957,25.03993745730319,24.62573422633716,24.72109031677246,1840500.0
2015-09-21,24.879023993998892,24.95948090962362,24.527397979076447,24.64659309387207,2055600.0
2015-09-22,24.226431312306648,24.294967866121723,24.00591906396394,24.10425567626953,2840700.0
2015-09-23,24.12213402910545,24.241329141135587,23.895662463697498,23.925460815429688,1437900.0
2015-09-24,23.698989112711793,24.02677607158714,23.246046017108675,23.87778091430664,4153500.0
2015-09-25,24.203811243765436,24.36263419092409,23.778290917581508,24.009031295776367,1764900.0
2015-09-28,23.856214429662927,23.988065403220688,23.340792778792594,23.34379005432129,5704500.0
2015-09-29,23.40671404854178,23.721361037989762,23.247892773722402,23.499608993530273,1279800.0
2015-09-30,23.913140375644396,24.434554638597106,23.87717994352252,24.410581588745117,1386600.0
2015-10-01,24.39859965360813,24.39859965360813,23.700383777780164,24.11991310119629,2105100.0
2015-10-02,23.79926868591066,24.638327171004327,23.787281303275236,24.623342514038086,2045700.0
2015-10-05,24.863082943065955,25.222678820531357,24.785169216932154,25.102811813354492,2508300.0
2015-10-06,25.048863814599013,25.249638321348254,24.73421689243597,25.183712005615234,3105900.0
2015-10-07,25.39648259486685,25.675169180396896,25.090825676019048,25.516347885131836,1994100.0
2015-10-08,25.501360191206437,25.729105057660277,25.279609874166262,25.684154510498047,1840500.0
2015-10-09,25.7321027015162,25.765065867208577,25.37250686853781,25.52533531188965,1390800.0
2015-10-12,25.501362256357755,25.57927425816436,25.390487088858773,25.52533531188965,1982400.0
2015-10-13,25.345533939184325,25.486376697672622,25.18671267690672,25.21068572998047,1438200.0
2015-10-14,25.336540751934745,26.355397955825296,25.26761887572869,26.127653121948242,3415800.0
2015-10-15,26.31943600787925,26.57414943684268,26.148627392305883,26.373374938964844,2243400.0
2015-10-16,26.388366631396696,26.46628035178995,26.21755967386564,26.433317184448242,1426500.0
2015-10-19,26.349411402846577,26.60412492376667,26.22654884047962,26.424327850341797,1389000.0
2015-10-20,26.415333514843855,26.487252675649387,26.2505194143392,26.40035057067871,996900.0
2015-10-21,26.661058288394276,26.93974481891959,26.430316149823742,26.439306259155273,1579800.0
2015-10-22,26.870827459350807,27.40123203027463,26.819884066203855,27.35628318786621,2399100.0
2015-10-23,27.59900613977779,27.763820247295172,27.320317879446325,27.68890380859375,3199500.0
2015-10-26,27.56304494963149,27.56304494963149,27.056613541532368,27.191463470458984,3103200.0
2015-10-27,26.948734338324407,27.14351432061692,26.87981073985414,26.954727172851562,3168900.0
2015-10-28,27.146511746581865,27.425198272560372,27.032639316491036,27.35327911376953,3307800.0
2015-10-29,26.828871155707294,26.900790324273085,26.541194481444126,26.619108200073242,1950600.0
2015-10-30,26.720990153025525,26.92775752427277,26.673044046223612,26.831865310668945,1505400.0
2015-11-02,26.903780099200258,27.104554603144855,26.87681149018641,27.06859588623047,1122300.0
2015-11-03,26.981701050021524,27.320321129850573,26.981701050021524,27.20944595336914,1026300.0
2015-11-04,27.23341076661187,27.350278743410882,27.095565299193265,27.287349700927734,1472100.0
2015-11-05,27.16449150133382,27.203447497344662,26.676038627191815,26.714996337890625,2101800.0
2015-11-06,26.93674726064093,27.434188540494716,26.894795703786187,27.42220115661621,1913700.0
2015-11-09,27.353277659474873,27.353277659474873,27.014657661830114,27.155500411987305,1821900.0
2015-11-10,26.864826600915745,26.864826600915745,26.580147254629942,26.661056518554688,2517900.0
2015-11-11,26.723990630667547,26.963721193409615,26.65806429724142,26.682037353515625,1607400.0
2015-11-12,26.54119151471824,26.70301005457555,26.337421417236328,26.337421417236328,2419200.0
2015-11-13,26.32843382175081,26.427323319925435,25.99880387585693,26.100688934326172,1488300.0
2015-11-16,26.085708590988027,26.439311627953796,26.079715755112773,26.42133140563965,1824000.0
2015-11-17,26.45728442344456,26.80489452695745,26.42132398891072,26.598125457763672,2051700.0
2015-11-18,26.637085962557954,26.88880390285501,26.45429162855909,26.861833572387695,2264700.0
2015-11-19,26.924766540527344,27.170489950979352,26.780928195674218,26.924766540527344,1168200.0
2015-11-20,27.03863185509001,27.158495396140104,26.942737935811763,27.011661529541016,598200.0
2015-11-23,26.963717393871715,26.96971022842374,26.652067706222518,26.688026428222656,1169400.0
2015-11-24,26.631090915747947,27.05661304455024,26.517220197503764,27.002674102783203,1676700.0
2015-11-25,27.0236514787274,27.155504138270558,26.921766423881955,27.0416316986084,462300.0
2015-11-27,27.056609912311682,27.260381701057803,27.056609912311682,27.15849494934082,588600.0
2015-11-30,27.197452333355592,27.530079501246686,27.188463939215342,27.452167510986328,1134900.0
2015-12-01,27.62897251585223,27.880688736469935,27.566043460697806,27.87769317626953,1731600.0
2015-12-02,27.97957393741288,28.051493091507137,27.69189732103585,27.74583625793457,996900.0
2015-12-03,28.114426963271416,28.14439456863767,27.437188574630895,27.57802963256836,1847700.0
2015-12-04,27.548059677778664,28.129407473421896,27.503109133704847,28.05449104309082,1254900.0
2015-12-07,28.030519705613468,28.030519705613468,27.76681611810691,27.82674789428711,1502100.0
2015-12-08,27.455163400435598,27.67391641703003,27.329303597878315,27.590011596679688,1609200.0
2015-12-09,27.590014964375424,27.6199808528234,27.098566506263563,27.230419158935547,1364700.0
2015-12-10,27.20644085441271,27.587014104051864,27.1884623524935,27.362266540527344,1127400.0
2015-12-11,27.083579740762616,27.17947194201696,26.807888804812475,26.849842071533203,2222100.0
2015-12-14,26.837859194870614,26.939745961825096,26.406344216778542,26.676040649414062,2588100.0
2015-12-15,26.882807342919392,27.182471352735377,26.7929079685058,27.07758903503418,1524000.0
2015-12-16,27.24239891471132,27.335295549297495,26.85283730538876,27.281354904174805,1255200.0
2015-12-17,27.44017633231114,27.509099918898194,26.88280337955927,26.906776428222656,1064700.0
2015-12-18,26.741964397651085,26.825869217017136,26.5351953368354,26.59512710571289,1937700.0
2015-12-21,26.756949832041673,27.074594086972567,26.738971327364453,27.050621032714844,953100.0
2015-12-22,27.137520087213574,27.182470630570126,26.87980935426234,27.092571258544922,796500.0
2015-12-23,27.125529231633173,27.305327952666772,27.08357768278799,27.281354904174805,1291200.0
2015-12-24,27.255229214560547,27.492467082215082,27.23721251897695,27.390365600585938,506700.0
2015-12-28,27.261240554301637,27.28226089477539,27.011991519172128,27.28226089477539,342900.0
2015-12-29,27.450427136541723,27.726703780088016,27.369345985029888,27.60057830810547,596400.0
2015-12-30,27.59156962050097,27.648626791837923,27.330307745519608,27.351329803466797,1165800.0
2015-12-31,27.243220011424047,27.255231142662808,26.963941449320405,26.97895622253418,776700.0
2016-01-04,26.43541650783792,26.666648864746094,26.276259541888322,26.666648864746094,1023000.0
2016-01-05,26.717694810849398,26.77174833552632,26.3573333974551,26.414390563964844,1329000.0
2016-01-06,25.8468192359393,25.960933546781725,25.441413583822854,25.501474380493164,1541100.0
2016-01-07,25.008989173201908,25.3693489011064,24.7327125226431,24.786766052246094,2026800.0
2016-01-08,24.95794050493132,25.051034519553873,24.36635009678243,24.429412841796875,1465200.0
2016-01-11,24.58556815974549,24.735717625657607,24.18316429190583,24.51349449157715,1000800.0
2016-01-12,24.78376160918888,24.95192946511663,24.375353959078623,24.717695236206055,1073700.0
2016-01-13,24.723705393211908,24.912895340223944,23.924908358783608,23.9309139251709,1756200.0
2016-01-14,24.051030232867543,24.55253017667969,23.723701998116958,24.423402786254883,1294200.0
2016-01-15,23.45943881616165,23.630608593493584,23.008988777925033,23.321300506591797,1663800.0
2016-01-19,23.66965208191063,23.86785123813286,23.156139210481893,23.36034393310547,986100.0
2016-01-20,23.06604446477154,23.74772681274796,22.864843422688345,23.513492584228516,1718700.0
2016-01-21,23.747728768106054,24.15313280911857,23.534514859612756,23.86184310913086,1162200.0
2016-01-22,24.315292049193836,24.468445125834315,24.150127842553957,24.297273635864258,1642800.0
2016-01-25,24.243225459233777,24.294277068813035,23.91589889712127,23.9609432220459,1261500.0
2016-01-26,24.02700766740868,24.372352618951,23.95193208026271,24.183162689208984,1683300.0
2016-01-27,24.105082544776504,24.36334074927943,23.810789230845312,23.906885147094727,1650000.0
2016-01-28,24.005989722208614,24.13812077550089,23.657641093836464,23.85283660888672,525000.0
2016-01-29,24.051032400409735,24.93691782674904,24.051032400409735,24.933914184570312,1774500.0
2016-02-01,24.73871866637,25.174153992132805,24.675655927305044,25.045024871826172,1923600.0
2016-02-02,24.774753418133134,24.774753418133134,24.150129927642695,24.21919822692871,1210200.0
2016-02-03,24.537522290424544,24.537522290424544,23.78677146003516,24.276260375976562,1507800.0
2016-02-04,24.27626323172608,24.849835304638226,24.25524116813033,24.696683883666992,1115400.0
2016-02-05,24.58857242798763,24.58857242798763,23.750734857289814,23.849834442138672,2381400.0
2016-02-08,23.447421065899682,23.456430270980764,22.879854892433038,23.249223709106445,3249300.0
2016-02-09,22.966948401461813,23.525505535653767,22.91589679695787,23.117097854614258,859200.0
2016-02-10,23.303283341403812,23.507486315770873,22.912892370902785,22.93691635131836,2616000.0
2016-02-11,22.573561932564676,22.8888774206199,22.462449484108728,22.759746551513672,1256100.0
2016-02-12,23.01199642473416,23.28526947007536,22.69367905169842,23.258243560791016,1213500.0
2016-02-16,23.567552543433713,24.198183463053205,23.4924786613345,24.07505989074707,1281300.0
2016-02-17,24.23421515465655,24.696678107291017,24.198180040012605,24.648630142211914,1126200.0
2016-02-18,24.834817510327408,24.85583785158439,24.507489230532983,24.531513214111328,1015200.0
2016-02-19,24.573547741968103,24.78375796051319,24.468442632695556,24.63961410522461,545400.0
2016-02-22,24.88586608661838,25.156135458012226,24.88586608661838,25.027008056640625,1787400.0
2016-02-23,24.90389046287698,24.94893479611228,24.58557305068606,24.63361930847168,764100.0
2016-02-24,24.339315987788126,25.01499102157002,24.189166553057863,24.9609375,1031700.0
2016-02-25,25.042020783631795,25.2882661525863,24.765744150497966,25.26424217224121,1239000.0
2016-02-26,25.486461940465755,25.519495123904246,25.318292381749657,25.426401138305664,921300.0
2016-02-29,25.47445724677963,25.810793035208224,25.366350173950195,25.366350173950195,1171200.0
2016-03-01,25.552533215964882,26.08406449369422,25.540522083416054,26.05103302001953,1164900.0
2016-03-02,26.011992815324433,26.228208668441024,26.005987248987243,26.213193893432617,1033200.0
2016-03-03,26.22219713170214,26.30928383792107,26.051027360914414,26.24321746826172,869400.0
2016-03-04,26.42340222252195,26.732710345106593,26.228206725212846,26.513492584228516,1378500.0
2016-03-07,26.35133135794039,26.729709517967127,26.258239068633763,26.63361358642578,1113600.0
2016-03-08,26.423401219506054,26.441419634829543,25.993971485393057,26.03000831604004,1032900.0
2016-03-09,26.102083183705727,26.279260278134288,26.017998381661624,26.213193893432617,578700.0
2016-03-10,26.378362480306198,26.600583921874993,25.99097506054625,26.34532928466797,2480700.0
2016-03-11,26.6306050252679,26.873848451426625,26.576551503342788,26.846820831298828,656100.0
2016-03-14,26.744725126882763,26.870852329713895,26.66364396732377,26.783763885498047,752400.0
2016-03-15,26.693669105946153,26.717694803941427,26.498475345127037,26.714691162109375,2064300.0
2016-03-16,26.546534871000446,26.987975904470197,26.546534871000446,26.95494270324707,1463400.0
2016-03-17,26.873859121962575,27.21019495377843,26.8318167134028,27.14112663269043,940200.0
2016-03-18,27.177162427079917,27.53151494748928,27.111094314746815,27.49848175048828,1722300.0
2016-03-21,27.408384377515898,27.56754475473631,27.30027732248275,27.53451156616211,672000.0
2016-03-22,27.399385708187133,27.63361830893633,27.33331930977167,27.528514862060547,653100.0
2016-03-23,27.48814380622201,27.512240337032917,27.16283977851482,27.168865203857422,735600.0
2016-03-24,27.000190358235375,27.165855100673635,26.855611159481988,27.150794982910156,602400.0
2016-03-28,27.20802415666421,27.24115710477696,27.021275596174142,27.13573455810547,476100.0
2016-03-29,27.018260719683052,27.53031329444335,26.891754363215615,27.509227752685547,1197600.0
2016-03-30,27.653808420700194,27.92188298791303,27.638748303505754,27.750194549560547,688800.0
2016-03-31,27.71104329413065,27.735138106017278,27.587547903850794,27.59658432006836,536700.0
2016-04-01,27.358626828047306,27.798388118067013,27.32850659311225,27.786340713500977,453000.0
2016-04-04,27.76827246791993,27.789356291151606,27.485139455150687,27.539356231689453,653700.0
2016-04-05,27.373689243705133,27.572485223894606,27.265253975907168,27.385738372802734,541500.0
2016-04-06,27.35562540554652,27.671893173456702,27.129720103256485,27.647796630859375,5235600.0
2016-04-07,27.542360909350016,27.542360909350016,27.12368346590689,27.226093292236328,1107300.0
2016-04-08,27.533323210779347,27.60561280073254,27.25621397771866,27.35260009765625,1175400.0
2016-04-11,27.48212118991894,27.750194028579045,27.33754027582283,27.346576690673828,789300.0
2016-04-12,27.382719215351482,27.41283944572677,26.95801638357321,27.307416915893555,1233000.0
2016-04-13,27.494162418848198,27.942960006688523,27.479102305319,27.918865203857422,1008600.0
2016-04-14,27.6748949470359,27.747184546250026,27.42790419041429,27.705015182495117,725700.0
2016-04-15,27.644776255482807,27.683934634432045,27.436943848617794,27.467065811157227,1100100.0
2016-04-18,27.367665764972276,27.536341509078845,27.316459982048453,27.470075607299805,980100.0
2016-04-19,27.530315499011905,27.557424744791426,27.021275596174142,27.13573455810547,1293000.0
2016-04-20,27.06645105242457,27.51826139256071,27.063440063562656,27.39476776123047,1105500.0
2016-04-21,27.385736125302767,27.385736125302767,27.102601435226795,27.232120513916016,825300.0
2016-04-22,27.25320805721001,27.521282666416052,27.06043576929201,27.280317306518555,731400.0
2016-04-25,27.195973819872616,27.352602138215882,27.036334512256534,27.117660522460938,1796100.0
2016-04-26,27.322486006781553,27.72911439533804,27.319473293536483,27.47911262512207,1356300.0
2016-04-27,27.20802776626282,27.804417464373433,27.18091851688681,27.759235382080078,1516800.0
2016-04-28,27.611640045705304,27.762242937153832,26.9610319697263,27.033323287963867,1489500.0
2016-04-29,26.927904663317584,26.927904663317584,26.11765883492745,26.319467544555664,2604000.0
2016-05-02,26.38874376669905,26.554408528924892,26.18392407242736,26.51826286315918,1144200.0
2016-05-03,26.253200031543034,26.376695420481326,26.096571691340323,26.21705436706543,3286800.0
2016-05-04,26.027287090212713,26.211022900833598,25.828489441507163,25.918851852416992,2537100.0
2016-05-05,26.069464333060402,26.23211637720852,25.888739456558017,25.982112884521484,1178100.0
2016-05-06,25.87066901713263,26.036333789836476,25.659825606404585,26.018260955810547,1242000.0
2016-05-09,26.066450606926555,26.205006110391647,25.90982227180947,25.985124588012695,975000.0
2016-05-10,26.057414844283986,26.304405620332258,25.90078822876082,26.292356491088867,830100.0
2016-05-11,26.192955338543122,26.46404088440155,26.192955338543122,26.22909927368164,2676300.0
2016-05-12,26.289338055111635,26.337532838073805,25.55138204783969,25.759214401245117,1212000.0
2016-05-13,25.831508830953247,26.066450470640454,25.77729205980084,25.85259437561035,1603500.0
2016-05-16,25.867648749141942,26.445965442383258,25.777286334943064,26.268253326416016,712800.0
2016-05-17,26.229102770015313,26.3736819768815,26.018257662455436,26.09657096862793,624000.0
2016-05-18,25.98813129064185,26.732110970701516,25.98813129064185,26.50319480895996,2003400.0
2016-05-19,26.331509731087753,26.554403943271122,26.126690072186168,26.355607986450195,1394700.0
2016-05-20,26.674886850548607,27.180914023947654,26.67187413772031,27.153804779052734,1679400.0
2016-05-23,27.334532386004245,27.58754685996177,27.334532386004245,27.343568801879883,735900.0
2016-05-24,27.56947622694468,28.03634683545936,27.53634327393161,28.00321388244629,1587600.0
2016-05-25,28.17490589014778,28.244182794728626,27.952011607651993,28.168880462646484,1248600.0
2016-05-26,28.211037500628425,28.328509156246042,28.14176062634294,28.262243270874023,912300.0
2016-05-27,28.2381555861973,28.488157367340165,28.2381555861973,28.439964294433594,861600.0
2016-05-31,28.494179078551177,28.63273458435124,28.415865771432927,28.605627059936523,2144400.0
2016-06-01,28.581528234388895,28.79237334031041,28.470081978735543,28.756229400634766,1314300.0
2016-06-02,28.705017613165232,28.76224708557129,28.578511265488537,28.76224708557129,740700.0
2016-06-03,29.012252873859783,29.027312991319256,28.67791412981152,28.846588134765625,1316100.0
2016-06-06,28.864654289490687,29.018271588497612,28.732124252386033,28.780317306518555,1886100.0
2016-06-07,28.903819296815122,29.111651675086335,28.90080658391961,29.054420471191406,1399200.0
2016-06-08,29.05441724573398,29.117670421357992,28.95200914793486,29.042369842529297,418800.0
2016-06-09,28.85562091666344,29.090562511193102,28.756223809242243,29.075502395629883,1087200.0
2016-06-10,28.780320860634234,28.780320860634234,28.497186201761142,28.59959602355957,1038900.0
2016-06-13,28.41586353997516,28.76827511785302,28.391767007098725,28.452009201049805,1664400.0
2016-06-14,28.35862585141476,28.518265120078425,28.171877344791053,28.442964553833008,1265700.0
2016-06-15,28.587556226530054,28.635749299436625,28.391771221527023,28.439964294433594,706500.0
2016-06-16,28.15983949612448,28.455021607682568,27.948994392074386,28.436948776245117,4066500.0
2016-06-17,28.39175927258064,28.39175927258064,27.991154738083097,28.195974349975586,1817700.0
2016-06-20,28.60562323177585,28.849599536458637,28.49417526530508,28.509235382080078,1106100.0
2016-06-21,28.629798358298434,28.68418866819934,28.49684830172045,28.59958267211914,966600.0
2016-06-22,28.641891763500603,28.87455570874589,28.539157371245963,28.57239532470703,918900.0
2016-06-23,28.947073442018866,29.318733710408086,28.85944689899329,29.28549575805664,1099200.0
2016-06-24,28.046629062906295,28.496849022703067,27.59036458253528,27.696121215820312,2657100.0
2016-06-27,27.31841591197043,27.321436442830095,26.390779244604694,26.57207679748535,5307000.0
2016-06-28,26.98604200644278,27.321440278684907,26.913523320905416,27.267051696777344,2741700.0
2016-06-29,27.587348385231543,27.898575561893917,27.48763625060661,27.816991806030273,2353800.0
2016-06-30,27.853248132890375,28.324620494519813,27.798859546235285,28.294403076171875,1577400.0
2016-07-01,28.079870981567343,28.15843247032509,28.004330024542064,28.06174087524414,1338000.0
2016-07-05,27.841168011300773,27.841168011300773,27.381882844170708,27.548070907592773,2583300.0
2016-07-06,27.348639594311592,27.6296493273924,27.08273770689316,27.584325790405273,1725300.0
2016-07-07,27.626624424402316,28.125190168303114,27.626624424402316,27.919719696044922,1184100.0
2016-07-08,28.20677517524391,28.720448785546182,28.191667331291715,28.696277618408203,1075200.0
2016-07-11,28.9138316628357,29.143475024416958,28.892679299595336,29.01958656311035,960900.0
2016-07-12,29.285495556836143,29.49700885453815,29.231105237553606,29.397294998168945,3075300.0
2016-07-13,29.503046487262726,29.61182711317819,29.38822479855006,29.433551788330078,1431000.0
2016-07-14,29.699451141124086,29.72966682821277,29.460744446752496,29.648086547851562,1401300.0
2016-07-15,29.654128763931787,29.690388973034096,29.521176969199235,29.639020919799805,1151100.0
2016-07-18,30.013711060636417,30.1285327867101,29.92910503227187,30.074142456054688,1426200.0
2016-07-19,30.025791535994635,30.052984967709968,29.87773187605626,29.97140121459961,845400.0
2016-07-20,30.14059920543292,30.521320903995218,30.043907651071443,30.445781707763672,1967100.0
2016-07-21,30.47601348163793,30.494143589901157,30.10737716819121,30.23126220703125,1458000.0
2016-07-22,30.128526808124953,30.4004714915085,29.94420693911699,30.382341384887695,1398900.0
2016-07-25,30.37629290003005,30.61500305775486,30.37629290003005,30.55759048461914,710100.0
2016-07-26,30.850688771763476,31.88408055126361,30.850688771763476,31.7420654296875,4409700.0
2016-07-27,32.026096311093156,32.038181894044,31.554723996373554,31.73904037475586,3430500.0
2016-07-28,31.597031135134888,31.775306484139946,31.4248003077099,31.563793182373047,2495700.0
2016-07-29,31.55774731285851,31.660483427545874,31.282780378102704,31.4247989654541,1017000.0
2016-08-01,31.494290511455585,31.563788667829034,31.34018981284744,31.44896697998047,1479300.0
2016-08-02,31.391569824465392,31.391569824465392,30.778182140777155,30.96552085876465,4523400.0
2016-08-03,30.799309579254295,31.010822783863308,30.79326851841345,31.00478172302246,1248900.0
2016-08-04,31.08334381619241,31.306942605039147,31.02593126026741,31.294857025146484,1218600.0
2016-08-05,31.479184320753223,31.726957813644926,31.433860786897956,31.6937198638916,1239000.0
2016-08-08,31.802508136863104,31.878050844286093,31.6000615651301,31.657470703125,695700.0
2016-08-09,31.832709562030715,32.01702591962639,31.778319257940392,31.91429328918457,1128000.0
2016-08-10,31.94150193900552,31.977762159017924,31.56379880613359,31.69675064086914,2446800.0
2016-08-11,31.832724908408565,31.8599183445819,31.651427265334835,31.81761360168457,1129500.0
2016-08-12,31.87803530016375,32.035158245606986,31.84479735501651,31.965660095214844,575100.0
2016-08-15,32.032139668287414,32.479340849141664,32.032139668287414,32.40077590942383,683100.0
2016-08-16,32.349393545395344,32.349393545395344,32.1378803839431,32.174137115478516,1883100.0
2016-08-17,32.18623617949941,32.192277240989974,31.99587185430354,32.16810607910156,1782300.0
2016-08-18,32.17717704797865,32.40379816986896,32.14998361990026,32.40077590942383,693000.0
2016-08-19,32.431001891355606,32.757333470968504,32.431001891355606,32.67877197265625,1472400.0
2016-08-22,32.627387037463485,32.772424372729425,32.55487009881193,32.69386291503906,770700.0
2016-08-23,32.83890750736893,32.99905271765952,32.83890750736893,32.8540153503418,825600.0
2016-08-24,32.899341396337505,32.92653828214034,32.49746720977061,32.58207321166992,917700.0
2016-08-25,32.482357414018495,32.86610493094545,32.482357414018495,32.715023040771484,940200.0
2016-08-26,32.76940697442644,33.10782743787216,32.63947747323084,32.86005401611328,932100.0
2016-08-29,32.99906118869442,33.11690516050487,32.95071538717789,32.98999786376953,810900.0
2016-08-30,32.99603089144539,33.177324990504765,32.80868881460211,32.92653274536133,3181200.0
2016-08-31,32.91747346284853,32.95373367410427,32.72107147746875,32.90538787841797,1447200.0
2016-09-01,32.999055312419436,33.18941968158798,32.739199701260546,33.165245056152344,1393800.0
2016-09-02,33.3133128606024,33.337487491963394,32.980933291668265,33.132015228271484,1664400.0
2016-09-06,33.18941693290128,33.23474046163013,32.88725315878177,33.05646514892578,1085400.0
2016-09-07,33.10480937703853,33.11085389710283,32.74523650840795,32.805667877197266,3814200.0
2016-09-08,32.69992232700071,32.83589294563519,32.55488492567862,32.748268127441406,1353300.0
2016-09-09,32.49142438714988,32.49142438714988,31.488248376292358,31.58493995666504,2546400.0
2016-09-12,31.328087927631525,32.21039730497593,31.2223296179244,32.174137115478516,2162700.0
2016-09-13,32.01401412153265,32.28596227289039,31.729983842602,31.89012908935547,1202100.0
2016-09-14,31.80853978220062,32.24969642795372,31.766235053259326,32.17113494873047,1094100.0
2016-09-15,32.156027052537866,32.974886795318845,32.113725777080354,32.91445541381836,1795500.0
2016-09-16,33.15616943063064,33.25890204121371,32.6727082229754,32.92350387573242,1916100.0
2016-09-19,33.128989194540765,33.44626087948172,32.85402224517291,32.96280288696289,1180500.0
2016-09-20,33.15315978079459,33.174312146002045,32.733155484882076,32.81473922729492,1076100.0
2016-09-21,32.97792283969794,33.319365820630495,32.83590419266277,33.26799774169922,1295700.0
2016-09-22,33.4855319186527,33.58524575422212,33.28006318527429,33.37675476074219,1056600.0
2016-09-23,33.32839425083418,33.343502086704724,32.99299614495369,33.03529739379883,818100.0
2016-09-26,32.80075577771302,32.90998951630408,32.57318346336952,32.7097282409668,1149300.0
2016-09-27,32.63388568768966,33.280194040147904,32.615682948728946,33.27412414550781,1034700.0
2016-09-28,33.39546941809367,33.5107695386651,33.13755120175096,33.340850830078125,840600.0
2016-09-29,33.35604757558181,33.959873560100625,32.99193032213465,33.75050735473633,2580900.0
2016-09-30,33.95076359170929,34.50604075674335,33.95076359170929,34.28453826904297,1372500.0
2016-10-03,34.366458025539394,34.51513912917577,33.98716963758857,34.053924560546875,3632100.0
2016-10-04,34.19654208027209,34.3027443763797,33.835459829472526,33.96593475341797,1019400.0
2016-10-05,34.075175890050716,34.454460918831806,33.9932496848978,34.214752197265625,3852600.0
2016-10-06,34.190478720558815,34.442323751198494,33.97807758180668,34.415016174316406,2603700.0
2016-10-07,34.469628494683136,34.469628494683136,34.053927661361485,34.363426208496094,1383900.0
2016-10-10,34.52423511002993,34.65470998955659,34.17832423751039,34.19046401977539,1210500.0
2016-10-11,34.14798889143987,34.14798889143987,33.180049401387016,33.4743766784668,1871400.0
2016-10-12,33.453149170373635,33.46225054021591,33.06475923747826,33.36212158203125,1567500.0
2016-10-13,33.064748819818995,33.064748819818995,32.436646851719956,32.9676513671875,2082000.0
2016-10-14,33.26804137620085,33.60485094878563,33.186118665142224,33.216461181640625,1365000.0
2016-10-17,33.183078714737,33.36210231306219,33.02529279127083,33.04349899291992,701100.0
2016-10-18,33.450095832891435,33.56236451911644,33.36210324036595,33.42582321166992,891600.0
2016-10-19,33.13453467241718,33.3287295540809,32.97068230695362,33.28624725341797,1192200.0
2016-10-20,33.22555121632452,33.641251884529865,33.02225503612619,33.51987838745117,2059800.0
2016-10-21,33.252858939683065,33.46829490137495,33.11934913398797,33.43491744995117,1095900.0
2016-10-24,33.61093195828377,34.06911179574685,33.61093195828377,34.04787063598633,711000.0
2016-10-25,34.0660734563713,34.169240824958806,33.953804718781164,34.01752471923828,823500.0
2016-10-26,33.756570122998134,34.16923606741112,33.72926254731285,33.968971252441406,1119900.0
2016-10-27,34.29970998012458,34.37860123058178,33.76567396185521,33.811187744140625,1385700.0
2016-10-28,33.947732216588136,34.15103199098489,33.57148213707054,33.60789108276367,1798500.0
2016-10-31,33.726235133343195,33.95077262741057,33.726235133343195,33.789955139160156,913200.0
2016-11-01,33.7960113170066,34.06302754908321,33.12239563572896,33.48954772949219,1674000.0
2016-11-02,33.51080635081831,33.69589998646859,33.15882876800338,33.268062591552734,2461200.0
2016-11-03,33.283209521884146,33.501680481711546,33.08901465647228,33.21038818359375,1512600.0
2016-11-04,33.016205045178076,33.29232618454067,32.77042643025365,33.001033782958984,1259100.0
2016-11-07,33.61396257900648,33.95076878195901,33.480452687662584,33.92953109741211,4797900.0
2016-11-08,33.92041449097936,34.21777669629149,33.72925456148369,33.999305725097656,1226100.0
2016-11-09,33.23770992150177,33.947734766806384,33.07385749989615,33.8385009765625,3111000.0
2016-11-10,34.03571908753574,34.25722153848701,32.80075993124911,33.10722351074219,6669000.0
2016-11-11,33.48347385992108,34.430175553193514,33.48347385992108,34.37555694580078,2595300.0
2016-11-14,34.545486756667955,34.54852170315668,34.10551327273063,34.19654083251953,1340100.0
2016-11-15,34.336118243828686,34.92780428696436,34.254192056627915,34.83677673339844,1415100.0
2016-11-16,34.77609729509208,35.26765102493637,34.766992454782866,35.237308502197266,1212300.0
2016-11-17,35.37081004925643,35.79257726645253,35.15840896763091,35.6165885925293,1084500.0
2016-11-18,35.51039072675418,35.920021683095364,35.51039072675418,35.874507904052734,1064400.0
2016-11-21,35.9837409367397,36.16883446805815,35.859335915389785,36.11421585083008,1140300.0
2016-11-22,36.305378185427564,36.53295056343059,36.272004190600484,36.499576568603516,1418700.0
2016-11-23,36.514751012994594,36.620949844832865,36.32055608536409,36.54509353637695,1044000.0
2016-11-25,36.61183392634081,36.62700518200255,36.45101306036181,36.60879898071289,411900.0
2016-11-28,36.52081424963175,36.66646043265453,36.43888805465151,36.499576568603516,661500.0
2016-11-29,36.472259433138845,36.64824810751796,36.25985835096314,36.43281555175781,1172700.0
2016-11-30,36.41460929675869,36.50867178970262,36.20827810699807,36.223445892333984,591900.0
2016-12-01,36.19615611181731,36.19615611181731,34.24813648227279,34.4544677734375,3488400.0
2016-12-02,34.40591378777489,34.93994988337799,34.287578631192495,34.87926483154297,2997000.0
2016-12-05,35.1827032087748,35.416342088325315,34.95209580436432,35.304073333740234,1120500.0
2016-12-06,35.40420496267048,35.832042282869914,35.40420496267048,35.79259490966797,1454700.0
2016-12-07,35.7713380355377,36.617907461399945,35.65300291287458,36.52991485595703,1300500.0
2016-12-08,36.62701968243954,37.06395826893939,36.58150589743566,36.8485221862793,1262700.0
2016-12-09,37.14587688839526,37.221733181250606,36.46619478147151,36.7241096496582,1004400.0
2016-12-12,36.578467099133,36.64218708592498,36.1445635051498,36.435855865478516,2093700.0
2016-12-13,36.56329037247528,37.100361232623534,36.51474165301236,36.86064910888672,1004100.0
2016-12-14,36.875827207895014,37.0639557010144,36.69983850125228,36.8272819519043,1989300.0
2016-12-15,36.97899734752747,37.61620075893817,36.915277353634316,37.45538330078125,2221200.0
2016-12-16,37.67687883468873,37.75273512945947,36.909200630685945,37.076087951660156,1474200.0
2016-12-19,37.17319368650174,37.58585966151999,37.12767989949104,37.44324493408203,1245600.0
2016-12-20,37.81947988851208,37.874098489547684,37.63742483001537,37.80127716064453,2156700.0
2016-12-21,37.88036010200956,37.97160352396064,37.74045816245878,37.80128479003906,787200.0
2016-12-22,38.21796004989354,38.227086134286466,37.840828615024584,37.9837760925293,869400.0
2016-12-23,37.947283212698025,38.19971936876063,37.88341453670496,38.178428649902344,480000.0
2016-12-27,38.254457371390615,38.70762210597651,38.23620868321235,38.649837493896484,1408500.0
2016-12-28,38.87184998259444,38.90226329734896,37.89556796053523,37.9168586730957,1738500.0
2016-12-29,37.743501001514545,37.91077423095703,37.5123556350426,37.91077423095703,1046700.0
2016-12-30,38.04761764952354,38.2179328171021,37.20211542182067,37.323768615722656,3403800.0
2017-01-03,37.451505861551304,37.85905032616499,37.00442550115103,37.323768615722656,2654100.0
2017-01-04,37.50930619830178,37.6096722044905,37.25383162297053,37.427188873291016,1354200.0
2017-01-05,37.448475412741836,37.64616539452711,37.03789227581242,37.10784149169922,942000.0
2017-01-06,37.19910333689041,37.509324103843255,36.96491587732444,37.40287399291992,875100.0
2017-01-09,37.533647549527274,37.950318362789154,37.509318287168966,37.798248291015625,883800.0
2017-01-10,37.82561954470429,38.06892606798838,37.77391551627409,37.98072814941406,690900.0
2017-01-11,38.020263989146464,38.11759147107343,37.83474206940712,38.111507415771484,1630200.0
2017-01-12,37.90468686532968,38.002014335863436,37.22037690836153,37.79215621948242,1354500.0
2017-01-13,37.84691100146997,38.12976043528763,37.80129102326227,38.038516998291016,849600.0
2017-01-17,37.898602115218,37.92293136973524,37.30249013200501,37.427188873291016,1092600.0
2017-01-18,37.47282704788566,37.96553123740642,37.43632966779189,37.93815994262695,1156500.0
2017-01-19,37.88035289747839,38.19361553886591,37.74349301145237,37.767822265625,2727600.0
2017-01-20,38.15104749846904,38.4886429929659,38.10542752046658,38.25445556640625,1929900.0
2017-01-23,38.11149180233055,38.19360911236099,37.7252379828367,38.02024841308594,1053900.0
2017-01-24,38.18146105267584,38.8292737347643,38.12975702310156,38.75627899169922,3734100.0
2017-01-25,39.27940024390634,39.42234771636738,38.96917951653889,39.33110427856445,2025600.0
2017-01-26,39.40713001167211,39.40713001167211,38.938758722796294,39.10907745361328,1262400.0
2017-01-27,39.309811674394425,39.60786775592887,39.309811674394425,39.595703125,977400.0
2017-01-30,39.41625130635275,39.41625130635275,38.905298656544524,39.39800262451172,1517400.0
2017-01-31,39.172957379175,39.19728664453189,38.64679785928931,38.88706588745117,1455000.0
2017-02-01,39.30676522695865,39.522700434725095,39.109075221627926,39.504451751708984,1792200.0
2017-02-02,39.23378137439984,39.607870778513885,39.045213917997316,39.4862174987793,1416000.0
2017-02-03,39.70823587025596,39.76298193317228,39.556165793653705,39.68998718261719,869400.0
2017-02-06,39.76904932779662,39.8602927357492,39.519655320166414,39.82987594604492,923100.0
2017-02-07,40.061031415252366,40.1249000767002,39.769059397039136,39.97587203979492,594900.0
2017-02-08,40.09447689325929,40.207007530050646,39.842044337386284,40.05189895629883,771600.0
2017-02-09,40.03061782589891,40.16139717570288,39.65348643479575,39.7021484375,1358100.0
2017-02-10,39.96977493703184,39.972816963572605,39.2915457222039,39.67780303955078,1551600.0
2017-02-13,39.787300941094976,40.024530338671674,39.699099553671765,39.75992965698242,929400.0
2017-02-14,39.775150792962485,39.775150792962485,39.40410338641399,39.650455474853516,608400.0
2017-02-15,39.76298179665113,39.997165745951904,39.55920768586886,39.95762634277344,703800.0
2017-02-16,40.00022035558176,40.08842179317885,39.76603285203877,40.02151107788086,930600.0
2017-02-17,39.817711550527115,40.23438224134819,39.68389020513698,40.22829818725586,996300.0
2017-02-21,40.36516890321841,40.812249504096876,40.36516890321841,40.79704284667969,2010900.0
2017-02-22,40.717969680980666,40.85787163271862,40.64193290930092,40.80616760253906,674700.0
2017-02-23,40.757499960661555,40.76054198800078,39.878545491550454,40.14314270019531,1778100.0
2017-02-24,39.501415249802086,40.12185663681403,39.35542924583344,40.11577606201172,1569600.0
2017-02-27,40.13707163416899,40.51419957963985,40.048870223339684,40.498992919921875,3659400.0
2017-02-28,40.57198845065382,40.57198845065382,39.89984294034332,39.98196029663086,1295400.0
2017-03-01,40.46248285188401,40.66016934920139,40.073183469197396,40.60542678833008,1316700.0
2017-03-02,40.69972694933298,40.800092996615405,40.14619615575848,40.18877410888672,1290300.0
2017-03-03,40.23439115627078,40.26480447231097,39.93329306242727,40.16748046875,1290000.0
2017-03-06,40.05495619309161,40.2587268352802,39.72344473035537,40.18877410888672,1598400.0
2017-03-07,40.11881547113909,40.54156679757484,39.99715873548201,40.2769660949707,1624500.0
2017-03-08,40.44119140230321,40.70579204359113,40.28912138811639,40.371238708496094,1757100.0
2017-03-09,40.346924242270326,40.51723951844569,40.12794348080929,40.4503288269043,1020600.0
2017-03-10,40.69060881858239,40.997787570027995,40.69060881858239,40.912628173828125,2136300.0
2017-03-13,41.03731944848201,41.23500951706046,40.95824411716693,41.21980285644531,1147500.0
2017-03-14,41.11030882791884,41.140722145172,40.76054871834539,41.098140716552734,1066800.0
2017-03-15,41.14984950688481,41.49960965690623,40.952159441296374,41.42357635498047,1108200.0
2017-03-16,41.55739222955877,41.566518313690594,41.301917563168246,41.3809928894043,932700.0
2017-03-17,41.523936801559586,41.523936801559586,41.335372830177,41.46615219116211,1832100.0
2017-03-20,41.572594809553024,41.91627085258546,41.42965083074686,41.7733268737793,1138200.0
2017-03-21,41.87976888084049,41.958844184059366,40.71491960034558,40.79399490356445,1962600.0
2017-03-22,40.83353785081538,41.27149582410053,40.69059388714367,41.22587585449219,1676400.0
2017-03-23,41.21979147487533,41.31407344077251,41.016020886664656,41.1346321105957,1530900.0
2017-03-24,41.65698331405352,41.94971931921209,41.27581511393127,41.43437957763672,1596000.0
2017-03-27,41.037968512202404,41.592947626128826,40.86720409729192,41.49536895751953,1449900.0
2017-03-28,41.57770983156536,41.788113661443674,41.37645247703428,41.62649917602539,851400.0
2017-03-29,41.64478874548884,41.64478874548884,41.400842063437125,41.52586364746094,1064400.0
2017-03-30,41.54721148333445,41.83079754789842,41.48317569522719,41.73931884765625,831000.0
2017-03-31,41.78200616305912,41.949720594976014,41.60819524523797,41.742366790771484,616500.0
2017-04-03,41.76066705044992,41.86129222912229,41.208734368500885,41.47707748413086,2164800.0
2017-04-04,41.21787884884462,41.53805776040555,41.150793078862634,41.269718170166016,1366800.0
2017-04-05,41.3886314094674,41.6691708937049,40.955627469428435,40.983070373535156,1259400.0
2017-04-06,40.955659469155705,41.13862044875738,40.629380393247395,41.04713821411133,1165500.0
2017-04-07,41.06236168249925,41.34900120432544,40.946486576614845,41.223976135253906,757200.0
2017-04-10,41.227035527684656,41.26667839782862,40.809277845407,40.906856536865234,810300.0
2017-04-11,40.705593857422556,40.7177903198386,39.97375376712753,40.57752227783203,1602000.0
2017-04-12,40.4646871683114,40.51957298049076,39.78468657311366,39.879215240478516,1704600.0
2017-04-13,39.64137265986617,40.21464823778136,39.59868329894141,39.613929748535156,1309200.0
2017-04-17,39.76943897211825,40.129264208127786,39.76943897211825,40.10791778564453,1329900.0
2017-04-18,39.885334031470464,40.31834173464754,39.85789111003315,40.2939453125,1325700.0
2017-04-19,40.623255092469954,40.873301725052386,40.443344214449674,40.50433349609375,1701600.0
2017-04-20,40.8031699283388,41.217881031178926,40.601912607737,41.14469528198242,1669800.0
2017-04-21,41.0105214579294,41.05321081249889,40.62630330805158,40.97087860107422,1922400.0
2017-04-24,41.571598926306756,41.69357400023596,41.40998448337455,41.55940246582031,1482300.0
2017-04-25,41.76066845642472,42.04730453078079,41.66003978467557,41.98326873779297,1269900.0
2017-04-26,41.92532665499292,42.004608887333596,41.48317265683014,41.63868713378906,3504000.0
2017-04-27,41.937523208575854,42.28209853851094,41.855190988331394,42.224159240722656,1099200.0
2017-04-28,42.12353538770821,42.12353538770821,41.39474527331083,41.504520416259766,3133800.0
2017-05-01,41.60515476415542,41.928383750660906,41.39780091257086,41.91618728637695,2065500.0
2017-05-02,41.80641230913493,41.80641230913493,41.2605795262191,41.47403335571289,3398700.0
2017-05-03,41.25448694292143,41.678344653513335,41.24228698774088,41.61735534667969,1144800.0
2017-05-04,41.76067128307779,41.76067128307779,41.409995902308744,41.586856842041016,1219500.0
2017-05-05,41.696632421377345,41.75151824951172,41.36120351749409,41.75151824951172,902100.0
2017-05-08,41.73017837860904,41.806410639780914,41.507574592484424,41.586856842041016,801900.0
2017-05-09,41.64479043714501,42.12048386920257,41.58685113485433,41.998512268066406,1281000.0
2017-05-10,42.51689397197527,42.96819792075138,42.504697511113314,42.888912200927734,2503500.0
2017-05-11,42.85537242347055,43.242637097465995,42.50774711934476,43.044429779052734,2091000.0
2017-05-12,43.10238037036694,43.21825201242019,42.919419452368814,43.16641616821289,573300.0
2017-05-15,43.34938147139895,43.861671436918776,43.224359841405196,43.834228515625,1123200.0
2017-05-16,44.03852182343992,44.480675895260454,43.83421797795297,44.462379455566406,1067400.0
2017-05-17,43.94093632064868,44.029368517167924,42.50774916730501,42.544342041015625,3091200.0
2017-05-18,42.562643976545914,43.459148560144605,42.43456890201271,43.33717346191406,2103600.0
2017-05-19,43.74271698263366,43.96836715908019,43.70307762173768,43.81590270996094,2681100.0
2017-05-22,44.09951240380208,44.31296273051031,43.99888372739757,44.2946662902832,2000100.0
2017-05-23,44.33430545287763,44.33735544094204,43.77932627457641,44.117801666259766,760200.0
2017-05-24,44.41358449264389,44.48677024215882,44.200130709476824,44.40443801879883,1018800.0
2017-05-25,44.53861391471358,44.78865710736098,44.34345306018326,44.63009262084961,1013400.0
2017-05-26,44.59349585072176,44.85573897305178,44.337352704144024,44.83439254760742,789600.0
2017-05-30,44.83134959715574,45.24301075079586,44.779510268224925,45.13323211669922,1176900.0
2017-05-31,45.45645398300111,45.547936163832226,44.91062484441035,45.12712860107422,1605300.0
2017-06-01,45.3009383815737,45.3009383815737,44.916720211031496,45.17286682128906,1063200.0
2017-06-02,45.45950892674052,45.68820916921916,45.11798355701004,45.63331985473633,1297500.0
2017-06-05,45.61808142546253,45.9870497442395,45.599784985484206,45.74310302734375,986700.0
2017-06-06,45.57233086427349,46.20659222080802,45.50524509227512,45.892513275146484,1240800.0
2017-06-07,46.12121799100069,46.41700401826186,45.999242896488425,46.23404312133789,1262700.0
2017-06-08,46.60911546233586,47.097008903638915,46.20660075599397,47.078712463378906,1617600.0
2017-06-09,47.42328490658809,47.5544064788762,44.1879384538955,45.09968948364258,5103600.0
2017-06-12,44.53555218936224,45.00514903853984,43.54756567296695,44.840484619140625,5277300.0
2017-06-13,45.52356134683897,45.58759715895245,44.59351358695884,45.145442962646484,3216600.0
2017-06-14,45.33143302069972,45.33143302069972,44.175735456450624,44.67277526855469,2112300.0
2017-06-15,43.92569277047122,44.45627900522625,43.86775695801297,44.31905746459961,3531900.0
2017-06-16,44.434928845606684,44.651432606521475,44.00497131147942,44.14219284057617,1588800.0
2017-06-19,44.6300906340896,45.05394823509149,44.59349775738858,44.98076248168945,1455600.0
2017-06-20,45.21859993669186,45.27348923626191,44.4654136371939,44.47456359863281,1193100.0
2017-06-21,44.681931445622915,45.0021104031723,44.5020205338359,44.98991394042969,1386900.0
2017-06-22,44.977712653730244,45.087487786017995,44.672776690047485,44.88623046875,1299900.0
2017-06-23,44.962488051928574,45.27352065261604,44.752080669080684,45.020423889160156,973200.0
2017-06-26,45.27655618433314,45.52050292090674,44.39529794414425,44.633148193359375,1882800.0
2017-06-27,44.47418102165815,44.47418102165815,43.42262219603151,43.44096374511719,1921500.0
2017-06-28,43.69163588101228,44.24186847328449,43.27284816890763,44.19295883178711,2285400.0
2017-06-29,44.01565926780505,44.01565926780505,42.502517977600824,43.092491149902344,2949300.0
2017-06-30,43.22699094147089,43.45319758775686,42.67064335269473,42.857112884521484,1492800.0
2017-07-03,43.20254341900036,43.2606220930892,42.25491859099569,42.27020263671875,1771800.0
2017-07-05,42.40775513537775,43.20253943281928,42.40775513537775,43.13528823852539,1918200.0
2017-07-06,42.73482135208091,43.31562529668915,42.533071348831385,42.94574737548828,2063100.0
2017-07-07,43.15362771038565,43.8444776745506,43.15362771038565,43.67023468017578,3374400.0
2017-07-10,43.83836529018191,44.28772109590382,43.563248991004116,44.174617767333984,978300.0
2017-07-11,44.05846173159642,44.55978824084083,44.03095114816866,44.541446685791016,965400.0
2017-07-12,44.98774155272032,45.351508091821415,44.82878259970626,45.25368881225586,1678200.0
2017-07-13,45.3025908209221,45.596048610186486,44.97856145093648,45.11306381225586,1532700.0
2017-07-14,45.36066370798246,45.742771686319266,45.25367543309187,45.71831512451172,1234500.0
2017-07-17,45.87422781308141,45.88951185611304,45.37901642295303,45.5318603515625,693300.0
2017-07-18,45.259812873016664,45.68165819575657,45.091684846455706,45.672489166259766,1017000.0
2017-07-19,45.93535914509791,46.10654460696653,45.77945772465047,46.09431457519531,1410600.0
2017-07-20,46.1126523670754,46.28994933208976,45.73054786438881,46.22881317138672,1527000.0
2017-07-21,45.92619567294826,45.92619567294826,45.608281276018474,45.83448791503906,984000.0
2017-07-24,45.90174133541711,45.90174133541711,45.60522598397199,45.69693374633789,1212600.0
2017-07-25,45.60215995369317,45.76723039681112,45.186429836301315,45.65718460083008,1203600.0
2017-07-26,46.06373893047304,46.35719667553671,45.8986685115882,46.15850067138672,2004600.0
2017-07-27,46.296057526741215,46.357193678437156,44.91435810934396,45.455421447753906,2827800.0
2017-07-28,45.24756718845697,45.46766228448828,45.05804017553972,45.281192779541016,1205700.0
2017-07-31,45.287312330606795,45.52269150994855,44.80433093446089,44.92966079711914,1517400.0
2017-08-01,45.06416092818302,45.21088984478499,44.844069302426746,45.20783233642578,1002000.0
2017-08-02,45.46766404681692,45.56548331589057,44.56894557662316,44.88074493408203,1741200.0
2017-08-03,44.85323749345488,44.99690889902058,44.49252847624287,44.712623596191406,1347300.0
2017-08-04,44.74319119542708,45.091670175635635,44.599516293132574,44.73096466064453,1283700.0
2017-08-07,44.84710779450936,45.5226734781085,44.84710779450936,45.501277923583984,949200.0
2017-08-08,45.54104332040025,45.90175244364642,45.22312883108551,45.36985778808594,818700.0
2017-08-09,45.01219559455064,45.259801307222766,44.81044551252752,45.21700668334961,706500.0
2017-08-10,44.92965640163013,44.94494044440313,43.917838077226776,43.95452117919922,1627500.0
2017-08-11,43.74972362644522,44.27855722477521,43.64578931315093,44.2021369934082,1044300.0
2017-08-14,44.737061038891866,45.379001124687576,44.73094952271547,45.32703399658203,1610100.0
2017-08-15,45.52574395195232,45.531858968296476,45.119182822393334,45.44015121459961,531300.0
2017-08-16,45.53491484860659,45.706100330343766,45.29648167578686,45.513519287109375,777900.0
2017-08-17,45.29648794336016,45.41570629541263,44.33969061480716,44.3641471862793,1209000.0
2017-08-18,44.62703122311456,44.7615336031757,44.21129754791466,44.431392669677734,1026900.0
2017-08-21,44.49558044296572,44.5689431416163,43.82612963817482,44.10124588012695,945900.0
2017-08-22,44.48945981153535,44.91741991090601,44.43138116153002,44.82876968383789,1046700.0
2017-08-23,44.40693076234844,45.146690265450836,44.36107863782943,45.01830291748047,1983900.0
2017-08-24,45.20477269706585,45.26896987470287,44.77375849265605,45.02442169189453,1294200.0
2017-08-25,45.19254657050733,45.27202779164412,44.73707579455803,44.8073844909668,684900.0
2017-08-28,44.87158963158089,44.95412488374757,44.697350098470814,44.941898345947266,552600.0
2017-08-29,44.376366495557036,45.12835259687426,44.36108245273632,45.01219177246094,1068900.0
2017-08-30,45.253675493380456,45.85281752980912,45.09471658715052,45.782508850097656,1998900.0
2017-08-31,45.93841664467393,46.29606811147436,45.868107955173606,46.23493194580078,1072200.0
2017-09-01,46.31747643691984,46.67818548384052,46.31747643691984,46.43669128417969,1591200.0
2017-09-05,46.27161967667574,46.329698340221206,45.40958426189319,45.80086135864258,2806500.0
2017-09-06,46.057637954001024,46.08515203106299,45.65719181449608,45.874229431152344,1044000.0
2017-09-07,45.96287767580429,46.13406316730376,45.755012577520766,45.95370864868164,873300.0
2017-09-08,45.923142739266645,45.956768337467416,45.24451925631058,45.41264724731445,1454100.0
2017-09-11,45.76417611976864,46.384720828361296,45.76417611976864,46.27772903442383,1305300.0
2017-09-12,46.33580137652364,46.62008660083831,46.2288096052542,46.4855842590332,742200.0
2017-09-13,46.46419771556046,46.684289319119124,46.23187607979846,46.577301025390625,772800.0
2017-09-14,46.38166492713359,47.035831752672046,46.37554991071056,46.76071548461914,1656900.0
2017-09-15,46.98080095337822,47.62885617600355,46.886039200977535,47.57688903808594,1424100.0
2017-09-18,47.85505654125814,48.4939391571867,47.85505654125814,48.20048141479492,1476900.0
2017-09-19,48.3135954092311,48.53980203184121,48.05376319420924,48.35333251953125,1382700.0
2017-09-20,48.408361097235826,48.408361097235826,47.04194522816453,47.68694305419922,2274900.0
2017-09-21,47.59828163187517,47.65330627417749,47.06944825707708,47.48212432861328,864300.0
2017-09-22,47.3567935816489,47.78475371629039,47.34762455657905,47.72361755371094,742200.0
2017-09-25,47.552433451602575,47.552433451602575,46.58340985469854,46.803504943847656,1795500.0
2017-09-26,47.28776952191246,47.28776952191246,46.59466064037063,46.7296028137207,1474200.0
2017-09-27,47.29390167144956,48.054481650085165,47.232565595352746,47.861270904541016,1166400.0
2017-09-28,47.81219943147595,48.241558966463394,47.68952377445161,48.21395492553711,819900.0
2017-09-29,48.407167528125925,48.6954498722524,48.16181973214646,48.631046295166016,918600.0
2017-10-02,48.84878905142356,49.149337880170975,48.5881072616184,48.95612716674805,1240500.0
2017-10-03,49.014405804569144,49.20761654388034,48.85186310231701,49.0910758972168,536100.0
2017-10-04,49.02973486991337,49.20454406738281,48.74451653850706,49.20454406738281,873900.0
2017-10-05,49.413088664048615,49.41922016454898,48.96226017476842,49.24747848510742,538200.0
2017-10-06,49.06959818276711,49.456023102729695,49.06653418738898,49.44068908691406,742800.0
2017-10-09,49.63390515073166,49.8608514170901,49.57870058199651,49.81791687011719,835200.0
2017-10-10,50.26567431399145,50.26567431399145,49.597102027983645,50.09700012207031,756300.0
2017-10-11,50.06632439669658,50.45274578869182,49.99885332639943,50.44047927856445,859200.0
2017-10-12,50.42208333045421,50.6122265424992,50.24113912458853,50.281009674072266,584400.0
2017-10-13,50.51715855245738,50.78090787174165,50.385283892815245,50.603031158447266,531900.0
2017-10-16,50.75637409958641,50.851445711014044,50.50182379088839,50.84224319458008,543300.0
2017-10-17,50.86677221908909,50.86677221908909,50.553953391418155,50.79930114746094,558900.0
2017-10-18,50.98637664733847,51.06304671874761,50.302466975337694,50.97104263305664,712200.0
2017-10-19,50.57849387917976,50.84837820553606,50.06019776481309,50.84224319458008,1063800.0
2017-10-20,51.24093401380409,51.354407146907846,51.02625425961902,51.10292434692383,1083600.0
2017-10-23,51.35134457312431,51.62736393339305,51.10906426618784,51.35441207885742,898500.0
2017-10-24,51.49854687514205,51.76229617977463,51.30533615469674,51.71323013305664,643500.0
2017-10-25,51.4280063920004,51.56601253077657,50.514082928230465,51.03544998168945,1568100.0
2017-10-26,51.124397712548756,51.44335162031303,51.056926626103774,51.33600997924805,1145100.0
2017-10-27,51.67948912188393,52.47993952145067,51.45561037587373,52.409400939941406,1058400.0
2017-10-30,52.24379632246292,52.77129496792051,52.24379632246292,52.55048370361328,1579200.0
2017-10-31,52.68233346122867,53.123962829963304,52.538192345878095,52.970619201660156,1031400.0
2017-11-01,53.400001765364244,53.436804813711625,52.31433640723949,52.77743148803711,1516500.0
2017-11-02,52.87861492000609,53.176099682220574,52.47072456358465,53.03809356689453,4100100.0
2017-11-03,53.29571647236097,53.97962268058024,52.85715801886596,53.976558685302734,2683800.0
2017-11-06,54.500979712592645,54.764728939158026,54.11148737190369,54.74019241333008,3057600.0
2017-11-07,54.678880337158986,54.819954015898965,54.3169918680738,54.69114685058594,1299300.0
2017-11-08,54.63899766681717,54.91194946587317,54.42431793565016,54.865943908691406,1204500.0
2017-11-09,54.39057510998756,54.39057510998756,53.10862847798989,53.768001556396484,3302400.0
2017-11-10,53.95509777863278,54.15751102288672,53.80175409270723,54.123775482177734,1166400.0
2017-11-13,53.9152259565071,54.34151795379784,53.83855587021683,54.280181884765625,1308900.0
2017-11-14,54.178980181234216,54.384460944761706,53.83242574418525,54.231117248535156,801900.0
2017-11-15,53.84775097847062,53.97042309965881,53.30798241410309,53.74347686767578,1175700.0
2017-11-16,53.967369440298484,54.76781997728186,53.967369440298484,54.54393768310547,1093500.0
2017-11-17,54.865940952409765,54.87207596229844,54.21270278850885,54.304710388183594,1887300.0
2017-11-20,54.611400986746986,55.04076047932216,54.470327329349544,54.951820373535156,1792800.0
2017-11-21,55.313707642475606,55.651063026683886,55.20636952642024,55.58052444458008,3603000.0
2017-11-22,55.77680146997707,55.77986897517353,55.1603662952811,55.243167877197266,1203900.0
2017-11-24,55.4793236741208,55.77680854072428,55.40265358314684,55.74000549316406,556800.0
2017-11-27,55.402652291511515,55.402652291511515,54.94875623822495,55.04076385498047,1692900.0
2017-11-28,55.25850658285499,55.25850658285499,54.72794048394495,55.06529235839844,1971300.0
2017-11-29,55.00395692375187,55.019290940506245,52.105782130666555,52.6394157409668,5576700.0
2017-11-30,53.21905468121043,53.47053748510407,52.59341693182837,52.92156982421875,4293300.0
2017-12-01,52.421689919351635,52.660906294072646,51.06614333161984,52.348087310791016,4877700.0
2017-12-04,52.970640902793185,53.03504448092484,50.771709710130814,51.090660095214844,4886400.0
2017-12-05,50.833054026656384,52.06286073148473,50.46196651582386,51.13053894042969,5340300.0
2017-12-06,50.627562709491436,51.38813904697874,50.41287946078272,51.29613494873047,2170500.0
2017-12-07,51.673363620757776,51.955514469823,51.4617513613918,51.79603576660156,2917500.0
2017-12-08,52.38793997835412,52.4124765142906,51.48322233931947,51.52922439575195,1965900.0
2017-12-11,51.612023922670154,51.973912343061606,51.46787924780374,51.83897018432617,5248200.0
2017-12-12,51.728555435697935,51.728555435697935,51.262396451195805,51.33293151855469,1307700.0
2017-12-13,51.51081731915066,51.77763413132499,51.293070063828424,51.32373809814453,980100.0
2017-12-14,51.35747141412383,51.61202170349631,51.14585917871998,51.27159881591797,889200.0
2017-12-15,51.53841758658559,52.210057361948856,51.25626675868483,52.07511520385742,3382500.0
2017-12-18,52.713034281440535,53.21906751676079,52.443153399002256,53.191463470458984,3488700.0
2017-12-19,53.18437133907137,53.33184952254526,52.86176039536413,53.13521194458008,2278500.0
2017-12-20,53.69440615350785,53.758927645815625,53.064549806909675,53.52234649658203,1342200.0
2017-12-21,53.6974839877082,53.6974839877082,52.880205819823445,52.9570198059082,1750500.0
2017-12-22,52.772679085907804,52.95395463508055,52.56989519546283,52.926300048828125,877800.0
2017-12-26,52.259572406222645,52.4469941852241,51.958469717386926,52.39783477783203,680100.0
2017-12-27,52.40090099387309,52.83411978180806,52.333309889720155,52.56681442260742,794100.0
2017-12-28,52.73272583429047,52.84640673242188,52.62211805808436,52.714290618896484,789000.0
2017-12-29,52.800321478962815,52.800321478962815,52.17046508602274,52.17353820800781,760200.0
2018-01-02,52.456196111423445,53.6114436365585,52.39167462610831,53.589935302734375,2860200.0
2018-01-03,53.88182747101201,54.54240448143004,53.75892721474226,54.527042388916016,1326900.0
2018-01-04,54.929531403287534,55.0186308276429,54.39492079252643,54.834285736083984,1335000.0
2018-01-05,55.0800951973074,55.37505163007302,54.7605573037323,55.14768981933594,1170600.0
2018-01-08,55.18455754270651,55.75296559401318,55.012501379158046,55.58090591430664,1622700.0
2018-01-09,55.72837855662988,55.72837855662988,54.97255232273202,55.03400421142578,1464600.0
2018-01-10,54.41029526173116,54.634587466672144,53.93713642333749,54.37342834472656,2030400.0
2018-01-11,54.548549179087665,54.7267515568949,54.32426052504437,54.699100494384766,1047300.0
2018-01-12,54.757486956662376,55.1108221791584,54.55470659645809,54.99406814575195,1101900.0
2018-01-16,55.46107963488489,55.82363070067679,54.85273153433223,55.17534255981445,1462500.0
2018-01-17,55.69151278748094,56.852906816092464,55.63313753191782,56.77609634399414,1136700.0
2018-01-18,56.75766456076097,57.31070702563876,56.690069934762406,57.03111267089844,3163800.0
2018-01-19,57.289200042116036,57.37830301017607,56.751519659856584,57.08949279785156,1188600.0
2018-01-22,57.19702399123299,57.528850864310144,56.92357589124213,57.51348876953125,1247700.0
2018-01-23,57.78693963501606,57.9805041481884,57.57493990399518,57.974361419677734,1467000.0
2018-01-24,57.375228335447964,57.571865968176304,56.244561947260024,56.647056579589844,3006000.0
2018-01-25,57.2646158356594,57.40902092603627,55.66386032104492,55.66386032104492,2254800.0
2018-01-26,56.41662020150019,57.452040869324605,56.38896561774116,57.44282150268555,1667700.0
2018-01-29,57.23388959676131,57.76235405135216,56.68084368290312,57.359859466552734,1626000.0
2018-01-30,56.53338533104824,56.86213916966616,56.146256219924645,56.219993591308594,1948500.0
2018-01-31,56.88056433865081,57.083348227395575,56.364392281712725,56.67778396606445,1163700.0
2018-02-01,56.226110833120636,57.23080705258826,56.14008101408525,56.398170471191406,1255500.0
2018-02-02,55.93425001827721,55.977263186964414,54.85273939420165,54.880393981933594,3241800.0
2018-02-05,54.066186586282484,55.2798097900504,52.14282327281415,52.29644775390625,3915600.0
2018-02-06,51.49452060290156,54.25359314565625,51.374693470980255,54.18907165527344,4045500.0
2018-02-07,53.8357459208924,54.318124138474836,53.01847122229736,53.027687072753906,3262200.0
2018-02-08,53.27655338903131,53.4240315988134,50.757131334802125,50.800148010253906,4162200.0
2018-02-09,51.95540409541137,52.63134336176686,50.13650236626749,52.26264953613281,5947800.0
2018-02-12,52.95701928423527,53.6145267455741,52.465421733072446,53.267337799072266,2956200.0
2018-02-13,52.93244254794371,53.31650196038274,52.75731325614451,53.20589065551758,1481700.0
2018-02-14,52.79109688928451,54.53625717514776,52.6866318560342,54.45330047607422,1199100.0
2018-02-15,54.96641520671501,55.11082382877593,53.82345981665222,55.10160446166992,1732500.0
2018-02-16,54.82815397192162,55.59319614915907,54.82815397192162,54.904964447021484,929700.0
2018-02-20,54.73291054832042,56.37975251906401,54.67760489426113,55.8758659362793,2507400.0
2018-02-21,56.18311323336297,56.22612639670824,55.196848437112536,55.23371887207031,1435500.0
2018-02-22,55.55325927584548,55.68537541024451,54.92954904046362,55.11082458496094,1460700.0
2018-02-23,55.69764828309882,56.29063415527344,55.51944591252566,56.29063415527344,1424700.0
2018-02-26,56.62554182834008,57.51655731931536,56.61939558445389,57.50426483154297,1090500.0
2018-02-27,57.52885459529228,58.290827203911824,57.31378173828125,57.31378173828125,1369200.0
2018-02-28,57.71626136304861,57.82994224866403,56.74843200028792,56.80373764038086,1266600.0
2018-03-01,57.003462113048435,57.04032903252111,55.255228220648576,55.90658950805664,2850300.0
2018-03-02,55.27365958162454,56.96044145822121,55.14461658207877,56.855979919433594,1392600.0
2018-03-05,56.55181873827536,57.64254530442899,56.29680579538339,57.366024017333984,1251000.0
2018-03-06,57.912901274785256,58.389133171309524,57.608725516303544,58.22936248779297,1779000.0
2018-03-07,57.624082015702726,58.49051941371234,57.624082015702726,58.416778564453125,1167300.0
2018-03-08,58.76090413555674,58.794701444418024,58.14640984836106,58.46902084350586,1147200.0
2018-03-09,58.93910661056744,59.70722183350044,58.800844253006915,59.68264389038086,1586400.0
2018-03-12,60.122010154319184,60.622816522158274,59.93151175231971,60.315574645996094,1860300.0
2018-03-13,60.12202302113026,60.62282949614775,59.12654225176249,59.38462829589844,4230000.0
2018-03-14,59.7133713600711,59.7133713600711,58.83464831247702,59.37847137451172,1641000.0
2018-03-15,59.53517049573889,59.71952267571486,59.02514470115802,59.332393646240234,1073100.0
2018-03-16,59.41532699856791,59.6611274789595,59.24326736552523,59.30778884887695,1035000.0
2018-03-19,58.77319870938473,59.04971993432567,57.35371863422093,58.17714309692383,2781600.0
2018-03-20,58.30004550577316,58.79471274607788,58.22323502366819,58.60422134399414,760800.0
2018-03-21,58.536614655647426,59.47063977089306,58.46287379508933,58.71481704711914,1380300.0
2018-03-22,57.80819062183809,58.40849722114604,57.11860588591029,57.16786193847656,1752000.0
2018-03-23,57.066277398210985,57.16786867918339,55.243799715298465,55.265350341796875,3847500.0
2018-03-26,56.56140076436143,57.58654403161352,55.84103134329617,57.57115173339844,2399700.0
2018-03-27,58.01445497312274,58.17761544441621,54.98212649227287,55.4531364440918,3221700.0
2018-03-28,55.071410459879836,55.57628422500216,54.012403343549984,54.252525329589844,2980200.0
2018-03-29,54.61886874605089,55.95494078493298,54.22174107490538,55.42851638793945,2504100.0
2018-04-02,54.94518471835008,55.35154984606721,52.784072934912196,53.31049728393555,2379600.0
2018-04-03,53.97546661354985,54.46802730024761,53.390552119248234,54.32025909423828,1673400.0
2018-04-04,52.75637395876307,55.16376633099235,52.740981658684525,55.01907730102539,2024700.0
2018-04-05,55.36386342849413,55.43467011460713,54.10167735092906,54.45570373535156,1725000.0
2018-04-06,53.71070188183466,54.298695399539056,52.571654246737026,52.80870056152344,1179900.0
2018-04-09,53.43057147641679,54.67736903577405,53.11040878690677,53.14119338989258,1113000.0
2018-04-10,54.360271486852625,55.160681579077405,54.01547906771735,54.840518951416016,1904100.0
2018-04-11,54.53573962334276,55.34538712722637,54.43722751348128,54.862060546875,1226400.0
2018-04-12,55.2992189613079,56.04729739532619,55.24996289860564,55.89645004272461,1911300.0
2018-04-13,56.54909056915726,56.64760269208177,55.28382527015362,55.48392868041992,1289400.0
2018-04-16,55.813335086254995,55.88106261876355,55.12067098349586,55.58244705200195,849300.0
2018-04-17,56.02266488739593,56.76766412081431,55.908760468109115,56.63528823852539,1097700.0
2018-04-18,56.27202430036533,56.39824185384434,55.57936029225948,56.07807922363281,1453500.0
2018-04-19,55.000603011827145,55.062172208979504,53.46442758598977,53.652217864990234,5532900.0
2018-04-20,53.63990438373185,53.91389012774745,52.784076342712794,53.018043518066406,3552000.0
2018-04-23,53.21814124374762,53.338203983046654,52.180684887778135,52.31306076049805,2047200.0
2018-04-24,52.768671617785266,53.25199815386953,51.432599929006166,51.891300201416016,3480900.0
2018-04-25,52.1221926696511,52.199154154133716,51.0077713497598,51.826656341552734,4432800.0
2018-04-26,52.64555151501212,52.938008755249726,52.313072178582416,52.88567352294922,4609200.0
2018-04-27,53.55677849441581,53.612189355992044,52.25457040130842,52.51624298095703,3309000.0
2018-04-30,52.42696544372946,52.824093063950926,51.715830019683374,51.9405632019043,1802100.0
2018-05-01,51.81126650657407,52.851802103103,51.749697311875806,52.793312072753906,3127800.0
2018-05-02,52.84564380399851,53.011883437151276,52.33768741210334,52.55934143066406,1543200.0
2018-05-03,52.14682052657314,53.104236219647674,51.749692912997915,52.873348236083984,2396700.0
2018-05-04,52.58705312290054,54.2094275598388,52.346931137019105,54.11399459838867,1977900.0
2018-05-07,54.557303691750235,54.89286218999407,54.36027942347873,54.63734436035156,1185000.0
2018-05-08,54.603484730025485,55.03755539528402,54.39106814489763,54.96059036254883,1206300.0
2018-05-09,55.16374641889906,55.837938783581095,55.04060806271916,55.79792022705078,1043700.0
2018-05-10,56.111941005442986,56.83846522647007,56.07807724501106,56.813838958740234,1242900.0
2018-05-11,56.490596446214624,56.924663474686014,56.29665137882925,56.39823913574219,1857900.0
2018-05-14,57.10322159661108,57.774334966545275,56.986238014979065,57.087825775146484,1653900.0
2018-05-15,56.712244847976116,56.872329672517985,56.06268214985155,56.46904373168945,1263900.0
2018-05-16,56.91543545007785,57.31871792487228,56.43518795467209,57.195579528808594,1221300.0
2018-05-17,57.06320259958479,57.49419402409871,56.60142657661581,57.02933883666992,1301400.0
2018-05-18,56.52138097485022,56.601421628450446,56.013428098604486,56.213531494140625,2072700.0
2018-05-21,57.041649191918495,57.33718555037206,56.27818202744908,56.77689743041992,1473300.0
2018-05-22,57.26021468193188,57.52804556388433,56.90003002423684,57.09397506713867,1496400.0
2018-05-23,56.65068986197881,57.42031549070074,56.41364349135023,57.4018440246582,1039200.0
2018-05-24,57.44185884216445,57.7558666789504,56.918513621878354,57.63272476196289,1136100.0
2018-05-25,57.62965669476863,58.18070742149547,57.53729936412172,58.09758758544922,1400700.0
2018-05-29,57.85129472894833,58.2330300592184,57.34642101521311,57.74662780761719,1538400.0
2018-05-30,58.060642257525245,58.55627853533848,57.83590904508715,58.12221145629883,2143500.0
2018-05-31,58.02677538398683,58.29152715221134,57.60809710400557,57.7004508972168,1606500.0
2018-06-01,58.21763825933907,59.01497268676758,58.01137653297073,59.01497268676758,1060500.0
2018-06-04,59.171977968102674,59.55063768055366,58.947248290601514,59.48291015625,1170900.0
2018-06-05,59.63993002060671,59.92622897865236,59.41520027636798,59.76614761352539,641400.0
2018-06-06,59.83693002982645,60.14478302001953,59.516767429556516,60.14478302001953,1268100.0
2018-06-07,60.20327893481024,60.27100645835606,59.1812147990538,59.609127044677734,2082900.0
2018-06-08,58.92877753047124,59.1904466145655,58.602456562620915,59.07654571533203,2429700.0
2018-06-11,58.987272755817635,59.26125852174353,58.768697862173525,58.962646484375,1277700.0
2018-06-12,59.113479681614464,59.30742473426926,58.73789918600471,59.26740264892578,932400.0
2018-06-13,59.3043639392087,59.806162128054595,59.113497991395604,59.17814636230469,9156900.0
2018-06-14,59.519855915339036,59.818464413992686,59.17505994863105,59.53216552734375,1635600.0
2018-06-15,59.147341018763825,59.550626927373216,58.93800015487311,59.479820251464844,1122600.0
2018-06-18,59.10116781617761,59.10116781617761,58.36232694398438,58.907222747802734,1675800.0
2018-06-19,58.026770928653306,58.30383581008514,57.37412552829515,58.26073455810547,2631000.0
2018-06-20,58.593213516986516,58.83949380175007,58.273050908329445,58.54087829589844,2007300.0
2018-06-21,58.934930184588666,58.9595599760353,57.72815848048612,57.814353942871094,1245900.0
2018-06-22,58.09448109365097,58.131424008532235,57.24481518980342,57.35564041137695,1116300.0
2018-06-25,56.73996813715006,56.73996813715006,54.954433011064786,55.66864776611328,5441100.0
2018-06-26,55.8508877545566,56.144351101610475,55.58831491401452,55.8663330078125,11004000.0
2018-06-27,56.1628872004563,56.29262874439572,54.50404080822075,54.53184509277344,2364000.0
2018-06-28,54.36812831626959,55.06935137703568,54.29707802222469,54.9457893371582,4067700.0
2018-06-29,55.449306120397885,55.730413982130536,55.060081481933594,55.060081481933594,1278000.0
2018-07-02,54.58437173636199,55.418426207607276,54.16425297475015,55.406070709228516,2097300.0
2018-07-03,55.640834740531105,55.72115077106991,54.34341214975672,54.39592742919922,1141500.0
2018-07-05,54.880919465196726,55.86016420223771,54.880919465196726,55.850894927978516,1341000.0
2018-07-06,55.84780341082799,56.629346028030795,55.54816051934723,56.53667449951172,2263200.0
2018-07-09,57.10507347533872,57.12051873204945,56.23394897719858,56.89810562133789,1360200.0
2018-07-10,57.003120456034544,57.620941197771344,56.91662845104875,57.500465393066406,1403400.0
2018-07-11,56.57374824501079,56.91046120515726,55.97755214358016,56.02389144897461,1998600.0
2018-07-12,55.87869729521131,56.477983114367596,55.52962886039943,56.4007568359375,2267400.0
2018-07-13,56.56137870653357,56.56137870653357,56.11345930205049,56.19686508178711,802200.0
2018-07-16,56.27720559370028,56.496532522553295,56.07332745966179,56.11966323852539,612600.0
2018-07-17,55.7427767224861,56.94443451846952,55.65319141622239,56.925899505615234,4140600.0
2018-07-18,57.18229091161803,57.46339876511234,56.99385457832066,57.36454772949219,923400.0
2018-07-19,57.2533450356285,57.46958214579177,56.86412035845003,57.23789978027344,871500.0
2018-07-20,57.17921168398433,57.28732847745812,56.67877689830067,56.96915054321289,871800.0
2018-07-23,56.675689668079606,57.142144203868106,55.94048624816293,57.046382904052734,1001100.0
2018-07-24,57.40162734329971,57.67964903785346,56.34515621661209,56.425472259521484,1884000.0
2018-07-25,56.40075658346896,56.68804045905837,55.67790872206024,56.63861846923828,10230000.0
2018-07-26,57.015487094770116,57.78158095733252,57.015487094770116,57.74451446533203,7296300.0
2018-07-27,57.78466652899335,58.303636266517216,57.06490848497195,57.48811340332031,5193300.0
2018-07-30,57.46340427281303,57.62094657928617,56.64479162517755,56.925899505615234,2500200.0
2018-07-31,57.30586228018794,58.10285021049234,57.200831712023145,57.302772521972656,2271000.0
2018-08-01,57.358367350259044,57.81864225698421,56.972228951536565,57.219356536865234,3727800.0
2018-08-02,56.70348959628635,57.855721934230004,56.49960797866708,57.78158187866211,2253300.0
2018-08-03,57.81864423446004,57.95456529483745,57.54680564889717,57.90205001831055,1344300.0
2018-08-06,57.79084278937123,58.26038697949953,57.47884442692753,58.25111770629883,777900.0
2018-08-07,58.53222453777904,58.751551375530184,58.30672171986072,58.714481353759766,9879900.0
2018-08-08,58.72375866077349,58.97088274587363,58.49207629579978,58.85041046142578,1116600.0
2018-08-09,58.587846543623655,58.671252349174246,58.257313079995924,58.26966857910156,2218800.0
2018-08-10,57.061828888535295,57.31204629572872,56.55521809242553,56.82396697998047,3248100.0
2018-08-13,56.92588745644086,57.40160756836734,56.839391926492915,56.907352447509766,1687500.0
2018-08-14,57.24098739100696,57.330572696859456,56.74673216780198,56.793067932128906,1609500.0
2018-08-15,56.30499109145094,56.539759666353085,55.42768720412481,56.005348205566406,3067800.0
2018-08-16,56.376031725626206,56.45326152475499,55.78292553412963,55.93429183959961,1419900.0
2018-08-17,55.436953104032824,55.665545698929506,54.689390766111984,55.517269134521484,2195400.0
2018-08-20,55.59449742781035,55.7952892661583,54.843845352397686,55.46784210205078,957300.0
2018-08-21,55.64392586225028,56.697310696207424,55.63157036458547,56.549034118652344,2549100.0
2018-08-22,56.43164855308081,56.88883378746347,56.08566986905212,56.814697265625,1440300.0
2018-08-23,56.786887042589235,57.299677234237066,56.786887042589235,56.87955856323242,1847700.0
2018-08-24,57.132871823276105,57.735243842728124,57.12360254909816,57.70435333251953,1685100.0
2018-08-27,58.17389527704566,59.057375146771065,58.047239947956584,58.6218147277832,17873700.0
2018-08-28,58.93382374793392,59.10063535474126,58.278932819492184,58.847328186035156,1616100.0
2018-08-29,58.84731775359074,59.184030666008084,58.640349928616736,59.001773834228516,4280400.0
2018-08-30,58.865851853688575,59.08826492975983,58.39321788045096,58.47353744506836,1811400.0
2018-08-31,58.390137343069384,58.88130284114327,58.390137343069384,58.791717529296875,1099800.0
2018-09-04,58.578561980034706,59.28905425348094,58.4519101930716,59.26434326171875,1289700.0
2018-09-05,59.20874076048848,59.3693728193906,58.479713444435944,58.97705841064453,1579500.0
2018-09-06,58.7546432936269,58.804068812740894,57.352190211676415,57.41397476196289,1494000.0
2018-09-07,57.30585467494581,58.00708121866927,57.040192066767936,57.17611312866211,8400900.0
2018-09-10,57.5838797774043,57.79703066956578,57.24717037474533,57.78158187866211,951000.0
2018-09-11,57.549878541575524,57.62710832718826,56.91661621773616,57.222434997558594,1734900.0
2018-09-12,56.48415983379236,56.58610063738773,55.32574803873998,56.56138610839844,2111400.0
2018-09-13,57.18539093903331,57.923684081060074,57.00004433016186,57.20701217651367,2159700.0
2018-09-14,57.5375461061834,58.078137146153686,57.370734510271646,57.849544525146484,1979100.0
2018-09-17,57.63639549278808,57.78776182804641,56.97223888665075,57.04328918457031,1527600.0
2018-09-18,57.274971221178156,57.88352278165299,57.274971221178156,57.534454345703125,1312800.0
2018-09-19,57.55607434790696,57.89896323906871,57.38308325576516,57.6240348815918,1104900.0
2018-09-20,58.078136477299765,58.54459098882212,57.99473421549694,58.32217788696289,1450200.0
2018-09-21,58.37779356268958,58.59403073570508,58.013279774051455,58.16464614868164,1707600.0
2018-09-24,57.69507741336508,58.39321059831811,57.57460161665544,58.36540985107422,833400.0
2018-09-25,58.22333015677836,58.22333015677836,57.2811553403815,57.43560791015625,1470300.0
2018-09-26,57.167837631781936,57.51223988563254,56.77999495260572,56.84204864501953,1049700.0
2018-09-27,57.02511405118085,57.282642574815156,56.85756622876702,57.0561408996582,1055700.0
2018-09-28,56.99098125962697,57.61773564355084,56.82033004983619,57.41605758666992,2376600.0
2018-10-01,57.71081558797572,58.08624469483771,57.4781106864113,57.61463165283203,1025100.0
2018-10-02,57.46259726302667,58.40893029266898,57.46259726302667,57.61463165283203,2016900.0
2018-10-03,57.86595212761066,58.07073002204088,57.15232401488674,57.66737747192383,1986300.0
2018-10-04,57.27022302631522,57.36640695076666,56.1563423073071,56.64657211303711,1919100.0
2018-10-05,56.66209828192807,56.71794874294577,54.79115222277759,55.30620574951172,2436900.0
2018-10-08,54.856306674278905,55.35274335674361,54.21714222635857,54.688758850097656,2152200.0
2018-10-09,54.38777827063926,54.90283162883881,54.288490961848844,54.62668991088867,1609800.0
2018-10-10,53.9161721348948,53.950302375772,52.17243710777259,52.215877532958984,6056400.0
2018-10-11,52.119694841667126,53.25529597775676,51.29126590171791,51.69462203979492,4370400.0
2018-10-12,53.090857433096815,53.38871947709097,51.86837885392459,52.6347541809082,4856100.0
2018-10-15,52.40823063684818,52.7867630238476,52.01418483116484,52.20344924926758,3884100.0
2018-10-16,52.78368248022554,53.97823390962582,52.72472862703596,53.90376663208008,1955100.0
2018-10-17,54.297804518950876,54.403298629543706,53.31734133189449,53.68967056274414,2425500.0
2018-10-18,53.46937495583755,53.472478350363296,52.15071634596637,52.346187591552734,4058700.0
2018-10-19,52.66888099969018,52.96984641948905,51.340911918974975,51.56120681762695,3382800.0
2018-10-22,51.83113002630878,52.18173901296771,51.39674714813321,51.87767028808594,3923700.0
2018-10-23,50.52178844375048,51.893194277720106,49.96019114138406,51.60774230957031,4304700.0
2018-10-24,50.745184275020556,50.745184275020556,48.13578657400781,48.22266387939453,9218700.0
2018-10-25,48.4987995964292,49.674737589902826,48.424335880274846,49.2993049621582,9226500.0
2018-10-26,48.2257784734717,49.296219187511824,47.65487439211964,48.44296646118164,3910200.0
2018-10-29,49.42343199874124,49.64993016641034,47.03122530562732,47.93722152709961,4422600.0
2018-10-30,47.79757975649779,49.97880091624891,47.79757975649779,49.92915725708008,2495700.0
2018-10-31,50.70483125297219,50.953053061745926,50.11531422181821,50.56210708618164,3495900.0
2018-11-01,50.925133325947954,53.05671080522579,50.88789969424482,52.93570327758789,3511500.0
2018-11-02,52.70300277209867,52.985351326116756,51.492938047848995,52.1383056640625,3240000.0
2018-11-05,52.05763923066714,52.063846020549256,50.7948273500878,51.66359329223633,2405100.0
2018-11-06,51.551879040678806,52.46718856852718,51.551879040678806,52.26551055908203,1184400.0
2018-11-07,52.9543229662082,53.031890077468944,52.28103191855758,52.85813903808594,1827900.0
2018-11-08,52.442366183510174,53.05981025193587,52.20345454045078,52.71540451049805,1706100.0
2018-11-09,52.116588264803944,52.16622837609186,51.260232430781116,51.71012878417969,1690200.0
2018-11-12,50.82895923137238,50.93134996295707,49.2434616909207,49.401702880859375,2249100.0
2018-11-13,49.81125350815887,51.07716860215738,49.81125350815887,50.08119201660156,2411100.0
2018-11-14,50.54970526726983,51.027525047601195,49.82056379416033,50.30148696899414,3722100.0
2018-11-15,50.0377628818409,52.184850601747115,50.02534930193755,52.001792907714844,4985100.0
2018-11-16,50.115318492437595,51.60773156149159,50.10911170391142,51.37502670288086,4494300.0
2018-11-19,51.12060782700575,51.2695423633183,49.361359450953714,49.41100311279297,2579100.0
2018-11-20,47.99925691569197,50.11221756185264,47.943410019388175,49.47305679321289,3124200.0
2018-11-21,50.02533531587118,50.41007451702064,49.65921292857668,49.67782974243164,2259900.0
2018-11-23,49.29930529571588,50.09360387764176,49.26827845120875,49.70576477050781,1488000.0
2018-11-26,50.36975580722235,50.60866396165409,49.879522367492996,50.60556411743164,1907400.0
2018-11-27,50.332509972887834,51.108191651978295,50.081188299281415,50.680015563964844,2013000.0
2018-11-28,51.25713115848549,51.88698536916435,50.24564105781907,51.86526870727539,1681200.0
2018-11-29,51.73804269755976,51.98316111893102,51.35640689372151,51.48672103881836,2874300.0
2018-11-30,51.452591263059894,52.20965603705872,50.96856478837461,52.20344924926758,1842600.0
2018-12-03,53.77654910539267,53.97202035826991,53.05050744345683,53.57487106323242,2338500.0
2018-12-04,53.14978930266609,53.27390022000234,50.94374819507642,51.01200866699219,2076900.0
2018-12-06,49.58476065184282,50.75138854980469,49.33033553824609,50.75138854980469,5354400.0
2018-12-07,50.67382599086065,50.751396670678844,48.58258494540952,48.85873031616211,1956000.0
2018-12-10,48.68807159634534,49.71197174521472,48.56396065819404,49.4854736328125,1613100.0
2018-12-11,50.369749032185496,50.9685763614206,49.5196000022523,49.80194854736328,2491500.0
2018-12-12,50.614863006169976,51.28505419561797,50.20530369639325,50.509368896484375,1403700.0
2018-12-13,50.89101907349929,51.13613760020757,50.18670099832803,50.403892517089844,1341000.0
2018-12-14,49.82056429688628,50.67071330860713,49.64680971094268,49.69024658203125,1363500.0
2018-12-17,49.61842175566027,50.34599993991527,48.73537671800585,49.04631042480469,1176300.0
2018-12-18,49.45984427403616,50.464149884716484,49.45051434212973,49.69304275512695,2520300.0
2018-12-19,49.41632605219215,49.97911468246479,47.373508045879774,47.5787239074707,3022800.0
2018-12-20,47.55695017855664,48.32806096966506,46.6179361739274,47.24912643432617,3256500.0
2018-12-21,47.55073733721362,48.0917596746849,46.319449292731846,46.446929931640625,2780100.0
2018-12-24,46.04271128486189,46.55885723814537,45.08504104614258,45.08504104614258,2641800.0
2018-12-26,45.831280009518636,47.7901496887207,45.019750166107755,47.7901496887207,4233900.0
2018-12-27,47.056348734891124,48.110406966920024,46.49045379468566,48.10418701171875,2700600.0
2018-12-28,48.34360360607146,49.32614654870206,48.06376612436101,48.449317932128906,1011000.0
2018-12-31,48.953031762836595,49.16757396929129,48.28141890205532,48.788238525390625,2207700.0
