Date,Open,High,Low,Close,Volume
2013-01-02,12.54924040577189,12.803617328480454,12.506844701232179,12.789484977722168,10226100.0
2013-01-03,12.90960092792447,12.930798095923608,12.725884501436521,12.7824125289917,13148600.0
2013-01-04,12.789477763256663,12.803610106042981,12.662289373648566,12.690552711486816,7464200.0
2013-01-07,12.619897742646453,12.619897742646453,12.485643138563987,12.506841659545898,9429900.0
2013-01-08,12.513905421826703,12.520971594886737,12.36551983077012,12.393784523010254,8112900.0
2013-01-09,12.54923628712687,12.669358533678025,12.294859447904493,12.393784523010254,12977400.0
2013-01-10,12.584565299004451,12.874271644150966,12.49977392116065,12.84600830078125,15772200.0
2013-01-11,12.775348165430875,12.860140892633295,12.662292094317435,12.824810028076172,12556600.0
2013-01-14,12.831875281845353,12.860139971466461,12.64815884251188,12.725885391235352,8392500.0
2013-01-15,12.634029940781323,12.676426986767213,12.55630471861042,12.641096115112305,12064700.0
2013-01-16,12.549237948749342,12.612832166975334,12.542171774753688,12.57750129699707,8976600.0
2013-01-17,12.789482213400518,12.966132516492419,12.711755648764928,12.902538299560547,11372400.0
2013-01-18,12.867206119254377,12.867206119254377,12.71175435355712,12.817744255065918,12608400.0
2013-01-22,12.789480112673804,12.831875801086426,12.711753560805132,12.831875801086426,11338900.0
2013-01-23,12.82480944189535,12.937865507841362,12.803612271864608,12.909602165222168,9210500.0
2013-01-24,12.74708443927871,12.768281609642678,12.570434164994259,12.584565162658691,8766400.0
2013-01-25,12.542167663574219,12.570432350291988,12.414979268813138,12.542167663574219,9410300.0
2013-01-28,12.506840441348793,12.506840441348793,12.372585850343055,12.37965202331543,13755500.0
2013-01-29,12.556302470673357,12.626962853597997,12.485642087748717,12.549236297607422,10022400.0
2013-01-30,12.506842252510308,12.612832166975334,12.450314208279968,12.57750129699707,8748500.0
2013-01-31,12.570432750084848,12.626960777583776,12.528035718659789,12.535101890563965,10751300.0
2013-02-01,12.641094464440295,12.810678583034743,12.626963465358504,12.768282890319824,8979400.0
2013-02-04,12.725886536492341,12.81067791751725,12.63402763469154,12.648159980773926,5769800.0
2013-02-05,12.704687540728711,12.874271644150966,12.69762136795262,12.84600830078125,6314500.0
2013-02-06,12.888402101884349,12.91666678884867,12.711751851560713,12.747082710266113,5810300.0
2013-02-07,12.76121632454694,12.97319747707337,12.732952979517588,12.930800437927246,8194200.0
2013-02-08,12.881339627670028,13.057989928700287,12.874273453900638,13.036792755126953,9341100.0
2013-02-11,13.02972862972043,13.121586207693477,12.994397755319218,13.057991981506348,4804300.0
2013-02-12,13.001456491168938,13.093315364318237,12.95906081388003,13.07211685180664,4868400.0
2013-02-13,13.086253358274922,13.107450529798388,12.966131111281346,13.008526802062988,6487300.0
2013-02-14,13.022657363398396,13.128647249693278,12.980261678427349,13.121581077575684,5087900.0
2013-02-15,13.107451846414454,13.14278271539366,13.065056151374254,13.093320846557617,5266400.0
2013-02-19,13.185176784079376,13.538477343883722,13.156913440117062,13.531411170959473,11089400.0
2013-02-20,13.559676505215645,13.602072197035481,13.326498178604426,13.347695350646973,9250100.0
2013-02-21,13.312365019013788,13.361826881071764,13.163978085105194,13.206375122070312,7048100.0
2013-02-22,13.19223941849786,13.425417671514797,13.185173247468944,13.354757308959961,8572300.0
2013-02-25,13.262902549316482,13.291165891597016,12.895469665527344,12.895469665527344,11474200.0
2013-02-26,12.761215436943143,12.768281609642678,12.49977378573355,12.584565162658691,18927900.0
2013-02-27,12.718819886280896,12.980262888057695,12.711753713504804,12.84600830078125,15507300.0
2013-02-28,12.937865352815445,13.07211993491813,12.80361211844736,12.895469665527344,9086700.0
2013-03-01,12.838941633231677,12.966130042830578,12.768281255928443,12.895469665527344,8703200.0
2013-03-04,12.641093969973015,12.838942774461565,12.634027796841133,12.817744255065918,10449900.0
2013-03-05,13.001461531608248,13.008527705184878,12.902537797005031,12.95199966430664,8628300.0
2013-03-06,12.923736876924652,13.022660615808144,12.775349920864551,12.803614616394043,9243600.0
2013-03-07,12.838945042802393,12.895473090109915,12.70469042504642,12.754152297973633,12116900.0
2013-03-08,12.838942203843818,12.85307454947948,12.570434375439524,12.65522575378418,9194700.0
2013-03-11,12.62696446736676,12.634029293600896,12.506842205363254,12.520973205566406,8261800.0
2013-03-12,12.577499889602358,12.64816027391726,12.506840853022187,12.528038024902344,6289800.0
2013-03-13,12.72588769926056,12.75415104627306,12.648161136440244,12.71882152557373,9987400.0
2013-03-14,12.754152297973633,12.824812694041775,12.619899027952616,12.754152297973633,7771400.0
2013-03-15,12.62696055489944,12.65522389428322,12.443244131834257,12.464441299438477,13988800.0
2013-03-18,12.330192576687779,12.330192576687779,12.153542260962938,12.181805610656738,13773100.0
2013-03-19,12.16060411549573,12.181802633386308,12.01221853346554,12.068746566772461,12270900.0
2013-03-20,12.111141973253563,12.245396554636777,12.082878631124492,12.188868522644043,10920000.0
2013-03-21,12.08994714747341,12.08994714747341,11.920363018617865,11.934494018554688,8847800.0
2013-03-22,11.948623778667283,12.075812184699107,11.927425261750459,12.06167984008789,5857700.0
2013-03-25,12.118208061751538,12.160603748518676,11.962756311782304,11.976888656616211,8533300.0
2013-03-26,12.005151809377587,12.089944529310323,11.976888467889715,12.06167984008789,8555300.0
2013-03-27,12.01928625735666,12.195936552706872,11.991021563187923,12.132342338562012,10581000.0
2013-03-28,12.089942999999748,12.160602018648733,12.033414976439925,12.14647102355957,11994500.0
2013-04-01,12.16060411549573,12.203001151276888,12.033417051356118,12.068746566772461,10849200.0
2013-04-02,12.104076791505717,12.174737174213831,12.06168110097473,12.089945793151855,10203600.0
2013-04-03,12.07581331799709,12.097011836903365,11.76490844604516,11.828502655029297,15742400.0
2013-04-04,11.821435191556741,11.899161737993268,11.764907161712326,11.892095565795898,11240200.0
2013-04-05,11.694247516333954,11.856766791533623,11.644785655604126,11.821435928344727,11192000.0
2013-04-08,11.73664624886964,11.913296547147704,11.701315380573137,11.899164199829102,9706100.0
2013-04-09,11.779039872145256,12.061680030150491,11.779039872145256,11.976888656616211,10358700.0
2013-04-10,12.047545971529088,12.18886670429584,11.98395177655749,12.14647102355957,12085500.0
2013-04-11,12.25246524810791,12.379653683194858,12.160606334885173,12.25246524810791,8494300.0
2013-04-12,12.181804154874078,12.273663062805,12.082880421165203,12.231266021728516,7375800.0
2013-04-15,12.026352930685725,12.132342842753584,11.92742784471885,11.934494018554688,9138100.0
2013-04-16,12.11114521481981,12.217136482442676,12.097014213840389,12.181805610656738,9856000.0
2013-04-17,12.082878912032848,12.13234077270958,12.005152360835345,12.068746566772461,21226100.0
2013-04-18,12.8177415082901,12.951996073556368,12.641091261052434,12.676422119140625,24337500.0
2013-04-19,13.149848233978979,13.411289912724152,13.107451193316429,13.284101486206055,21119200.0
2013-04-22,13.163974377221658,13.262899421208155,12.966126984717228,13.07211685180664,20376200.0
2013-04-23,12.959069365544071,13.079191653576341,12.810682375511188,12.91667366027832,21663000.0
2013-04-24,12.888405254521173,13.093320241933448,12.867206734112557,13.029726028442383,10201900.0
2013-04-25,13.07212053381676,13.206375122070312,13.050922015334201,13.206375122070312,15245700.0
2013-04-26,13.213443105617223,13.291168321901782,13.065056151374254,13.093320846557617,7028200.0
2013-04-29,13.171044217396457,13.326497323654134,13.15691321951957,13.305298805236816,7825300.0
2013-04-30,13.326498982020066,13.573808322324291,13.298234287279683,13.481950759887695,12088600.0
2013-05-01,13.503149032592773,13.54554472618878,13.446620991886498,13.503149032592773,8604300.0
2013-05-02,13.517275759146354,13.806983392390848,13.517275759146354,13.799917221069336,11268200.0
2013-05-03,13.708063678222523,13.835252116055905,13.708063678222523,13.715129852294922,9254600.0
2013-05-06,13.771655937446164,13.870579664913203,13.764589764379274,13.814051628112793,5661100.0
2013-05-07,13.863512862486576,13.863512862486576,13.686862604210793,13.757521629333496,8522800.0
2013-05-08,13.990705293183877,14.329874943699542,13.93417724272044,14.280411720275879,14032800.0
2013-05-09,14.216818842772664,14.344005945514127,14.202686493223046,14.280411720275879,8912600.0
2013-05-10,14.202682950187842,14.259210986549663,14.132022567801894,14.252144813537598,7955300.0
2013-05-13,14.195616610642952,14.202682783572122,14.075494366316436,14.082560539245605,6519800.0
2013-05-14,14.110827404357561,14.1673554541619,14.033102178210981,14.054299354553223,8539100.0
2013-05-15,14.026035408401015,14.040167757186225,13.962441186602527,13.990704536437988,9222200.0
2013-05-16,13.849380925521833,13.884710439121825,13.743391036987305,13.743391036987305,10411800.0
2013-05-17,13.863517011599024,13.863517011599024,13.729262397763666,13.78579044342041,10542300.0
2013-05-20,13.891776549445078,13.898842721680479,13.665664428850437,13.68686294555664,8361000.0
2013-05-21,13.693927238993027,13.799918470679046,13.552607842969161,13.587937355041504,12950200.0
2013-05-22,13.566742678474741,13.616204543553675,13.305299658827137,13.347695350646973,12530800.0
2013-05-23,13.107448066761524,13.312363004547274,13.001458185856755,13.24876880645752,11028900.0
2013-05-24,13.248767681910085,13.33356038807742,13.178107318059695,13.326494216918945,5303600.0
2013-05-28,13.503146660041162,13.580871860021443,13.418353940012736,13.460749626159668,9106200.0
2013-05-29,13.439557049284256,13.637404550731306,13.439557049284256,13.595008850097656,13092900.0
2013-05-30,13.552610385636925,13.55967655892401,13.39715726879055,13.404223442077637,8189600.0
2013-05-31,13.368896203988506,13.368896203988506,13.163981186910656,13.185179710388184,5732400.0
2013-06-03,13.163980530054987,13.234640923719297,13.13571718123021,13.220508575439453,7736400.0
2013-06-04,13.213438242863573,13.446616501373667,13.206372071668195,13.38302230834961,10672000.0
2013-06-05,13.390094727466034,13.404225728716076,13.156916360153124,13.185179710388184,6480800.0
2013-06-06,13.178109818717175,13.241704023476627,13.072119926696287,13.142780303955078,6501100.0
2013-06-07,13.298232673358747,13.319431191841307,13.178110430760235,13.206375122070312,9081200.0
2013-06-10,13.227573047873214,13.383026163482885,13.17811118299186,13.291167259216309,7479600.0
2013-06-11,13.171043586663894,13.248770136070577,13.072119867589636,13.086252212524414,6397300.0
2013-06-12,13.171044434217352,13.227572469859435,12.923735120617415,12.973196983337402,8052500.0
2013-06-13,12.838941787072256,12.937865507841362,12.71175337594934,12.909602165222168,10935400.0
2013-06-14,12.909602641791432,12.951998331152607,12.64815963730575,12.711753845214844,12849000.0
2013-06-17,12.874273659748043,12.98026492024877,12.740020399187552,12.803614616394043,9447900.0
2013-06-18,12.888404707009405,13.029725474927172,12.803613324446525,13.022659301757812,5406300.0
2013-06-19,12.930799812604686,13.043855882724262,12.711753845214844,12.711753845214844,8924900.0
2013-06-20,12.492708289189125,12.506840635353093,12.266596141504477,12.301925659179688,12639600.0
2013-06-21,12.43618260585585,12.44324878027513,12.118211495663058,12.139410018920898,23104500.0
2013-06-24,11.856768157957859,12.061681797130067,11.736645904741467,11.96275806427002,13192700.0
2013-06-25,12.146471443606128,12.414979227867162,12.11114058532544,12.38671588897705,11598600.0
2013-06-26,12.400847101156897,12.513903154160937,12.358451418213996,12.464441299438477,9187600.0
2013-06-27,12.6410945134107,12.803613806961222,12.591632647095887,12.66935920715332,12208300.0
2013-06-28,12.930800591072654,13.008527149359702,12.86014155379506,12.94493293762207,12464500.0
2013-07-01,13.14278266619814,13.192244534849038,13.015594233818781,13.036792755126953,11763500.0
2013-07-02,13.178106718896055,13.319427440171461,13.057984510132245,13.07211685180664,12477200.0
2013-07-03,13.088098177563735,13.189781069349031,13.022730208465903,13.16072940826416,6647800.0
2013-07-05,13.422201030757721,13.465780604046827,13.189782181184956,13.226097106933594,13475100.0
2013-07-08,12.979154481531419,13.01546941109442,12.761260748176115,12.783050537109375,12284200.0
2013-07-09,12.971894426581697,13.088103892313525,12.935578102711684,12.957367897033691,9364200.0
2013-07-10,13.051787568443512,13.15347188995344,12.935578102711684,12.957367897033691,8103100.0
2013-07-11,13.436726258448815,13.55293567202017,13.414936473907128,13.465779304504395,13715600.0
2013-07-12,13.494836119997244,13.538414320401149,13.29873214019065,13.393153190612793,8718400.0
2013-07-15,13.32051655139414,13.429462701051254,13.298726767332536,13.364094734191895,6033700.0
2013-07-16,13.247888867675899,13.400414626264743,13.247888867675899,13.38588809967041,5607100.0
2013-07-17,13.385886035155382,13.53841038489446,13.35683298644759,13.400412559509277,12115500.0
2013-07-18,12.732208586715359,12.753996989475983,12.158423301706621,12.209264755249023,43566600.0
2013-07-19,11.926003338736193,11.99863457367782,11.541059455936264,11.976844787597656,24303600.0
2013-07-22,11.998634937174428,12.093054575731063,11.940530224525968,12.071266174316406,18796700.0
2013-07-23,12.325473344684896,12.36178965567815,12.129370806623784,12.158422470092773,14272700.0
2013-07-24,12.398105585652782,12.507051756806485,12.318211080321396,12.361790657043457,17278700.0
2013-07-25,12.419894972104743,12.485262949746796,12.39810518444883,12.477999687194824,12460600.0
2013-07-26,12.427158196388788,12.448946598651924,12.202001213948092,12.274632453918457,14971300.0
2013-07-29,12.23832069962857,12.245583964041323,12.114847975263851,12.129374504089355,5983600.0
2013-07-30,12.361789141207923,12.441682251416879,12.267368121880672,12.325472831726074,8600400.0
2013-07-31,12.390839766628831,12.42715607307181,12.325471800356912,12.332735061645508,10546900.0
2013-08-01,12.376314778407307,12.543365634080239,12.318208687398853,12.528839111328125,15090600.0
2013-08-02,12.38357801637547,12.38357801637547,12.172948954607152,12.202000617980957,11401700.0
2013-08-05,12.158423222981153,12.245580989436435,12.064003579203158,12.216527938842773,7301600.0
2013-08-06,12.100318074932456,12.209264240116052,12.03495009875717,12.049476623535156,13470400.0
2013-08-07,11.911478576312815,11.911478576312815,11.700849487689565,11.744427680969238,17069600.0
2013-08-08,11.809794741725229,11.817058004259197,11.686322049299124,11.780741691589355,10922600.0
2013-08-09,11.729900317825285,11.817058083491613,11.71537379265995,11.773478507995605,10587800.0
2013-08-12,11.744425324895845,11.78800350943321,11.59916355533337,11.657267570495605,14971700.0
2013-08-13,11.817059516906738,11.88242750275423,11.700850072139163,11.817059516906738,16817700.0
2013-08-14,11.831586869457254,11.838848748101846,11.664534568786621,11.664534568786621,7870800.0
2013-08-15,11.584635089386097,11.686318657359607,11.533793651730662,11.620950698852539,10792600.0
2013-08-16,11.700852408270537,11.773482286756781,11.59916877746582,11.59916877746582,10987100.0
2013-08-19,11.620952531812216,11.642742316526542,11.482954025268555,11.482954025268555,6690600.0
2013-08-20,11.51200978091476,11.606429438595365,11.4829574187062,11.497483253479004,10514800.0
2013-08-21,11.453900491678116,11.562846633375253,11.403058358578466,11.439373970031738,10358700.0
2013-08-22,11.53379928063169,11.708114152609891,11.526536016661145,11.664534568786621,8432900.0
2013-08-23,11.758953289313128,11.831584529327134,11.722636976643287,11.780741691589355,7465700.0
2013-08-26,11.751688763589648,11.926002889690821,11.737162240083169,11.809793472290039,7273500.0
2013-08-27,11.671795168173924,11.737163143659858,11.57737483610122,11.606427192687988,8530100.0
2013-08-28,11.744425501836409,11.83884513397747,11.715372454823449,11.809793472290039,6967400.0
2013-08-29,11.955054459936184,12.165684893192482,11.955054459936184,12.107580184936523,9963200.0
2013-08-30,12.194739340332603,12.419894937513876,11.991372145420875,12.027687072753906,11490100.0
2013-09-03,12.390841883740768,12.514314576092683,12.2165277390073,12.274632453918457,11182100.0
2013-09-04,12.347266461798274,12.347266461798274,12.165689013830653,12.245583534240723,13726500.0
2013-09-05,12.318210681702837,12.536104402284906,12.31094880447655,12.477999687194824,7738300.0
2013-09-06,12.514313167793624,12.55789273806702,12.347262304388842,12.354525566101074,6338000.0
2013-09-09,12.427156264984463,12.594207121225608,12.412629742182938,12.565154075622559,9635300.0
2013-09-10,12.739470953417685,12.739470953417685,12.59420848037682,12.695891380310059,12162900.0
2013-09-11,12.674099999063243,12.724941437075685,12.63778369667915,12.666836738586426,7063000.0
2013-09-12,12.630521765109675,12.695889730953377,12.507049094663286,12.550628662109375,5454000.0
2013-09-13,12.53610313268899,12.594207841894507,12.50705008542346,12.586944580078125,4095700.0
2013-09-16,12.819363397038089,12.899257891568967,12.783048473337983,12.797574996948242,7962200.0
2013-09-17,12.92831239603306,12.94283892283729,12.797577810772532,12.841156005859375,5369100.0
2013-09-18,12.695893634538203,12.906524119313536,12.601473980024823,12.790314674377441,14262300.0
2013-09-19,12.841155255605637,12.884733448146392,12.768524011153868,12.783050537109375,8842600.0
2013-09-20,12.739471432441038,12.790312884319372,12.565155904107229,12.572419166564941,10964700.0
2013-09-23,12.87020312723375,12.89199290974199,12.732205327324289,12.819361686706543,10653800.0
2013-09-24,12.812100606639127,12.848416917000987,12.681364659987612,12.753995895385742,9132700.0
2013-09-25,12.659579730560532,12.688631401490873,12.528843748059064,12.57968521118164,8526900.0
2013-09-26,12.54337027618722,12.58694847524572,12.456212492744251,12.57968521118164,4675400.0
2013-09-27,12.528843508690224,12.536106772615536,12.369055858311226,12.398107528686523,7682900.0
2013-09-30,12.252843061300595,12.434420453887396,12.158422041373141,12.318209648132324,10700100.0
2013-10-01,12.419894383084145,12.659576494629382,12.412631120876638,12.652313232421875,9771900.0
2013-10-02,12.637786746434788,12.703154721175492,12.492525657819817,12.688628196716309,7562800.0
2013-10-03,12.90652287345869,12.964627590317942,12.72494546010781,12.855681419372559,10645800.0
2013-10-04,12.783051283968303,12.891997464348332,12.746734966957732,12.841156005859375,4444200.0
2013-10-07,12.783048473337983,12.899257891568967,12.695890717001976,12.797574996948242,6451300.0
2013-10-08,12.942835940369,13.051782095644139,12.674102183045356,12.681364059448242,10981400.0
2013-10-09,12.819363535426387,12.833890059193463,12.456208753202832,12.536103248596191,16482600.0
2013-10-10,12.659575833344835,12.833889961242676,12.652312571516733,12.833889961242676,10695500.0
2013-10-11,13.00094348620008,13.160732508446507,12.950102028331063,13.13894271850586,11789100.0
2013-10-14,13.008203160959916,13.102624172662443,12.964624978426297,13.08083438873291,6662100.0
2013-10-15,13.073570904557217,13.24062175585957,13.051781120999136,13.182517051696777,11212900.0
2013-10-16,13.19704963604156,13.291469304180081,13.17525984247449,13.276944160461426,15598100.0
2013-10-17,13.255152615506836,13.589254427434424,13.204311155894018,13.545676231384277,11722200.0
2013-10-18,13.618303411884842,13.91609020233202,13.58198849025,13.857985496520996,18201700.0
2013-10-21,13.76356335835873,13.807141533436205,13.705458663147027,13.785351753234863,9149900.0
2013-10-22,13.843462578784523,13.981461810519844,13.814410910976246,13.916093826293945,9070100.0
2013-10-23,13.785355356979004,13.79988188091073,13.574726301271241,13.596514701843262,7310500.0
2013-10-24,13.654622172724679,13.676411963027391,13.494834533149,13.567465782165527,10937800.0
2013-10-25,13.349567150336206,13.443988155105577,13.284200573998246,13.414935111999512,11326500.0
2013-10-28,13.502096971028992,13.581991478594793,13.473043919068422,13.516623497009277,4698300.0
2013-10-29,13.574727810300121,13.647359052707207,13.502096567893034,13.632832527160645,6290000.0
2013-10-30,13.61830761098834,13.734517058442703,13.422203648911895,13.494834899902344,6733800.0
2013-10-31,13.50209673974014,13.560201457340188,13.327782586939993,13.371360778808594,11222600.0
2013-11-01,13.45851467665861,13.531144513773086,13.36409367188924,13.414935111999512,6402000.0
2013-11-04,13.43672984559628,13.473044777535119,13.262415678703324,13.320520401000977,8109000.0
2013-11-05,13.167992553751189,13.197045602961866,13.102625963678435,13.131677627563477,9365500.0
2013-11-06,13.131679833240403,13.298730738283782,13.095364900953014,13.269679069519043,9934100.0
2013-11-07,13.320517365283301,13.327780627080957,13.146203238116163,13.167991638183594,10357600.0
2013-11-08,13.073571127423067,13.102624172662443,12.979151501045985,13.08083438873291,8990200.0
2013-11-11,12.95736452286243,12.964627785745039,12.862943490714278,12.877470016479492,6615000.0
2013-11-12,12.82662552374759,12.935571670532227,12.790310603261183,12.935571670532227,8571600.0
2013-11-13,12.71042016148668,12.89199759236506,12.60873724349906,12.790314674377441,12877300.0
2013-11-14,12.790310325876844,12.81936198457084,12.695889318139233,12.710415840148926,10754400.0
2013-11-15,12.804838896140154,12.906523192148947,12.73947230021946,12.826628684997559,12669700.0
2013-11-18,12.870206559593079,12.986415993311583,12.833891631053193,12.855681419372559,10210200.0
2013-11-19,12.957362997750776,12.96462625977848,12.746732554924083,12.761259078979492,8452000.0
2013-11-20,12.695891262297959,12.841153733988566,12.659576337038107,12.746732711791992,10457400.0
2013-11-21,12.579682999350862,12.601472787711893,12.245581223102745,12.361790657043457,19212800.0
2013-11-22,12.33999896916299,12.485261431891217,12.296420784474726,12.441681861877441,15826400.0
2013-11-25,12.478000720428792,12.528842177176802,12.441684404661787,12.47073745727539,9930300.0
2013-11-26,12.674102183045356,12.746732029678432,12.601470951086753,12.681364059448242,14337100.0
2013-11-27,12.826627931126502,12.87020612095429,12.717681763894191,12.768523216247559,13181100.0
2013-11-29,12.855681613157415,12.92104959377514,12.826628561626984,12.877470016479492,3991200.0
2013-12-02,12.84841828546461,12.891996477214693,12.60873615285055,12.637787818908691,12010000.0
2013-12-03,12.666839325960433,12.855679980955122,12.659576063999994,12.732207298278809,10074800.0
2013-12-04,12.68862764846225,12.81936359229478,12.674102509956294,12.739470481872559,6448500.0
2013-12-05,12.717682324888626,12.761260516638707,12.630524556062722,12.637787818908691,9852400.0
2013-12-06,12.724943764222493,12.81210013523296,12.710417240612234,12.797574996948242,6875100.0
2013-12-09,12.855680100014073,12.8702052387439,12.688627844028026,12.761259078979492,9100100.0
2013-12-10,12.666840675616431,12.70315560396242,12.579682908130051,12.615999221801758,9872100.0
2013-12-11,12.7830491411997,12.81936406679711,12.659576454712647,12.695891380310059,7899600.0
2013-12-12,12.666839428953859,12.69589109170626,12.412630799573838,12.434420585632324,10866900.0
2013-12-13,12.521576313248733,12.543366098183123,12.361788713039738,12.405366897583008,10409400.0
2013-12-16,12.427159309387205,12.521578960077097,12.419896046207091,12.427159309387207,7179800.0
2013-12-17,12.557892621472716,12.565154497792003,12.398103635938211,12.405366897583008,24563300.0
2013-12-18,12.354528506971452,12.383580175410316,12.114846354715958,12.347265243530273,16981600.0
2013-12-19,12.325471688670628,12.412629438018563,12.274630245436594,12.383576393127441,8418300.0
2013-12-20,12.296422914026868,12.44894727951343,12.25284472179153,12.340001106262207,7594000.0
2013-12-23,12.441682736965681,12.52884049779798,12.390841287032512,12.448945999145508,7667100.0
2013-12-24,12.45620791785417,12.507049362303807,12.405366473404532,12.485260963439941,2766700.0
2013-12-26,12.536104402284906,12.594209117374987,12.419894972104743,12.477999687194824,2839300.0
2013-12-27,12.507050201062041,12.550629772363267,12.470735276969908,12.536103248596191,4619200.0
2013-12-30,12.645050523964093,12.797576266349868,12.645050523964093,12.768523216247559,7808000.0
2013-12-31,12.688625134691593,12.753993093657673,12.630520436202334,12.666836738586426,7647200.0
2014-01-02,12.630525252018865,12.637788515265049,12.42715942242897,12.45621109008789,6029100.0
2014-01-03,12.405368972082272,12.46347368963175,12.289159536983316,12.310949325561523,11362700.0
2014-01-06,12.340000431359217,12.361790218948029,12.245580789125718,12.274632453918457,10370200.0
2014-01-07,12.274635234360282,12.33273996243328,12.223793770462157,12.281898498535156,13083100.0
2014-01-08,12.390840296379384,12.463471527045131,12.38357703478026,12.412630081176758,13428900.0
2014-01-09,12.32547318550529,12.339999709714986,12.100317601557391,12.172948837280273,9422200.0
2014-01-10,12.23105426406651,12.354526956418425,12.2165277390073,12.274632453918457,11148000.0
2014-01-13,12.354529754957902,12.448949418579277,12.274635234360282,12.281898498535156,10286100.0
2014-01-14,12.390844451265348,12.63052662310446,12.376319308522042,12.623263359069824,13334500.0
2014-01-15,12.695891184132355,12.85568017907336,12.659576259096086,12.753995895385742,15510900.0
2014-01-16,13.008202939208397,13.204306835254856,12.993676416836344,13.182517051696777,21768200.0
2014-01-17,13.051781920144295,13.051781920144295,12.855679397416132,12.90652084350586,14574800.0
2014-01-21,12.906522952996136,12.9501011445777,12.797576781379364,12.848418235778809,8371500.0
2014-01-22,12.906517826986452,13.059042129607558,12.87020152732058,13.044515609741211,12870700.0
2014-01-23,12.928311276452332,13.029995569950316,12.790313439740185,12.855681419372559,8872200.0
2014-01-24,12.8702052387439,12.906521548882424,12.717680892138846,12.761259078979492,12403200.0
2014-01-27,12.572420531375206,12.579683794621392,12.361791438539127,12.45621109008789,11006600.0
2014-01-28,12.485262152597702,12.536103601889728,12.383577868688054,12.463472366333008,7525700.0
2014-01-29,12.43442005961011,12.521576429505858,12.332735780964377,12.354525566101074,9378900.0
2014-01-30,12.434420860111468,12.536103759977806,12.419894335751815,12.448945999145508,7230000.0
2014-01-31,12.347264493454086,12.434422264127686,12.252844845106303,12.289159774780273,13590600.0
2014-02-03,12.361792320021879,12.427160308572919,12.114846893345932,12.180214881896973,14171700.0
2014-02-04,12.180212256688726,12.252843493349618,12.129370806623784,12.158422470092773,12321900.0
2014-02-05,12.071267009150258,12.10758193756993,11.940531050318285,11.955056190490723,14334100.0
2014-02-06,12.12937202268661,12.340001106262207,12.12937202268661,12.340001106262207,10142700.0
2014-02-07,12.427157441217442,12.54336686397796,12.405367654952748,12.463472366333008,9430700.0
2014-02-10,12.448945491319295,12.579681434571862,12.419893829110698,12.536103248596191,8003300.0
2014-02-11,12.565156654616787,12.67410421266421,12.485263533461291,12.630524635314941,9631800.0
2014-02-12,12.681368086020944,12.710421142159486,12.579685160187976,12.623263359069824,6962800.0
2014-02-13,12.528841255151207,12.724945189883915,12.528841255151207,12.674103736877441,6564600.0
2014-02-14,12.79031417231276,13.04452145730328,12.783050909123629,12.993680000305176,11269900.0
2014-02-18,13.008206458879966,13.029996248333779,12.841155562378123,12.921050071716309,6412700.0
2014-02-19,12.877466922824702,12.986413069239338,12.790310559823157,12.899256706237793,8702500.0
2014-02-20,12.7830502557436,12.906522952996136,12.681365961618978,12.848418235778809,11836500.0
2014-02-21,12.935574654612887,12.979154231640356,12.848418271209422,12.884733200073242,6013200.0
2014-02-24,12.862943376088841,12.921049478631902,12.81936518450728,12.848418235778809,5499200.0
2014-02-25,12.81210013523296,12.87020484434845,12.775785211532854,12.797574996948242,5944700.0
2014-02-26,12.812104509009286,12.979156816904228,12.797579365765996,12.950103759765625,9376100.0
2014-02-27,12.935571933186921,13.080834388732912,12.921046795892678,13.08083438873291,8659800.0
2014-02-28,13.088100468599754,13.182520115310355,13.059047417103725,13.124415397644043,11279600.0
2014-03-03,12.971890919816607,13.131678545670045,12.906522939847989,13.09536361694336,18168800.0
2014-03-04,13.117151940744527,13.1679933947848,13.0808370122374,13.10262680053711,12548700.0
2014-03-05,13.313259070923761,13.378627066167212,13.262417604695758,13.356837272644043,9863100.0
2014-03-06,13.611042381178036,13.719988549262983,13.560200928426774,13.705463409423828,14240300.0
2014-03-07,13.80714667774222,13.8144099405155,13.574727810300121,13.632832527160645,14153200.0
2014-03-10,13.581989925892227,13.77082920074463,13.560200139412824,13.770829200744629,10652100.0
2014-03-11,13.741778698108414,13.770830363875813,13.574727810300121,13.632832527160645,8748200.0
2014-03-12,13.63283265729562,14.155775114032192,13.63283265729562,14.112196922302246,21260500.0
2014-03-13,14.104931183995237,14.177562414348609,13.930617062342447,13.99598503112793,18414700.0
2014-03-14,13.90156132608173,14.010508843192897,13.719983977996753,13.72724723815918,13077400.0
2014-03-17,13.828936454281264,13.91609283683494,13.763568474703145,13.879777908325195,10786300.0
2014-03-18,13.857988946802992,13.945146719882295,13.828937279327095,13.930620193481445,11987400.0
2014-03-19,13.857984268968814,13.872510790466164,13.632828727061252,13.712721824645996,10596800.0
2014-03-20,13.473045195219347,13.690938949584963,13.414940471120364,13.690938949584961,13124200.0
2014-03-21,13.640094470373787,13.690935919542563,13.378622577133688,13.458517074584961,12885000.0
2014-03-24,13.5166227380207,13.560200928188776,13.364096994443903,13.538411140441895,7898200.0
2014-03-25,13.647358026059774,13.930618326280342,13.647358026059774,13.887040138244629,17129500.0
2014-03-26,13.98872327676998,14.046827990248048,13.857987325112914,13.865250587463379,10597800.0
2014-03-27,13.799885490331501,14.163040371656013,13.799885490331501,14.104935646057129,14222200.0
2014-03-28,14.126725915633182,14.4535644886883,14.126725915633182,14.264723777770996,11246400.0
2014-03-31,14.33735936115758,14.555253194289538,14.330096094853873,14.540726661682129,14482300.0
2014-04-01,14.57703426888117,14.787664729664842,14.569771006234246,14.758611679077148,16133600.0
2014-04-02,14.744082748841658,14.780399056152637,14.518927184815487,14.555243492126465,14875200.0
2014-04-03,14.497138702441042,14.59155972460422,14.380929279259895,14.482613563537598,14904400.0
2014-04-04,14.5479849136437,14.66419436379557,14.330091155614502,14.35914421081543,14585200.0
2014-04-07,14.271982872755963,14.388192293938639,14.242931210123082,14.337350845336914,9693500.0
2014-04-08,14.446298319382079,14.511666297912598,14.373668463526569,14.511666297912598,9181600.0
2014-04-09,14.49713740711467,14.67871478777688,14.49713740711467,14.635136604309082,9754100.0
2014-04-10,14.678718564851977,14.744086549536666,14.373669816757872,14.395458221435547,9776500.0
2014-04-11,14.3954571450291,14.497140053457228,14.337352428023639,14.446298599243164,8414400.0
2014-04-14,14.569771992740622,14.765875941508472,14.511667272956718,14.715034484863281,9819500.0
2014-04-15,14.765875253926644,14.932926142360822,14.569771314290492,14.896611213684082,22468600.0
2014-04-16,14.823977246436838,14.831240507902383,14.562505374979102,14.635136604309082,15121500.0
2014-04-17,14.954715564686213,15.19439768993243,14.940189039440819,15.049135208129883,20492800.0
2014-04-21,14.816715797292154,14.954715011366075,14.715032894988026,14.9329252243042,11525800.0
2014-04-22,14.802189272584238,14.947451749012115,14.780400870848007,14.9329252243042,11191200.0
2014-04-23,14.794926761227659,14.860293348959422,14.744083926929822,14.823978424072266,9031700.0
2014-04-24,14.845768846707989,14.961978273720034,14.715032894988026,14.9329252243042,12202800.0
2014-04-25,14.577036321845082,14.635141045877974,14.417248677086102,14.460826873779297,15474700.0
2014-04-28,14.620611670531433,14.75134762047034,14.569770220071996,14.744084358215332,14382700.0
2014-04-29,14.73682565025515,14.81671878158901,14.584299880752464,14.59882640838623,13771200.0
2014-04-30,14.497142100275799,14.59882640838623,14.380932649857526,14.59882640838623,12965700.0
2014-05-01,14.591563111119171,14.606089638719634,14.344617683214967,14.35914421081543,10276400.0
2014-05-02,14.344616105273975,14.380931034954488,14.25019645690918,14.25019645690918,11073200.0
2014-05-05,14.184826693754577,14.330087779559092,14.163036907487383,14.27924633026123,7061200.0
2014-05-06,14.366405044501244,14.591560642919102,14.330088731643082,14.526192665100098,10549900.0
2014-05-07,14.55524484827004,14.773137171135513,14.504402013297533,14.765873908996582,14637400.0
2014-05-08,14.780401779527633,14.954715930762305,14.765875253926644,14.896611213684082,13522200.0
2014-05-09,14.889346397129614,14.925661322016769,14.715032264085215,14.823978424072266,10384000.0
2014-05-12,14.613351625607136,14.954716682434082,14.606088362441566,14.954716682434082,19623700.0
2014-05-13,14.903872414807578,15.041870232950316,14.831241182175564,14.991028785705566,9547500.0
2014-05-14,15.041872190145309,15.15081974593197,14.925662756943542,14.947452545166016,10140100.0
2014-05-15,14.947449494476706,15.03460724425249,14.831240084992617,15.00555419921875,12943300.0
2014-05-16,15.012820836182549,15.121767008905277,14.809453631194575,15.08545207977295,9131200.0
2014-05-19,14.991027676701881,15.05639564270236,14.94018623321827,15.00555419921875,6459900.0
2014-05-20,14.911137739285069,15.041872313716777,14.86029489968161,14.896611213684082,4564200.0
2014-05-21,14.896611292929464,14.976505798834186,14.874821504412067,14.889348030090332,5629400.0
2014-05-22,14.940187338460818,15.049133494746071,14.911135676603335,14.991028785705566,6156500.0
2014-05-23,15.049132381443926,15.049132381443926,14.925659710701401,15.00555419921875,7179700.0
2014-05-27,15.129026380038068,15.223446002689261,15.034606757386873,15.17260456085205,7520300.0
2014-05-28,15.216188715713288,15.267030172882677,15.114504416048701,15.1508207321167,7761100.0
2014-05-29,15.143553079568258,15.143553079568258,14.99102736694362,15.03460693359375,6114900.0
2014-05-30,14.816715797292154,14.983766675456263,14.816715797292154,14.9329252243042,6671500.0
2014-06-02,15.012817460477185,15.027343982994056,14.94018623321827,15.00555419921875,6475000.0
2014-06-03,15.03461137553218,15.470396088181724,14.983768532752304,15.426817893981934,20116100.0
2014-06-04,15.412291620850494,15.441344674345196,15.310608704270715,15.325135231018066,10888700.0
2014-06-05,15.339661392999373,15.405027991156405,15.288818550592651,15.39776611328125,8404000.0
2014-06-06,15.412288822463838,15.419552084518733,15.303342662291577,15.317869186401367,7647900.0
2014-06-09,15.463130621050347,15.48491902042995,15.368709605987082,15.405024528503418,8131800.0
2014-06-10,15.390503865713264,15.543028247021232,15.346924283631646,15.470396995544434,7595600.0
2014-06-11,15.47765595264417,15.521235522599989,15.28881530547882,15.346920013427734,7507600.0
2014-06-12,15.325134198053393,15.412290582011192,15.245239691653953,15.3323974609375,5641600.0
2014-06-13,15.354184111350259,15.40502556040894,15.267027737342685,15.317869186401367,5705100.0
2014-06-16,15.317868160334013,15.412287790071783,15.303341637197281,15.405024528503418,4543500.0
2014-06-17,15.419551614645789,15.470393062155201,15.346920381635677,15.441341400146484,10287700.0
2014-06-18,15.419549447042243,15.572075153454726,15.34691822424227,15.506707191467285,8455000.0
2014-06-19,15.499449614321863,15.753658294677734,15.499449614321863,15.753658294677734,9709300.0
2014-06-20,15.60113137729712,15.615657903173602,15.354185978699944,15.361449241638184,8450400.0
2014-06-23,15.267028330251541,15.267028330251541,15.129029116500375,15.143555641174316,6105200.0
2014-06-24,15.296080115435892,15.361448091660778,15.07092452250887,15.092714309692383,8122200.0
2014-06-25,15.165345386480345,15.2960813494775,14.874821793889872,15.274292945861816,5486200.0
2014-06-26,15.296079518037166,15.361447491709061,15.187133357025873,15.267027854919434,5177100.0
2014-06-27,15.383234636673718,15.470390996387389,15.339656456816881,15.455865859985352,5816000.0
2014-06-30,15.506709217795516,15.579340450086526,15.448604509027815,15.535760879516602,6491200.0
2014-07-01,15.739130323942895,15.964285929740859,15.739130323942895,15.957022666931152,8655700.0
2014-07-02,16.24028138093905,16.436383899342196,16.16765015155895,16.254806518554688,10574100.0
2014-07-03,16.40007003524273,16.494489669799805,16.34922858699465,16.494489669799805,4317800.0
2014-07-07,16.57438884667409,16.61796704529025,16.429127722844893,16.465442657470703,12390700.0
2014-07-08,16.421858144277163,16.472699587333988,16.312910611640618,16.392805099487305,10319000.0
2014-07-09,16.305649036924525,16.334700696925527,16.218491286270623,16.283859252929688,12353400.0
2014-07-10,16.131333900604616,16.668804168701172,16.12407202443415,16.668804168701172,14431800.0
2014-07-11,16.70512071694235,16.755962167037467,16.516280055642188,16.567121505737305,13026000.0
2014-07-14,16.739419313992325,16.843390405023374,16.650300224180086,16.828536987304688,14313800.0
2014-07-15,16.76169891885591,16.776552337367512,16.516623179414285,16.68743324279785,10256800.0
2014-07-16,16.07845923971884,16.115592790595866,15.528895435240011,15.54374885559082,41814000.0
2014-07-17,15.469478199944113,15.469478199944113,14.942194695409377,15.001606941223145,25798200.0
2014-07-18,15.268965025048407,15.35065741395018,15.17984734306467,15.209552764892578,19052400.0
2014-07-21,15.239257555115229,15.268962972950828,15.150138468608784,15.172418594360352,17570900.0
2014-07-22,15.380363464355469,15.454629146710412,15.350658041313537,15.380363464355469,10489800.0
2014-07-23,15.41006736039555,15.439774194263205,15.328374983759298,15.358081817626953,11879700.0
2014-07-24,15.476905009572624,15.57344937846789,15.41006605552987,15.514037132263184,12694300.0
2014-07-25,15.328376445551156,15.328376445551156,15.075873999595377,15.113007545471191,12177800.0
2014-07-28,15.001606962331904,15.164990284424745,14.94962000773449,15.12785816192627,12681000.0
2014-07-29,15.350656630289409,15.447201016926474,15.246685534449501,15.254112243652344,9895500.0
2014-07-30,15.402642191001028,15.43234902783707,15.306097804283786,15.387788772583008,9957300.0
2014-07-31,14.986754853867751,15.061020521841783,14.793664683735187,14.853076934814453,16332100.0
2014-08-01,14.875355741806427,15.0758711861156,14.875355741806427,15.001606941223145,9833500.0
2014-08-04,15.26896272273479,15.313522973507705,15.11300609452899,15.231830596923828,9836300.0
2014-08-05,14.860502095535175,14.890207509731077,14.615426408295448,14.704544067382812,13411900.0
2014-08-06,14.823372121442025,14.934771346836625,14.771386571724543,14.88278579711914,9394300.0
2014-08-07,14.927341378932347,15.03131245567178,14.756531348146229,14.786236763000488,8653500.0
2014-08-08,14.830799097024755,14.875359354582178,14.645135606702212,14.697122573852539,19783100.0
2014-08-11,14.860503780434113,14.979328283689474,14.860503780434113,14.890209197998047,10054400.0
2014-08-12,14.927340175024721,14.934766882264233,14.778808863233602,14.845647811889648,9283800.0
2014-08-13,15.098153114318846,15.187272201942648,15.053594278756869,15.098153114318848,11932500.0
2014-08-14,15.261534165678738,15.298667703491603,15.19469521411521,15.246682167053223,6287000.0
2014-08-15,15.261537283309888,15.261537283309888,15.075873805817068,15.187273025512695,7212400.0
2014-08-18,15.172415369423192,15.216974194955405,15.105576422875108,15.202120780944824,4432100.0
2014-08-19,15.328376574186114,15.454627798223497,15.328376574186114,15.402642250061035,7677200.0
2014-08-20,15.402643004265448,15.521467524883695,15.387789585063162,15.476908683776855,10026700.0
2014-08-21,15.387789462309092,15.439776429102373,15.291245071264445,15.313525199890137,10642500.0
2014-08-22,15.402636803153921,15.59572692554537,15.402636803153921,15.469475746154785,11389900.0
2014-08-25,15.484333028564885,15.499186445498713,15.335801692226212,15.358081817626953,9991200.0
2014-08-26,15.380355163032174,15.484327628811496,15.32836963839217,15.44719409942627,7830700.0
2014-08-27,15.536317317608816,15.558597441211633,15.365507286152956,15.528890609741211,12153100.0
2014-08-28,15.387785993256083,15.543744025476421,15.291241623976589,15.528890609741211,7620800.0
2014-08-29,15.558598010934967,15.558598010934967,15.454625513480924,15.55117130279541,5322800.0
2014-09-02,15.610583950641498,15.788820701049897,15.588303825653032,15.655142784118652,8116900.0
2014-09-03,15.80367014143915,15.87793437304929,15.72197778686869,15.855655670166016,9850200.0
2014-09-04,15.833382735561454,15.877941578047068,15.72941163092833,15.736838340759277,8057900.0
2014-09-05,15.692274722953595,15.736834972401468,15.580876932333432,15.729408264160156,5969000.0
2014-09-08,15.721986982133462,15.729413692937994,15.603162442261429,15.647721290588379,6724200.0
2014-09-09,15.647713598022808,15.744259374518663,15.580874650140924,15.63286018371582,7312400.0
2014-09-10,15.447199063866046,15.655142645754541,15.410066939046562,15.618010520935059,6244800.0
2014-09-11,15.469478807772147,15.551171180163319,15.402639851542956,15.521464347839355,7389100.0
2014-09-12,15.402645494158948,15.417498915762343,15.061025296282349,15.105584144592285,15136400.0
2014-09-15,15.20212490784619,15.20212490784619,15.023888140832106,15.031314849853516,8072900.0
2014-09-16,15.023889274843109,15.29124515379435,14.957050305105298,15.209552764892578,8209000.0
2014-09-17,15.268964942638753,15.39521617185099,15.254112940054966,15.313525199890137,6456800.0
2014-09-18,15.372938270971025,15.566027063249814,15.335804721301963,15.536321640014648,8889700.0
2014-09-19,15.506613213940575,15.558600178158954,15.22440534782621,15.239258766174316,8952700.0
2014-09-22,15.172418396608334,15.187271813582452,15.001608350905403,15.12043285369873,12063100.0
2014-09-23,15.068452007084046,15.209555262815556,15.061025296282349,15.105584144592285,9091000.0
2014-09-24,15.224404590420274,15.32837568068465,15.187272462897244,15.291243553161621,9684500.0
2014-09-25,15.098152006159783,15.127858838687272,14.897635136098453,14.934768676757812,12835200.0
2014-09-26,14.912490531606494,15.001609624517457,14.90506382248892,14.957049369812012,11396400.0
2014-09-29,14.801094113028578,14.875359794654672,14.667416169401616,14.815947532653809,12150400.0
2014-09-30,14.778810836447892,14.994181125650533,14.711971878867745,14.986754417419434,15357400.0
2014-10-01,14.986756580127297,15.023888710141502,14.845651936373383,14.92734432220459,16100700.0
2014-10-02,14.927346265609913,15.15756861797077,14.801095024024898,15.068450927734375,22937000.0
2014-10-03,15.306092450207922,15.521461275933358,15.246680213818204,15.469475746154785,19548800.0
2014-10-06,15.521467466384028,15.52889417595718,15.372937524421031,15.462055206298828,19804800.0
2014-10-07,15.365512971785089,15.402645108363267,15.120437187468564,15.135289192199707,9473500.0
2014-10-08,14.979327494526952,15.343227693637456,14.94219537040333,15.29866886138916,12264600.0
2014-10-09,15.42491774160494,15.43234444861023,15.157561955412612,15.202120780944824,10846800.0
2014-10-10,14.986754679744553,15.016460096689155,14.400057467716003,14.437191009521484,28668600.0
2014-10-13,14.711975679099863,14.934772734084035,14.570872435760023,14.608004570007324,14696600.0
2014-10-14,14.77138589137244,15.13528613913401,14.74168047140207,14.957049369812012,21296600.0
2014-10-15,14.645133542363423,15.038740596305425,14.444618077619213,14.905062675476074,20760400.0
2014-10-16,15.023888520341174,15.662571347316609,14.994183100005078,15.387788772583008,30662100.0
2014-10-17,15.261537549029724,15.462054448173166,15.261537549029724,15.387788772583008,14809100.0
2014-10-20,15.439775214321728,15.588305143973514,15.320949287500442,15.499187469482422,11512400.0
2014-10-21,15.543743526843608,15.944775823331637,15.44719774416155,15.885363578796387,17393800.0
2014-10-22,16.0413235845541,16.115589253508016,15.736835616692872,15.773967742919922,14927700.0
2014-10-23,15.840809258257954,15.90764822944681,15.69227789639382,15.81852912902832,10095300.0
2014-10-24,15.603157057057368,15.736834972401468,15.514037974661383,15.729408264160156,8800200.0
2014-10-27,15.83337986649865,15.892792117880452,15.677423237808842,15.863086700439453,11136800.0
2014-10-28,15.929926309869586,16.04132410869038,15.848233929701067,16.033897399902344,11058800.0
2014-10-29,16.019043982326274,16.085882944918723,15.922499601081551,16.033897399902344,9201700.0
2014-10-30,15.959627438054959,15.996760972012432,15.603154011060123,15.677419662475586,12181300.0
2014-10-31,16.108167089012547,16.434933858189684,16.108167089012547,16.353242874145508,19615000.0
2014-11-03,16.32353044286212,16.32353044286212,16.152720406113723,16.264118194580078,10560900.0
2014-11-04,16.330959692975924,16.33838640222966,16.160149629639875,16.301254272460938,8881100.0
2014-11-05,16.382941166046642,16.47206023842342,16.219557852605416,16.36066246032715,8994500.0
2014-11-06,16.368089913741365,16.382941912731404,16.130439515405108,16.189851760864258,6782500.0
2014-11-07,16.204708099365234,16.241841644787655,16.04875145809083,16.204708099365234,7835600.0
2014-11-10,16.412652456687756,16.58346252396211,16.405225747262783,16.531476974487305,7833800.0
2014-11-11,16.605740087828504,16.63544550444102,16.412649922097966,16.486915588378906,6580400.0
2014-11-12,16.17499577573593,16.390364581262848,16.15271565799205,16.375511169433594,11788800.0
2014-11-13,16.531478619587336,16.650303149211492,16.457212934447206,16.590890884399414,10891000.0
2014-11-14,16.66515147268387,16.687430179862123,16.568605686579147,16.63544464111328,8233100.0
2014-11-17,16.464635577219923,16.48691570220796,16.175001034874303,16.27154541015625,16309900.0
2014-11-18,16.160142363906676,16.420071404921355,16.11558354491823,16.375511169433594,13347000.0
2014-11-19,16.590886193984485,16.813681769918137,16.516620529840026,16.731990814208984,14975100.0
2014-11-20,16.78397701297645,16.947360347307715,16.724564762628734,16.902801513671875,11797500.0
2014-11-21,17.04390604167489,17.155303833375427,16.99934579179486,17.12559700012207,11661000.0
2014-11-24,16.977069598491,17.08846740669501,16.895377211441396,17.036481857299805,9042000.0
2014-11-25,17.036482246669934,17.133026638253277,16.98449669608659,17.014202117919922,6605100.0
2014-11-26,17.07361322543296,17.259276702982035,17.02905438744116,17.214717864990234,7688400.0
2014-11-28,17.326113149482634,17.482071184531836,17.170156530933145,17.430084228515625,6019000.0
2014-12-01,17.22957205255342,17.244424054880632,16.962216179663802,17.036481857299805,7990200.0
2014-12-02,16.835963440129188,16.85081685762199,16.665153388461544,16.76169776916504,9853000.0
2014-12-03,16.895376709252197,17.140452446616518,16.76912548597361,17.029054641723633,16566400.0
2014-12-04,17.006777073111387,17.029057204042374,16.858247116405266,16.947364807128906,6130000.0
2014-12-05,16.902804316391574,16.932509738241112,16.74684624805645,16.887950897216797,7679900.0
2014-12-08,16.917650793753275,17.006768439234293,16.628014904691373,16.709707260131836,9404100.0
2014-12-09,16.54632938161485,16.783978402682944,16.390371326226475,16.76912498474121,9606600.0
2014-12-10,16.67257853258926,16.67257853258926,16.464634956703833,16.479488372802734,10065400.0
2014-12-11,16.338388812426473,16.61317142935008,16.2789765461322,16.442359924316406,11096100.0
2014-12-12,16.434925551406998,16.501764496887827,16.31610107421875,16.31610107421875,11335100.0
2014-12-15,16.479492462041208,16.628022410387413,16.256695414771794,16.2938289642334,14120700.0
2014-12-16,16.197278860030117,16.226985691727414,15.915071041404289,15.922497749328613,11179200.0
2014-12-17,15.788825556967325,16.078460188396807,15.714559867331499,16.071033477783203,13146600.0
2014-12-18,16.375517117908686,16.501768331319994,16.130441399698483,16.18242835998535,10804900.0
2014-12-19,16.702284462443888,16.746843295612546,16.330957547538954,16.486915588378906,11708000.0
2014-12-22,16.538904940387553,16.76912728405188,16.501771390441633,16.613170623779297,4714700.0
2014-12-23,16.50177142130679,16.613170654852816,16.486919417800735,16.49434471130371,6055100.0
2014-12-24,16.5166181103392,16.717134949205835,16.50176469638622,16.598310470581055,1975600.0
2014-12-26,16.73199208717025,16.73941879579969,16.538901912304347,16.568607330322266,2634900.0
2014-12-29,16.828535699964387,16.895374658085586,16.62059211730957,16.62059211730957,3737200.0
2014-12-30,16.58346491914157,16.75427501108633,16.576038208643947,16.665157318115234,4791900.0
2014-12-31,16.69485778372199,16.813682283381947,16.583459992353244,16.62059211730957,3877200.0
2015-01-02,16.672582640588203,16.680007933967467,16.338387778518477,16.54633140563965,6074100.0
2015-01-05,16.442351555020565,16.46463167472771,16.123010255048715,16.14529037475586,9031800.0
2015-01-06,15.83337986649865,16.026470037614462,15.714555363735041,15.863086700439453,10169500.0
2015-01-07,16.033900950203332,16.160152194555334,15.848237438891573,16.093313217163086,10180200.0
2015-01-08,16.10816510741619,16.345814152673594,16.093311687962593,16.197282791137695,15825900.0
2015-01-09,16.056181269322227,16.07103327386077,15.610588553661538,15.744266510009766,17596000.0
2015-01-12,15.640292878173577,15.662573008163175,15.365511690802347,15.439777374267578,24695300.0
2015-01-13,15.610581478754895,15.818523613054486,15.588301357294416,15.63286018371582,11043200.0
2015-01-14,15.335799478598481,15.669994228871651,15.298667358123506,15.640287399291992,21760200.0
2015-01-15,16.776550196180075,17.177582529309998,16.27154536323888,16.999345779418945,36350200.0
2015-01-16,16.61316557287673,16.858241262009038,16.553753327526465,16.78397560119629,22402000.0
2015-01-20,16.783980273073517,17.222146235684068,16.687434462193195,17.14788055419922,23999700.0
2015-01-21,17.081033393476588,17.296403624879257,17.051326568524754,17.236989974975586,17966600.0
2015-01-22,17.229566193070937,17.615745035745324,16.999342529044483,17.608318328857422,25334400.0
2015-01-23,17.771710078441643,18.046491259508613,17.734576529310928,17.816268920898438,13027300.0
2015-01-26,17.786561594098785,17.96479836134634,17.7494280489431,17.94251823425293,14091400.0
2015-01-27,17.920237720407684,18.016783519228916,17.786561210231934,17.964797973632812,14735300.0
2015-01-28,18.150455338717098,18.187587454077438,17.712289578267956,17.77170181274414,16762900.0
2015-01-29,17.593468936588412,17.675159891452044,17.14044966484583,17.29640769958496,19411300.0
2015-01-30,17.073616712449688,17.170162533733123,16.83596763929079,16.865673065185547,17590300.0
2015-02-02,17.103320825522207,17.14045295609022,16.865670373787,17.036481857299805,12854500.0
2015-02-03,17.333544691353925,17.407810375588113,17.125601058798228,17.192440032958984,16676200.0
2015-02-04,17.51921412713951,17.638038695557956,17.415242983898512,17.51178741455078,11266500.0
2015-02-05,17.615750626689866,17.645457463669928,17.311262630144,17.571191787719727,12016600.0
2015-02-06,17.415231145641986,17.548907631868765,17.11816851002792,17.155302047729492,16529800.0
2015-02-09,17.02162768045277,17.036481098618506,16.702286272389095,16.83596420288086,12821100.0
2015-02-10,17.74942243598764,17.78655596940047,17.422654424452034,17.719717025756836,17077300.0
2015-02-11,17.734576871942927,18.083625158014936,17.652885895277215,18.039066314697266,14211100.0
2015-02-12,18.128182097640874,18.180167645469023,17.935091908207795,18.172740936279297,10136200.0
2015-02-13,18.15788666993735,18.536638875879813,18.120753128619626,18.447521209716797,11637500.0
2015-02-17,18.33612417068454,18.484654092547014,18.32869746211644,18.395536422729492,10525500.0
2015-02-18,18.336124942708025,18.45494945180092,18.27671268816158,18.350976943969727,7433100.0
2015-02-19,18.328699624922855,18.35097833675624,18.16531485014478,18.209875106811523,9929400.0
2015-02-20,18.34355715831179,18.350982452921766,18.046494379901638,18.150466918945312,7268000.0
2015-02-23,18.128182356633552,18.143035775225215,17.920238745850185,17.987077713012695,7827400.0
2015-02-24,18.105901206789202,18.625759496155126,18.083622496659157,18.596054077148438,15932700.0
2015-02-25,18.6034793695252,18.8039962596949,18.558920532765224,18.596054077148438,10388400.0
2015-02-26,18.417814873155223,18.558919500966837,18.3064170791986,18.328697204589844,7588500.0
2015-02-27,18.380681836295373,18.402961960582303,18.172738259116574,18.21729850769043,8541000.0
2015-03-02,18.120752994757183,18.291563034057617,18.120752994757183,18.291563034057617,7081200.0
2015-03-03,18.35097154472451,18.3658249581159,18.120749303155783,18.19501495361328,7485300.0
2015-03-04,18.247006222205325,18.269286349298948,17.92023810733171,18.068769454956055,9415000.0
2015-03-05,18.165311813354492,18.18016522976028,17.927662816860856,18.165311813354492,6882400.0
2015-03-06,18.00935796380994,18.105902352314708,17.853401317033015,17.890533447265625,6375000.0
2015-03-09,17.57861695158762,17.600897077363967,17.274128981809998,17.415233612060547,15598700.0
2015-03-10,17.095894886498407,17.27413167095668,17.014202495767513,17.118173599243164,12405600.0
2015-03-11,17.38552830954464,17.615750630185996,17.38552830954464,17.4449405670166,9485000.0
2015-03-12,17.452369298999546,17.63803280218039,17.430089168677803,17.47464942932129,10892000.0
2015-03-13,17.571193806295145,17.80141615333871,17.56376709619695,17.734577178955078,9748200.0
2015-03-16,17.801409697030245,18.113324325527003,17.749424161697387,18.031633377075195,18384800.0
2015-03-17,17.860822962378055,18.150458901743427,17.786558717078933,18.053913116455078,12558800.0
2015-03-18,18.20244701585355,18.492081579704994,17.9350911621446,18.350976943969727,14551700.0
2015-03-19,18.492081443108884,18.677744914257566,18.291564554308337,18.313844680786133,11699700.0
2015-03-20,18.41781513193396,18.49208080111511,18.32869746211644,18.395536422729492,7196900.0
2015-03-23,18.477230330978838,18.529217299247104,18.380685937195008,18.417818069458008,9110900.0
2015-03-24,18.276707310766476,18.343546254528277,18.157882836634265,18.19501495361328,9071500.0
2015-03-25,18.150461961817562,18.157888670899517,17.14045219067062,17.214717864990234,32339400.0
2015-03-26,17.12559788354357,17.45979269238434,17.051332213078968,17.229570388793945,36432500.0
2015-03-27,17.014201729059007,17.170159793744613,16.828538243218993,17.036481857299805,20264000.0
2015-03-30,16.91765770828195,17.30383669070321,16.91765770828195,17.266704559326172,14707100.0
2015-03-31,17.3855259030621,17.49692369333999,17.318686945595413,17.437511444091797,13621500.0
2015-04-01,17.4003814779691,17.430086898028193,17.18501116241595,17.251850128173828,13314800.0
2015-04-02,17.541482176606454,17.697438783994123,17.511775346723308,17.593467712402344,12443500.0
2015-04-06,17.229570400351097,17.63060275472918,17.22214369164967,17.482072830200195,11439200.0
2015-04-07,17.482071431058085,17.548908971022016,17.340966810023705,17.37067222595215,13305600.0
2015-04-08,17.177583427918833,17.340968186240918,17.14045130093646,17.229570388793945,10835200.0
2015-04-09,17.26670177034335,17.5786164396289,17.25927506196753,17.407806396484375,10183300.0
2015-04-10,17.623172072668936,17.6751576053583,17.363242992722586,17.452362060546875,10531900.0
2015-04-13,17.459788733066215,17.593466626288677,17.311257425819136,17.32611083984375,11125700.0
2015-04-14,17.259276702982035,17.303835540973836,16.954788713121545,17.214717864990234,13787000.0
2015-04-15,17.199867704419237,17.556341308868294,17.147882147499605,17.459796905517578,16883000.0
2015-04-16,17.459792317399316,17.489497735047262,16.82110954822058,17.259275436401367,28320800.0
2015-04-17,17.110744508944546,17.266701129549638,16.984493304240537,17.244421005249023,16113600.0
2015-04-20,17.378095715595858,17.541480430692147,17.222139123730642,17.281551361083984,15253500.0
2015-04-21,17.30383071880683,17.355817667892975,17.19985965363359,17.32611083984375,13191400.0
2015-04-22,17.378100218291117,17.70486831665039,17.370673509635242,17.70486831665039,15880200.0
2015-04-23,17.704869591800627,18.13560880936541,17.6008984961298,18.046489715576172,22973300.0
2015-04-24,18.70745342768107,18.796571108586658,18.33612645207446,18.499509811401367,28481800.0
2015-04-27,18.484655874170866,19.13819212615559,18.395538195763834,18.87083625793457,25744900.0
2015-04-28,18.73715961108801,18.781719869852825,18.417818172440445,18.573776245117188,14437100.0
2015-04-29,18.454947779279824,18.492079903818716,18.261857615378133,18.410388946533203,12642500.0
2015-04-30,18.195025769106714,18.28414488592982,18.091054646563343,18.150466918945312,16033300.0
2015-05-01,18.34355697774708,18.44752809926701,18.24701115076404,18.373262405395508,9732900.0
2015-05-04,18.239579001630357,18.276712545744957,18.031636820588073,18.061342239379883,9436900.0
2015-05-05,17.972227341470717,18.157890841211117,17.949947211561835,18.039066314697266,13233000.0
2015-05-06,18.105895743978405,18.20244151374562,18.009351390710645,18.157882690429688,8302200.0
2015-05-07,18.08362680331871,18.128185650690483,17.99450769207495,18.098480224609375,7299600.0
2015-05-08,18.165315873924303,18.37325950058863,18.11333032138324,18.232154846191406,11054400.0
2015-05-11,18.254436898660682,18.28414374124201,18.07620009267338,18.098480224609375,6256500.0
2015-05-12,17.95737178591163,18.195020810676397,17.927664949566072,18.10590171813965,10406900.0
2015-05-13,18.180172346886145,18.321277024980937,18.11333336339389,18.150466918945312,6596700.0
2015-05-14,18.098476038309485,18.20987383922196,18.053915784744586,18.12818145751953,9130500.0
2015-05-15,18.157887286397436,18.26928508113304,18.128180452334707,18.239578247070312,5952400.0
2015-05-18,18.180167003512025,18.180167003512025,18.098476038309485,18.12818145751953,9387100.0
2015-05-19,18.180161813372337,18.313839702904403,18.165308399757777,18.26185417175293,10063100.0
2015-05-20,18.20987574384574,18.321273556409633,18.128183353598867,18.25443458557129,9053200.0
2015-05-21,18.10589557369634,18.143029106526598,17.93508557217549,18.001924514770508,12175800.0
2015-05-22,18.09847641057326,18.254433051758582,17.972225189208984,17.972225189208984,8574500.0
2015-05-26,17.949945700369323,18.105902347101342,17.935092281680568,18.01678466796875,10911600.0
2015-05-27,17.9499456902467,18.343552786276923,17.897960141365346,18.269287109375,14361100.0
2015-05-28,18.187588100473825,18.30641257364928,18.09104374720606,18.157882690429688,10416600.0
2015-05-29,17.860821939767742,18.14303115514555,17.779130991315935,18.031633377075195,13170000.0
2015-06-01,17.95736299550967,18.001921811715864,17.771699608734753,17.927656173706055,10391300.0
2015-06-02,17.808835533536886,17.82368894761979,17.556333160125643,17.57861328125,12267300.0
2015-06-03,17.66031088215996,17.675162884150037,17.43751385430936,17.571191787719727,10846500.0
2015-06-04,17.28155722368758,17.400381738704347,16.917656969386247,17.066186904907227,16981800.0
2015-06-05,16.947359208611324,17.110743948464517,16.895373670112466,16.977066040039062,9277100.0
2015-06-08,16.98449838046225,17.02163051556136,16.78398145132667,16.82111358642578,9155900.0
2015-06-09,16.984495043450607,17.155305097747036,16.865669118179312,16.954788208007812,14045900.0
2015-06-10,17.118167292997747,17.333537546856057,17.08103517443574,17.32611083984375,14611900.0
2015-06-11,17.571194729845388,17.608326865787927,17.42266335307485,17.459796905517578,12836500.0
2015-06-12,17.482068922710187,17.645452228123535,17.37809644062939,17.57861328125,12115900.0
2015-06-15,17.370672333193227,17.4078058739577,17.251847835746396,17.274127960205078,12984800.0
2015-06-16,17.25928485253643,17.56377298617128,17.229579418682114,17.51178741455078,12381400.0
2015-06-17,17.496925473064312,17.60089798219918,17.415234507351084,17.52663230895996,12642300.0
2015-06-18,17.571194441617127,17.69744568485107,17.504355464816793,17.64546012878418,11225200.0
2015-06-19,17.541484191654938,17.58604302509866,17.3706727332044,17.37809944152832,11609100.0
2015-06-22,17.571190393844333,17.742000443429923,17.526631558408926,17.70486831665039,13407100.0
2015-06-23,17.83111404722033,17.853394166336173,17.638023931047876,17.77170181274414,9339600.0
2015-06-24,17.79398280818676,17.8236896375024,17.69743844591011,17.74942398071289,9368200.0
2015-06-25,17.853400811644253,18.068769710596737,17.82369397509912,17.883106231689453,8369700.0
2015-06-26,17.76428430246826,17.853403408566823,17.40781071107428,17.548913955688477,14805800.0
2015-06-29,17.371138376610762,17.578029214624724,17.133597856035657,17.148921966552734,14494500.0
2015-06-30,17.516725204766704,17.72361454365692,17.37113521985922,17.401784896850586,15836800.0
2015-07-01,17.72361531307633,17.800241701171345,17.50906318024243,17.570363998413086,12403200.0
2015-07-02,17.624004234231645,17.876870323479107,17.58569176615932,17.738943099975586,7884900.0
2015-07-06,17.624004888266704,17.82323294499557,17.524391590665786,17.57802963256836,7476100.0
2015-07-07,17.478418194333912,17.624008236822263,17.19490235854467,17.59335708618164,10131500.0
2015-07-08,17.309835745165735,17.363473780200458,16.995668858653623,17.033981323242188,13956700.0
2015-07-09,17.302175879605535,17.355813923691436,16.942033682509436,17.026321411132812,12147200.0
2015-07-10,17.118277766717096,17.37114394032548,17.118277766717096,17.294517517089844,9042600.0
2015-07-13,17.386459228854015,17.53204773916963,17.286844499136386,17.5167236328125,11501200.0
2015-07-14,17.447767722990488,17.547381035051973,17.386466885984827,17.470754623413086,8778400.0
2015-07-15,17.40178692804273,17.555039715467892,17.17190920843188,17.286848068237305,13861500.0
2015-07-16,16.896050930921806,17.493734912042584,16.627860806245717,17.4171085357666,29850800.0
2015-07-17,17.585690906899664,17.692966981482098,17.45542647568089,17.646991729736328,10314200.0
2015-07-20,17.646993299463844,17.654656085690906,17.332826371789444,17.547378540039062,12307200.0
2015-07-21,17.578027798854933,17.746604693181197,17.49373862092836,17.53205108642578,9372700.0
2015-07-22,17.21788668945507,17.27152619506806,16.942033682509436,17.026321411132812,17279900.0
2015-07-23,16.9573619622072,17.240879286885846,16.926712270135898,17.09528923034668,16251500.0
2015-07-24,16.90371594510642,17.018654793923012,16.558899398656642,16.581886291503906,15045700.0
2015-07-27,16.52825302626255,16.620205008750958,16.34435052281291,16.574228286743164,10167100.0
2015-07-28,16.63552650385862,16.850080121556438,16.551238783160183,16.765790939331055,13102700.0
2015-07-29,16.719817342195988,17.064635429520763,16.658516511285704,16.942033767700195,12780100.0
2015-07-30,17.033985121287124,17.455429633364446,17.003335435087724,17.394128799438477,17400600.0
2015-07-31,17.279187606943207,17.32516432627124,16.880732936789915,16.942033767700195,16313800.0
2015-08-03,16.781113767936844,16.781113767936844,16.489935262931336,16.643186569213867,11945800.0
2015-08-04,16.727476895521942,16.796440499657027,16.352009196079155,16.436298370361328,13832400.0
2015-08-05,16.512924120398946,16.758128870383295,16.48993722556036,16.558900833129883,7506500.0
2015-08-06,16.41331015703819,16.51292344080182,16.099143273940886,16.306034088134766,12945100.0
2015-08-07,16.290709209313444,16.40564806823523,16.08381838633809,16.114469528198242,16644500.0
2015-08-10,16.183433114988528,16.773452979766724,16.030180328939167,16.558900833129883,25398700.0
2015-08-11,16.09148424230598,16.168110650050966,15.74666613821713,15.961219787597656,18685200.0
2015-08-12,15.73133691479501,15.92290214115455,15.463145305586316,15.899913787841797,20957100.0
2015-08-13,15.746666414340545,15.853943971675543,15.63939031853274,15.739005088806152,7873400.0
2015-08-14,15.608738440555802,15.631725336986312,15.493798112295304,15.616399765014648,11355400.0
2015-08-17,15.248587385677501,15.562754150563084,15.087673342869591,15.539767265319824,18060200.0
2015-08-18,15.46314824647376,15.478473818263652,15.332883809313623,15.348209381103516,10410700.0
2015-08-19,15.325219709128852,15.371194959028722,15.041702501438158,15.256256103515625,12520400.0
2015-08-20,15.16430680744107,15.378858965022598,15.026379585266113,15.026379585266113,12865500.0
2015-08-21,14.750523889492175,14.949751920006198,14.459345359680501,14.46700668334961,20217500.0
2015-08-24,13.593470612444264,14.888452173387053,13.27164091864567,14.375057220458984,31876000.0
2015-08-25,15.118329899731647,15.332883516106357,14.329081967495455,14.375057220458984,25640300.0
2015-08-26,14.8194860477504,14.926762106965475,14.512981977473975,14.903775215148926,20952300.0
2015-08-27,15.03404114199364,15.279244422912598,15.003390001115351,15.279244422912598,17880000.0
2015-08-28,15.0417010208992,15.38651901502526,14.980400206557533,15.325218200683594,10980800.0
2015-08-31,15.44782525513315,15.47081361665803,15.133658288595868,15.233271598815918,9081400.0
2015-09-01,14.827152680225343,15.14131961648391,14.750526277388044,14.873127937316895,14185700.0
2015-09-02,15.09534196222338,15.378857707713358,15.057028036125518,15.279244422912598,14670900.0
2015-09-03,15.440158432460516,15.509122037483355,15.340545148275767,15.378857612609863,8174900.0
2015-09-04,15.095340763195537,15.194954040083983,15.018714378613113,15.072352409362793,8944000.0
2015-09-08,15.294569410607766,15.371195805679386,15.18729333442365,15.363533020019531,10390900.0
2015-09-09,15.662378911450382,15.830955844717856,15.187296337293374,15.233271598815918,10318700.0
2015-09-10,15.171971402732042,15.256260603683787,14.765853896024055,15.095346450805664,17806400.0
2015-09-11,15.125986013495545,15.286901520179418,15.026372765758897,15.248587608337402,9549900.0
2015-09-14,15.317562029972295,15.45548928717655,15.240935613578008,15.355875968933105,7790800.0
2015-09-15,15.447823788115628,15.754327938370487,15.355873273802708,15.624063491821289,11469800.0
2015-09-16,15.869267009472397,15.899918155642784,15.677701730488748,15.838617324829102,11471100.0
2015-09-17,15.769654670812653,16.10680999164767,15.761991883801949,15.830955505371094,11394200.0
2015-09-18,15.731337960637171,15.90757762983821,15.593410754644431,15.792638778686523,14057800.0
2015-09-21,15.731338500976562,15.876927035390201,15.63172375477056,15.731338500976562,12292100.0
2015-09-22,15.455482157779716,15.50912018605505,15.233265798894298,15.286905288696289,13482400.0
2015-09-23,15.057029388269477,15.547437455673613,15.018716920257937,15.332883834838867,22169600.0
2015-09-24,15.240930941992808,15.348208476673491,14.98806486846822,15.317557334899902,11088800.0
2015-09-25,15.447822200751007,15.555098276935121,15.294569410607766,15.363533020019531,10742300.0
2015-09-28,15.302230148292965,15.36353096384068,15.003388855188698,15.041701316833496,15576100.0
2015-09-29,15.034044964523805,15.286911094955638,14.934430192868325,15.240934371948242,10919600.0
2015-09-30,15.601072502409455,15.930564925592133,15.578084149096702,15.899913787841797,12400200.0
2015-10-01,16.05316789647813,16.091480360344413,15.784976264833691,15.984204292297363,14508200.0
2015-10-02,15.486135899999939,15.91524316194109,15.486135899999939,15.907580375671387,15271100.0
2015-10-05,16.13745471883538,16.42863468964856,15.930565379235917,16.39798355102539,10938100.0
2015-10-06,16.137458635782792,16.36733784667355,16.06083223215254,16.267723083496094,10577700.0
2015-10-07,16.61254048820618,16.93437020104143,16.5742265571978,16.804105758666992,13647100.0
2015-10-08,16.68916660075251,17.064634348994403,16.60487741551537,17.04930877685547,10343500.0
2015-10-09,17.09528042286659,17.18723237476179,16.788776352427078,16.819427490234375,11648800.0
2015-10-12,16.911376931436784,17.010991661603803,16.865401689104793,16.92670249938965,6779500.0
2015-10-13,16.71981561051952,16.88073118844737,16.612539532918916,16.811767578125,12740800.0
2015-10-14,16.689166982359176,17.26386279696694,16.597215008950037,17.11827278137207,22801100.0
2015-10-15,17.279182865130295,17.463086768920697,16.69682586205857,16.819427490234375,17867300.0
2015-10-16,16.86540969587617,17.026323851194658,16.850084120647562,16.980348587036133,9598700.0
2015-10-19,16.919042467949655,17.08761935827691,16.82709050679953,17.033981323242188,8940900.0
2015-10-20,17.011001481005014,17.179578441215792,16.988013115805952,17.09528923034668,6718400.0
2015-10-21,17.110610601283273,17.202562577949877,16.965020580530773,17.026321411132812,8154300.0
2015-10-22,17.15658509104714,17.332826249976915,17.102947049361696,17.248537063598633,8214500.0
2015-10-23,17.432437668871874,17.432437668871874,17.164246027814627,17.217884063720703,11854100.0
2015-10-26,17.21788915697036,17.25620309504188,16.804108856489037,16.980348587036133,12350400.0
2015-10-27,16.903718324217394,17.087620800512617,16.765791101614237,17.010995864868164,6885400.0
2015-10-28,16.911379802003147,17.064632584491978,16.758128481041165,16.919042587280273,9913700.0
2015-10-29,16.71214960890196,16.719812393188477,16.4899347106997,16.719812393188477,7939100.0
2015-10-30,16.735142610462717,16.91138231342856,16.58955259163016,16.82709312438965,8791800.0
2015-11-02,16.750465671738212,16.965017813082618,16.68150206586984,16.934368133544922,5716700.0
2015-11-03,17.04165017285652,17.58569642508322,16.942036852562047,17.447769165039062,12846400.0
2015-11-04,17.70062981456434,18.129735575573388,17.662315886734216,18.045446395874023,14372000.0
2015-11-05,17.800244082854718,17.800244082854718,17.58569192131361,17.608678817749023,8345300.0
2015-11-06,17.309838558138548,17.49374104879744,17.18723689769929,17.4860782623291,8805900.0
2015-11-09,17.432442929900283,17.608682661501952,17.378804877806495,17.59335708618164,8629200.0
2015-11-10,17.248537063598633,17.37113871931594,17.110609835534905,17.248537063598633,7388700.0
2015-11-11,17.179571969348192,17.394125579130723,17.07229589522038,17.302173614501953,5255100.0
2015-11-12,17.194899764425386,17.37880225594265,17.04164695739746,17.04164695739746,5685100.0
2015-11-13,16.91138381817634,16.972684653424434,16.528253232493952,16.773456573486328,7883500.0
2015-11-16,16.72747478181876,17.148917676921982,16.70448642950296,17.125930786132812,7121500.0
2015-11-17,17.187239072340212,17.486080474781375,17.14892513515079,17.256202697753906,7148400.0
2015-11-18,17.14892513515079,17.28685238597818,16.972685408661246,17.256202697753906,8010400.0
2015-11-19,17.578030378074786,17.578030378074786,17.309838695660538,17.371139526367188,7115100.0
2015-11-20,17.478420226730634,17.539721073612657,17.401793802746234,17.493745803833008,6039900.0
2015-11-23,17.562709267650852,17.578034844603472,17.271530613188375,17.294517517089844,5502100.0
2015-11-24,17.18723529803295,17.302174161306176,16.98034446722498,17.240873336791992,8911500.0
2015-11-25,17.294510853761253,17.363474461949885,17.24853560214446,17.286848068237305,5442600.0
2015-11-27,17.156579906960634,17.34814511882585,17.11826744919822,17.202556610107422,3995600.0
2015-11-30,17.194898322080324,17.524390806482867,17.14892160691232,17.440101623535156,8612900.0
2015-12-01,17.50139917512781,17.89219241179319,17.49373639069986,17.83855438232422,10256000.0
2015-12-02,17.76959228515625,17.899856708382647,17.66997754070422,17.76959228515625,6829100.0
2015-12-03,17.83855562598225,17.861542519342002,17.486074825355885,17.570363998413086,5884700.0
2015-12-04,17.49373872297796,17.907520368092865,17.41711233000925,17.861543655395508,6355600.0
2015-12-07,17.96882076472059,18.00713322953439,17.761929947061624,17.807905197143555,4634000.0
2015-12-08,17.62400571807916,17.792582637928426,17.53205374082596,17.685306549072266,6133900.0
2015-12-09,17.585686855879075,17.631662097034038,17.35580772705113,17.4171085357666,8663600.0
2015-12-10,17.40944819787621,17.50906293948804,17.32516048750478,17.355810165405273,7171900.0
2015-12-11,17.17957279517439,17.286848874458993,16.980344746840867,16.995670318603516,11326300.0
2015-12-14,17.110610601283273,17.171911431885313,16.911382536444872,17.026321411132812,7898600.0
2015-12-15,17.179574111230952,17.54737909254873,17.179574111230952,17.4860782623291,9444200.0
2015-12-16,17.70829625990959,17.80024678265152,17.539717865670706,17.74660873413086,7384800.0
2015-12-17,17.692971864236362,17.84622469438487,17.58569576004879,17.59335708618164,8925700.0
2015-12-18,17.447762362071774,17.685302849792215,17.40944843726087,17.570363998413086,8648000.0
2015-12-21,17.57037159751966,17.662322133780442,17.432444331601065,17.585697174072266,4958700.0
2015-12-22,17.608682072452957,17.692971272367707,17.585695171768755,17.66998291015625,4553900.0
2015-12-23,17.777258526325472,17.7849198513634,17.601017358384087,17.685306549072266,6172900.0
2015-12-24,17.738943099975586,17.838557855406783,17.685305060063545,17.738943099975586,2009500.0
2015-12-28,17.738942258205164,17.769593400430107,17.509064537625726,17.63166618347168,3100100.0
2015-12-29,17.67764376250724,17.80024542449345,17.608680144949112,17.685306549072266,4136700.0
2015-12-30,17.662315515254626,17.69296665687406,17.501401406333223,17.53205108642578,2574100.0
2015-12-31,17.516723241984515,17.6239992917239,17.29450689720829,17.43243408203125,3898300.0
2016-01-04,17.04164133598293,17.087616578314922,16.75046285251151,16.92670249938965,9145100.0
2016-01-05,16.99566714804626,17.179569590309963,16.819427490234375,16.819427490234375,7642100.0
2016-01-06,16.597215962080316,16.635528433976862,16.2907118023266,16.352012634277344,8063200.0
2016-01-07,15.99953339980104,16.38266400427597,15.953558136491685,16.16811180114746,11242800.0
2016-01-08,16.29836928442833,16.397982555854778,15.915238844050759,15.94588851928711,9290700.0
2016-01-11,16.221746177330175,16.283047001699025,15.861604016854061,16.037843704223633,9771200.0
2016-01-12,16.267718671685707,16.27538145612329,15.71601134591984,15.899913787841797,11629400.0
2016-01-13,16.01485041482001,16.145114809176345,15.670033932013109,15.693020820617676,12858400.0
2016-01-14,15.884587905805038,16.758126314621048,15.861601014472157,16.719812393188477,18687600.0
2016-01-15,15.75433004678145,16.3060390526028,15.75433004678145,16.16811180114746,12066200.0
2016-01-19,16.57422729284046,16.704491740996648,16.267723138804456,16.59721565246582,14807000.0
2016-01-20,15.968877129021182,16.252392841011385,15.892250747406353,16.160442352294922,10815300.0
2016-01-21,16.206419786880446,16.45162307196473,15.976542072495649,16.34434700012207,9105000.0
2016-01-22,16.673841316292556,16.819431331070344,16.56656523252315,16.804105758666992,8369200.0
2016-01-25,16.635524655261243,16.911379067143542,16.627863331843876,16.696826934814453,8463700.0
2016-01-26,16.689165287676328,16.75046610988202,16.474611679192975,16.543575286865234,7709700.0
2016-01-27,16.643192794188682,16.857746457064774,16.558905055741892,16.6125431060791,6432800.0
2016-01-28,16.68916863023547,16.75813225171998,16.459289404778037,16.574228286743164,7169000.0
2016-01-29,16.75812591823982,17.164243245132514,16.75812591823982,17.125930786132812,9010200.0
2016-02-01,16.995666321455936,17.279182024751087,16.97267796921851,17.21021842956543,5389200.0
2016-02-02,17.08762002919535,17.332824781380992,17.072295919674353,17.286848068237305,13487900.0
2016-02-03,17.432435857288713,17.70062747047542,17.309834227522227,17.562700271606445,13083200.0
2016-02-04,17.601017220485705,17.815570858044158,17.562704749487843,17.80024528503418,6473100.0
2016-02-05,17.631662075494795,17.899853661369818,17.36347048961977,17.43243408203125,9325400.0
2016-02-08,17.22555127539044,17.555043822368585,17.056974339006683,17.470754623413086,8355200.0
2016-02-09,17.033981992054613,17.37880003299778,16.91138034672524,17.286848068237305,8426600.0
2016-02-10,17.371136995662773,17.55503946099099,17.072295672195278,17.08761978149414,5761600.0
2016-02-11,16.98034395489958,17.133596742324617,16.696828198148232,16.857742309570312,10394600.0
2016-02-12,17.079960889917984,17.102947787903215,16.796443635374448,17.04164695739746,7326900.0
2016-02-16,17.33282365305097,18.152722650890045,17.309835297975617,17.884531021118164,13843800.0
2016-02-17,17.899856361202357,18.19103488078191,17.83089275838911,18.114408493041992,11956100.0
2016-02-18,18.374938167691642,18.535853735395204,18.206361276240777,18.237010955810547,12780200.0
2016-02-19,18.23701333526402,18.413254496510756,18.014798379427674,18.221689224243164,8950300.0
2016-02-22,18.405588220156023,18.48987593013268,18.275323801253812,18.35961151123047,7250300.0
2016-02-23,18.19103265473342,18.19869543872239,17.82322779242247,17.930503845214844,5802500.0
2016-02-24,17.68530434159349,18.007134029518298,17.493739085960314,17.945833206176758,5267500.0
2016-02-25,18.145062433617067,18.160388005836058,17.9151832349132,18.152725219726562,5076800.0
2016-02-26,18.152728473796,18.459232665484947,17.945837596333234,18.21402931213379,9920900.0
2016-02-29,18.060771967006072,18.198699184140708,17.976482787306704,18.045446395874023,6614000.0
2016-03-01,18.50520709150828,18.911326040574068,18.382605420380344,18.834699630737305,9858800.0
2016-03-02,18.73508058285365,18.926645818009508,18.681441089327535,18.865345001220703,5841300.0
2016-03-03,18.873008307410327,19.0569122386257,18.735082551289167,18.81937026977539,7957500.0
2016-03-04,18.819368763638565,19.118211531801613,18.7274182669167,18.88833236694336,7264600.0
2016-03-07,18.696769894739855,18.941973204332193,18.436241012916245,18.92664909362793,8971500.0
2016-03-08,18.66611744859319,19.04158514351553,18.63546630866804,18.88833236694336,11734000.0
2016-03-09,18.94196889536635,18.995608385973767,18.78871759249663,18.957294464111328,5807300.0
2016-03-10,19.049246415054505,19.156522473215976,18.781054808124143,18.957294464111328,6483700.0
2016-03-11,19.156525302916677,19.447703844449176,19.148862517412283,19.42471694946289,7560000.0
2016-03-14,19.39406545919128,19.447703495231984,19.24081413643598,19.325101852416992,4109400.0
2016-03-15,19.07989695005021,19.309776106994637,18.949632532906392,19.064571380615234,8839800.0
2016-03-16,18.97262109947066,19.76953171916378,18.94196996025755,19.754207611083984,10874100.0
2016-03-17,19.723559341220465,19.807848524792018,19.631608833257836,19.74654769897461,6264700.0
2016-03-18,19.830836592122335,20.114353841725226,19.76953576268483,19.953439712524414,7208700.0
2016-03-21,19.83084003793014,19.938117604231632,19.73122672085802,19.86915397644043,5494100.0
2016-03-22,19.738890128015857,19.96876792018247,19.662263710117866,19.777202606201172,6247400.0
2016-03-23,19.78485977211541,19.78485977211541,19.570307616800605,19.677583694458008,5465900.0
2016-03-24,19.554974919203683,19.731214542996145,19.493674116948636,19.71588897705078,5549000.0
2016-03-28,19.70823631044655,19.738887458070717,19.570310530719283,19.639272689819336,2197200.0
2016-03-29,19.58563618143176,19.938117099160813,19.49368565439098,19.899803161621094,4550800.0
2016-03-30,20.167994362721835,20.397873597501775,20.167994362721835,20.275270462036133,5999600.0
2016-03-31,20.137343007185112,20.2599446709694,20.060716601938154,20.07604217529297,5369100.0
2016-04-01,19.830826596348786,20.083692573011717,19.74653891181202,20.01473045349121,5091200.0
2016-04-04,20.022402058353507,20.022402058353507,19.777198738257688,19.807849884033203,4302700.0
2016-04-05,19.54732322692871,19.639273751718672,19.34043235386044,19.54732322692871,8612600.0
2016-04-06,19.271461585402648,19.723555639018528,19.17184831021984,19.63160514831543,8333100.0
2016-04-07,19.531989165868833,19.554977517841774,19.34808673466511,19.440038681030273,7774400.0
2016-04-08,19.731222575733923,19.7771978307605,19.317440895913727,19.37108039855957,8214600.0
2016-04-11,19.692913262961262,19.800189362391965,19.53966043960834,19.54732322692871,5406300.0
2016-04-12,19.692906978174687,19.708231086397657,19.394064214161773,19.593292236328125,4766900.0
2016-04-13,19.884474096261155,20.083700675744797,19.754209664120673,20.053050994873047,9082700.0
2016-04-14,19.386402130126953,19.562643265566777,19.225488026517738,19.386402130126953,13870800.0
2016-04-15,19.547320431366522,19.60095847341082,19.440044347277922,19.50900650024414,8019100.0
2016-04-18,19.447709416598823,19.677588663014866,19.40173415192654,19.539661407470703,6507600.0
2016-04-19,19.554983490138035,19.669922362053068,19.271466241989035,19.279129028320312,9378700.0
2016-04-20,19.102889822128112,19.348093144972538,18.957299801116577,19.24847984313965,9391300.0
2016-04-21,19.386405113904072,19.42471904556045,19.156527370074002,19.279129028320312,6044400.0
2016-04-22,19.29445421021359,19.39406750744861,19.11821451274477,19.21016502380371,6447400.0
2016-04-25,19.271466378703185,19.40939361059052,19.11821503557164,19.1641902923584,7772500.0
2016-04-26,19.309780310631368,19.424719183361795,19.14120193320149,19.1641902923584,9920000.0
2016-04-27,19.079905113777738,19.41706047797233,19.018604271335754,19.34809684753418,7302200.0
2016-04-28,18.888334715484262,19.064574407386818,18.443903361997346,18.512866973876953,12170200.0
2016-04-29,18.39027020960783,18.39793299757845,17.945838738003403,18.07610321044922,14955900.0
2016-05-02,18.06843603404911,18.198700474856533,17.976484062262163,18.152725219726562,6112100.0
2016-05-03,17.892195739761863,17.968822136767283,17.74660573160426,17.86920738220215,9323900.0
2016-05-04,17.86154402600955,18.045446496034167,17.80024320266801,17.945833206176758,7789900.0
2016-05-05,17.968822921822255,18.152725405753756,17.930508990882135,18.00713539123535,7238400.0
2016-05-06,18.00713308470176,18.091422260446397,17.88453144445147,17.938169479370117,5373300.0
2016-05-09,17.930511008510365,17.999474630435678,17.77725965208637,17.90752410888672,5189800.0
2016-05-10,17.853882227690434,17.96115977061558,17.807906973023655,17.9228458404541,5374500.0
2016-05-11,17.899861020949597,17.96882464171567,17.7236198448101,17.792583465576172,6185400.0
2016-05-12,17.80023732445524,17.84621402292359,17.432432505867027,17.616334915161133,7674600.0
2016-05-13,17.509066621734117,17.62400549570504,17.447765791514488,17.4860782623291,4837700.0
2016-05-16,17.60101637043319,17.807907211494726,17.555041115150743,17.708293914794922,4654300.0
2016-05-17,17.77726249639755,17.86155024438203,17.555046020967055,17.585697174072266,4017400.0
2016-05-18,17.624001095103548,18.114407614409185,17.547374711080366,18.022457122802734,10028100.0
2016-05-19,17.86154417646188,17.869206962134985,17.662316133542003,17.815568923950195,3868700.0
2016-05-20,18.00713361156745,18.405589684802628,17.953495575079423,18.321300506591797,8380600.0
2016-05-23,18.873005644812935,18.972620381961555,18.55117600288002,18.597152709960938,6840000.0
2016-05-24,18.627806516264314,18.82703457320362,18.58949404672973,18.750408172607422,7573600.0
2016-05-25,18.857682216431257,18.941969926061642,18.78871861485301,18.865345001220703,5151600.0
2016-05-26,19.003272514772952,19.095224479293417,18.842358403770756,18.9956111907959,8204700.0
2016-05-27,19.102887762875618,19.16418858697862,18.987948900373354,19.003273010253906,5381300.0
2016-05-31,19.026261916189547,19.041587488039106,18.796384184554057,18.941972732543945,7999900.0
2016-06-01,18.94197785290143,19.355759635530347,18.94197785290143,19.34809684753418,6126800.0
2016-06-02,19.317437652778292,19.348088792001437,19.210161588550807,19.294450759887695,4188200.0
2016-06-03,19.417054951064635,19.616282997674272,19.39406659361958,19.562644958496094,5041800.0
2016-06-06,19.616283074158847,19.669921113546163,19.486018637849522,19.51666831970215,7579500.0
2016-06-07,19.70823446711124,20.014740068576423,19.692910356259603,19.96876335144043,6624300.0
2016-06-08,20.313582601349623,20.367220646261135,20.145005679980986,20.175655364990234,6173600.0
2016-06-09,19.853824323667673,20.114353205923702,19.853824323667673,20.099027633666992,5760100.0
2016-06-10,19.846159475945136,19.899797511744758,19.570306511614667,19.815509796142578,6699400.0
2016-06-13,19.577971856098163,19.78486271797981,19.539659383095117,19.639272689819336,7414600.0
2016-06-14,19.57030534323028,19.700568301522782,19.455365031633974,19.593292236328125,7191500.0
2016-06-15,19.669921716921372,19.945776169691655,19.66225893084142,19.800186157226562,6926800.0
2016-06-16,19.547318155617603,19.85382226127749,19.44770340782385,19.815509796142578,4637700.0
2016-06-17,19.83849956828164,19.869150714057156,19.61628460751746,19.807849884033203,5813100.0
2016-06-20,20.16799062071945,20.413193923100835,20.137340938685263,20.2063045501709,10019300.0
2016-06-21,20.267603766145715,20.420855087199623,20.183314589573612,20.374879837036133,6095200.0
2016-06-22,20.382542174201536,20.627745451718404,20.32124135482232,20.336566925048828,8010400.0
2016-06-23,20.413192602595668,20.54345703125,20.3212421009143,20.54345703125,6708600.0
2016-06-24,19.608620084099122,20.07603978508114,19.54731925950533,19.677583694458008,9529800.0
2016-06-27,19.5893318745513,19.843738545693515,19.366726795493545,19.796037673950195,10314300.0
2016-06-28,20.050450899960403,20.169705392880296,19.94709872466488,20.082252502441406,14428100.0
2016-06-29,20.416158679719164,20.646714197537616,20.4082082802932,20.511560440063477,8758600.0
2016-06-30,20.7262187938672,21.004476736682548,20.535413737292508,20.853422164916992,9765900.0
2016-07-01,21.171429447373715,21.187330246990808,21.060126882821475,21.091928482055664,5939300.0
2016-07-05,20.797765372573863,20.909067913674598,20.765965296423683,20.877267837524414,5678400.0
2016-07-06,20.51156178479054,20.829571717143175,20.47181130143833,20.789819717407227,6062900.0
2016-07-07,20.8693256286403,21.091932314577367,20.86137522738712,20.91702651977539,5327900.0
2016-07-08,21.068078040458627,21.306583977759367,20.99652595599165,21.250932693481445,5780600.0
2016-07-11,21.592794039173317,21.7597494217173,21.568942836985922,21.624595642089844,6051600.0
2016-07-12,21.624592377712357,21.696144457089385,21.33838406020425,21.441736221313477,8538700.0
2016-07-13,21.40198497153414,21.47353704834182,21.274781616405726,21.37813377380371,10553300.0
2016-07-14,21.46558667537954,21.64844130905256,21.179378367798392,21.55303955078125,12145100.0
2016-07-15,21.6166435213872,21.67229480567922,21.44173775203083,21.473539352416992,5996500.0
2016-07-18,21.712038694002285,21.98234614963446,21.584835363867533,21.974395751953125,7767300.0
2016-07-19,21.76769389598741,21.878997967261462,21.61664086188851,21.68024253845215,4997300.0
2016-07-20,21.783600028871888,21.934654616346556,21.68819824885501,21.90285301208496,5805100.0
2016-07-21,21.998249210365135,22.117502155099157,21.799493797013945,21.84719467163086,6369300.0
2016-07-22,21.886949736921704,22.093655577793164,21.847197738840457,22.053903579711914,5116800.0
2016-07-25,21.85514852550063,22.197008133135142,21.85514852550063,22.149307250976562,7799700.0
2016-07-26,22.236756183127603,22.586566152254548,22.228805784240226,22.522964477539062,10178800.0
2016-07-27,22.65016683253723,22.65016683253723,22.212905527613724,22.34010887145996,7057700.0
2016-07-28,22.491164563014955,22.570665519703628,22.260607542743863,22.371910095214844,4746300.0
2016-07-29,22.340117309294296,22.340117309294296,21.990307223402574,22.085710525512695,7366600.0
2016-08-01,22.538868528482237,22.856876947959705,22.538868528482237,22.753524780273438,7328200.0
2016-08-02,22.650172628833214,22.650172628833214,22.308312986119002,22.387815475463867,6088500.0
2016-08-03,22.324213787264746,22.451417163662985,22.189060010293638,22.387815475463867,3872000.0
2016-08-04,22.43551673075178,22.60247211275462,22.356015756485924,22.57862091064453,3165000.0
2016-08-05,22.77737731371278,22.93638230153679,22.761476511653587,22.888681411743164,5573000.0
2016-08-08,22.864823013604372,23.166930575742747,22.825071020965463,23.127180099487305,8731700.0
2016-08-09,23.198733921409715,23.397489350460337,23.1669323248975,23.373638153076172,6660600.0
2016-08-10,23.389536626494277,23.413387821507715,23.198731615537064,23.230531692504883,8229100.0
2016-08-11,23.16693115234375,23.3497872902669,22.89662366120536,23.16693115234375,9134000.0
2016-08-12,23.190787692582205,23.270290181775763,23.103334802830904,23.24643898010254,3481800.0
2016-08-15,23.357737924652596,23.41339071990668,23.302086645782136,23.36568832397461,3187000.0
2016-08-16,23.18283194379104,23.21463353868544,23.039727799533246,23.119230270385742,5914400.0
2016-08-17,23.055627053707067,23.055627053707067,22.848921249880238,23.03972625732422,6996800.0
2016-08-18,22.984079183315515,23.21463622381689,22.92842790219689,23.18283462524414,4254200.0
2016-08-19,22.761472131628242,22.809174528626365,22.6660703703993,22.76942253112793,6241800.0
2016-08-22,22.49911841999479,22.642222599887546,22.43551673075178,22.57862091064453,6415400.0
2016-08-23,22.7376255056565,22.809177594387286,22.62632141408425,22.658123016357422,5501800.0
2016-08-24,22.71377334561809,22.73762454631665,22.530918689413866,22.570669174194336,5391500.0
2016-08-25,22.761472897639724,22.928428259984546,22.674021532967394,22.73762321472168,6388200.0
2016-08-26,22.737622449512834,22.97612836896884,22.602468690785454,22.76942253112793,5267500.0
2016-08-29,22.72172204118165,22.872776601505574,22.705821241908883,22.81712532043457,3143900.0
2016-08-30,22.72967358016872,22.809176064134025,22.68197269634304,22.753524780273438,5001800.0
2016-08-31,22.864829252932644,23.039733519121114,22.793277163041022,22.848928451538086,4674700.0
2016-09-01,22.80917190287482,23.079479389212256,22.76146951136811,23.023826599121094,6066600.0
2016-09-02,23.13513107382462,23.222582427039857,23.07947979912851,23.16693115234375,6050200.0
2016-09-06,23.461087410795383,23.628041217599428,23.29413208760799,23.445186614990234,6433000.0
2016-09-07,24.12891021130696,24.287913650129365,23.675748060268464,23.707548141479492,14429800.0
2016-09-08,23.77115001551107,23.787050814438988,23.56444417859905,23.683698654174805,6361600.0
2016-09-09,23.29414009052867,23.3179912924307,22.697873690432708,22.72967529296875,8325600.0
2016-09-12,22.697869913356634,23.087431897678105,22.419613519389326,23.047679901123047,5844500.0
2016-09-13,22.825075532942456,22.88072833363817,22.50706711088578,22.650171279907227,6857800.0
2016-09-14,22.67402229630813,22.864827347994613,22.54681892851714,22.753524780273438,5088700.0
2016-09-15,22.745574010851858,23.270288273564297,22.745574010851858,23.1987361907959,6305100.0
2016-09-16,23.15898360531283,23.230535686270866,22.872776797864393,22.984079360961914,7329300.0
2016-09-19,23.77910309027435,23.94605846503375,23.747303005224445,23.79500389099121,7696400.0
2016-09-20,23.97785643088805,24.04145811175047,23.763200189333496,23.771150588989258,5763300.0
2016-09-21,23.922206310825864,24.29586601448145,23.89040471065921,24.248165130615234,8097200.0
2016-09-22,24.454870601078852,24.605925166746644,24.256115152288924,24.375368118286133,5329000.0
2016-09-23,24.367422756073584,24.383323559196196,23.866559588783684,23.946062088012695,7959800.0
2016-09-26,23.866551949211054,23.906302427909594,23.620094128852717,23.723447799682617,4363300.0
2016-09-27,23.691647759918485,24.192512316169754,23.572394799605593,24.16866111755371,5707200.0
2016-09-28,24.224309137590875,24.248160332996786,23.954001655191057,24.113006591796875,4125100.0
2016-09-29,24.097109038089243,24.367416556869752,23.985806477315034,24.16866111755371,5985800.0
2016-09-30,24.081211469622676,24.391269491784485,24.03350906899488,24.319717407226562,5725700.0
2016-10-03,24.359467317289745,24.494621083115803,24.303816034252613,24.42306900024414,4198500.0
2016-10-04,24.50256896043199,24.58207143503594,24.136859700190833,24.160709381103516,5104800.0
2016-10-05,24.383321010071384,24.41512109660806,24.248167230426766,24.272018432617188,6205000.0
2016-10-06,24.407176384255372,24.49462777446748,24.152768066555733,24.462827682495117,4099900.0
2016-10-07,24.550272760207296,24.81262989615322,24.367418108326387,24.788780212402344,5753400.0
2016-10-10,24.79673023518371,25.027285767442393,24.772879035411954,24.868282318115234,7810500.0
2016-10-11,24.637726596700187,24.637726596700187,24.2561164780973,24.431020736694336,10157600.0
2016-10-12,24.566170742757674,24.971632000240778,24.407167309247797,24.923931121826172,9587000.0
2016-10-13,24.590026879903384,24.590026879903384,23.469046155479614,24.272018432617188,17323000.0
2016-10-14,24.693376533073273,24.860331898576355,24.30381603541106,24.375368118286133,9822900.0
2016-10-17,24.264057741871024,24.454862729325264,24.152753695235283,24.303808212280273,7598400.0
2016-10-18,24.57412663257234,24.62977792255434,24.399222361716937,24.53437614440918,5487500.0
2016-10-19,24.605924410991257,24.677476491668653,24.37536736961216,24.62977409362793,6733000.0
2016-10-20,24.590022475576447,24.764926711160726,24.486668800980212,24.693374633789062,7329800.0
2016-10-21,24.58207473679117,24.75697899130536,24.454871366892892,24.709278106689453,3817100.0
2016-10-24,24.75697766726568,24.971633911132812,24.709276785200885,24.971633911132812,3768900.0
2016-10-25,24.963684273605605,25.138590040489742,24.947783473637273,25.082937240600586,3214700.0
2016-10-26,24.796732322253366,24.987537387335706,24.70132903152026,24.812631607055664,4121500.0
2016-10-27,24.8285370802901,24.852388286557485,24.446926878316862,24.462827682495117,6243200.0
2016-10-28,24.59798148524199,24.72518488589974,24.45487728040599,24.462827682495117,5210800.0
2016-10-31,24.59002400107084,24.749027447906954,24.518471919260293,24.725177764892578,3212300.0
2016-11-01,24.741075644210017,24.804677318714063,24.232260731794128,24.415115356445312,5815800.0
2016-11-02,24.383316006717855,24.431016884926795,24.04145642738938,24.160709381103516,5274700.0
2016-11-03,24.12890872226173,24.248161673115096,23.993754973592303,24.073257446289062,4890800.0
2016-11-04,24.017603119984777,24.20840964882405,23.866550099530237,24.041454315185547,4431900.0
2016-11-07,24.423066591130276,24.94778080284168,24.391266510981733,24.923931121826172,3981800.0
2016-11-08,24.80468063391123,25.043186566082326,24.653626068131537,24.915983200073242,4077100.0
2016-11-09,24.359467891365956,24.637725829493004,24.09711075344817,24.319717407226562,8996700.0
2016-11-10,24.287914415883463,24.287914415883463,23.34979000301808,23.405441284179688,10104300.0
2016-11-11,23.103334223645955,23.914256863600027,22.864828278428316,23.79500389099121,7506800.0
2016-11-14,23.278234212828956,23.532640895529255,22.90457307077738,22.93637466430664,8551400.0
2016-11-15,23.30209486902981,23.405448580305592,22.872783768823762,23.214643478393555,11135600.0
2016-11-16,23.12718412679385,23.77115135584825,23.12718412679385,23.739351272583008,8802600.0
2016-11-17,23.850650909433817,23.86655170730549,23.333887109672794,23.429288864135742,7065100.0
2016-11-18,23.39748878477594,23.508791337110566,23.206683759466497,23.429288864135742,5136600.0
2016-11-21,23.532646746644044,23.643949318903637,23.421342658000636,23.572397232055664,4477100.0
2016-11-22,23.826803209671958,23.969907378753245,23.66779975676902,23.779102325439453,8937500.0
2016-11-23,23.77114925174758,23.954003884392627,23.64394589717854,23.763198852539062,4017500.0
2016-11-25,23.651901059408058,23.699601947881554,23.54059848084193,23.58034896850586,2101800.0
2016-11-28,23.62009945616979,23.80295564202202,23.484947191558863,23.58034896850586,5435000.0
2016-11-29,23.516750146377493,23.651903943854883,23.166940050015288,23.49289894104004,9254600.0
2016-11-30,23.492890572238764,23.707546794657244,23.373637620800793,23.60419464111328,6403400.0
2016-12-01,23.45313954937935,23.469040346904194,22.530914522307658,22.69786834716797,12499600.0
2016-12-02,22.674020790406235,22.952278707612347,22.570667113200475,22.94432830810547,5195800.0
2016-12-05,23.00793532340143,23.28619330513659,22.9522840303312,23.071537017822266,3953100.0
2016-12-06,23.30208703888388,23.540594473416945,23.214635677633705,23.461091995239258,4336200.0
2016-12-07,23.437243456780937,23.80295429134964,23.254388797688495,23.79500389099121,3911600.0
2016-12-08,24.065312399555612,24.065312399555612,23.73935355375018,23.882457733154297,4094600.0
2016-12-09,24.105065570086676,24.35152195295097,23.818857179415847,23.946062088012695,4387400.0
2016-12-12,23.826801870195915,23.826801870195915,23.556494347434704,23.771150588989258,3428000.0
2016-12-13,23.89835246807385,24.359465004815164,23.874502786969867,24.136859893798828,5857700.0
2016-12-14,24.057359108890584,24.160711272498023,23.73140030224229,23.74730110168457,6108400.0
2016-12-15,23.977859497070312,24.08121318942796,23.87450732109654,23.977859497070312,5073300.0
2016-12-16,23.8904046953323,23.914255895441986,23.36569042398927,23.43724250793457,6662100.0
2016-12-19,23.445190795955767,23.484942792557597,23.190784083238558,23.270286560058594,6157000.0
2016-12-20,23.33389129260635,23.50084515103715,23.166935917791733,23.30208969116211,5570800.0
2016-12-21,23.238483224491176,23.278235218119473,22.984076530804106,23.16693115234375,6267500.0
2016-12-22,23.047683919818393,23.055634320515672,22.658123383955058,22.848928451538086,7455900.0
2016-12-23,22.880733625680083,23.158990111597237,22.80918152462021,23.095388412475586,4853500.0
2016-12-27,23.055631263239604,23.238485905878044,23.055631263239604,23.135133743286133,3083000.0
2016-12-28,23.262337874756774,23.310038757810048,23.08743362597228,23.15103530883789,3663300.0
2016-12-29,23.047684465657973,23.18283824794479,22.904580282485586,23.158987045288086,5323900.0
2016-12-30,23.214638721151022,23.23848840626255,22.753526106927385,22.85687828063965,4862800.0
2017-01-03,23.25438880537957,23.46109466561567,23.10333423128707,23.30208969116211,6280300.0
2017-01-04,23.365695777095777,23.421347073717726,23.214642690945944,23.294143676757812,4391800.0
2017-01-05,23.476993754712748,23.779101364488326,23.469043354931326,23.691648483276367,4775700.0
2017-01-06,23.643944722371398,23.73139759293615,23.421338104744528,23.55649185180664,4878700.0
2017-01-09,23.68370226540055,23.961958707148693,23.628049460667047,23.882457733154297,8371700.0
2017-01-10,23.88245181867468,24.08915611953053,23.771147753155955,23.906301498413086,7582000.0
2017-01-11,23.67574940656237,24.00965861837551,23.628047007457837,23.985807418823242,7467300.0
2017-01-12,23.310041626577572,23.739354176043744,23.039734062036036,23.286191940307617,13032200.0
2017-01-13,23.45314216569197,23.572395127664514,23.230535524661853,23.405441284179688,9811100.0
2017-01-17,23.54059162421121,23.572391701803216,23.421337163186667,23.548542022705078,7679800.0
2017-01-18,23.492887486022337,23.596241142372474,23.405436141860704,23.445186614990234,7692800.0
2017-01-19,23.445189301184968,23.60419424468752,23.36568682943369,23.55649185180664,8493200.0
2017-01-20,23.548542654885505,24.057356041084823,23.508790661348996,23.906301498413086,7399400.0
2017-01-23,24.0971057948596,24.24020993452815,24.017603326556692,24.113006591796875,6959800.0
2017-01-24,24.272013688037774,24.56617087563308,24.256112889685706,24.5025691986084,7213600.0
2017-01-25,24.725177957483993,24.908032605142502,24.5979745924708,24.892131805419922,8025800.0
2017-01-26,24.85238438855565,25.00343897178844,24.65362891665394,24.733131408691406,8308700.0
2017-01-27,24.780829240953203,24.923933405693738,24.64567547607422,24.844430923461914,5982200.0
2017-01-30,24.70132675954579,24.804680441365726,24.597974594109576,24.796730041503906,7253100.0
2017-01-31,24.677475148967467,24.772876907090726,24.431017321651233,24.574121475219727,6263100.0
2017-02-01,24.836481476587732,24.892132761370256,24.518473051842033,24.709278106689453,5036900.0
2017-02-02,24.415115183221737,24.558219328936406,24.343564626747924,24.470767974853516,5794800.0
2017-02-03,24.61386814447043,24.70927140420754,24.486664809076526,24.62181854248047,5249100.0
2017-02-06,24.60592766292031,24.60592766292031,24.407172193967426,24.542325973510742,3523700.0
2017-02-07,24.574118930489586,24.621819804611636,24.24816017728593,24.264060974121094,6209500.0
2017-02-08,24.39921487113397,24.407165269602608,24.081206514305787,24.113006591796875,7776600.0
2017-02-09,24.11301192893473,24.248165700049373,23.98580855804845,24.017608642578125,8547000.0
2017-02-10,24.20046065273387,24.494617828671252,24.12890857936888,24.415115356445312,6749400.0
2017-02-13,24.59797423655272,25.281691934509738,24.59797423655272,25.19424057006836,10203800.0
2017-02-14,25.01933210794104,25.01933210794104,24.733125329886352,24.908029556274414,5208600.0
2017-02-15,25.043184115192084,25.28169002402143,25.043184115192084,25.241939544677734,4577200.0
2017-02-16,25.21808933885129,25.830257966054056,25.146537260112243,25.69510269165039,13197100.0
2017-02-17,25.520197697286235,25.7428058559827,25.456597532492516,25.71100425720215,7518200.0
2017-02-21,25.750759524413635,25.814362733793764,25.57585373138623,25.703060150146484,5475400.0
2017-02-22,25.599699189560493,25.599699189560493,25.3691421701103,25.49634552001953,5296200.0
2017-02-23,25.559949444961646,25.559949444961646,25.22603874638682,25.241939544677734,5291200.0
2017-02-24,25.130639840214783,25.37709617614746,25.019335755935703,25.37709617614746,3687100.0
2017-02-27,25.297593112957685,25.297593112957685,25.027285583070718,25.06703758239746,5841900.0
2017-02-28,25.11473998822541,25.186292074968918,24.963685414390905,25.019336700439453,6040800.0
2017-03-01,24.979583369603244,25.122687526788937,24.852380011301214,25.106786727905273,4910300.0
2017-03-02,24.796732731149007,24.83648321838603,24.478724284101173,24.542325973510742,8561100.0
2017-03-03,24.54232520891197,24.582075694910593,24.279968058723075,24.526424407958984,6120700.0
2017-03-06,24.48667240557652,24.597976495863577,24.415120317671928,24.526424407958984,5467400.0
2017-03-07,24.653625875116106,24.96368388778781,24.613873875809656,24.892131805419922,7014000.0
2017-03-08,25.019333052012154,25.059085047952752,24.80467833946732,24.82057762145996,4528500.0
2017-03-09,24.558222012950534,24.69337577463187,24.423068251269196,24.62977409362793,6120700.0
2017-03-10,24.54232159612321,24.70927543240135,24.502569599592498,24.693374633789062,5655300.0
2017-03-13,24.860335328260486,25.098841293158735,24.836484125217087,25.043190002441406,3965700.0
2017-03-14,24.947785384370306,25.019337473324168,24.804682722846444,24.812631607055664,5967200.0
2017-03-15,24.947784233356163,25.464548116993594,24.915984148834863,25.3691463470459,4571400.0
2017-03-16,25.63945540458802,25.81436118713601,25.59970491749105,25.766658782958984,6489000.0
2017-03-17,25.91771031267471,26.044913683515084,25.790506941834337,25.909761428833008,6199800.0
2017-03-20,26.076710322990238,26.323168133937536,26.00515825095825,26.1164608001709,5126700.0
2017-03-21,26.42652389838747,26.657077897441976,25.790504081945752,25.82230567932129,9159900.0
2017-03-22,25.893857959742423,26.116463077579336,25.82230588147095,25.989259719848633,6713500.0
2017-03-23,25.814357953261666,25.965410998414207,25.734853956259762,25.885910034179688,5909900.0
2017-03-24,26.02106019859915,26.31521738205914,25.925658442595104,26.08466339111328,5899900.0
2017-03-27,26.11646764495393,26.44242649569208,26.060816355762135,26.370874404907227,5661500.0
2017-03-28,26.52192705958043,26.577578341545475,26.339072414157073,26.513975143432617,4527000.0
2017-03-29,26.195973587190977,26.211874389958123,26.05286939505467,26.180072784423828,4083900.0
2017-03-30,26.108513849722236,26.354971678906004,26.060811453915537,26.29136848449707,3890600.0
2017-03-31,25.997212224327775,26.18801574886081,25.893858546091433,26.1085147857666,4853500.0
2017-04-03,26.188010590294123,26.23571297841454,26.005155984982636,26.14826011657715,4283100.0
2017-04-04,26.076717760133786,26.195972258454443,26.052868073576803,26.124420166015625,3756600.0
2017-04-05,26.283422854214223,26.498079112757733,26.13236676518308,26.156219482421875,5112900.0
2017-04-06,26.140320967976237,26.1880203410902,26.021066469655576,26.124420166015625,3990800.0
2017-04-07,26.124417296696603,26.267521465856703,26.05286521211655,26.132366180419922,3366300.0
2017-04-10,26.13236329417287,26.13236329417287,25.774602910786253,25.854106903076172,4937100.0
2017-04-11,25.98925913482978,25.98925913482978,25.424794437153853,25.758705139160156,6293800.0
2017-04-12,25.814359461992602,25.949511715643787,25.456599036493042,25.66330337524414,6136500.0
2017-04-13,25.520198633645958,25.79845808403429,25.297593499549286,25.305543899536133,8781700.0
2017-04-17,25.4725000275701,25.496349711859477,25.257843770662937,25.464548110961914,6918900.0
2017-04-18,25.24988957134809,25.32939204524628,25.146535900365368,25.273740768432617,5468600.0
2017-04-19,25.37709636770022,25.400947568022293,25.03523674500271,25.130640029907227,4739200.0
2017-04-20,25.257839970376263,25.33734244427446,25.154486299393543,25.273740768432617,4237700.0
2017-04-21,25.51225186277699,25.552002349619304,25.400949286511405,25.504302978515625,4530400.0
2017-04-24,25.90180969685074,26.07671241704436,25.83025761907286,25.997211456298828,5717000.0
2017-04-25,26.044910655313302,26.378821360425736,26.036961772395802,26.29136848449707,5614300.0
2017-04-26,26.283422081092958,26.32317256496489,26.09261551263317,26.235719680786133,6027700.0
2017-04-27,26.3231656823113,26.47421869463618,26.24366170258763,26.25161361694336,5625600.0
2017-04-28,26.354971678906004,26.434472639149938,26.267518802977335,26.29136848449707,5250500.0
2017-05-01,26.36292343969761,26.561678894771557,26.347022639359587,26.553730010986328,4015100.0
2017-05-02,26.688881692443076,27.0227924268467,26.688881692443076,26.97509002685547,5989300.0
2017-05-03,26.93534407513394,27.261302947998047,26.903542469789148,27.261302947998047,6660700.0
2017-05-04,27.18179073098557,27.18179073098557,27.006888019912058,27.142040252685547,5697300.0
2017-05-05,27.15793880717827,27.38054389348377,27.054585145922065,27.364643096923828,5249800.0
2017-05-08,27.587255111751332,27.90526198955723,27.53160383231612,27.809860229492188,6906900.0
2017-05-09,27.929107358409876,28.191462887777448,27.929107358409876,28.15171241760254,7297900.0
2017-05-10,28.04040988800621,28.326618125691905,27.889356888234968,28.15171241760254,9936700.0
2017-05-11,28.318670656807818,28.461774798111847,28.11991524197077,28.270971298217773,6648900.0
2017-05-12,28.223268672576985,28.23916946956399,28.024513259389824,28.119915008544922,4905000.0
2017-05-15,28.11196858715022,28.13581826833489,27.730358524359556,27.873462677001953,9784700.0
2017-05-16,27.83371429573579,27.8496150970459,27.666760431131262,27.8496150970459,6046200.0
2017-05-17,27.666752166029042,27.674704080692436,27.34079341846734,27.364643096923828,8128100.0
2017-05-18,27.38055679836332,27.817821327934148,27.3567071086661,27.74626922607422,8303700.0
2017-05-19,27.889364246326668,28.008615688313675,27.778058654597945,27.984766006469727,7283300.0
2017-05-22,28.135822115932328,28.231223886484468,28.03246842871974,28.143774032592773,5914200.0
2017-05-23,28.135822115932328,28.21532611869878,28.064270029826318,28.143774032592773,6612800.0
2017-05-24,28.159666087824853,28.294821348726025,28.09606593128141,28.23917007446289,7812500.0
2017-05-25,28.350478936891257,28.45383262615499,28.215326678657473,28.278926849365234,4514900.0
2017-05-26,28.263029480355108,28.28688220093856,28.08812671509532,28.23122787475586,3109800.0
2017-05-30,28.366381819829286,28.469735516679098,28.207376832237546,28.44588279724121,4219300.0
2017-05-31,28.08017120730443,28.11197280883789,27.905265431638046,28.11197280883789,7663100.0
2017-06-01,28.382274077942846,28.557176782151657,28.247118817706927,28.533327102661133,6016100.0
2017-06-02,28.549231167114367,28.803637886684463,28.501528769907228,28.763887405395508,5779200.0
2017-06-05,29.0659928900396,29.1534427248405,28.859285560739803,28.930837631225586,4819600.0
2017-06-06,28.922894093359712,29.08189906079383,28.811591525986078,28.962644577026367,5028000.0
2017-06-07,29.089855403976042,29.18525719579354,28.922901510103348,28.986501693725586,6537700.0
2017-06-08,29.2170612223147,29.336315746533604,29.050107314623066,29.280664443969727,7593900.0
2017-06-09,29.08190061321227,29.177302385658376,27.984769615395233,28.453832626342773,12040100.0
2017-06-12,28.45382857720958,28.45382857720958,27.833709562637015,28.01656723022461,11057000.0
2017-06-13,28.191467312622784,28.294820977512796,28.024513492023733,28.270971298217773,4969400.0
2017-06-14,28.199428921076386,28.437934894313518,28.119924908152015,28.342533111572266,7016400.0
2017-06-15,27.9132158252347,28.199424157882714,27.83371182573943,28.17557144165039,4623300.0
2017-06-16,28.51743316650391,28.581036370803755,28.39818170759325,28.517433166503906,7432400.0
2017-06-19,28.724140535891486,28.906995199026753,28.67643813268623,28.78774070739746,4523700.0
2017-06-20,29.034200130109053,29.209105918463305,28.71619015724093,28.72414207458496,4987400.0
2017-06-21,28.78773843163048,29.24090061156948,28.78773843163048,29.18524932861328,6329400.0
2017-06-22,29.193201244902717,29.35220317748187,29.121649162135114,29.18524932861328,6273400.0
2017-06-23,29.193196289946332,29.240895648517085,29.050092148700166,29.20114517211914,5558600.0
2017-06-26,29.91454596946343,29.980221560652186,29.487664021490144,29.66006088256836,10127200.0
2017-06-27,29.380930641923392,29.380930641923392,28.707771839360287,28.80628204345703,8081100.0
2017-06-28,28.954047654836938,29.052557854644895,28.527165946892072,29.01972007751465,8306200.0
2017-06-29,28.921214783318813,28.921214783318813,28.346566112398797,28.576427459716797,7332200.0
2017-06-30,28.60104996358605,28.806281377466092,28.486120872866483,28.699560165405273,5177500.0
2017-07-03,28.76523622655727,28.871954308910812,28.59284258744809,28.633888244628906,4470600.0
2017-07-05,28.79807915427061,28.79807915427061,28.42866191042257,28.584636688232422,9222200.0
2017-07-06,28.32193946838379,28.436868576767374,28.165964697232255,28.32193946838379,6493700.0
2017-07-07,28.362980070412597,28.461490269795398,28.305515526474068,28.42865562438965,7937800.0
2017-07-10,28.41223658449266,28.863745055139173,28.362979919272348,28.732397079467773,7779700.0
2017-07-11,29.085399145687713,29.085399145687713,28.773446488427794,29.044353485107422,9300800.0
2017-07-12,29.266006823545244,29.389143817965046,29.14286669754195,29.29884147644043,9211200.0
2017-07-13,29.11003085078475,29.684679591079362,29.11003085078475,29.676471710205078,9943900.0
2017-07-14,29.66005186277165,29.840653420449637,29.53691173253264,29.758562088012695,7196600.0
2017-07-17,29.57794706521456,29.602576961607667,29.25778659634672,29.47943687438965,4649800.0
2017-07-18,29.454818601414118,29.586166604242514,29.323470598585725,29.44660758972168,6185300.0
2017-07-19,29.602579396503028,29.898109993285985,29.602579396503028,29.889902114868164,7033800.0
2017-07-20,29.889913739714103,29.889913739714103,29.619009804406858,29.635425567626953,6996600.0
2017-07-21,29.602587851882564,29.602587851882564,29.307054039103598,29.430191040039062,5023500.0
2017-07-24,29.64362445438122,29.73392677307129,29.56153001394357,29.73392677307129,6842100.0
2017-07-25,29.561542106800616,29.758565712865504,29.52870744877645,29.635425567626953,5276300.0
2017-07-26,29.63541344454611,29.758553539411235,29.504065471428568,29.73392677307129,4342200.0
2017-07-27,29.996631295306212,30.054095854250264,29.520492799388528,29.70109748840332,7243100.0
2017-07-28,29.59437504625506,29.61079393836828,29.307052263232407,29.438400268554688,3678400.0
2017-07-31,29.577951378992328,29.881696136674236,29.43018450541274,29.52048683166504,7757600.0
2017-08-01,29.512280327284376,29.545118107738833,29.31525677614074,29.421977996826172,5437300.0
2017-08-02,29.881703015854885,29.939167576411307,29.438402293062175,29.610795974731445,6064600.0
2017-08-03,29.64362783040075,29.64362783040075,29.266002756129122,29.380931854248047,3919800.0
2017-08-04,29.49586772361948,29.61900786077745,29.35630869273486,29.577959060668945,4071400.0
2017-08-07,29.766769511536328,30.22648910824128,29.766769511536328,30.201862335205078,4860200.0
2017-08-08,30.136187159156023,30.341418621364795,30.078722600264253,30.127979278564453,3301200.0
2017-08-09,29.717518436433554,29.939168806939954,29.577959403929317,29.930957794189453,3153700.0
2017-08-10,29.55332356307403,29.577950330603414,29.011512756347656,29.011512756347656,5605400.0
2017-08-11,29.159289284119534,29.717519164648046,29.085405825473586,29.668262481689453,4291100.0
2017-08-14,29.577954811634946,29.63541936563123,29.430187920906405,29.59437370300293,3875600.0
2017-08-15,29.709296920116824,29.955577110219846,29.627205611137615,29.898109436035156,3820400.0
2017-08-16,29.717517928131212,29.914538388599983,29.668261247222137,29.832447052001953,3232000.0
2017-08-17,29.79960258762171,29.832440367536563,29.364512964290622,29.380931854248047,3324000.0
2017-08-18,29.553329381763746,29.63542071074637,29.23316881451466,29.438400268554688,3692800.0
2017-08-21,29.479442645848156,29.56153396567693,29.249584445061096,29.536907196044922,3588100.0
2017-08-22,29.93916368860194,30.10334633653793,29.83244246217693,29.980209350585938,3202300.0
2017-08-23,29.939168095119914,30.045886205668676,29.85707362748579,30.029470443725586,2956400.0
2017-08-24,30.193648548519345,30.316788665551616,30.029465901254003,30.234697341918945,4544500.0
2017-08-25,30.31678754600038,30.423508768048414,30.16902066365176,30.25111198425293,2975200.0
2017-08-28,30.0376769746575,30.267535210534636,30.02125808186862,30.185443878173828,2199900.0
2017-08-29,29.980198371811937,30.349615457553607,29.963779486714294,30.275732040405273,2997700.0
2017-08-30,30.275740154424483,30.439925917821235,30.210064596432595,30.31678581237793,2838900.0
2017-08-31,30.33320383741038,30.35783060516402,30.12797242190907,30.34962272644043,4288600.0
2017-09-01,30.37425258788562,30.571276144730675,30.300369145516623,30.55485725402832,4100000.0
2017-09-05,30.579483529823893,30.70262364230879,30.086929343050592,30.25111198425293,7123000.0
2017-09-06,30.423519221900914,30.67800428215826,30.374262533665192,30.59591293334961,4187700.0
2017-09-07,30.57127736666434,30.817554473876953,30.522020692588487,30.817554473876953,3597500.0
2017-09-08,30.84218975903544,30.93249212064392,30.661585035818472,30.784725189208984,5581800.0
2017-09-11,30.694408451730713,31.096663383702108,30.661570675328413,31.063825607299805,6920100.0
2017-09-12,31.072031147708294,31.145914573263028,30.907848541215543,31.080242156982422,3524500.0
2017-09-13,30.92427627440302,31.022789634354528,30.776512497643157,30.80934715270996,4983400.0
2017-09-14,30.78471320835319,30.973525740241133,30.677991992387668,30.686203002929688,5799000.0
2017-09-15,30.801142365402352,30.924279380333655,30.702632127140504,30.90786361694336,7245600.0
2017-09-18,31.088459703415477,31.2936911569424,31.055625050854598,31.25264549255371,6179600.0
2017-09-19,31.34293802165771,31.548169410939604,31.301892370117823,31.441448211669922,6559400.0
2017-09-20,31.490709677689896,31.515336446055173,30.735456421464214,31.047409057617188,7961100.0
2017-09-21,31.02279646916378,31.466097291860603,30.92428308750823,31.392213821411133,8458000.0
2017-09-22,30.948905983951416,31.055627224097037,30.858603637026945,31.006370544433594,4529900.0
2017-09-25,30.78471716700224,30.78471716700224,30.25932516173874,30.431718826293945,5895000.0
2017-09-26,30.448141572165515,30.636954152233848,30.316793554223032,30.489187240600586,5995400.0
2017-09-27,30.61232463135962,30.669789188330515,30.38246327189255,30.579486846923828,4802700.0
2017-09-28,30.3414150190275,30.45634412316588,30.201859144454673,30.415298461914062,7618700.0
2017-09-29,30.587694464652078,30.86680936679321,30.587694464652078,30.825763702392578,3818500.0
2017-10-02,31.055635110052254,31.342957985423016,31.006378417881066,31.301912307739258,5096200.0
2017-10-03,31.490714511383,31.581016851360655,31.40041217140535,31.556386947631836,3727100.0
2017-10-04,31.400407358727367,31.474290795422984,31.301897153660864,31.416826248168945,2717200.0
2017-10-05,31.73699502493317,31.892969817856265,31.515344657147434,31.57280921936035,4456400.0
2017-10-06,31.53176355086309,31.58922811307601,31.367577745290276,31.57280921936035,3086100.0
2017-10-09,31.687728685695117,31.860125451372898,31.605637373721173,31.827287673950195,1963500.0
2017-10-10,32.10641281460605,32.14745848375535,31.868343549322784,31.991483688354492,4112000.0
2017-10-11,32.6728429824344,33.1571892817973,32.574332773020124,33.124351501464844,9015400.0
2017-10-12,33.239287168252666,33.378843051715506,33.09972815320641,33.198238372802734,5524100.0
2017-10-13,33.411667432226096,33.54301538285828,33.3542028995484,33.51017761230469,3913100.0
2017-10-16,33.5594457763439,33.59228042657498,33.3706332282864,33.56765365600586,2707000.0
2017-10-17,33.518394808157936,33.863182067871094,33.280325625070624,33.863182067871094,7582200.0
2017-10-18,33.98632527798266,34.24902125180654,33.60048919636125,34.068416595458984,6653200.0
2017-10-19,33.67437029869906,33.896020598408676,33.24748858795269,33.715415954589844,5710500.0
2017-10-20,33.674370784202836,33.75646209716797,33.51839603693594,33.75646209716797,5251600.0
2017-10-23,33.96169696154425,34.05199929392999,33.74825764720056,33.83034896850586,5092400.0
2017-10-24,33.8713976207914,33.969910972958594,33.63333151534597,33.920654296875,4251600.0
2017-10-25,33.90423958209397,33.99454193358141,33.41168528690556,33.789310455322266,3360000.0
2017-10-26,33.80572847575828,33.93707649318645,33.71542612660445,33.822147369384766,3651500.0
2017-10-27,34.05200591235126,34.62665466792787,34.00274923104454,34.602027893066406,4822800.0
2017-10-30,34.7744066772951,35.0206837151163,34.5445485262063,34.585594177246094,5200800.0
2017-10-31,34.6266538717043,34.90576879619003,34.56097829813885,34.749794006347656,3704500.0
2017-11-01,34.87291524727163,34.88933413324185,34.363942308523846,34.56096267700195,4235700.0
2017-11-02,34.55277121175968,34.675911349234596,34.43784208696112,34.602027893066406,3255800.0
2017-11-03,34.39679108396474,34.6676949601796,34.1423029673892,34.634857177734375,6140900.0
2017-11-06,34.63485511077939,34.872924321924714,34.54455591181889,34.831878662109375,5650500.0
2017-11-07,35.00428136802447,35.06174593294887,34.69232863587493,34.897560119628906,2761600.0
2017-11-08,34.823667651196445,34.92218099265299,34.65127400102215,34.831878662109375,2378400.0
2017-11-09,34.59380092544575,34.659476470231276,33.89601548580236,34.1833381652832,4680100.0
2017-11-10,34.306491810815025,34.3311185840559,34.14230601551417,34.249027252197266,5333900.0
2017-11-13,34.249028753689984,34.48709487915039,34.07663193869517,34.48709487915039,2222000.0
2017-11-14,34.298273265692146,34.388575589853545,34.07662296045496,34.363948822021484,2799400.0
2017-11-15,33.97811720577186,34.19155966020203,33.88781486978858,34.10125732421875,3417300.0
2017-11-16,34.27364000147876,34.67589487879352,34.27364000147876,34.56096267700195,3304500.0
2017-11-17,34.67590544302014,34.8236691986047,34.45425511226842,34.536346435546875,3702000.0
2017-11-20,34.536354133320586,34.70874782957994,34.446051778636935,34.651283264160156,4455300.0
2017-11-21,34.987851737164966,35.19308315794165,34.93038718987414,34.95501708984375,3668500.0
2017-11-22,34.96322708751851,35.086367200079884,34.71694999397892,34.815460205078125,2768600.0
2017-11-24,35.02890772594881,35.31623367872591,34.97965417464933,35.29160690307617,1499700.0
2017-11-27,34.207973519253414,34.216184530204764,33.70721145663056,33.73183822631836,8188400.0
2017-11-28,33.68258189090087,33.838559784699065,33.50198035875271,33.60049057006836,4864800.0
2017-11-29,33.55944984522479,33.58407661877976,32.213131943437034,32.35268783569336,11796100.0
2017-11-30,32.5086555480957,32.62358777337542,32.15565725655105,32.5086555480957,9357100.0
2017-12-01,32.79599459371434,32.82883238556228,32.016114261038865,32.590763092041016,7192200.0
2017-12-04,32.87807256803096,32.943748125012185,32.262378313455166,32.33626174926758,7109000.0
2017-12-05,32.1802864074707,32.44298236740248,31.958636104106485,32.1802864074707,4504000.0
2017-12-06,31.983266641141526,32.08998786606116,31.622060436560833,31.753408432006836,8622000.0
2017-12-07,31.81087175566144,32.04072995591834,31.695942655532996,32.02431106567383,11285400.0
2017-12-08,32.32805832735791,32.46761420780855,31.975059988874886,32.01610565185547,5071600.0
2017-12-11,32.17207641863541,32.49224006582604,32.163868539694455,32.31984329223633,5272500.0
2017-12-12,32.19671768725333,32.32806571776823,32.0817885520008,32.26239013671875,5488100.0
2017-12-13,32.4019439956372,32.418362888272185,32.196712535075186,32.25417709350586,4227100.0
2017-12-14,32.426569936662474,32.54971006247307,32.278803038323154,32.344478607177734,4737600.0
2017-12-15,32.34447575538991,32.525077290649534,32.221335640436486,32.42656707763672,7156400.0
2017-12-18,32.32805971496409,32.40194316413375,32.18029281662477,32.344478607177734,5746900.0
2017-12-19,32.18850580026419,32.35269161684798,32.11462233938068,32.29522705078125,4454900.0
2017-12-20,32.32806578163714,32.51687838015133,32.15566894683369,32.3773193359375,6330100.0
2017-12-21,32.47582491772053,32.557916242919234,32.1802911364719,32.204917907714844,3563100.0
2017-12-22,32.5086571473482,32.533287048339844,32.26238005851345,32.533287048339844,2523600.0
2017-12-26,32.27059136386058,32.27059136386058,31.860128501529232,31.97505760192871,2861500.0
2017-12-27,32.0161001106145,32.106402432492565,31.917589910194263,32.0817756652832,3092900.0
2017-12-28,32.434784273850326,32.74673702484382,32.34448504607442,32.623600006103516,4279500.0
2017-12-29,32.71387280559899,33.01761742925982,32.54969024658203,32.54969024658203,3870900.0
2018-01-02,33.25571105493774,33.69901184882184,33.18182758929039,33.67438507080078,4984000.0
2018-01-03,34.142307794003116,34.32291249140019,34.01916765821716,34.24081802368164,6963200.0
2018-01-04,34.41321408606973,34.478889664781995,34.02738102167902,34.060218811035156,4876600.0
2018-01-05,34.38858645095668,34.94681632973278,34.30649511120062,34.85651397705078,5330800.0
2018-01-08,34.807257051553215,34.87292949067489,34.63486024424373,34.840091705322266,3538200.0
2018-01-09,34.88114374134874,34.889351622657166,34.5856099089034,34.62665557861328,5729900.0
2018-01-10,33.94527004670189,34.02736448018421,33.42808920788427,33.90422439575195,7102700.0
2018-01-11,33.83855692112598,33.98632379138632,33.616906615735466,33.682579040527344,5701800.0
2018-01-12,33.69078592632656,33.90422519524883,33.46092463873815,33.81392288208008,5028000.0
2018-01-16,34.48708183480689,34.7661966540078,34.32289922599197,34.667686462402344,9081600.0
2018-01-17,35.02069236830948,35.521457576842394,34.88934437357817,35.40652847290039,7117700.0
2018-01-18,36.00580840464056,36.81852324522076,35.710274596580994,36.58866500854492,11866200.0
2018-01-19,36.999113500556675,37.384949502951685,36.596861743303585,36.67074203491211,6543700.0
2018-01-22,37.762586506154385,38.09095807623256,37.71332983116765,38.07453918457031,8335800.0
2018-01-23,38.15663269384452,38.23051614475905,37.811845343965764,37.99244689941406,5659600.0
2018-01-24,37.467062880648164,37.491689659028744,37.1469022353637,37.21257781982422,7400600.0
2018-01-25,37.524507784291956,37.581972324785056,36.97448914483435,37.02374267578125,7655700.0
2018-01-26,37.352117824414464,37.549141362263896,36.96628175906673,37.53272247314453,7057300.0
2018-01-29,37.32749552835235,37.508097067135544,37.105845196061665,37.2700309753418,11604400.0
2018-01-30,36.588659176658496,36.966284257174244,36.44910330708737,36.84314727783203,10224600.0
2018-01-31,37.29465813466208,37.598399793965136,37.04017001754782,37.19614791870117,6333300.0
2018-02-01,37.212563097090566,37.70511725933402,37.1879331968703,37.311073303222656,6706500.0
2018-02-02,36.94987257853574,37.20436072937831,36.49015608873461,36.53940963745117,12051800.0
2018-02-05,36.161775539330975,36.78568080915572,35.14382945089704,35.258758544921875,11748300.0
2018-02-06,34.70053496198463,35.87445914102464,34.56097594345823,35.784156799316406,13414100.0
2018-02-07,35.291591340579124,35.291591340579124,34.38036346435547,34.38036346435547,15239500.0
2018-02-08,34.56918862082353,34.57739650156358,33.132568359375,33.132568359375,11356000.0
2018-02-09,33.44451728758464,34.21618638493499,32.80419305674431,34.043792724609375,10588400.0
2018-02-12,34.503515614295154,35.127421070776926,34.446051050090766,34.913978576660156,6573300.0
2018-02-13,34.9221805080676,35.020690716574094,34.38036966390728,34.79083251953125,5831900.0
2018-02-14,34.61843533577547,35.37368860972439,34.41320391036087,35.340850830078125,6860100.0
2018-02-15,35.726688385009766,35.91550092838616,35.09457519288019,35.726688385009766,6116500.0
2018-02-16,35.58712644260446,36.08789160096095,35.554291795899054,35.69384765625,4792100.0
2018-02-20,35.36548057687743,36.25207870239147,35.29980501787038,35.907291412353516,9291700.0
2018-02-21,35.84162022901523,35.97296823148173,35.19308809676915,35.20950698852539,6612600.0
2018-02-22,35.028892274213256,35.08635994468599,34.626640501981655,34.799034118652344,7984000.0
2018-02-23,35.61996521272695,36.038639068603516,35.39010702147425,36.038639068603516,7204900.0
2018-02-26,36.21103643144735,36.457313537597656,35.95654831386148,36.457313537597656,3897600.0
2018-02-27,36.16177514416352,36.367006561703136,35.80056897666365,35.80877685546875,5999100.0
2018-02-28,35.84982750071911,36.046851066867006,35.53787795739468,35.58713150024414,6400100.0
2018-03-01,35.58713108717618,35.7595278798983,34.73337066133401,35.069950103759766,7792400.0
2018-03-02,34.7990446050606,35.34085551471199,34.60202416423289,35.30801773071289,4819600.0
2018-03-05,35.34084760478761,35.92370404819228,35.193080741448014,35.702056884765625,5977200.0
2018-03-06,36.39984291137655,36.44909957702256,35.65280070611747,35.74310302734375,8632000.0
2018-03-07,35.55430004082869,36.35059599368974,35.44757880243484,36.2849235534668,4482900.0
2018-03-08,36.36700193693366,36.44088536311553,35.78414553682255,35.956539154052734,7092400.0
2018-03-09,36.161778990264786,36.61328753055699,35.72668934091199,36.605079650878906,8336200.0
2018-03-12,36.769270303716745,37.2289867846382,36.73643251748417,37.12226867675781,5176100.0
2018-03-13,37.352123380481316,37.55735482762682,36.867777039954596,36.93345260620117,5842300.0
2018-03-14,37.294650802301646,37.31106969033096,36.802096687753014,37.06479263305664,4300500.0
2018-03-15,37.023751126290456,37.475262806909825,36.851357465463046,37.19614791870117,3942200.0
2018-03-16,36.941657103768584,37.36853885053544,36.884192554356034,36.917030334472656,8125600.0
2018-03-19,36.71180222866018,36.834939217867216,36.276709431695274,36.61328887939453,5116500.0
2018-03-20,36.69538752322785,36.86778120673392,36.54762061405587,36.80210876464844,6404200.0
2018-03-21,36.58865994162314,36.81851814646743,36.32596395563447,36.69538116455078,7036400.0
2018-03-22,36.20283240656579,36.42448278435096,35.86625289916992,35.86625289916992,6318500.0
2018-03-23,35.81698843078921,35.87445297808004,34.95501708984375,34.95501708984375,5923500.0
2018-03-26,35.96476300952293,36.35059603376923,35.447578841518684,36.34238815307617,5395200.0
2018-03-27,36.71180413165645,36.81031435444513,35.406531936268244,35.537879943847656,6995000.0
2018-03-28,35.283391659561474,35.439366439281144,34.84009096151587,35.04532241821289,8563100.0
2018-03-29,35.299807669860606,36.05505786568371,35.266969887890056,35.923709869384766,7758900.0
2018-04-02,35.57892488507205,35.78415633846273,34.82367150817094,34.889347076416016,6361200.0
2018-04-03,36.342379685320964,36.35058756410159,35.32443047946382,35.69384765625,6174500.0
2018-04-04,34.782619139622334,36.07147216796875,34.76620025072573,36.07147216796875,5497100.0
2018-04-05,36.14536810948255,36.30955392367846,35.41474452447387,35.5625114440918,6115100.0
2018-04-06,35.20129380927541,35.43935987494415,34.692317636202965,34.823665618896484,5133100.0
2018-04-09,35.37368054379413,36.1535604088575,35.225913700662865,35.357261657714844,6696400.0
2018-04-10,36.01400599066203,36.30133183595829,35.3244283461668,35.77593994140625,5682300.0
2018-04-11,35.50504557015433,35.948346312668164,35.50504557015433,35.61176681518555,4788000.0
2018-04-12,35.57071429133053,35.99759292602539,35.34085295159113,35.99759292602539,7574700.0
2018-04-13,35.86623811344023,35.907286898450906,34.93859444595232,35.01247787475586,5749900.0
2018-04-16,35.14383117784191,35.30801381646925,35.037109957467656,35.193084716796875,5206900.0
2018-04-17,34.552767056464354,34.77441739831339,34.29007105092108,34.73337173461914,9831100.0
2018-04-18,34.560974902231706,34.692322904872846,33.830351441816404,34.4132080078125,8947400.0
2018-04-19,32.779558618002106,32.90269870747764,32.10639989378967,32.45118713378906,27527000.0
2018-04-20,32.31984490312715,32.45940390474303,31.868336380879285,31.97505760192871,15313300.0
2018-04-23,31.98325710029777,32.08177041618244,31.630258880666787,31.810863494873047,11178300.0
2018-04-24,32.04893264422088,32.18848847768405,31.441446389261287,31.810863494873047,13004000.0
2018-04-25,31.490709940835423,31.597431157281672,31.211595081225756,31.334732055664062,12359200.0
2018-04-26,31.260851749950866,31.65489570500281,31.260851749950866,31.334732055664062,7685800.0
2018-04-27,31.802662579595165,31.802662579595165,31.18696831265469,31.334732055664062,8276100.0
2018-04-30,31.761616605346646,31.88475672228358,31.507131623332427,31.56459617614746,7968000.0
2018-05-01,31.47429471395901,31.96684893219728,31.408619148016125,31.958641052246094,5507000.0
2018-05-02,31.687728083934957,31.687728083934957,30.907851240244177,30.98994255065918,11522200.0
2018-05-03,30.825770232919236,31.351162364353424,30.620538735853753,31.277278900146484,7021400.0
2018-05-04,31.19517341451584,31.7369841959257,31.145916750175775,31.679519653320312,9474000.0
2018-05-07,31.56459617614746,31.728781954868953,31.39220251770236,31.56459617614746,4590100.0
2018-05-08,31.999678395157094,32.32804987632728,31.96684062072357,32.16386413574219,8116600.0
2018-05-09,32.319851358162076,32.39373481340131,32.14745767313178,32.30343246459961,5861400.0
2018-05-10,32.484034272818896,32.73031139118261,32.37731303994735,32.64822006225586,7957900.0
2018-05-11,32.86987432174966,32.98480344856398,32.54150270377977,32.763153076171875,4184400.0
2018-05-14,32.94374540556953,33.288532656510654,32.73851400431906,32.79597854614258,5014000.0
2018-05-15,32.311646822505864,32.3444846130306,31.98327518042658,32.26239013671875,5622800.0
2018-05-16,32.34447795652026,32.69747630305382,32.24596460522013,32.66463851928711,7671500.0
2018-05-17,32.0735691650198,32.213128172522765,31.745197608669617,31.983266830444336,7964200.0
2018-05-18,31.581003918036394,31.646676327390498,31.425026074103858,31.539955139160156,7783900.0
2018-05-21,32.295218170916755,32.59075193319108,32.11461350917508,32.401939392089844,7902200.0
2018-05-22,32.401947998985435,32.66464405043493,32.38552910432185,32.54150390625,5752000.0
2018-05-23,32.1310165789767,32.54969024658203,32.08997093922246,32.54969024658203,4815400.0
2018-05-24,32.3198384959418,32.385514044054986,31.835492289145783,32.23774719238281,7930800.0
2018-05-25,32.098204315679105,32.41836807591924,31.958648403325057,32.26239013671875,5403000.0
2018-05-29,31.59742787224855,31.654892413995373,31.219799714448847,31.326520919799805,7198200.0
2018-05-30,31.441464500992485,31.52355897818657,31.252651900822233,31.474302291870117,8413400.0
2018-05-31,31.466087130002006,31.90117679792471,31.433249346721666,31.76982879638672,8129400.0
2018-06-01,32.00789277093727,32.1802864074707,31.851914891764558,32.1802864074707,5970000.0
2018-06-04,32.713891283616306,32.8370314040147,32.566124391771574,32.81240463256836,8927200.0
2018-06-05,32.59074815260024,32.72209612819853,32.344471089801296,32.45940017700195,6345900.0
2018-06-06,32.713884683679794,32.77956023639797,32.4758186340332,32.4758186340332,9829700.0
2018-06-07,32.47581949720258,32.787768986157005,32.39372505412289,32.4429817199707,8216900.0
2018-06-08,32.14745360695687,32.14745360695687,31.62206160574716,31.958641052246094,8081300.0
2018-06-11,32.01609623194305,32.139236316237344,31.819072723388672,31.819072723388672,4511600.0
2018-06-12,32.12282186195956,32.31163438743659,31.999681760674036,32.1802864074707,6582600.0
2018-06-13,32.61537770662958,32.74672569345252,32.05714797973633,32.05714797973633,9616600.0
2018-06-14,32.04073101955057,32.07356880112968,31.6877326965332,31.687732696533203,7636000.0
2018-06-15,31.868336976216927,31.966847188173464,31.646686650627338,31.761615753173828,11235700.0
2018-06-18,31.44966446014073,31.49071011851843,31.063828381907776,31.400407791137695,8921400.0
2018-06-19,30.948896293842328,31.170546585553524,30.661570449809577,30.833967208862305,9848900.0
2018-06-20,31.474290290147767,31.679521707498346,31.203383316085212,31.482498168945312,8668600.0
2018-06-21,31.08845207578027,31.203381160503838,30.82575613024564,30.883220672607422,9246700.0
2018-06-22,31.416835591471074,31.449673380120117,31.170558439771014,31.2936954498291,10338500.0
2018-06-25,30.889483276857867,31.110732086991142,30.676745784254003,31.06818199157715,10528100.0
2018-06-26,30.915025011306003,31.229875703760317,30.727814912275917,31.025646209716797,8817000.0
2018-06-27,30.8469419925354,30.90650824152127,30.21723747253418,30.21723747253418,8798100.0
2018-06-28,30.20872826967809,30.583145141601562,30.081084457415752,30.583145141601562,7199000.0
2018-06-29,31.10222743491901,31.28943750728832,31.008622398734353,31.11073875427246,8088200.0
2018-07-02,30.81291004314616,31.11925267509053,30.668250048126787,31.093725204467773,7365500.0
2018-07-03,30.966073989868164,31.153284052863995,30.932035206393095,30.966073989868164,6512600.0
2018-07-05,30.97459683263472,31.144784321092786,30.83844489419731,31.136276245117188,9230900.0
2018-07-06,31.331993620213805,31.782996295642533,31.280935427363726,31.714921951293945,7251600.0
2018-07-09,32.22548375324189,32.36163565788213,31.97019933780611,32.19144821166992,7124100.0
2018-07-10,31.88510256622542,32.29355824109447,31.88510256622542,32.27653884887695,7211500.0
2018-07-11,31.76596778986334,31.782983934744006,31.400058998707532,31.459625244140625,7316200.0
2018-07-12,31.76597035062153,31.98721595919164,31.655345923277885,31.748950958251953,5275300.0
2018-07-13,31.944670338117636,32.165915955253645,31.89361215903211,32.14038848876953,4947500.0
2018-07-16,32.23398767022771,32.242495742137336,32.03826955513916,32.15740203857422,5399200.0
2018-07-17,31.910630038754675,32.438218213149284,31.782986220152797,32.37014389038086,6238500.0
2018-07-18,32.37014311067742,32.73605191933082,32.233991222302926,32.684993743896484,10532200.0
2018-07-19,33.56147739305847,34.36988079668306,32.8636984331596,33.8763313293457,17762300.0
2018-07-20,34.02949747615088,34.76131186872126,33.90185365689433,34.65919876098633,14481000.0
2018-07-23,34.73577985008293,34.87193172458817,34.574100513519426,34.66770553588867,6832800.0
2018-07-24,34.97404682170741,35.0676518494369,34.36136497440729,34.369873046875,7018300.0
2018-07-25,34.48900656526185,34.80386043993187,34.30179975034449,34.79534912109375,7725700.0
2018-07-26,34.63365811033935,34.83788424805909,34.41240934067437,34.73577117919922,8476600.0
2018-07-27,34.837887213818384,35.67181771375127,34.837887213818384,35.271873474121094,9468500.0
2018-07-30,35.27188441338361,35.331450664273035,34.79535116015103,34.96554183959961,5174300.0
2018-07-31,35.11019669344459,35.38250368857184,34.96553674695884,35.067649841308594,4908300.0
2018-08-01,35.263376591794454,35.510152939166595,35.161263472443665,35.493133544921875,6115000.0
2018-08-02,34.97405113945682,35.44207633588467,34.88895741980666,35.35697937011719,4669300.0
2018-08-03,35.433561695188075,35.69735739516666,35.36548737507178,35.47610855102539,4575200.0
2018-08-06,35.059141256532065,35.24634805241562,34.88895060436062,34.948516845703125,7245800.0
2018-08-07,34.94852601107694,35.101697313589284,34.75280784589285,35.09318923950195,7494900.0
2018-08-08,35.36548515250925,35.83350702954068,35.271880127879605,35.71437454223633,5089600.0
2018-08-09,35.6888534949881,35.69736481559503,35.467607850973415,35.603759765625,4513300.0
2018-08-10,35.14423519706862,35.14423519706862,34.710252114909395,34.91447830200195,7053200.0
2018-08-13,34.625165816002585,34.88045349757067,34.43795896126843,34.64218521118164,6708600.0
2018-08-14,34.888948297004816,35.05062762051095,34.778323893491944,34.81236267089844,5339100.0
2018-08-15,34.420928955078125,34.506022658623664,34.14011389036776,34.420928955078125,6052800.0
2018-08-16,34.42092919147563,34.65919415993287,34.35285163127828,34.38689041137695,5544000.0
2018-08-17,34.1996717018671,34.22520240353083,33.859293725471275,34.148616790771484,7897200.0
2018-08-20,34.0550259556171,34.242236030470025,33.95291284484152,34.12310028076172,4156700.0
2018-08-21,34.352854678905125,34.92299293472938,34.34434660618403,34.79534912109375,6075100.0
2018-08-22,34.76131341966188,34.93150410422492,34.49752094240061,34.803863525390625,5512700.0
2018-08-23,35.14423777010411,35.186784625020344,34.61664962768555,34.61664962768555,4126100.0
2018-08-24,34.82939349714903,35.23784922180941,34.74429977180552,35.09318923950195,4232000.0
2018-08-27,35.25485305903235,35.49311798174794,35.20379489868639,35.33994674682617,5733000.0
2018-08-28,36.071766131392735,36.386616688882285,35.95263366348406,36.03772735595703,10683500.0
2018-08-29,36.75253401966695,37.76516672635622,36.667440307258786,37.55242919921875,12278200.0
2018-08-30,37.73962949221745,37.85876521355943,36.939737697048834,36.98228454589844,7826200.0
2018-08-31,36.69296948921035,37.109936490207865,36.55681759531432,37.10142517089844,8782900.0
2018-09-04,36.8120947733392,37.54391227684642,36.75252853432038,37.535404205322266,8174900.0
2018-09-05,37.51838484024169,37.92684044211143,37.45881860118463,37.62900924682617,7262400.0
2018-09-06,37.390750884471295,37.501375320168414,37.084411537038186,37.48435592651367,10424900.0
2018-09-07,37.441802536212634,38.49698203597914,37.42478314552579,38.19063949584961,14256000.0
2018-09-10,38.292752801712254,38.343810974049944,37.884297161361346,37.969390869140625,6824900.0
2018-09-11,37.135467423249175,37.92685139482318,37.084412487094404,37.90983200073242,12509700.0
2018-09-12,37.373720052472066,37.69708194071142,37.28862635635897,37.39073944091797,10303700.0
2018-09-13,37.43329746021588,37.43329746021588,36.82061233091543,36.956764221191406,9624500.0
2018-09-14,37.458828939893294,37.91834283611719,37.39926268439584,37.79069900512695,5295400.0
2018-09-17,37.126950550112326,37.56093363516068,36.990798675771984,37.237571716308594,6210300.0
2018-09-18,37.016328453831264,37.51838913052101,36.888684643474726,37.067386627197266,8814200.0
2018-09-19,37.611991606605756,37.77367094211918,37.22055537571006,37.45882034301758,6393200.0
2018-09-20,37.65453767197229,37.80770893236117,37.35670646905872,37.58646011352539,4728000.0
2018-09-21,37.65452672777166,37.7906785589766,37.45880867329679,37.49284744262695,6668600.0
2018-09-24,37.30564938979849,38.24169312296559,37.26310253758485,38.19914627075195,8229100.0
2018-09-25,38.12255952488647,38.21616454469264,37.552424580418595,37.58646011352539,6678200.0
2018-09-26,37.654546615867226,38.06300232521712,37.654546615867226,37.671566009521484,4564300.0
2018-09-27,37.95236818175823,38.48846758332848,37.935352038573924,38.08852005004883,6711700.0
2018-09-28,37.86728032384154,37.96939342928518,37.416277799191455,37.57795715332031,7727700.0
2018-10-01,37.909824387200324,38.25871378069872,37.79919997088614,38.0034294128418,5029800.0
2018-10-02,37.22906313149223,37.43329256324777,36.97377877638534,37.118438720703125,5440300.0
2018-10-03,37.47584582043886,37.64603650163947,37.075898206535015,37.40776824951172,5631100.0
2018-10-04,36.65042347558519,36.65893479509076,35.71437958924451,36.10581588745117,7885000.0
2018-10-05,35.63777864942599,35.79945794335287,35.03360182240264,35.42504119873047,7921400.0
2018-10-08,34.684724948198635,35.033614362376554,34.37838563628297,34.854915618896484,7761800.0
2018-10-09,34.888957244613486,35.144241648399394,34.531559728536685,34.803863525390625,5678700.0
2018-10-10,34.33583629568214,34.412421936889196,33.484886169433594,33.484886169433594,12853500.0
2018-10-11,32.76158841687805,33.69763250177024,32.61692841577131,33.13600540161133,10209000.0
2018-10-12,34.15714348621298,34.53156368436757,33.34874007651829,33.748687744140625,7578600.0
2018-10-15,33.58699685489579,33.689109943904015,32.94878436789037,32.97431182861328,8209000.0
2018-10-16,33.90184884415053,34.089058886852335,33.52743200486362,34.0465087890625,10748100.0
2018-10-17,34.03800506659669,34.11459070784122,33.340226222420824,33.672096252441406,8173600.0
2018-10-18,33.867823617357814,33.99546746957354,32.72755000718095,32.79562759399414,9555600.0
2018-10-19,33.323202199809266,33.459354071311495,32.62542345259573,32.71902847290039,11266200.0
2018-10-22,33.34872429201893,33.382763065943266,32.795608823271074,32.94878005981445,8165700.0
2018-10-23,31.84254895046347,32.489272798928525,31.70639707385769,32.33610153198242,12350000.0
2018-10-24,31.96168744049156,31.96168744049156,31.000112903058145,31.042659759521484,13312400.0
2018-10-25,31.297946018467222,31.953178034811057,31.05117293775682,31.817026138305664,9927300.0
2018-10-26,31.10222307128738,31.731927524289507,30.75333368744096,31.204336166381836,11973200.0
2018-10-29,31.629809132402972,31.834038555467714,30.60867175542894,30.915014266967773,8269300.0
2018-10-30,31.34899958056056,32.1659108392962,31.20433638588543,32.14889144897461,12106400.0
2018-10-31,32.92326827038469,33.17855597536119,32.361641162448805,32.421207427978516,12610900.0
2018-11-01,32.99984209463598,33.25512970803328,32.667972092559715,33.22959899902344,14348600.0
2018-11-02,33.34021722527557,33.604012861956335,32.702004802504014,32.99983596801758,9736200.0
2018-11-05,32.94880121434494,33.03389495767344,32.59991167290892,32.744571685791016,8591900.0
2018-11-06,32.76157634560665,33.05940755939273,32.69349878467454,32.95729446411133,8578100.0
2018-11-07,33.433818774001416,33.442326843800245,32.948777642570505,33.340213775634766,6568700.0
2018-11-08,33.00835596542493,33.23811288757864,32.92325900567332,32.93177032470703,7953700.0
2018-11-09,32.412691236960626,32.667975631899296,32.17442623450016,32.39567184448242,5975400.0
2018-11-12,32.216966528945036,32.268021449860825,31.49365710351147,31.53620719909668,11666700.0
2018-11-13,31.817027315466454,32.43822056913743,31.689386733711192,31.825538635253906,15057100.0
2018-11-14,32.50628986920543,32.62542234696808,31.799999828017516,32.199947357177734,10404900.0
2018-11-15,32.39566304455746,32.82113800258539,32.2424917999781,32.77859115600586,10840400.0
2018-11-16,31.54472914045328,31.65535359460555,31.1958396276204,31.37453842163086,16382400.0
2018-11-19,31.17881474461679,31.212853531615092,30.600168350115254,30.676753997802734,15191700.0
2018-11-20,30.1236336802179,30.62569434975876,29.97046240841785,30.32785987854004,11673500.0
2018-11-21,30.991599513733778,31.246887127693736,30.753334536562466,30.77886199951172,7013100.0
2018-11-23,30.489543239115005,30.804393863050763,30.421465673876476,30.60016441345215,2320500.0
2018-11-26,31.238372710753552,31.39154396548967,31.034146535183083,31.348997116088867,7077300.0
2018-11-27,30.96606355260976,31.331972236342867,30.96606355260976,31.314952850341797,6870200.0
2018-11-28,31.714903379700747,32.353115809070886,31.54471274931212,32.3446044921875,8380200.0
2018-11-29,32.29355824109447,32.650955739310966,32.22548067222439,32.27653884887695,7056600.0
2018-11-30,31.689391357836154,31.995730746420353,31.553239436426114,31.98722267150879,8734400.0
2018-12-03,33.03388009710157,33.18705136308206,32.659463250325246,32.95729446411133,7457600.0
2018-12-04,32.78711311005079,32.999850679145055,31.85106910448309,31.859577178955078,13321200.0
2018-12-06,30.37892194268524,31.366024017333984,30.302336296974676,31.366024017333984,12075700.0
2018-12-07,31.18732272606696,31.434095790096034,30.753336353586946,31.076698303222656,10802700.0
2018-12-10,30.897991825787372,31.3404861602879,30.702273739663024,31.000104904174805,12439100.0
2018-12-11,31.689391424950106,31.782993233646984,30.889496044618912,31.229877471923828,8635800.0
2018-12-12,32.00423176248318,32.080817396499064,31.714908616880578,31.808513641357422,8405400.0
2018-12-13,31.902110629283168,32.04677054258437,31.646823082795873,31.765958786010742,5825900.0
2018-12-14,31.314961987000896,31.578757677810305,31.085205078125,31.085205078125,5969600.0
2018-12-17,31.170298586412954,31.434091001937542,30.73631228003936,30.821409225463867,10733100.0
2018-12-18,31.153285177269606,31.48515521283698,31.153285177269606,31.280925750732422,7100400.0
2018-12-19,31.161797525555503,31.723424565747642,30.719303002052968,30.829927444458008,11786400.0
2018-12-20,30.983091728977083,31.272414880848658,30.242766081526863,30.532089233398438,12540400.0
2018-12-21,31.178816076253234,31.425592423354555,30.33637716182808,30.387432098388672,16981000.0
2018-12-24,30.259790053381106,30.540601929291437,30.013013718165976,30.030033111572266,6288500.0
2018-12-26,30.06407003569112,31.289437069966915,30.06407003569112,31.280925750732422,10063400.0
2018-12-27,30.804386244394852,31.314954872940177,30.60015684530702,31.297935485839844,8688600.0
2018-12-28,31.59578384164484,32.06380583214668,31.502178794320955,31.604291915893555,7369000.0
2018-12-31,31.8510618612111,31.98721374462433,31.28943493636691,31.408567428588867,4600600.0
2019-01-02,30.80439452861902,31.272416438336702,30.634203857962486,31.076698303222656,5273100.0
2019-01-03,30.072578212344286,30.225749497920756,29.162061818149265,29.2386474609375,15998000.0
2019-01-04,29.323740291246246,29.80878159888361,29.11100276171698,29.757726669311523,14178200.0
2019-01-07,29.79176521239146,30.18320477326287,29.75772967128225,29.978975296020508,6850800.0
2019-01-08,29.876856186797333,29.936422429435513,29.476908632412318,29.732192993164062,11462600.0
2019-01-09,30.064065055865164,30.60016121862069,30.064065055865164,30.302330017089844,11770300.0
2019-01-10,30.17468503314837,31.042654388515984,30.123630112672725,30.991596221923828,7894600.0
2019-01-11,31.017130285992508,31.289434045062176,30.838431552749952,31.153282165527344,7232700.0
2019-01-14,30.744819762521267,30.79587467729081,30.395930445092745,30.42996597290039,6146200.0
2019-01-15,30.668235778808594,30.82991509438959,30.464006370496943,30.668235778808594,10165800.0
2019-01-16,30.549108713858736,30.659729885401187,30.32785987854004,30.32785987854004,8727400.0
2019-01-17,29.71517374238829,31.102223212007026,29.638591355308535,30.880977630615234,21916900.0
2019-01-18,30.83842843104616,31.493657053274905,30.77035087511165,31.348997116088867,12905900.0
2019-01-22,31.059669570850215,31.28091510388575,30.719288331901318,30.949045181274414,13381700.0
2019-01-23,31.085203976382758,31.26390595214161,30.838430931403312,31.05116844177246,13918600.0
2019-01-24,31.383045337367058,32.02976608276367,31.297948366842828,32.02976608276367,14094100.0
2019-01-25,32.33609823875804,32.5573437984162,32.23398515323247,32.455230712890625,16763700.0
2019-01-28,31.417082645704877,32.046787278515694,31.400066496760907,31.859577178955078,14086500.0
2019-01-29,31.73192546699362,31.73192546699362,30.889483560261834,30.915014266967773,10100800.0
2019-01-30,31.32347237462907,31.868079884912355,30.8809779609947,31.808513641357422,9281600.0
2019-01-31,31.748944858416163,32.42119287421275,31.748944858416163,32.01273727416992,7633400.0
2019-02-01,32.12337088463003,32.22548400237026,31.859575147173818,31.970199584960938,6438300.0
2019-02-04,31.910632518857565,32.34461569282237,31.808519403710093,32.28504943847656,7283800.0
2019-02-05,32.268024493104726,32.5658589597077,32.23398895798977,32.5488395690918,7314000.0
2019-02-06,32.69349427893071,33.03387554444717,32.59989251472419,32.96580123901367,8795200.0
2019-02-07,32.650962369220984,32.72754802669228,32.19145167051101,32.43822479248047,7916200.0
2019-02-08,32.08932447883035,32.268023203982935,31.910625753677767,32.15740203857422,7147200.0
2019-02-11,32.268020480034195,32.5828742980957,32.19143810096222,32.5828742980957,8860700.0
2019-02-12,32.88070297241211,32.99132736615727,32.71051234652329,32.88070297241211,8831200.0
2019-02-13,32.65096547202981,32.74457053406974,32.37866160761445,32.446739196777344,7155600.0
2019-02-14,32.268025516791994,32.514801819376125,32.13187363366229,32.38716125488281,7782800.0
2019-02-15,32.2595331190625,32.574383893137856,32.22549432021151,32.41270446777344,6257600.0
2019-02-19,32.52332044437901,32.89773739556925,32.42120407450357,32.72754669189453,8105700.0
2019-02-20,33.1274912413538,33.62104066483862,33.093452454598335,33.18705749511719,7178600.0
2019-02-21,33.24662578244079,33.34023082868508,33.016868826964135,33.170040130615234,4607300.0
2019-02-22,33.28916400261229,33.53594028843752,33.25512846872898,33.5189208984375,5117800.0
2019-02-25,33.92738374902696,33.96993061003415,33.59551368860648,33.68061065673828,5101500.0
2019-02-26,33.53594105233776,33.75718663514425,33.51041358981461,33.6976203918457,5587300.0
2019-02-27,33.62103172708411,33.689109282497434,33.23810683929195,33.569976806640625,8194900.0
2019-02-28,33.28916524318498,33.43382844051791,33.187052145496175,33.22959899902344,5705100.0
2019-03-01,33.49339343649583,33.62954531037928,33.35724156261238,33.5189208984375,5299200.0
2019-03-04,33.467864709019274,33.467864709019274,32.94027337731881,33.314693450927734,7081100.0
2019-03-05,33.14449718593371,33.38276210430825,32.897720951265185,33.204063415527344,7192400.0
2019-03-06,33.23811109678666,33.37426297893659,32.99984286843658,33.00835418701172,4433400.0
2019-03-07,32.99132866649262,33.08493367672668,32.650947401299035,32.872196197509766,4231300.0
2019-03-08,32.293552937187826,32.65946169447464,32.285041619418394,32.506290435791016,5066200.0
2019-03-11,32.53181365009231,32.92324981735526,32.506286192349656,32.88070297241211,6005400.0
2019-03-12,33.22959979214394,33.33171289226997,33.06792044643464,33.101959228515625,5580200.0
2019-03-13,33.374260677118976,33.561467473340436,33.20407002464035,33.36574935913086,6086400.0
2019-03-14,33.18706108134188,33.22960794632519,32.96581543575807,33.03388977050781,4935000.0
2019-03-15,33.53592492602892,34.09755155428825,33.53592492602892,33.74015426635742,8871300.0
2019-03-18,33.91887356299419,34.0209866722759,33.73166349088005,33.910362243652344,6290900.0
2019-03-19,34.02098846331751,34.10608543062989,33.69762647976523,33.833778381347656,8033600.0
2019-03-20,33.84228791950361,34.16564988603243,33.73166349088005,33.910362243652344,5394000.0
2019-03-21,34.25073761036735,35.0931795413733,34.22521014904242,34.92298889160156,6509600.0
2019-03-22,34.7527932826754,34.905964521001074,34.327318342018806,34.40390396118164,6759100.0
2019-03-25,34.03801013455791,34.4294464720371,33.84229196581831,33.969932556152344,4901800.0
2019-03-26,34.13161112793814,34.574105596665696,34.0975723427782,34.378387451171875,5573500.0
2019-03-27,34.19969104132097,34.25925730202703,33.867820947067806,34.20820236206055,7660300.0
2019-03-28,34.24223401531914,34.497518400293245,34.20819523169137,34.327327728271484,6632700.0
2019-03-29,34.73578312324311,34.931501258404666,34.548573060863774,34.854915618896484,6116300.0
2019-04-01,34.957027171196195,35.203800201416016,34.66770404455405,35.203800201416016,6834200.0
2019-04-02,35.0421315412881,35.19530284591893,34.88896023665727,35.118717193603516,5580200.0
2019-04-03,35.39951662022397,35.7058591215911,35.322930994882185,35.56119918823242,6821100.0
2019-04-04,35.51014535476476,35.89307352818977,35.442071038443004,35.77394104003906,7610300.0
2019-04-05,36.02922055223273,36.02922055223273,35.790955608036064,35.93561553955078,4430600.0
2019-04-08,35.94412156056985,36.15685901400426,35.807969720216455,36.07176208496094,6830300.0
2019-04-09,35.94414415165504,35.99519909505341,35.76544211140685,35.91861343383789,5049900.0
2019-04-10,35.96113971632159,36.165369111359176,35.89306541538647,36.054744720458984,4040200.0
2019-04-11,35.81648124817983,35.91008625610717,35.69734878213274,35.824989318847656,5172200.0
2019-04-12,36.139846825729855,36.29301808239716,35.97816425140515,36.23345184326172,6555700.0
2019-04-15,36.23345614828851,36.39513549570634,36.131339800966444,36.25898361206055,5274400.0
2019-04-16,36.446200989559394,36.65893855336644,36.37812341100469,36.599369049072266,6639100.0
2019-04-17,37.356710284564016,37.83324025789711,37.32267150186394,37.77367401123047,15795700.0
2019-04-18,37.49285975643477,38.83735912539403,37.441801585670454,38.63313293457031,16569800.0
2019-04-22,38.11404480075731,38.42889533832896,37.94385418046158,38.420387268066406,10872000.0
2019-04-23,38.42039284664938,38.650146484375,38.34380721870199,38.650146484375,11437500.0
2019-04-24,38.36083546893859,38.794818630143624,38.241699717632336,38.64164733886719,10776800.0
2019-04-25,38.233193752234314,38.32679879607739,37.807718641033055,37.85026550292969,10149800.0
2019-04-26,37.14396642374341,37.44179760625569,36.863151383560606,37.39073944091797,12745000.0
2019-04-29,37.31416580600034,37.37373206164301,37.08441210344573,37.297149658203125,9272100.0
2019-04-30,36.931252862151204,37.39076366340527,36.812117065851304,37.28865051269531,11863900.0
2019-05-01,37.688598284977225,37.91835530866352,37.28865051269531,37.28865051269531,7319000.0
2019-05-02,37.32267078159789,37.84175084634718,37.229065754037606,37.78218460083008,10717200.0
2019-05-03,38.23318860864296,38.41188735223857,37.91833797762445,38.04597854614258,5479900.0
2019-05-06,36.86315487340185,37.28862988648,36.769549851145975,37.237571716308594,10756400.0
2019-05-07,37.297141204566934,37.484348002961944,36.83762741137451,37.237571716308594,10225200.0
2019-05-08,37.03334074877718,37.441796319087814,36.98228258519473,37.1865119934082,8112600.0
2019-05-09,36.52277758421048,36.84613953865197,35.978170026909304,36.803592681884766,11229400.0
2019-05-10,36.471713524120126,36.66743161314638,35.9015753985947,36.44618606567383,8313900.0
2019-05-13,35.2038022510413,35.32293473728006,34.6677060629669,34.88044357299805,11046000.0
2019-05-14,35.391012615183946,35.80797956686598,35.22933327471617,35.71437454223633,7107800.0
2019-05-15,35.35697383420647,36.020717078799976,35.28038820006556,35.71437454223633,5347700.0
2019-05-16,35.42504368073611,35.43355175106905,35.07615436699565,35.33994674682617,9214700.0
2019-05-17,34.36986871279909,34.84640186382291,34.11458437143925,34.250736236572266,11271000.0
2019-05-20,33.39979635871061,33.44234322077209,32.77860308348397,32.897735595703125,13979700.0
2019-05-21,33.31470407382865,33.47638345509405,32.89773701693058,33.442344665527344,11806400.0
2019-05-22,33.357243601889174,33.51892294759847,33.09344790993692,33.101959228515625,12217600.0
2019-05-23,32.3190862013891,32.48927688005395,31.834044877170466,32.39567184448242,14708800.0
2019-05-24,32.69349722720253,32.9658042118419,32.506290435791016,32.506290435791016,10540700.0
2019-05-28,32.44673238321378,32.506298638163805,32.03827667236328,32.03827667236328,12484600.0
2019-05-29,31.87658566492049,32.12336193968406,31.638320707833785,32.072303771972656,13043000.0
2019-05-30,32.29355824844316,32.65095574674098,32.19995321428407,32.37014389038086,7351600.0
2019-05-31,32.56585970309539,33.16152540378188,32.54884031209099,32.633934020996094,9302700.0
2019-06-03,33.153022290908154,33.26364673675892,32.89773785489061,33.03388977050781,9618300.0
2019-06-04,32.88070888537328,33.272145123028494,32.69349883861784,33.23810958862305,6985600.0
2019-06-05,33.39128363057822,33.40829977613706,32.42119778175512,32.531822204589844,8219800.0
2019-06-06,32.48927609337293,32.83816551543527,32.268027242630694,32.71052169799805,6234000.0
2019-06-07,32.96581543575807,33.18706108134188,32.812644124924,33.03388977050781,4456900.0
2019-06-10,33.604020396830805,34.14862793366544,33.5699816142494,33.71464157104492,8351800.0
2019-06-11,34.4379498169946,34.54857098710875,33.98694407979907,34.003963470458984,6100600.0
2019-06-12,34.038005058292555,34.199684413717286,33.569983137964456,33.5784912109375,6163200.0
2019-06-13,33.71463674271918,33.71463674271918,33.2125761329537,33.569976806640625,6646800.0
2019-06-14,32.87219862011445,32.93176485899577,32.19143928567321,32.199947357177734,11281500.0
2019-06-17,32.26803674644816,32.378661204401205,32.046791076660156,32.046791076660156,6500700.0
2019-06-18,32.56585751243303,33.5444480834809,32.52331066084255,33.36574935913086,12303200.0
2019-06-19,33.98694589056653,34.00396528213321,33.442338344900996,33.527435302734375,10217600.0
2019-06-20,34.42094136528494,34.650698343035074,34.15714559539749,34.47199630737305,10400000.0
2019-06-21,34.480506896972656,34.63367821222326,34.395409918434645,34.480506896972656,12766200.0
2019-06-24,34.758141042639146,35.20623489946414,34.65270443378153,35.127159118652344,6571000.0
2019-06-25,34.7230044235102,34.7230044235102,34.18704658833208,34.195831298828125,6790500.0
2019-06-26,34.59999154228495,34.59999154228495,34.24854286181457,34.33640670776367,9133300.0
2019-06-27,34.77570778595765,34.93385596851957,34.52090771952293,34.78449249267578,11375200.0
2019-06-28,34.90750134591945,34.90750134591945,34.37154369748751,34.41547393798828,7040000.0
2019-07-01,36.49779463541219,36.81409766997287,36.15513413185876,36.357215881347656,11046800.0
2019-07-02,36.19029403321049,36.295730664149836,35.794918398010246,35.847633361816406,4445600.0
2019-07-03,35.452242723711755,35.46981548975976,35.15351240422053,35.43467330932617,3125000.0
2019-07-05,35.030510760225866,35.23259256747451,34.82842895297723,35.083229064941406,3149300.0
2019-07-08,34.76692630631731,34.87235956519651,34.47698400648378,34.547271728515625,6772300.0
2019-07-09,34.83722412841976,35.15352396632862,34.63513892823244,34.854793548583984,6577000.0
2019-07-10,35.873991309958846,36.146360872152755,35.627975875884786,35.7685546875,7945000.0
2019-07-11,36.1463638428569,36.190294096660224,35.87399425827819,35.93549728393555,6126600.0
2019-07-12,36.11998867767376,36.26056743201948,35.86518863802781,36.22542190551758,4695800.0
2019-07-15,36.68230574734955,36.84045727379444,36.603229984127104,36.74380874633789,5784300.0
2019-07-16,36.72625906789875,36.858053206668124,36.524177179672776,36.69990158081055,6529500.0
2019-07-17,36.620804015571245,36.82288578376312,36.48022524849594,36.576873779296875,5514600.0
2019-07-18,37.35885609897188,37.98267438076055,37.17434703280846,37.94752883911133,11257600.0
2019-07-19,37.85088568900478,38.676785852772525,37.84209762728207,38.509849548339844,11438800.0
2019-07-22,38.834933137359016,39.43239390498478,38.77343011877958,39.186378479003906,10035800.0
2019-07-23,39.133661558771415,39.16880709667244,38.87007672783972,39.02822494506836,6565800.0
2019-07-24,39.09851001559281,39.21273132039599,38.87007075764892,39.1336555480957,7130400.0
2019-07-25,38.843706018880816,38.87006684143333,38.325321197509766,38.325321197509766,6593900.0
2019-07-26,38.42197310241897,38.562551878957066,38.11445807613638,38.18474578857422,4399000.0
2019-07-29,38.23746919334764,38.615275334187324,38.13203593477883,38.60648727416992,4138600.0
2019-07-30,38.13203552375006,38.13203552375006,37.57850505682034,37.877235412597656,4938500.0
2019-07-31,37.80694303826185,37.9299490596419,36.94589753693876,37.45549774169922,7592300.0
2019-08-01,37.56093534885166,38.12325056985492,36.550522881843044,36.787750244140625,9662800.0
2019-08-02,36.155142773881124,36.70866986500784,36.03213340196807,36.594451904296875,9317000.0
2019-08-05,35.50496462519087,35.60161317243238,34.9514341693204,35.03050994873047,6668400.0
2019-08-06,36.181501372832784,36.47144366504708,35.92670126487949,36.25178909301758,8667700.0
2019-08-07,36.06728005691186,36.41872871282418,35.847625484882364,36.25178909301758,5484700.0
2019-08-08,36.77016858360743,37.06011418463973,36.682308108443735,36.81410217285156,7795900.0
2019-08-09,36.54173462837224,36.64716788416771,36.023349705855615,36.383583068847656,3480500.0
2019-08-12,36.067280737544074,36.26057783710987,35.89155640627179,35.98820495605469,3463500.0
2019-08-13,35.698270730740774,36.893192431601925,35.62797964167195,36.76139831542969,7697800.0
2019-08-14,35.8915475905878,36.10241740665325,35.364378077917195,35.52252960205078,9621800.0
2019-08-15,35.47860846008502,36.01456616792582,35.443462923123654,35.90034484863281,7690100.0
2019-08-16,36.1814996296258,36.66473899447591,36.15514215478424,36.497802734375,4845700.0
2019-08-19,37.04255516169759,37.08648541557713,36.59446120946466,36.70867919921875,3797600.0
2019-08-20,36.90196909876819,37.095266199912906,36.65595704397519,36.84925079345703,7540300.0
2019-08-21,37.26220083865437,37.46428263932506,37.15676758431808,37.41156768798828,3914600.0
2019-08-22,37.244628856351405,37.33249269653667,36.66474091777985,37.01618957519531,3145600.0
2019-08-23,36.849253846850345,37.03376625489699,35.90034773426156,35.97942352294922,7526900.0
2019-08-26,36.348443814816825,36.50659540167339,36.13757726678365,36.322086334228516,5519000.0
2019-08-27,36.50659210928932,36.62081343430975,36.26058004154968,36.330867767333984,4192800.0
2019-08-28,36.304506269424394,36.699885157131106,36.06727893680037,36.594451904296875,3586000.0
2019-08-29,37.20070185973889,37.402783682312695,37.10405330292901,37.14798355102539,5171600.0
2019-08-30,37.52578546034666,37.68393701688179,37.21827040689653,37.45549774169922,5382200.0
2019-09-03,37.03377011058467,37.04255482061427,36.53295784730958,36.65596389770508,4748000.0
2019-09-04,37.4379255417074,37.91238021850586,37.244628447086676,37.91238021850586,4460900.0
2019-09-05,38.44833549064058,39.10729921833777,38.44833549064058,38.87007522583008,7698300.0
2019-09-06,38.65921530863965,38.69436085422861,38.386842357820754,38.404415130615234,4325300.0
2019-09-09,38.58013072092853,38.729497579834,38.255042877423115,38.52741241455078,4677000.0
2019-09-10,38.307764881529884,38.747074127197266,38.096898320541136,38.747074127197266,5001600.0
2019-09-11,38.58012804562419,38.896431158631025,38.518625034946496,38.852500915527344,4016800.0
2019-09-12,38.9140040318736,39.063367529164246,38.59770091800786,38.720706939697266,6577900.0
2019-09-13,39.03700294191677,39.3884515270001,38.826133120534344,39.30937576293945,6231100.0
2019-09-16,39.12487546042447,39.30938786782591,39.089733272424176,39.186378479003906,3716300.0
2019-09-17,38.9052148686589,39.669615156039285,38.84371185955877,39.652042388916016,6110900.0
2019-09-18,39.68718931645723,39.713550146125115,39.19516518483033,39.57297134399414,4044800.0
2019-09-19,39.6455351521532,40.01721380594883,39.610136542116045,39.734031677246094,6422700.0
2019-09-20,39.61899221719174,39.73403602450068,38.822540283203125,38.822540283203125,7249200.0
2019-09-23,39.09687529462521,39.19421979701408,38.80484178745858,38.99953079223633,4347000.0
2019-09-24,39.291560554257664,39.4243002828466,38.99067911000642,39.04377365112305,7592200.0
2019-09-25,39.11456804770756,39.91101648909112,38.93757837991217,39.83137130737305,6719500.0
2019-09-26,39.91100336180988,41.15877521445212,39.91100336180988,41.11452865600586,15832500.0
2019-09-27,40.707470210197286,41.13224340729497,39.99066354120896,40.27384567260742,9610400.0
2019-09-30,41.211881652743955,41.36232403360118,40.81365579258862,41.13223648071289,8396900.0
2019-10-01,41.557018313010246,42.34461885933175,41.557018313010246,41.760555267333984,11575200.0
2019-10-02,41.33577712349,41.53931405354201,40.99950047860252,41.08799362182617,5785200.0
2019-10-03,41.10569939000398,41.71631027618602,40.91986173453086,41.707462310791016,6091600.0
2019-10-04,41.61896422852294,41.99064290143041,41.39772796811055,41.96409225463867,5704200.0
2019-10-07,42.23842411938979,42.61010277194,41.972941296595216,42.43311309814453,11059000.0
2019-10-08,42.70744583659779,42.831340976972804,42.12338224944804,42.35346984863281,13089700.0
2019-10-09,42.654351240193876,43.41540450824531,42.62780059367756,43.079124450683594,11033100.0
2019-10-10,43.282658514039824,43.707431696176926,42.9109832455938,43.300357818603516,9566500.0
2019-10-11,43.76051746476796,44.06139880725111,43.654325042655145,43.73396682739258,7499100.0
2019-10-14,43.73398180330156,44.36229534079782,43.62778934482507,44.167606353759766,7974000.0
2019-10-15,44.42423077854905,44.81360528528402,44.34458560946728,44.592369079589844,9323200.0
2019-10-16,44.548130880905255,45.24723823240052,44.30919532878166,44.3622932434082,13615700.0
2019-10-17,45.25609715722136,45.318043051389324,43.59239922977233,44.026023864746094,12410200.0
2019-10-18,43.93752427101481,44.32689888825752,43.477352427474756,43.61009216308594,9169200.0
2019-10-21,43.831328155584636,44.344597915615886,43.654341842550785,44.24725341796875,6538900.0
2019-10-22,44.51273245904226,44.981755600730054,44.40654000513817,44.81361389160156,10697300.0
2019-10-23,44.33574774767268,44.601233975843655,44.176457361089135,44.3976936340332,7118800.0
2019-10-24,44.68087774114062,45.1764448161866,44.45079013418569,45.08795166015625,7006600.0
2019-10-25,44.95521227305524,45.33573895193269,44.85786776788225,45.24724578857422,6303500.0
2019-10-28,45.4861736567178,45.55696750022371,45.176440885962435,45.40652847290039,7725500.0
2019-10-29,45.574677310860096,45.875558810662746,45.52157938414269,45.54813003540039,5303900.0
2019-10-30,45.83129611560034,46.07023163814064,45.63660716187191,45.9374885559082,5198100.0
2019-10-31,45.91978524353128,45.95518384580851,45.44191424017812,45.689701080322266,5140800.0
2019-11-01,45.919791344334456,46.105628967285156,45.75165302487387,46.105628967285156,5226600.0
2019-11-04,47.38879933764898,47.60118760176852,47.0082727556243,47.3357048034668,7233400.0
2019-11-05,47.45959879135461,47.76048021051263,47.33570703801844,47.38880157470703,5287100.0
2019-11-06,47.52154273454408,47.56578930525003,46.99057375868171,47.46844482421875,4545100.0
2019-11-07,47.6985430939265,48.11446500282739,47.36226300468513,47.49500274658203,7890900.0
2019-11-08,47.37110290955853,47.37110290955853,46.48615794430888,46.751644134521484,6558400.0
2019-11-11,46.36226950142941,46.680850251806284,46.15873254997694,46.5481071472168,4046500.0
2019-11-12,46.62775871481202,46.62775871481202,46.04369505113705,46.1498908996582,8625100.0
2019-11-13,46.53040420006426,46.84898152659887,46.149877625145756,46.7958869934082,5336200.0
2019-11-14,46.459609093837116,46.66314602381924,46.132180413065626,46.44190979003906,5308600.0
2019-11-15,46.91092742813571,47.24720743367056,46.79588702228702,47.158714294433594,5986400.0
2019-11-18,47.24721066614233,47.75162902105654,47.24721066614233,47.27375793457031,4774400.0
2019-11-19,47.83127704410563,47.91092222991891,47.50384833611652,47.574642181396484,4731100.0
2019-11-20,47.38880911005947,47.59234607659028,47.087927643057924,47.34456253051758,5264800.0
2019-11-21,47.34455594525758,47.353403909616226,46.84898554624454,46.88438415527344,6037000.0
2019-11-22,46.83127650623501,47.043664740459,46.67198955031259,46.71623611450195,4172300.0
2019-11-25,46.981730645962216,47.73393255302304,46.72509578325306,47.574642181396484,5021500.0
2019-11-26,47.34454333636133,47.60117811977757,47.238350913353194,47.45958709716797,5672800.0
2019-11-27,47.813569933000565,47.84012057446865,47.379948839983946,47.68967819213867,2786100.0
2019-11-29,46.955187956896914,47.043681116079576,46.72510034174579,46.98173522949219,3391700.0
2019-12-02,47.38880251864512,47.42420112767402,46.70739448592613,46.88438415527344,4475800.0
2019-12-03,46.388820499657946,46.84014439089099,46.17643556620517,46.707401275634766,5468100.0
2019-12-04,47.14101220583785,47.406494983658106,46.999421165947275,47.06136703491211,3905200.0
2019-12-05,47.45075463548928,48.26490587121466,47.335714204715316,48.141014099121094,7624300.0
2019-12-06,48.229506607709894,48.69852641740121,48.229506607709894,48.61888122558594,5429100.0
2019-12-09,48.71620549487204,48.840097213851,48.070196263198774,48.194087982177734,6541900.0
2019-12-10,48.38878342012904,48.725063399679534,48.079054080935556,48.2471923828125,4364800.0
2019-12-11,48.70736501550243,49.733900899332504,48.69851367661783,49.46841812133789,11028000.0
2019-12-12,50.66311218373029,51.87548615015245,50.45957519490015,51.86663818359375,15788700.0
2019-12-13,52.25599370083083,52.67191886841374,51.548038482666016,51.548038482666016,9886900.0
2019-12-16,51.58344362589922,51.94627093218558,51.58344362589922,51.80467987060547,5779400.0
2019-12-17,52.84006017279755,52.84006017279755,52.01706113009639,52.415287017822266,8407500.0
2019-12-18,52.74271968428385,52.778118293827255,51.963970529112025,52.30024719238281,10021200.0
2019-12-19,52.130928626065284,52.130928626065284,51.578430847153804,51.64971923828125,7228700.0
2019-12-20,51.48932304372422,51.952709546291466,51.07940539123862,51.62299346923828,8043800.0
2019-12-23,51.71210381322592,51.988354434199344,51.64081541388508,51.88142013549805,4022000.0
2019-12-24,51.67645879367054,51.76557013834683,51.284360718583095,51.47149658203125,2692200.0
2019-12-26,51.50714187414931,51.997261062867004,51.47149597694588,51.90814971923828,2490400.0
2019-12-27,52.157673584030526,52.31807675092253,51.97945086471094,52.09529495239258,2847800.0
2019-12-30,52.273514755851586,52.30024748064381,51.3467417700805,51.551700592041016,3519900.0
2019-12-31,51.40020719269122,51.801215034743564,51.20415815893678,51.774478912353516,2950200.0
2020-01-02,53.111174902513056,53.57456141205576,53.111174902513056,53.503273010253906,8432600.0
2020-01-03,52.54977918031008,52.55868895778791,51.72103050025324,51.738853454589844,10546400.0
2020-01-06,51.32892054656764,51.40912212302147,50.910093113424445,51.14178466796875,8897200.0
2020-01-07,51.19525184943525,52.22004596028577,50.56255243325188,51.97053146362305,7444300.0
2020-01-08,51.85467784103487,52.55866897242476,51.78338945017672,52.35371017456055,5381500.0
2020-01-09,53.19136978603092,53.20919273408375,52.309155953384206,52.78145217895508,5112700.0
2020-01-10,53.200287145102116,53.200287145102116,52.371538692035124,52.45174026489258,4807700.0
2020-01-13,53.60129303107902,53.610202805787665,52.977503420697154,53.52109146118164,6613700.0
2020-01-14,53.61020072883287,54.03794128525417,53.39632875093234,53.75278091430664,6715200.0
2020-01-15,53.17354706380059,53.20028318568326,51.91705811546777,52.03290557861328,10075100.0
2020-01-16,52.754717996199076,53.19136831357684,51.952702352922024,52.35371017456055,11215700.0
2020-01-17,52.25568636076099,52.35371087395767,51.69427540296713,52.20222091674805,8125700.0
2020-01-21,51.67645683380431,52.57649361866797,51.21307038042607,51.89923858642578,9873700.0
2020-01-22,52.48739903793205,52.523041546204425,51.97054357510285,51.997276306152344,8124500.0
2020-01-23,51.56061795013632,51.74775383762602,50.45561877753838,51.221988677978516,9999200.0
2020-01-24,51.765565620742066,51.81012128919182,51.204154680012294,51.444759368896484,10402200.0
2020-01-27,49.5644891665127,49.89420864649694,49.065460157896844,49.243682861328125,9675500.0
2020-01-28,49.66251717867061,50.90118341110868,49.43973538436505,50.87445068359375,8124400.0
2020-01-29,51.257643285150685,51.257643285150685,50.66058621970243,50.96356964111328,7693400.0
2020-01-30,49.08329375650633,49.93877515633776,49.06547080242056,49.72490310668945,10295700.0
2020-01-31,49.39517512320798,49.43973079805978,47.76441090846744,48.0673942565918,13467200.0
2020-02-03,48.43275458940312,48.95851969336363,48.24561872173412,48.807029724121094,9594300.0
2020-02-04,50.72295488864102,51.36456751359392,50.705135337396996,51.257633209228516,12746600.0
2020-02-05,51.77447784053156,51.819036910465904,50.9457294505732,51.61407470703125,6594400.0
2020-02-06,51.92598309714257,51.93489287354302,51.04376566075399,51.70320129394531,4236300.0
2020-02-07,50.91900286984592,50.91900286984592,49.95658735213952,50.08134460449219,6808400.0
2020-02-10,50.29522112818115,50.838809298494084,50.206109762292115,50.812076568603516,4281200.0
2020-02-11,51.64081062152591,52.48738195618301,51.51605338472208,52.27350997924805,6523200.0
2020-02-12,52.79926832086216,53.24483176660783,52.48737526859192,53.13789749145508,5962900.0
2020-02-13,52.69234504110974,53.2002872033026,52.34480602480725,52.87057113647461,6460100.0
2020-02-14,52.5943316286767,52.72799867890106,51.569533913386216,51.85469436645508,6932400.0
2020-02-18,49.99222672763704,50.40214775894119,49.57339932083622,50.06351852416992,10989000.0
2020-02-19,51.01702776906389,51.6319042598836,50.79424598841295,51.364566802978516,7866300.0
2020-02-20,50.74077780387109,50.8298925569303,49.73380658965384,50.33086013793945,7192900.0
2020-02-21,50.48235386618799,50.48235386618799,49.475379245654146,49.537757873535156,6816600.0
2020-02-24,47.71985250432139,48.735736790112206,47.39013645001979,48.2277946472168,9968800.0
2020-02-25,49.30606309280653,49.43082034042126,47.96937246942579,47.9961051940918,12670700.0
2020-02-26,48.55751694376113,49.37735224015909,48.459492419326565,49.03872299194336,10969300.0
2020-02-27,48.299080742989844,48.65552947873568,47.47033241829602,47.488155364990234,11878900.0
2020-02-28,45.7593786045708,48.165422632132795,45.447485456289584,47.97828674316406,13604500.0
2020-03-02,48.45057324802253,49.912020960287904,47.96936725939882,49.88528823852539,13797700.0
2020-03-03,50.17044701807458,50.23282563313765,48.15650159022489,48.90504837036133,14661800.0
2020-03-04,49.87637664500253,50.87443788049205,49.502101557081744,50.86552810668945,9878200.0
2020-03-05,50.00113530716945,50.25064977334613,49.23476556176431,49.662506103515625,10004200.0
2020-03-06,48.655540494203244,49.0832845129454,48.09413284344217,49.074371337890625,12971200.0
2020-03-09,45.9376006344465,48.245619924720344,45.50095026566445,46.18711853027344,13781100.0
2020-03-10,47.8624279426983,48.67335333586629,46.775255369051486,48.5753288269043,11698700.0
2020-03-11,47.32775837533017,47.72876622945099,46.41880837244962,46.5524787902832,14498000.0
2020-03-12,44.25336363972437,45.43856409989372,43.228566300470874,43.38896942138672,15942200.0
2020-03-13,46.249493693875586,46.74852264943068,43.923651627969754,46.54356384277344,14948700.0
2020-03-16,41.29482992316947,43.08599389727953,40.0116081237793,40.0116081237793,16628200.0
2020-03-17,40.76906104930107,43.27312919217148,40.127448508920374,43.255306243896484,13415700.0
2020-03-18,39.03136072345124,41.07204230673658,38.55015134235363,39.539302825927734,15018500.0
2020-03-19,39.34770031831382,40.643096574560936,38.412134639652955,39.482635498046875,11182600.0
2020-03-20,43.19790595190481,43.43179564232918,40.01338647750144,40.05836486816406,14157700.0
2020-03-23,40.589116511510966,41.02991295851775,39.14978747734186,40.715057373046875,10508600.0
2020-03-24,43.179912351727744,44.007525691286254,42.73012159806391,43.962547302246094,12216200.0
2020-03-25,44.34937592207458,45.02406217879467,43.22489882754108,44.07950210571289,9796600.0
2020-03-26,44.16945478858084,45.39288630259661,44.0075298275122,44.86213302612305,10577500.0
2020-03-27,42.48723332522111,43.26087395503233,41.83953355484315,42.19936752319336,12158500.0
2020-03-30,42.44226222409771,43.32385182312379,42.073433887447706,43.01799392700195,8428300.0
2020-03-31,42.99999924981605,44.10648419202562,42.87405837646997,42.991004943847656,9595700.0
2020-04-01,42.12741936524321,42.784113698998965,41.65063865482582,41.83955001831055,8755200.0
2020-04-02,42.208370925960374,43.37782985935375,41.929502800429894,43.29686737060547,6174700.0
2020-04-03,42.991002738478684,43.314852642830736,42.082423458865286,42.33430862426758,5486200.0
2020-04-06,43.74664808861949,45.06903052331546,43.63869584084885,44.95208740234375,7370300.0
2020-04-07,46.139546368252454,46.166532721218964,44.673227231575744,44.727203369140625,6568700.0
2020-04-08,45.167982040093555,45.51881824301107,44.565264139005684,45.22195816040039,6325900.0
2020-04-09,45.23095732617844,45.57279926160226,42.92803085165448,43.476776123046875,12274000.0
2020-04-13,43.84560469376186,44.160456852384435,43.1439287762683,43.85459899902344,9873200.0
2020-04-14,44.97908471528518,46.12155387884925,44.93410631689626,45.54582214355469,11068800.0
2020-04-15,44.763170729656174,44.95208543918899,44.115474429473565,44.673213958740234,9398100.0
2020-04-16,46.60732727755322,47.80376910700321,46.49038070030024,47.13808059692383,18615900.0
2020-04-17,48.69434479774022,48.748317488439234,47.6778167994611,48.298526763916016,11288500.0
2020-04-20,47.67783028376371,48.4154870060763,47.2820155696256,47.30900192260742,9901700.0
2020-04-21,46.418409246359836,46.60732399063993,45.44686290157306,46.21150588989258,13102500.0
2020-04-22,47.21004237837246,47.77677975229722,47.14707194033987,47.63284683227539,8255500.0
2020-04-23,47.50690404032031,47.79476986875474,47.01213143054423,47.353973388671875,7619900.0
2020-04-24,47.31798615134132,47.57886561337307,46.77823861687598,47.434932708740234,5701800.0
2020-04-27,47.81276164234045,48.3525092097032,47.65083668580535,48.1366081237793,5812300.0
2020-04-28,48.13660786326222,48.33451690498543,47.38995695139693,47.46192169189453,8561100.0
2020-04-29,48.35250694862377,49.19811234638457,48.06464113527409,49.00920104980469,8565500.0
2020-04-30,48.75733295722148,48.94624430663508,47.641850044795774,47.79478073120117,6337900.0
2020-05-01,47.210040003094015,47.28200817529975,45.95962217988565,45.9686164855957,10238700.0
2020-05-04,46.58933896010298,46.94017528830078,46.13055035274278,46.91318893432617,7514000.0
2020-05-05,46.96714760642197,47.29999522025516,46.400413752528415,46.517356872558594,7780700.0
2020-05-06,46.877195335051226,47.335980417742455,46.77824081503534,46.89518737792969,8206700.0
2020-05-07,47.63284721507584,47.65983356541197,46.86820078311417,47.07510757446289,5493400.0
2020-05-08,47.33597950898909,47.983679313654015,47.20104433743805,47.596858978271484,6086000.0
2020-05-11,47.32699192289514,47.52490098722606,47.12008855183632,47.13808059692383,6459300.0
2020-05-12,47.35397291587416,47.35397291587416,45.9506278741756,45.9686164855957,8584500.0
2020-05-13,46.69728133646052,46.79623586283056,45.41087935691309,45.80669403076172,8611000.0
2020-05-14,45.36589512858426,46.91317640019366,44.7901635200685,46.868194580078125,13695600.0
2020-05-15,45.48284389574491,45.923636928611614,44.42133740406207,44.79916000366211,17777200.0
2020-05-18,45.82468193182499,46.94915884503691,45.671754718811144,46.661293029785156,12726500.0
2020-05-19,46.19351222320293,46.2924667449133,45.69874304628245,45.707740783691406,12940300.0
2020-05-20,46.40041437181789,46.859199416564145,45.42886472652322,46.63430404663086,8406200.0
2020-05-21,46.86819651474938,46.96715103247859,45.59978668999473,45.65376281738281,7842600.0
2020-05-22,45.734725628811596,45.752717671406536,44.62824074645703,44.79916000366211,12462300.0
2020-05-26,46.148538439241754,46.238498664157554,45.689753302882124,45.716739654541016,8872000.0
2020-05-27,45.90565170353843,46.54435729980469,45.653769933064375,46.54435729980469,11405700.0
2020-05-28,46.29246738726381,46.436400303122085,45.069035886652784,45.230960845947266,8178700.0
2020-05-29,45.28493424676654,45.63577049354792,44.85313552521781,45.27593994140625,10918500.0
2020-06-01,45.79769844826918,46.130542674539626,45.46485422199874,45.90564727783203,6187300.0
2020-06-02,46.28347555806161,46.81422885712131,46.13954263450126,46.78723907470703,6063600.0
2020-06-03,47.35396267613687,47.90270785983626,47.15605367699792,47.731788635253906,8380200.0
2020-06-04,47.73180871461191,48.91025860652768,47.70481892870151,48.82929611206055,13269500.0
2020-06-05,49.92677609226978,50.68242473255317,49.53096144512374,49.65690231323242,9776100.0
2020-06-08,50.14267674058097,50.178657394278325,49.216105417341126,49.98974609375,6302100.0
2020-06-09,49.73787212348357,50.943311717103605,49.43201421371037,50.92531967163086,9355100.0
2020-06-10,51.114218118514856,52.211708594312135,51.114218118514856,51.770912170410156,9194300.0
2020-06-11,50.241613355960325,50.74538011055981,49.48596493987624,49.51295471191406,9877100.0
2020-06-12,50.82635862486703,51.15920284438549,49.791838448345516,50.37656784057617,9838800.0
2020-06-15,49.216097456819114,50.48450709062643,49.04517822660065,50.39455032348633,7509700.0
2020-06-16,50.907329467673094,51.27615783412698,49.96276935179188,50.196659088134766,8827200.0
2020-06-17,50.5115080129893,51.114226035423755,50.27761487620022,50.916316986083984,8248700.0
2020-06-18,50.78943914191747,51.24259258867129,50.562862418540554,50.88913345336914,6831500.0
2020-06-19,51.18821170049626,51.206338252805246,50.0915812154504,50.12783432006836,6965100.0
2020-06-22,50.30003183228629,50.7531852722168,50.13689631732839,50.7531852722168,4480400.0
2020-06-23,51.333214980663705,51.80449491668194,51.23352068264059,51.44197082519531,7836500.0
2020-06-24,51.39666415003698,51.713873643610526,50.89819603989171,51.278846740722656,7080200.0
2020-06-25,51.26072047020216,51.74106202988103,50.70787269766568,51.69574737548828,4509600.0
2020-06-26,51.65948136100918,51.895119579344936,50.943498245730844,51.0522575378418,6229300.0
2020-06-29,51.06132521355037,51.12476641292183,50.44503631341093,51.10663986206055,5016600.0
2020-06-30,50.97975840138853,51.6504269664527,50.92537874780404,51.4510383605957,7158700.0
2020-07-01,51.632304379868266,52.08545782267621,51.44197730635127,51.49635696411133,6866500.0
2020-07-02,52.520476941647445,53.535539535302185,52.520476941647445,53.12770080566406,10021200.0
2020-07-06,54.9856338664053,56.308844469347754,54.8859430189541,56.08226776123047,12725600.0
2020-07-07,55.520356815286895,55.7378719832568,54.994700633396285,55.021888732910156,6672300.0
2020-07-08,55.864753951654,56.8616935658587,55.73787154520471,56.725746154785156,8721900.0
2020-07-09,57.05202001662685,58.882760368544,56.99764035803216,58.7105598449707,16903300.0
2020-07-10,58.42960762851422,58.511171931467324,57.269532432074776,57.86769485473633,10700000.0
2020-07-13,59.09120989988023,60.79507137753124,58.891828180722115,58.973392486572266,16667700.0
2020-07-14,59.81625225130378,60.74974720283343,59.20902831976523,60.68630599975586,10482700.0
2020-07-15,60.8856867604274,60.912874856157785,59.05495019734077,59.87062072753906,12432500.0
2020-07-16,59.254344483124704,60.387228143501936,58.2936613517882,60.350975036621094,15709400.0
2020-07-17,61.003503685352996,61.628857540708395,60.15158006243425,60.178768157958984,11716600.0
2020-07-20,60.45067086557317,60.704442620093495,59.63500014133582,60.62287139892578,6357300.0
2020-07-21,62.390148366560894,62.76173742336852,61.366024310125574,61.4566535949707,10619700.0
2020-07-22,61.71949872307088,62.44454701143732,61.65605751643178,62.10921096801758,7366100.0
2020-07-23,61.86449661753039,62.08200828712795,60.49597157906264,61.057884216308594,8559500.0
2020-07-24,64.71029246547356,69.68591375128807,64.66497436975557,66.97605895996094,41226800.0
2020-07-27,73.73713084507884,75.58599777359238,72.89426514111786,75.4500503540039,39899200.0
2020-07-28,71.91546111492049,72.12391477326875,69.32342246794477,69.713134765625,31500100.0
2020-07-29,69.88531411879616,75.55879631581318,69.83999601542003,74.92437744140625,28304000.0
2020-07-30,72.51362255004972,73.66462935865279,71.2447914101102,72.44111633300781,16820300.0
2020-07-31,72.16920017954341,72.29608256463753,70.2478343969345,71.49853515625,12021200.0
2020-08-03,70.48346768864026,71.7341753364019,70.15720364419293,71.55290985107422,10129800.0
2020-08-04,71.89734081618666,72.67676544189453,71.36261605456188,72.67676544189453,12569400.0
2020-08-05,73.39271771528993,76.12976083627812,73.02112865888058,73.9818115234375,14436300.0
2020-08-06,74.35342046721607,74.40779666969468,72.70394215115893,72.975830078125,9838700.0
2020-08-07,72.94863094179652,73.22052574220555,71.9698248723824,72.53173065185547,8705800.0
2020-08-10,73.00301527805456,73.27490316846296,71.79762557831813,72.38672637939453,7421400.0
2020-08-11,71.67981306946062,71.77950738672726,70.63756561279297,70.63756561279297,7056300.0
2020-08-12,70.83693726913721,72.09670306948604,70.44722509902105,71.95169067382812,8354400.0
2020-08-13,71.59824876658126,71.68887807830785,70.53787129877631,70.96383666992188,6551800.0
2020-08-14,71.0725727983692,71.80668595871802,70.73724373033355,71.06351470947266,5611200.0
2020-08-17,72.3233062412333,73.31117761883158,72.1964238058459,72.67676544189453,8663900.0
2020-08-18,72.70393203422958,73.24771472706608,71.82481333876738,71.9698257446289,6804800.0
2020-08-19,71.60729306780746,71.8066816446993,70.91849805160963,71.18132781982422,7976800.0
2020-08-20,69.16932263126846,69.87624070559912,68.86118169202523,69.61341094970703,11457100.0
2020-08-21,70.71003557981808,71.35351932962058,70.56503012413147,71.00005340576172,7942300.0
2020-08-24,72.25983508550033,72.42297056549162,71.13600981686189,71.50759887695312,6405600.0
2020-08-25,72.36858626309063,72.9395638908831,72.02419221751494,72.54078674316406,6113100.0
2020-08-26,73.63743038352476,74.47123101267775,73.41991867908754,74.09058380126953,7821600.0
2020-08-27,74.48029094705427,74.59810833840172,72.65861239564622,73.04832458496094,8018200.0
2020-08-28,72.55892690074116,73.30209826883713,72.42298639983616,72.90332794189453,5699500.0
2020-08-31,71.59822193229988,72.28701688950052,71.31726909687372,71.82479858398438,9812900.0
2020-09-01,72.61328311754437,73.95461293647195,72.4954588409753,73.9093017578125,10193300.0
2020-09-02,73.72805823926848,74.96063606454452,72.39578611087657,74.47122955322266,12567800.0
2020-09-03,73.51960604643457,74.14495300200187,71.03632057303787,73.57398223876953,20090100.0
2020-09-04,72.95770244917959,73.83682121235226,70.15721756236123,71.51667785644531,13638700.0
2020-09-08,70.71005747668491,71.73418864370038,69.98501614458662,70.07564544677734,11553500.0
2020-09-09,71.25383626472842,72.23264225968616,71.1903950714018,71.96075439453125,7867500.0
2020-09-10,73.17519985946755,73.6192951139041,71.38071649413448,71.50759887695312,11241800.0
2020-09-11,72.51360397052075,72.77643375402498,71.23570815223175,71.43509674072266,7853500.0
2020-09-14,72.95768737792969,73.5196000059867,72.45921594057498,72.95768737792969,7091100.0
2020-09-15,73.91837776780538,78.65836520572768,73.75524227302138,77.80643463134766,21048400.0
2020-09-16,78.38646138927345,78.38646138927345,75.25970616605727,75.34127044677734,14492600.0
2020-09-17,73.78988046692525,74.9650534713572,73.43459641329153,74.61888122558594,10090200.0
2020-09-18,75.03793456254728,75.46609223127935,72.97910383831598,73.08842468261719,10528300.0
2020-09-21,72.69669367326789,73.47103046941874,72.04078256820331,73.41636657714844,8417100.0
2020-09-22,73.63500584441923,73.68966278463476,72.33229548386242,73.316162109375,6375200.0
2020-09-23,72.60559354540521,72.8151234185173,70.95671083412009,70.98403930664062,9094700.0
2020-09-24,69.98194779324055,71.96789765202894,69.38980547313781,71.40308380126953,9940900.0
2020-09-25,71.21178224170735,71.89502182124336,70.5012141910335,71.85858154296875,6057500.0
2020-09-28,73.16129830319879,73.21596220049187,72.39607324382591,72.66936492919922,5999300.0
2020-09-29,72.60559470873886,74.00851423954484,72.25031065973371,73.34349822998047,6114600.0
2020-09-30,73.41636133970681,74.64619804910387,73.39814467709785,73.8536376953125,5878900.0
2020-10-01,74.75551385660205,75.35676799230923,74.46399859542429,75.26567077636719,6253800.0
2020-10-02,73.52568128857817,74.88304852058025,73.43458407607694,73.60767364501953,6145900.0
2020-10-05,74.29092384583824,77.09675592577004,74.29092384583824,77.0147705078125,10129100.0
2020-10-06,76.31330393367107,76.93277477100413,75.40231781702083,75.7211685180664,7795600.0
2020-10-07,77.2333751566772,79.25576474850997,77.2333751566772,79.1828842163086,11446400.0
2020-10-08,80.95021629756496,80.95021629756496,78.81850544917648,79.98457336425781,10920800.0
2020-10-09,80.47651372061051,80.89557346879648,79.83882619123673,80.87734985351562,7608800.0
2020-10-12,81.18709056264599,83.14570528216481,80.786254420845,82.81775665283203,10022000.0
2020-10-13,82.44423035120238,82.58087963686638,81.4694756405305,81.66078186035156,8247000.0
2020-10-14,81.66991723163159,81.87944017320478,80.41275178109882,80.71337890625,8159000.0
2020-10-15,79.51998002305275,81.52414672645665,79.42888280022032,80.30342864990234,10327900.0
2020-10-16,80.66783593606887,80.70426927015266,78.74565437542728,78.98250579833984,7457200.0
2020-10-19,80.47650582541668,81.64257382944535,79.51997462519705,79.76593780517578,7994500.0
2020-10-20,79.97546854935926,81.05954420528643,79.95724493566331,80.40363311767578,7357600.0
2020-10-21,80.16678462455874,80.95934511101348,79.77506028531418,79.83882904052734,7387600.0
2020-10-22,80.56760785089745,81.02310087230637,80.05745094073454,80.35807800292969,5656200.0
2020-10-23,80.39450841246386,80.57670281855931,79.64750022703878,80.44916534423828,4165400.0
2020-10-26,79.44708841967578,79.96635016293098,78.13526635239037,79.00981903076172,5568000.0
2020-10-27,79.21936185327385,79.45622021952863,78.32659923860126,78.99161529541016,5315800.0
2020-10-28,77.57046942725829,77.80732776428789,76.377072885116,76.38618469238281,8727300.0
2020-10-29,76.76880421648822,77.73445431719735,76.54105766589309,77.3336181640625,5845600.0
2020-10-30,76.91456901892619,77.20608433960166,75.75761954475986,76.4044189453125,4963600.0
2020-11-02,77.06943218948265,78.30837399453726,77.0056634326169,78.08062744140625,6597100.0
2020-11-03,78.51788232348733,80.38539937624797,78.39944970020147,79.88436126708984,6274700.0
2020-11-04,80.82268547515326,81.7792166812441,80.5858271501951,81.48770141601562,7620800.0
2020-11-05,82.37135846913723,82.86329177910541,81.7792161358271,82.3804702758789,6670100.0
2020-11-06,81.81567087026663,83.35523981887764,81.12332634154161,83.27325439453125,6403000.0
2020-11-09,83.99291140355538,84.24799333691865,81.02310187153925,81.10508728027344,8978000.0
2020-11-10,80.53117582937325,80.89557167390434,78.98249522768431,79.85704803466797,8350100.0
2020-11-11,81.5332470940846,83.06370385386151,81.40570960995915,82.7904052734375,7707300.0
2020-11-12,82.79041879048705,83.71051674784765,81.78833541577659,81.82477569580078,7474600.0
2020-11-13,83.39166232659163,85.45959756416907,83.09103526752196,84.922119140625,9170900.0
2020-11-16,87.83729197417455,93.32143305494297,87.78263502362469,90.43360137939453,18436200.0
2020-11-17,89.25841772396683,89.35861979688575,87.17225880068341,87.19047546386719,10843700.0
2020-11-18,89.7503443953524,90.00542633271795,87.79172990862568,88.3018798828125,8526600.0
2020-11-19,88.15612251013617,88.23811487390212,87.10849404737701,88.01036834716797,5542800.0
2020-11-20,88.05592786779123,88.547854290834,86.81698610172327,86.84431457519531,5329800.0
2020-11-23,88.51142216486778,90.1238646741299,88.2290117178411,89.39507293701172,8802400.0
2020-11-24,89.72300419564985,89.8141014005207,87.47286778895662,88.03768157958984,7022800.0
2020-11-25,87.63685415344116,89.26751999694422,87.58219721519956,88.81202697753906,5194900.0
2020-11-27,89.76858068719203,90.43359671885486,89.32219939673463,89.95077514648438,4367100.0
2020-11-30,88.87582168331531,89.23110578620982,87.63687975261044,88.3838882446289,13840500.0
2020-12-01,89.90520412089069,95.01583577065105,89.75033122978347,91.88204193115234,16157300.0
2020-12-02,92.92057496845804,92.95701524365477,90.66132655816416,90.67955017089844,8676300.0
2020-12-03,92.06425594879623,92.18268859371001,90.57935106100915,90.64311981201172,7359000.0
2020-12-04,92.47420690589611,94.51481395509109,91.73630339124193,94.49659729003906,10824500.0
2020-12-07,96.58274008607431,98.03121155155773,95.62620888270992,96.91980743408203,11793000.0
2020-12-08,98.18608977221645,98.2407467191539,95.75375832967727,96.23657989501953,9876200.0
2020-12-09,96.57363937432878,97.11111784258127,94.29617410151837,95.12516784667969,8204100.0
2020-12-10,93.83157140415477,95.75375269476655,93.1027797199358,94.95208740234375,7135000.0
2020-12-11,94.75167316632485,95.76286836761614,94.03199326043367,94.76988983154297,7492600.0
2020-12-14,94.53304212239478,95.56246105504503,94.2870788877645,94.34173583984375,5878000.0
2020-12-15,96.2730201302639,96.91070767847204,95.12517559321624,95.73553466796875,7399900.0
2020-12-16,96.24570239291404,96.26391906049219,94.70613334729465,95.83575439453125,5986900.0
2020-12-17,95.96564151128995,96.34986832854563,95.0050674885537,95.05081176757812,7779300.0
2020-12-18,95.14229391635526,95.87416050755067,94.37384027723746,95.39844512939453,7417000.0
2020-12-21,94.73978862665511,96.02055196931276,94.5202313900734,95.90162658691406,6116400.0
2020-12-22,96.1211805409855,96.25840642651237,94.14515152003345,95.0874252319336,5597100.0
2020-12-23,95.75522856738658,95.93819870573716,94.77636101090157,94.92273712158203,3320800.0
2020-12-24,95.83756823433646,97.28299396003041,95.75522992601117,96.94451141357422,3172100.0
2020-12-28,98.43569241143427,98.95714515706626,96.92622173315283,97.10919189453125,5157000.0
2020-12-29,97.88677684815511,98.02400269759988,96.25838111638855,96.56941986083984,4602400.0
2020-12-30,98.52715441242897,100.35681378483876,98.25270969432546,99.62495422363281,9571800.0
2020-12-31,100.32024880064539,100.32939207420856,99.20415522130222,99.7530517578125,4909500.0
2021-01-04,101.97608595997654,104.38208598735648,101.04295559100781,102.18649291992188,11262100.0
2021-01-05,102.83600435595761,105.15966552602572,102.47007109986309,103.16533660888672,10583600.0
2021-01-06,104.15337111188973,106.47703963648434,102.96409656218529,105.76347351074219,10609300.0
2021-01-07,109.17578588624617,112.46917877720786,107.57483372298329,111.08778381347656,13556100.0
2021-01-08,115.18621011804294,115.53384288909696,107.01678067170174,108.58113861083984,18976800.0
2021-01-11,109.54172061864573,113.07296427983232,108.68178533455199,112.15813446044922,12006800.0
2021-01-12,114.5001065517242,114.53669360341463,111.31649562562542,112.5240707397461,14163200.0
2021-01-13,113.80482542809563,114.17075873408639,107.94991347103527,109.07515716552734,20650500.0
2021-01-14,112.93571735243033,123.18180662714354,111.30732169430306,115.68020629882812,37125400.0
2021-01-15,117.52817130005354,117.59220211952348,112.7161651800916,114.56412506103516,17343100.0
2021-01-19,119.46763685080899,122.63295454117873,117.50075809087654,120.11717224121094,20443800.0
2021-01-20,123.67585305229393,124.5357953683875,119.01937233808937,119.51337432861328,17360700.0
2021-01-21,121.90106783655261,123.86794627425255,121.06856938892555,122.73356628417969,15460100.0
2021-01-22,118.96445447204698,120.07140461088612,117.83921778883933,118.14111328125,19163200.0
2021-01-25,120.6020198310978,120.91305862739044,116.50357906502164,119.40359497070312,20469300.0
2021-01-26,118.05879027594546,118.30579823427375,115.49726400517967,115.86319732666016,17084600.0
2021-01-27,114.30797880899908,114.44520467262664,111.15181884355198,111.37137603759766,16732700.0
2021-01-28,113.89631178230002,116.71398928302179,113.05467002897198,115.113037109375,14148100.0
2021-01-29,113.43890133702129,113.76824064120628,110.28274114811266,111.17012023925781,15169200.0
2021-02-01,113.93289579453766,116.04615024446665,112.87168995396574,115.8723373413086,10179900.0
2021-02-02,118.44302130552455,119.15658746883258,116.59506110760589,117.50074768066406,9302400.0
2021-02-03,118.01304518755744,118.14112080226141,115.32344331957911,116.64080047607422,9676600.0
2021-02-04,116.6408092790588,117.28118740090852,115.24112068444578,117.23544311523438,7445100.0
2021-02-05,117.82092283317456,117.90326812348704,115.90893191707019,116.8969497680664,6226800.0
2021-02-08,117.73859599203949,121.90107449846013,117.73859599203949,121.26069641113281,11160000.0
2021-02-09,122.56888195250315,122.96226599080518,120.52881558588555,121.37960052490234,7929100.0
2021-02-10,122.69695895077098,124.41684331053513,121.22408252674174,122.3035888671875,12196300.0
2021-02-11,123.86795486364683,127.37175482909929,122.64208622715202,127.30772399902344,12347900.0
2021-02-12,127.08817644357579,127.90237455009147,125.47808073833059,126.30142211914062,11114100.0
2021-02-16,129.5490808527182,130.0888272191525,127.54560085747377,128.1219482421875,11833600.0
2021-02-17,127.35347384815893,127.7468439964886,124.50835236050432,124.66387176513672,12311200.0
2021-02-18,123.3647997373732,124.30707328121093,122.03828540707468,123.16353607177734,11614600.0
2021-02-19,124.55405780293407,126.20075405122446,124.16068773319455,125.0206298828125,10771900.0
2021-02-22,122.21210368316142,123.75816820337845,121.8370201332117,122.19381713867188,10363800.0
2021-02-23,118.10453796386719,120.5196881838394,114.70136286169098,118.10453796386719,18444700.0
2021-02-24,118.4796144610967,121.10518574723478,116.80548106077991,121.03199768066406,12782900.0
2021-02-25,120.31840315987615,120.33668970281724,115.01238823560482,115.26853942871094,13581200.0
2021-02-26,114.74711126306443,116.54017697680347,112.36855498890439,115.21367645263672,17281000.0
2021-03-01,118.58940347179521,119.20233782487378,116.40295360675097,118.13198852539062,9714900.0
2021-03-02,117.49156884585197,117.57391412585923,115.26853942871094,115.26853942871094,8274500.0
2021-03-03,115.92723113804622,116.87865494925765,112.25876175647475,112.42343139648438,10660300.0
2021-03-04,111.56349658363165,112.66129658320308,103.8240369479035,105.74517822265625,24454200.0
2021-03-05,110.6029333127961,110.9688666588129,105.55306849287993,110.5114517211914,17448700.0
2021-03-08,110.27358014458191,110.69440099677004,104.01614095471281,104.22655487060547,17246900.0
2021-03-09,107.09913801287136,108.31586347654961,105.50733591293343,106.46790313720703,17717100.0
2021-03-10,107.76696177005398,107.97736873214963,103.75085918823198,104.13508605957031,15240300.0
2021-03-11,108.16947526958498,110.51144433990883,107.099126062145,110.3101806640625,15091600.0
2021-03-12,108.86473561085265,108.86473561085265,107.29122739117038,108.22435760498047,8171000.0
2021-03-15,108.54457298376786,108.96539391554104,106.76980067966487,108.93795013427734,8935000.0
2021-03-16,109.52342606608978,110.923114559883,108.04139925993354,109.1849365234375,10793400.0
2021-03-17,108.12708868001776,109.75243546547996,105.95995496213769,109.05455017089844,9890400.0
2021-03-18,108.35665347170101,108.65968647214694,104.77537284560978,105.14268493652344,10283800.0
2021-03-19,105.03247269375943,105.5007957111897,103.9580907766203,104.34376525878906,11536000.0
2021-03-22,105.40899484794119,108.65969556481916,105.40899484794119,107.60367584228516,9376400.0
2021-03-23,106.61192267382744,107.2088039255556,105.25287709126302,105.50080871582031,8977400.0
2021-03-24,103.27858857802535,105.31716411129837,99.95442417633824,100.05543518066406,24196100.0
2021-03-25,99.17389259110823,103.5357073115505,99.07288158447895,101.42366790771484,16772400.0
2021-03-26,102.84699267274401,107.16289045575992,102.11236849415197,107.03433227539062,12910900.0
2021-03-29,107.02516057255554,107.2179978539565,103.20512583843409,105.04167938232422,10863600.0
2021-03-30,105.85893681455863,106.60273869938761,104.94984484355709,105.66609954833984,8206200.0
2021-03-31,106.3272773932326,108.68724861951708,106.11607063495738,108.61378479003906,9806500.0
2021-04-01,112.77355367393255,114.6743860681186,111.69917166980456,114.6009292602539,17904000.0
2021-04-05,116.6854178786056,116.98845086554037,112.65418379897874,114.32544708251953,14113900.0
2021-04-06,113.86630913279134,113.87549386130753,111.60734932457403,112.43379974365234,13042300.0
2021-04-07,112.43379421198831,112.58989955960752,110.04626933969436,110.0921859741211,11193200.0
2021-04-08,111.46041042944121,113.70100756012141,111.46041042944121,113.34288024902344,10226700.0
2021-04-09,112.7184723976838,113.35208560457573,111.7542789964044,112.76438903808594,8315200.0
2021-04-12,112.22258583132744,112.45215498825411,109.49530312609541,111.01964569091797,9868400.0
2021-04-13,112.39707800987765,112.8562163947171,110.51460782967757,111.35942077636719,8384800.0
2021-04-14,112.02058114849558,112.42462516895804,110.65235072360554,110.96456146240234,9521900.0
2021-04-15,111.75427275616224,112.02975857140085,107.03433102928139,108.67804718017578,18709100.0
2021-04-16,109.44940079789959,110.74416728625434,108.2189063916404,109.12799835205078,9512100.0
2021-04-19,108.35664166221893,109.16472256944222,105.78546431194401,105.96912384033203,12630300.0
2021-04-20,106.56603362418414,107.23637181634898,105.18861831843026,105.55592346191406,9299200.0
2021-04-21,105.14268309555595,107.88832849159708,104.47233801593359,107.8056869506836,8472200.0
2021-04-22,107.8975192757659,107.8975192757659,105.06004745083314,105.89567565917969,7411800.0
2021-04-23,107.05268837168377,109.01779974736915,106.45580717681234,108.9443359375,8380300.0
2021-04-26,110.19320412542318,111.6073510857402,109.64223950597511,111.58898162841797,8444000.0
2021-04-27,111.57062751598747,111.70837043261847,110.09220135633277,111.35942077636719,5491800.0
2021-04-28,110.19319977791487,110.57887429572278,109.0269914961924,109.88098907470703,6476500.0
2021-04-29,110.85436338778946,110.95537438438892,107.99852231497614,109.36675262451172,8831800.0
2021-04-30,108.36583847406189,108.52194383617812,107.11698156534112,107.19962310791016,7950700.0
2021-05-03,107.86998940244642,107.9434532364327,106.27218954567738,106.46502685546875,10229500.0
2021-05-04,105.60183098854229,106.35481767709432,104.44480026997348,105.93241119384766,9638300.0
2021-05-05,106.52011695760264,106.97007066241045,105.46409715555055,105.9507827758789,7059000.0
2021-05-06,105.87732477924034,108.02608926919324,105.10596857363662,107.43839263916016,8581700.0
2021-05-07,108.72398199249099,109.66062131026088,106.56603276537989,107.28228759765625,9614300.0
2021-05-10,105.58346473005969,105.95076982858707,103.05820364525772,103.13166046142578,12281200.0
2021-05-11,100.76249905949933,103.75607586966784,100.21152746930875,103.62751770019531,10007700.0
2021-05-12,100.41355699753221,101.09307980236571,99.22897919903477,99.3667221069336,15058900.0
2021-05-13,100.42275931585965,102.32359216129728,99.08207592300043,99.86260986328125,10552000.0
2021-05-14,101.57058347511878,103.60915881241239,101.23081858360484,103.26939392089844,8425200.0
2021-05-17,100.15642201049197,101.03796664882657,99.05449296404721,100.82676696777344,10688600.0
2021-05-18,103.76526505332454,104.20604094322455,101.68995779060742,101.78178405761719,7476600.0
2021-05-19,99.63302154631941,103.29694360282373,99.1738831981797,103.21430206298828,7280500.0
2021-05-20,103.20511136223553,104.42642097902888,102.93881029501703,104.02237701416016,6442500.0
2021-05-21,104.6835322330498,104.6835322330498,102.56231553231896,102.70923614501953,5979400.0
2021-05-24,103.08573082801554,105.17940030938239,102.95717266729262,104.34376525878906,6653600.0
2021-05-25,105.46406833274294,105.54671687155087,104.3162225585383,104.9406509399414,5331700.0
2021-05-26,104.68354244889885,106.52009582519531,104.68354244889885,106.52009582519531,6605100.0
2021-05-27,106.52009037705764,107.00677587594069,105.6018137358761,106.30888366699219,6513700.0
2021-05-28,106.79559550086668,108.20973561904619,106.4741930135662,107.76896667480469,5386500.0
2021-06-01,109.92690330156252,110.22993629503944,107.8332335391679,108.8249740600586,7596100.0
2021-06-02,109.18310190381474,109.68814988931415,108.28318764802836,109.22901153564453,5383400.0
2021-06-03,108.4025700002328,108.59540727144025,106.94250636695439,107.27308654785156,4912200.0
2021-06-04,108.56784740873027,110.05545104310323,108.40255733758944,109.74324035644531,5352100.0
2021-06-07,108.48520622825677,109.04535556256555,107.96178880179225,108.55867004394531,6266000.0
2021-06-08,107.94342787600291,108.06280132376219,105.6569138701814,106.4466323852539,11564800.0
2021-06-09,106.52010429857411,108.03526235572436,106.4925571166816,107.55775451660156,6401600.0
2021-06-10,107.47509721762889,109.13717566988329,107.09860043789465,108.5770263671875,8566600.0
2021-06-11,108.62293643235863,108.74230986447556,107.58528642917355,108.5862045288086,6036600.0
2021-06-14,108.86169708351522,111.11147202041366,108.77904854390587,111.10228729248047,7610300.0
2021-06-15,110.51458355208352,112.02974129038644,109.5228431772786,109.6881332397461,8196900.0
2021-06-16,109.77999225165917,110.10138772465194,107.89752204343661,108.3750228881836,8059400.0
2021-06-17,108.47734759366901,110.83715167492635,108.39438199527777,109.80474090576172,7608100.0
2021-06-18,108.32063380348465,108.67091499304756,106.20049267688057,106.73513793945312,12532800.0
2021-06-21,106.35720153505625,106.37564145955214,104.18175460739928,105.21417236328125,11116200.0
2021-06-22,104.6242176584212,105.5367969710238,103.25073870855684,105.38931274414062,11792400.0
2021-06-23,107.11307964233517,108.23767595342738,106.75357846521825,106.97481536865234,8913700.0
2021-06-24,107.59239909852084,108.4681054875602,107.17758525678947,108.07173156738281,6772200.0
2021-06-25,108.2653050993857,108.70777177658832,107.41725158691406,107.41725158691406,6712800.0
2021-06-28,108.11784219730453,110.56982471129261,108.01644371031702,110.25641632080078,11026600.0
2021-06-29,110.06283157235295,110.88323234011293,109.15946521526674,110.82792663574219,7874900.0
2021-06-30,110.76339721679688,111.31647534007513,109.70332671139779,110.76339721679688,7936400.0
2021-07-01,110.70810042170442,110.80949891272833,108.79997605035501,109.15947723388672,8295600.0
2021-07-02,109.46366139258292,109.86003535304161,109.15025302200964,109.61115264892578,5144300.0
2021-07-06,110.477630877484,111.50082853510168,108.97510073825079,110.66199493408203,7181500.0
2021-07-07,111.2058614963768,111.5838025664383,108.96588902670918,109.00276184082031,7391800.0
2021-07-08,106.80888256298543,109.03041511786486,106.35719586294242,108.65248107910156,7565400.0
2021-07-09,108.77232180148893,111.34414279649053,108.42204058511213,111.13212585449219,8374200.0
2021-07-12,111.71285885314192,113.13243061190308,110.17344868501301,113.04024505615234,10668700.0
2021-07-13,113.55645323907804,115.66737439118383,112.57934123991055,114.21092987060547,13460200.0
2021-07-14,115.36319769537731,115.94392879252055,114.36765264361343,114.66262817382812,10587700.0
2021-07-15,110.726537081991,111.26117534380448,107.73068928571952,108.33907318115234,23734500.0
2021-07-16,109.46364313944778,109.68487295430165,106.16360067314766,106.68902587890625,12110000.0
2021-07-19,105.08511646318858,106.57843380788384,104.37533412184737,106.32954406738281,9230200.0
2021-07-20,106.81810000241347,107.73068637001988,105.48149383489857,107.29743957519531,7108000.0
2021-07-21,107.14073085850795,108.65248107910156,106.86418826798244,108.65248107910156,5564700.0
2021-07-22,108.85526746516376,108.85526746516376,107.1222874482195,107.44491577148438,5746500.0
2021-07-23,108.44969994454434,108.44969994454434,106.3111256350508,107.65695190429688,5773900.0
2021-07-26,106.7351457044617,107.02090124745258,105.88709200523206,106.60609436035156,6440600.0
2021-07-27,106.30188081665275,106.37562643868185,103.28760060210207,104.66107940673828,11127500.0
2021-07-28,105.02981100774782,106.47703557942016,104.97449826929906,106.07144165039062,6819700.0
2021-07-29,106.92871478761874,107.95191253484603,106.56921363673027,107.06698608398438,7162000.0
2021-07-30,106.46781849549961,108.23767145275468,106.18206296474284,107.51866912841797,6482600.0
2021-08-02,108.31141705001883,109.12259789697904,107.53710901875279,107.72146606445312,6028800.0
2021-08-03,108.13626848792241,109.36226318646054,107.70302171229086,109.15025329589844,5874700.0
2021-08-04,109.1686893580339,110.20110708670646,109.03041805904118,109.4544448852539,4254000.0
2021-08-05,109.75864032211912,109.91534451233085,108.9935452295272,109.89691162109375,4452300.0
2021-08-06,109.11337259370677,109.3253824689423,108.26531199445563,108.96588134765625,4338100.0
2021-08-09,109.15946995946733,109.50053822770712,108.14549214957094,108.97511291503906,4280200.0
2021-08-10,109.23320887375424,109.74020126391342,105.15885796058956,107.26055908203125,5132800.0
2021-08-11,107.38963721139739,108.1178596295532,106.19129509893402,106.91951751708984,4490400.0
2021-08-12,106.51390401541357,106.88261808180614,105.49070630580314,106.65216827392578,6338400.0
2021-08-13,106.07143763232789,106.48624447474378,105.53679238845447,106.46781158447266,4593200.0
2021-08-16,106.09909456042263,106.44938278396253,105.1772952905097,105.66584777832031,5435900.0
2021-08-17,104.8362207433071,104.94683214067166,102.0892561735198,102.42110443115234,13398800.0
2021-08-18,103.00183537420094,104.16330427601154,101.7481879636557,101.81271362304688,9167300.0
2021-08-19,100.47611137231978,102.2920568957599,99.25933672691991,101.87724304199219,12146900.0
2021-08-20,100.60514893984842,101.13057412322897,99.30541592107285,99.6649169921875,13042000.0
2021-08-23,101.47167129932485,102.62392045461486,100.72500906441283,102.28285217285156,9533500.0
2021-08-24,103.07559575943426,104.22784486559534,103.05716286815468,103.3429183959961,6719800.0
2021-08-25,106.66138391433257,109.86002824337126,106.56920540146879,107.87815856933594,22106800.0
2021-08-26,108.75387528868629,109.19633497682477,107.25133805609244,108.86448669433594,9892100.0
2021-08-27,109.07651478986455,109.97066125195344,108.48656379003137,109.2239990234375,6827700.0
2021-08-30,109.5834770223038,110.15499500937949,109.20554303956264,109.68487548828125,6434200.0
2021-08-31,110.62512255252,111.35334475517949,109.41756083361315,109.70332336425781,8424900.0
2021-09-01,110.81868718084918,111.8695375756673,110.2102964087077,111.0399169921875,8603900.0
2021-09-02,111.48238748507185,111.89719427470574,111.03992081439577,111.3441162109375,6866400.0
2021-09-03,112.07234458092712,114.74556357581694,111.77736912835256,114.27544403076172,10361400.0
2021-09-07,114.87461041333489,115.48299418368867,114.20169395225358,114.94834899902344,9739900.0
2021-09-08,113.35365338508753,113.51035756763154,111.74972468066692,112.35810852050781,7983300.0
2021-09-09,112.63464695845211,113.83298170368388,112.34888442300169,113.0863265991211,5101300.0
2021-09-10,113.39975396114201,114.6165288327603,113.2799225763632,113.35366821289062,5163900.0
2021-09-13,113.3259960858715,114.39527950259928,112.64385961314935,113.95281982421875,6622800.0
2021-09-14,113.9620286815947,113.9620286815947,112.82821964257387,113.4642562866211,5110500.0
2021-09-15,112.83745216271254,112.92041072139034,111.42709337025708,111.99861145019531,5566500.0
2021-09-16,111.07023938006796,112.1161482587009,110.46860750442814,111.80145263671875,7301400.0
2021-09-17,111.2461013279523,111.50526408642341,108.93213803923814,108.9876708984375,10722700.0
2021-09-20,106.62742737036687,107.37715629085153,105.1002172226272,106.16463470458984,8991000.0
2021-09-21,107.04394483376022,107.2475747362383,106.02580238302544,106.40528869628906,8182200.0
2021-09-22,106.65521498562248,107.59005120989309,106.35902792276967,107.24758911132812,5345600.0
2021-09-23,108.26573299884147,108.26573299884147,106.98842053735171,107.54377746582031,5484700.0
2021-09-24,107.36791745897617,107.88624307663412,106.93289114630313,107.03470611572266,4455900.0
2021-09-27,107.09022672256665,107.89548855349311,106.45157760584469,107.50674438476562,5198800.0
2021-09-28,105.82219402753584,106.47935889828834,103.52673883446961,103.5730209350586,9792300.0
2021-09-29,103.94324111500825,104.45230883758443,102.75848589549105,103.3138427734375,6522400.0
2021-09-30,104.06356158606837,104.9150984165695,103.34160614013672,103.34160614013672,6433400.0
2021-10-01,103.66556060048177,103.94323903389542,102.09206830888682,103.25830078125,5315200.0
2021-10-04,102.73997256301126,103.13797454099185,100.44451781663709,100.90731048583984,8514500.0
2021-10-05,101.62927249414666,102.13834019083464,101.09243130564892,101.12945556640625,8039600.0
2021-10-06,100.37049280734686,101.37011976980732,99.574488720919,101.2035140991211,7553600.0
2021-10-07,102.73998179904466,103.39714660099114,102.26793125675825,102.58263397216797,7821900.0
2021-10-08,102.72146237649955,102.80476166607447,101.36085082019768,101.85140991210938,5143400.0
2021-10-11,101.88844043050453,103.39714205926768,101.72183477946609,102.05504608154297,5318500.0
2021-10-12,102.24942631505604,102.76775190998065,100.48155470690638,101.07392883300781,9294600.0
2021-10-13,101.18499343844097,101.86067387283146,100.84252430571483,101.79588317871094,7845100.0
2021-10-14,105.64631019978016,106.20165999174922,102.88806983961625,104.18388366699219,16930500.0
2021-10-15,106.23870323475165,106.39605107595314,104.55413789652093,106.31275177001953,11558800.0
2021-10-18,104.97988172508718,106.76626161432802,104.97988172508718,106.75700378417969,6773800.0
2021-10-19,107.18279431290394,108.27498538946453,107.02543942486204,108.2564697265625,5406100.0
2021-10-20,108.182424654804,108.32126388437992,106.95140137542744,106.98841857910156,8205800.0
2021-10-21,106.45158898513141,107.69187014984045,106.0813533774853,107.63633728027344,4640300.0
2021-10-22,107.59006672201531,108.43235299630078,105.72964477539062,105.72964477539062,6283000.0
2021-10-25,105.88697965244405,106.02581888589444,104.6929735434216,105.18353271484375,6667700.0
2021-10-26,106.38678118589624,106.71999247306134,105.25756594179848,105.68333435058594,4852300.0
2021-10-27,105.54450213786338,106.49785397095339,105.24831509203291,105.28533935546875,5394500.0
2021-10-28,105.20203494454904,107.38640988781943,105.09096215964139,107.37715911865234,5714300.0
2021-10-29,105.58152094167787,105.6925937262418,104.79477480390364,105.23905181884766,7118900.0
2021-11-01,105.12796787756683,105.83140753960011,104.9150801761261,105.6277847290039,4955700.0
2021-11-02,105.13722959797897,106.25719401203287,105.09095457051775,105.61853790283203,4479700.0
2021-11-03,104.99840995205466,105.60929264350662,104.34124516597711,105.52599334716797,6073000.0
2021-11-04,104.93361090573269,109.080229209904,104.04504984055312,109.02469635009766,14682800.0
2021-11-05,109.37643580614954,110.63523263918134,107.59931335774826,109.03397369384766,8668100.0
2021-11-08,109.58003499494816,113.15279455355518,108.33975417430314,111.91251373291016,15776300.0
2021-11-09,112.22722196877223,114.09690124001007,111.22758811128395,112.71778106689453,10874100.0
2021-11-10,110.70000329956241,111.81070992496943,108.92288117289792,109.40418243408203,9046100.0
2021-11-11,110.38530395900821,111.50526131551625,109.03395027937896,109.39492797851562,6994000.0
2021-11-12,109.58004101202077,109.9780429658958,108.54338295359724,109.85771942138672,6947200.0
2021-11-15,110.44083870546994,110.73702572166395,108.76553155715273,109.33013916015625,5157000.0
2021-11-16,108.93215121551484,109.57080035852427,108.44159206883499,109.29312896728516,5555100.0
2021-11-17,109.21908461105082,110.65374490306203,108.76554971153999,110.20020294189453,6391400.0
2021-11-18,111.042491886358,114.36534039153482,110.88514404853412,114.20799255371094,13229700.0
2021-11-19,112.94920104951625,115.51307692108833,112.93994321695605,115.01325988769531,9071800.0
2021-11-22,114.30979983648938,118.55823354203187,114.04137921619521,115.46678161621094,16076100.0
2021-11-23,113.58784490430803,114.03212195541713,110.62596729640303,112.32904815673828,10984000.0
2021-11-24,111.07023701181055,111.87549877234216,109.58930193065083,111.72740173339844,6992600.0
2021-11-26,108.75628631765233,110.18168870487392,107.84920950336355,108.37679290771484,6766900.0
2021-11-29,109.55228699113422,110.9591736725137,109.12651856043179,110.40382385253906,7634000.0
2021-11-30,109.31162285415783,111.22758414858943,107.14575663508535,108.43231964111328,10561800.0
2021-12-01,110.34828678533164,114.31904879245147,110.34828678533164,111.65335845947266,12924400.0
2021-12-02,111.39419139896104,114.21722943820109,111.08874654979955,112.64373016357422,8425500.0
2021-12-03,111.99585283944796,112.78259915367458,109.2005875533943,110.45012664794922,7809000.0
2021-12-06,110.04286508792241,110.60747283637119,107.90476473466515,110.27426147460938,5681200.0
2021-12-07,111.57007223076359,113.45826741715412,111.31090943174743,113.21761322021484,7459200.0
2021-12-08,112.57895796973719,113.12505706810832,111.1720711650176,112.73631286621094,5795700.0
2021-12-09,112.16242836951717,113.00470733121779,110.5981869328018,110.6074447631836,6103900.0
2021-12-10,111.07023827112653,111.80145152047677,109.4412061325531,110.26497650146484,5973900.0
2021-12-13,110.01507572580705,110.17242354116739,107.72887877188559,107.75664520263672,5854300.0
2021-12-14,106.84959102756102,108.27499352692155,106.67372752505632,107.63633728027344,6267300.0
2021-12-15,108.09911924869336,111.54229805175652,107.81219003565681,111.44048309326172,6700700.0
2021-12-16,111.84569264332073,112.22675583901972,107.94215614613643,108.34180450439453,9116100.0
2021-12-17,108.08157000459025,109.19686412399561,107.74698035059522,108.10945129394531,11725600.0
2021-12-20,107.7376957530778,108.38828996807486,105.86957825770622,106.82687377929688,6980800.0
2021-12-21,107.87709833707164,109.2061608334022,106.9569803291096,109.15039825439453,6122900.0
2021-12-22,108.66709945918066,112.86805533947158,108.58345559026449,112.7379379272461,9300100.0
2021-12-23,112.42194750350663,113.19336303744261,111.38100098454959,112.16171264648438,6512500.0
2021-12-27,112.66357182930601,114.55957733470038,112.64497957749442,114.03910064697266,6309900.0
2021-12-28,114.67111656935359,114.93135849062116,113.26770629242824,113.44429016113281,6321000.0
2021-12-29,113.20265806162452,114.4573658762434,112.43124253521046,112.8401870727539,5847700.0
2021-12-30,112.4591288222209,112.97030951685105,111.70630551819133,111.9200668334961,4187800.0
2021-12-31,112.78442467644882,113.1561918172253,111.73418906280857,111.81783294677734,3888200.0
2022-01-03,115.36820193803877,120.4428034920286,115.24738062396835,119.70857238769531,18592000.0
2022-01-04,121.6323868727949,125.93557756692535,121.10262834904248,123.98380279541016,25554900.0
2022-01-05,121.48372437556124,121.64172307221581,117.92405954693383,118.09135437011719,17891200.0
2022-01-06,118.03560023802143,119.8944285882265,116.00018092546932,119.40184020996094,16249000.0
2022-01-07,117.61736995762267,118.16572093252499,114.60606284134904,114.78265380859375,21248100.0
2022-01-10,116.27902094228706,116.98537777934085,114.55960594535574,116.18608093261719,11857700.0
2022-01-11,117.60807990671857,120.40561878135081,116.64148823695835,120.05243682861328,12113100.0
2022-01-12,121.28855596553126,123.53773668086158,121.02832111792185,122.89643859863281,16389200.0
2022-01-13,130.81505731884695,134.7650679306061,129.11422751832822,129.36517333984375,52020000.0
2022-01-14,126.48395524209444,133.7240986666343,126.48395524209444,130.73138427734375,28255300.0
2022-01-18,127.09739459572305,127.4970359031237,123.8816151542881,124.38350677490234,15191400.0
2022-01-19,125.11772837444056,126.30737735227828,121.69749110859071,121.76254272460938,11155100.0
2022-01-20,122.60833784637299,123.3797534492199,119.15091537224004,119.27174377441406,11421900.0
2022-01-21,118.10996119304964,118.94643541215267,115.49830240391307,115.73995208740234,15573700.0
2022-01-24,115.03358107765017,117.17123636333484,111.65051429031519,117.06900024414062,17083400.0
2022-01-25,116.6321796164422,116.93888798753571,113.10969913950304,113.83464813232422,11370500.0
2022-01-26,116.529951910192,117.72889710036193,113.2862982801019,114.39230346679688,13592100.0
2022-01-27,115.24736906177522,115.37748649183358,107.83993622221737,108.16522979736328,18599800.0
2022-01-28,110.33074950111457,111.1579275018959,106.12980079234428,109.30839538574219,14005900.0
2022-01-31,111.08358878386342,114.10418511659013,110.42370551284883,113.97406768798828,10189100.0
2022-02-01,114.22501210428585,114.54100954390177,111.6226493824943,114.36442565917969,6956300.0
2022-02-02,117.31996311405535,117.54302054712281,113.89971841325998,115.38677978515625,8562900.0
2022-02-03,112.87733870155694,115.13581523004221,110.83263053433521,111.3809814453125,9926800.0
2022-02-04,111.93864445241843,113.23052957623874,110.96275674150732,112.47769927978516,5743200.0
2022-02-07,113.90901220101016,115.34031104705089,113.2770102052372,113.6766586303711,6562900.0
2022-02-08,113.38854660804,115.11725780392386,113.02607559189033,114.97784423828125,7036200.0
2022-02-09,116.06524778011625,116.68796071019922,114.09489412876502,116.66007232666016,10979700.0
2022-02-10,115.9909004198461,119.57843996686158,115.58195588364705,115.9072494506836,10474900.0
2022-02-11,116.64147416594756,117.64524313547857,111.94792993885939,112.4684066772461,9845700.0
2022-02-14,111.48322042272655,112.97028868161868,109.67086573214384,111.31592559814453,8081800.0
2022-02-15,113.40711637973293,115.81430281984636,112.88664670224571,115.73065185546875,9248700.0
2022-02-16,114.4480578055005,115.51688549563013,112.9888778743776,114.8755874633789,5749500.0
2022-02-17,113.8439450877357,114.08559476881935,111.20441212358483,111.30664825439453,7976700.0
2022-02-18,112.01298745949694,112.17099325013666,110.08910050035433,110.88839721679688,8389000.0
2022-02-22,109.20616498260073,110.93487590619044,107.55180889442437,108.6578140258789,9793500.0
2022-02-23,110.18204205367219,110.99992389160755,107.58897591878389,107.7190933227539,8114700.0
2022-02-24,100.3767322555029,104.0758038419374,97.01225034385614,103.98285675048828,27539100.0
2022-02-25,104.36392282942425,105.02380606975487,101.64073890167997,103.37874603271484,14258900.0
2022-02-28,101.65003742434205,102.02179744560999,97.58849466509197,99.45661926269531,26390800.0
2022-03-01,102.23558058596291,103.26723110278168,99.49381103386872,100.42322540283203,20377900.0
2022-03-02,100.74848721201946,102.2076670270595,100.2466027602974,101.87307739257812,13342400.0
2022-03-03,102.15192368622753,102.2355675651642,100.00497194556884,101.11097717285156,10841700.0
2022-03-04,99.44732246443537,100.48826895322412,96.48248880599739,97.64425659179688,22372100.0
2022-03-07,95.99918890706361,96.74271597643644,92.06776391199676,92.28153228759766,29422900.0
2022-03-08,93.13659764305339,95.83190028498181,91.65883244468016,92.94142150878906,25650000.0
2022-03-09,97.13309285426078,98.25768333386338,95.50661778947817,97.54203033447266,14348400.0
2022-03-10,96.83567085862677,98.08108252277098,95.2835437060146,96.62190246582031,11811000.0
2022-03-11,97.92309098879481,97.92309098879481,94.14967120859978,94.25190734863281,18116400.0
2022-03-14,94.35411047885708,94.6701149405718,92.07704891097636,92.29081726074219,17959400.0
2022-03-15,91.11047634794768,94.93036942213357,90.7294201987426,94.88389587402344,13415600.0
2022-03-16,96.18201181426475,98.79692522518043,96.0139101360621,98.70353698730469,20347100.0
2022-03-17,98.75956396816503,99.4880021652247,97.82566738217766,99.45064544677734,8042000.0
2022-03-18,98.72222100094802,99.96430534333955,97.95642597877176,99.66545867919922,10218200.0
2022-03-21,99.66545739593586,100.1324057479595,98.18055793146615,99.85223388671875,10366100.0
2022-03-22,99.35725262631833,100.82346991362729,99.20783288449245,99.96428680419922,10401200.0
2022-03-23,99.45998406046738,101.03827153356049,98.38600158691406,98.38600158691406,12905300.0
2022-03-24,99.72148356762003,100.84216382738671,98.83428459640417,100.78612518310547,10834000.0
2022-03-25,100.57131393323603,100.8421447666952,98.84359974995976,99.67477416992188,7432100.0
2022-03-28,98.63815046836415,99.66543518890767,97.69491301242597,99.30121612548828,8151200.0
2022-03-29,100.78612919181832,102.5045028084482,99.73082849591675,102.02821350097656,14076200.0
2022-03-30,100.66470215596496,102.11223742092507,99.46931580487941,99.67477416992188,15456300.0
2022-03-31,99.88959076457138,100.06703341863638,97.30270002538374,97.36807250976562,13021600.0
2022-04-01,98.77823163433159,98.94633329267715,95.45356230823607,95.99522399902344,12085100.0
2022-04-04,97.14391750587242,98.59146003089757,96.45283604314926,97.86302185058594,9077200.0
2022-04-05,97.57352182071871,97.68558485487918,95.36018427019461,95.72440338134766,12291000.0
2022-04-06,93.7818976397363,95.38820097932434,93.12817285039968,94.49166107177734,14902600.0
2022-04-07,93.78188643161123,94.538347454655,93.06278924928219,93.87527465820312,12431000.0
2022-04-08,93.96867718883081,94.04338350077272,92.5678323077365,92.72659301757812,11796200.0
2022-04-11,91.72733457004394,91.87675433628621,90.50393217898653,91.12030029296875,12480500.0
2022-04-12,93.3896669312108,93.52975285662085,90.99889373779297,90.99889373779297,13291500.0
2022-04-13,93.20286808981275,95.46289577739533,92.92269630620045,94.79048919677734,15776800.0
2022-04-14,97.12524664057656,97.59219494173317,91.83005461547626,91.85807037353516,17828500.0
2022-04-18,91.47517184704762,93.24023590366276,91.02690545572055,92.240966796875,10277400.0
2022-04-19,91.93278426651749,92.87601470947266,91.25103660842741,92.87601470947266,10103000.0
2022-04-20,93.76321109989567,94.32354758130629,92.36236633383668,92.46509552001953,8596900.0
2022-04-21,93.15618618409356,93.99669455212106,90.97087155228768,91.204345703125,13038500.0
2022-04-22,90.61598356101224,91.32574695325593,89.05637799028273,89.355224609375,11650100.0
2022-04-25,88.76687980201663,89.91556869626106,88.20653610963141,89.87821197509766,10654400.0
2022-04-26,88.66414963285467,88.73885594930051,86.63758850097656,86.63758850097656,14176000.0
2022-04-27,85.76905391022677,86.5628716609182,84.25614609140281,84.29350280761719,15846300.0
2022-04-28,86.06790756240301,89.84084327080909,85.71302232121877,88.92562866210938,15176200.0
2022-04-29,87.02049198974991,89.27117925926414,86.63759093504392,86.78701782226562,10629300.0
2022-05-02,86.38542978528251,88.03842352290197,85.20871815210799,87.56214141845703,8251900.0
2022-05-03,86.64691662932505,87.83296918119645,86.39476770790048,87.44072723388672,9511900.0
2022-05-04,87.70223763092423,89.7194506855058,85.84377817141579,89.64473724365234,9082500.0
2022-05-05,87.82365039134532,88.14117186329922,85.19006186634724,86.05858612060547,11517200.0
2022-05-06,85.35814479851773,86.74030768148768,84.30283715300493,85.57293701171875,7944900.0
2022-05-09,83.99464550140422,84.22811960419882,81.258328731649,81.52915954589844,11428600.0
2022-05-10,84.06936534574508,84.3215214074303,82.26694469673566,82.94869232177734,11690400.0
2022-05-11,82.99538499547408,84.58300620454305,81.99611601975222,82.02413177490234,11531300.0
2022-05-12,80.52057284083045,82.37902523788604,79.74543688688415,81.89340209960938,11592900.0
2022-05-13,82.99538715118035,85.32078751488308,82.33232147016733,84.94722747802734,11180600.0
2022-05-16,83.92928115478793,85.33012590703724,83.58373688420974,84.43358612060547,6729100.0
2022-05-17,87.13254743378945,87.30998292605413,86.26402339248567,87.1512222290039,7668800.0
2022-05-18,85.98387137025826,87.06719499361489,84.39624978437804,84.54566955566406,9610900.0
2022-05-19,83.90127420628858,86.01188269546877,83.63978427622604,84.24681854248047,7739000.0
2022-05-20,86.88972944084846,86.88972944084846,82.95802611113578,84.77912139892578,10469900.0
2022-05-23,85.00327217655035,85.83444677190245,84.65773496703343,85.45154571533203,6920500.0
2022-05-24,83.6024138488702,83.86391086113095,82.66851732313407,82.85530090332031,8788600.0
2022-05-25,83.42497618897038,84.90986820632354,83.15414534852773,84.43358612060547,9113500.0
2022-05-26,83.49969648362067,85.33013292203228,83.15415218463527,84.98458862304688,9762700.0
2022-05-27,86.4975119585687,87.61818511018609,86.413457553411,87.57148742675781,6279000.0
2022-05-31,89.2244841464743,89.92490661317515,88.26257176554897,89.00035095214844,9621700.0
2022-06-01,89.28052034022011,89.99028380533882,87.62752636725274,88.48670959472656,6152400.0
2022-06-02,87.77694016111795,89.99961864744581,87.43140297631723,89.97159576416016,6335000.0
2022-06-03,88.12249016593377,88.32794857291239,86.75900188560834,87.57148742675781,9137100.0
2022-06-06,88.72018812672513,89.22449320897977,86.7309906842762,86.95512390136719,9440200.0
2022-06-07,86.54420626953103,87.65554563270392,85.70369780684005,87.6368637084961,7360200.0
2022-06-08,87.78629255670826,88.65481679998474,86.98314079948199,87.29132843017578,6446300.0
2022-06-09,86.85237662991709,87.31932489136825,84.79780712955797,84.84449768066406,8086700.0
2022-06-10,84.55500335211184,84.723105033729,82.77125733467052,82.81795501708984,10460400.0
2022-06-13,80.37114146383107,81.09024585687473,79.39988811645033,79.89485931396484,14603700.0
2022-06-14,81.00618727171279,82.07082880182368,80.58593666116681,81.42644500732422,10449600.0
2022-06-15,81.7253044500608,83.87326264384268,81.59455947848568,83.23821258544922,11742500.0
2022-06-16,80.00585370064813,80.67241180985071,78.85110754696903,79.34867858886719,10505200.0
2022-06-17,79.79931640625,80.36260426601066,78.81355727972354,79.79931640625,9735500.0
2022-06-21,80.73813302260038,82.38106014806027,80.73813302260038,81.6300048828125,9604000.0
2022-06-22,79.46133668700942,80.90711329534416,79.3768467371359,79.7148208618164,7868700.0
2022-06-23,78.98255041795782,79.07643770395444,77.69637768589796,78.9731674194336,10370300.0
2022-06-24,79.00133211456652,81.25449092839158,79.00133211456652,80.66303253173828,10670100.0
2022-06-27,81.60186236259467,81.67696934078157,80.34385270964465,80.60671997070312,7358000.0
2022-06-28,80.87894824675325,81.4985626870034,79.1796875,79.1796875,8289200.0
2022-06-29,79.26420406274848,79.43319116294082,78.2315083005041,78.53192901611328,7981300.0
2022-06-30,76.47591158434383,77.18941338679295,75.21790222255143,76.7481689453125,14201600.0
2022-07-01,74.20398000292646,74.3729670840382,71.51896702670325,72.2887954711914,19531700.0
2022-07-05,69.98868973407845,71.49079291578475,69.22824440256387,71.45323944091797,22253100.0
2022-07-06,69.74461223898186,71.63163361283164,69.26581427432856,70.93690490722656,11530500.0
2022-07-07,73.79088733942515,76.00649220634845,73.54679333541688,75.71546173095703,15847800.0
2022-07-08,75.03012225231755,77.1330738269995,74.87991551846474,76.52284240722656,10004200.0
2022-07-11,74.88931363816054,75.35872141545592,73.99744172633707,74.26969909667969,9519600.0
2022-07-12,76.19425652657486,76.49467714924229,74.10069516424772,74.26029205322266,10363700.0
2022-07-13,74.42930093192255,76.7200133282688,74.07255357617794,76.31632232666016,14706500.0
2022-07-14,77.87474896763094,78.89806166743752,75.58404383853616,78.55069732666016,23377000.0
2022-07-15,80.34382585536964,80.77568009170702,78.83233244689222,80.39076232910156,14061000.0
2022-07-18,80.79446808395701,80.8132484069728,78.2690589955229,78.4662094116211,11352500.0
2022-07-19,79.79932788710586,81.17938799775686,79.38624672130699,80.87896728515625,10673100.0
2022-07-20,79.96830738233446,81.44224748254653,79.90259058153242,81.26387023925781,11664800.0
2022-07-21,81.37654649031302,82.42802267000414,81.11367923603912,82.41863250732422,7135000.0
2022-07-22,82.0618639205299,82.3622845853406,80.55037043622164,81.0385513305664,8612100.0
2022-07-25,81.01978302001953,81.39530350155486,80.39077117200033,81.01978302001953,5960900.0
2022-07-26,79.57399986799427,79.9870737970943,78.71967436700879,79.25479888916016,6977700.0
2022-07-27,80.09033550741188,82.52187099729305,80.09033550741188,82.26838684082031,9399500.0
2022-07-28,81.7989883843233,83.19782857564584,81.160593585542,83.18843841552734,10668200.0
2022-07-29,82.4467845248278,83.75173761713283,82.41862120324625,83.06640625,10366200.0
2022-08-01,80.08096109438844,81.5736742282623,79.1421456403515,81.02915954589844,20102600.0
2022-08-02,79.34869365925621,82.15575754164732,79.02010962225579,80.78508758544922,15541600.0
2022-08-03,80.70057521223525,81.46101343460873,79.38623214988355,81.21692657470703,20779400.0
2022-08-04,81.67693939955059,83.01005554199219,81.32019212783318,83.01005554199219,13472500.0
2022-08-05,82.64392882605019,85.41343889911028,82.62515566724913,84.2774658203125,13293500.0
2022-08-08,83.53580963074857,83.64846291112423,81.59246175573337,82.55944061279297,12120300.0
2022-08-09,81.62061376638502,81.80837398272425,79.27357524917903,79.9964599609375,13075000.0
2022-08-10,81.49859129139637,83.24478912353516,81.02918342603853,83.24478912353516,10704600.0
2022-08-11,84.45584387991786,85.4322128867058,83.84561235535116,84.04276275634766,11158800.0
2022-08-12,84.19297108673032,85.76079119237757,84.15541760866412,85.30077362060547,12098800.0
2022-08-15,84.50278111476582,86.31469522952013,84.49339095468913,85.96733093261719,15949500.0
2022-08-16,85.56364971962364,85.76080012806769,83.15089401257833,84.44645690917969,10566100.0
2022-08-17,83.5545646275598,84.2774492823474,83.06638380599568,83.74232482910156,9093100.0
2022-08-18,83.28232528459667,84.1835873390561,83.01006791982338,83.80805969238281,10947700.0
2022-08-19,83.0851709500644,83.16966090620589,81.69572087190059,81.86470794677734,9602800.0
2022-08-22,80.18426233552348,80.76632355776601,79.74301775569688,80.024658203125,8054000.0
2022-08-23,79.94954658957542,81.30143629555135,79.78994248071702,80.76631164550781,8462500.0
2022-08-24,80.55037887756437,80.86018257250235,79.98708380474392,80.32505798339844,7085800.0
2022-08-25,81.04794504787628,82.23084743852503,80.74752436988065,82.21207427978516,6602100.0
2022-08-26,82.14636215892243,82.4186195330176,79.47073922397925,79.55522918701172,9381500.0
2022-08-29,78.77601790488782,79.16092856398082,77.71515172688711,77.78086853027344,9639700.0
2022-08-30,78.65395838437409,78.84172577462631,76.72939098179539,77.72453308105469,8392300.0
2022-08-31,78.9637687827524,79.67727053669621,77.97800968634854,78.2502670288086,8887100.0
2022-09-01,76.4665354457556,76.82328999369753,75.21791601574479,76.64491271972656,11566000.0
2022-09-02,76.56039621737322,77.90290248172906,75.67790747836379,75.95016479492188,8850100.0
2022-09-06,76.07222314617577,76.07222314617577,74.65460965501185,75.13340759277344,12704400.0
2022-09-07,73.59375379922254,75.27423457104786,73.44354702881628,75.05830383300781,9843500.0
2022-09-08,74.17580462041927,75.79995120452946,73.95048377385014,75.3305435180664,8181700.0
2022-09-09,75.88445799668644,76.6636765746779,75.79996087779163,76.5416259765625,7084700.0
2022-09-12,76.95471590835928,77.45228703054033,76.75756549179289,77.12370300292969,7903000.0
2022-09-13,75.49954600046502,76.17549435312063,73.71579499486698,73.98805236816406,12835100.0
2022-09-14,74.86114868832136,75.25545665623972,74.14765403942819,74.78604888916016,8849600.0
2022-09-15,74.18936034011296,74.82192249873911,73.33020294604461,73.62288665771484,10533100.0
2022-09-16,72.80148641284381,73.64175716838874,72.62210034038945,73.53790283203125,10604500.0
2022-09-19,72.27277168816569,73.85890197753906,72.27277168816569,73.85890197753906,10378600.0
2022-09-20,73.20746927902138,74.05718340436206,73.17914667536064,73.78338623046875,8202800.0
2022-09-21,73.24523612641538,74.87856871948792,72.82981872558594,72.82981872558594,10869000.0
2022-09-22,72.17837248034257,72.4616129365806,71.14927941534556,71.40419006347656,10817900.0
2022-09-23,70.1485126189701,70.23348043841668,69.0061146680895,69.74253845214844,12685500.0
2022-09-26,69.36487684958921,70.04464811916627,68.84560512891134,68.93058013916016,13441500.0
2022-09-27,69.40264616050683,69.90303136899689,68.3074574601029,68.949462890625,12430600.0
2022-09-28,67.13674971047122,68.25081783685137,66.74965488545153,68.0997543334961,12943600.0
2022-09-29,66.5797098825815,66.73077338102878,64.65370069910699,65.40899658203125,16120300.0
2022-09-30,64.02111612578229,65.75830993057005,63.955027661655166,64.72920989990234,10472400.0
2022-10-03,64.27605141004015,65.6827960739161,63.870077247606986,65.38067626953125,11945100.0
2022-10-04,66.84406618310852,68.85505024017453,66.76853443933331,68.74175262451172,14900700.0
2022-10-05,68.8456031880761,70.72441739494221,68.52460409932701,70.31844329833984,14037100.0
2022-10-06,69.83695182556123,70.73386800798588,69.73309746299357,70.19571685791016,11796800.0
2022-10-07,67.79761746392242,68.00532612719951,65.85272216796875,65.85272216796875,14758600.0
2022-10-10,65.94715224325428,65.97547485039271,63.26583978861554,63.67181396484375,16042200.0
2022-10-11,60.612833475702935,61.28316869003258,59.12111756900871,59.90474319458008,28699300.0
2022-10-12,60.046356716548004,60.641160157336124,59.829208369235,60.527862548828125,16468700.0
2022-10-13,59.53654148881905,66.27759181423359,58.837887196519986,62.89762878417969,36639300.0
2022-10-14,63.50185808079345,63.68123695687523,60.21629946833476,60.34847640991211,19440900.0
2022-10-17,61.34926105818796,61.69858278582633,60.46178103058017,61.264286041259766,11280100.0
2022-10-18,62.21785162546379,62.41611705151347,59.272178431789435,60.15021514892578,16656100.0
2022-10-19,59.234418600845345,60.52786915938789,58.696263905536576,60.10301208496094,12385200.0
2022-10-20,60.18798445693904,61.632494931408935,59.83865912421176,60.02748489379883,11300900.0
2022-10-21,58.554644511057994,60.216303254959776,58.554644511057994,60.18798065185547,13699000.0
2022-10-24,57.195100960041835,58.17698833842146,56.34538691941848,57.86542892456055,25010800.0
2022-10-25,56.609744118682954,57.93152079239698,56.18488707344975,57.723812103271484,21700600.0
2022-10-26,57.45946521320848,58.51688452014351,57.0534910540049,57.440582275390625,14006000.0
2022-10-27,58.3941441413684,58.9606214413326,57.506667720108666,57.54443359375,12937600.0
2022-10-28,57.374487151152145,58.564083283532035,56.71359881025144,58.54520034790039,11972300.0
2022-10-31,58.14867056555607,58.79067598254229,57.65772503482825,58.110904693603516,10802800.0
2022-11-01,59.72535576905975,59.88585891834679,58.13922882080078,58.13922882080078,11561900.0
2022-11-02,59.00782967868488,59.37603795963153,57.13846206665039,57.13846206665039,16547200.0
2022-11-03,56.64750753700155,57.48777832255216,56.109356503524154,56.911861419677734,11040900.0
2022-11-04,58.07313860965554,59.007824128534295,57.610519285356816,58.98894119262695,14662800.0
2022-11-07,59.12111514065166,59.41379523002749,58.50743596180449,59.253292083740234,8507100.0
2022-11-08,60.77333691268643,62.07622699256926,60.631716703261475,61.38701248168945,14102800.0
2022-11-09,62.81264384355969,62.87873231463779,61.32092440710761,61.368133544921875,15086800.0
2022-11-10,63.95504881058185,66.910165748439,63.558517894692656,66.8818359375,21367900.0
2022-11-11,68.67565758834544,70.43173084627773,68.33577197693255,69.70475769042969,15524700.0
2022-11-14,69.14773291450086,69.56315033923482,68.2036076423631,68.7323226928711,11575300.0
2022-11-15,77.34272379709903,78.29629213209644,75.53944866387496,75.96430206298828,48742400.0
2022-11-16,76.05872170681062,76.06816497541888,74.49147766370054,75.0107421875,24006600.0
2022-11-17,74.86912179388949,78.30573651199235,74.29320491831321,76.92731475830078,24278400.0
2022-11-18,78.15467015802072,78.21131535578984,76.47412872858041,77.67316436767578,18578400.0
2022-11-21,76.2947635266206,76.50247224603916,75.0296390764958,75.46393585205078,18659700.0
2022-11-22,76.80458169117087,78.54177576207657,76.69129127994239,77.92809295654297,16504700.0
2022-11-23,77.83367831978529,78.31517695169204,77.16335033929471,77.38993835449219,14683800.0
2022-11-25,77.55043430204371,77.76758624206889,76.8517837524414,76.8517837524414,5908300.0
2022-11-28,75.78492143041404,76.54966768800868,74.48203133700201,74.79359436035156,13214200.0
2022-11-29,75.44504764892683,75.72828088503529,74.5481243934911,74.89745330810547,11502300.0
2022-11-30,76.12480605831071,78.76835928339415,75.97374978427617,78.343505859375,21667300.0
2022-12-01,78.40015786675492,78.95718828006724,76.6063185371105,78.06027221679688,15975100.0
2022-12-02,77.2388816512607,77.5693312394947,76.61576275402992,76.94620513916016,10519800.0
2022-12-05,77.36162142473007,77.5882094565398,76.42693228769559,77.05950164794922,11523300.0
2022-12-06,76.85178750149775,76.88955337130545,74.7369492139887,75.11459350585938,13992100.0
2022-12-07,74.58588908589279,75.2562170981151,74.19879430529912,74.8124771118164,14925300.0
2022-12-08,75.01074922973054,76.44582366257114,74.6803068284528,76.28532409667969,11197500.0
2022-12-09,76.3325290807384,77.59766072862382,76.18147277832031,76.18147277832031,13787900.0
2022-12-12,75.33174226536745,75.93598175048828,74.397060437306,75.93598175048828,11516600.0
2022-12-13,77.50324825651735,77.50324825651735,75.18070070797171,76.01153564453125,16938000.0
2022-12-14,76.30419984533782,76.95564855087655,75.07683418045983,75.54889678955078,17910000.0
2022-12-15,75.20803427411195,75.20803427411195,73.47998729760283,73.68887329101562,17080200.0
2022-12-16,73.68888040245659,74.11614198008459,72.37860528632326,72.445068359375,11929100.0
2022-12-19,73.03372016992036,73.22361978905114,71.93233135468093,72.2551498413086,12561300.0
2022-12-20,71.31518054473726,72.35010645337931,71.11579134886854,71.7994155883789,12080600.0
2022-12-21,72.02729351918929,73.50847465731226,71.94183686064221,73.24262237548828,10806100.0
2022-12-22,72.42606956083804,72.56849249111326,70.2802505447699,71.47659301757812,13019700.0
2022-12-23,71.10629272460938,71.54305103439894,70.422668502702,71.10629272460938,7452600.0
2022-12-27,70.57459078754945,70.96387239014022,70.41318151925402,70.56509399414062,8974800.0
2022-12-28,70.44165687125873,70.78346895689461,69.1598579281591,69.36874389648438,10275700.0
2022-12-29,70.59357207629135,72.19818958274692,70.4036796852957,72.16020965576172,11142500.0
2022-12-30,70.53662428290009,70.80247659749881,69.92895977983663,70.72651672363281,7784100.0
2023-01-03,72.01778839194783,72.13172817551613,70.04287560701391,70.28974151611328,9276200.0
2023-01-04,71.20123724148884,72.73939170444528,70.7075126728469,72.46404266357422,12316400.0
2023-01-05,72.16020982294829,72.57798177682308,71.53355189213609,71.90385437011719,10039200.0
2023-01-06,72.63495536066357,74.76178078344634,72.302640020218,74.1256332397461,13744100.0
2023-01-09,76.48983344713093,77.11649148733909,76.01509514173625,76.2524642944336,22247600.0
2023-01-10,76.44235872931172,77.45829834354257,76.39488200445008,77.16395568847656,10269000.0
2023-01-11,77.44879653754157,77.7526287227719,76.55628632420778,77.64818572998047,11771400.0
2023-01-12,80.66752114547778,84.34199774337145,80.15480297526489,82.60445404052734,36086800.0
2023-01-13,81.094809251871,82.69941996537624,80.61057410162707,82.41458129882812,18719900.0
2023-01-17,81.86387241627253,85.19653726193502,81.80690613916202,84.4939193725586,21850000.0
2023-01-18,85.90864223707236,86.61125286236145,84.84522588328328,84.94966888427734,19209800.0
2023-01-19,84.5318910326225,85.46238118331065,83.80079732017026,83.93372344970703,13651100.0
2023-01-20,85.45288750334828,86.43084716796875,84.69330338352388,86.43084716796875,14287200.0
2023-01-23,87.12395999788309,90.89338261658112,87.0859800710833,90.82691955566406,22875100.0
2023-01-24,90.95036057716017,93.04870290607647,86.92458198993272,89.78250122070312,11370500.0
2023-01-25,87.99749013401888,88.30132235127675,86.5163089803781,87.74113464355469,14147300.0
2023-01-26,89.14635630651024,89.51665159647649,87.95951057099495,88.72858428955078,15759400.0
2023-01-27,88.13040685331836,89.3647291786648,87.57970875469114,88.5861587524414,13646600.0
2023-01-30,88.15889899838488,89.48816765908329,87.90254350913168,88.42475128173828,14079800.0
2023-01-31,86.40236995823786,88.07345079012657,85.45289336529018,88.04496765136719,13342100.0
2023-02-01,88.30132010110357,90.93136698560238,87.89304489044875,89.95340728759766,16788500.0
2023-02-02,91.71942238945215,92.57395263176217,90.99781826884254,91.76689910888672,14925300.0
2023-02-03,90.23823217806165,92.05172821971773,89.54511126287682,89.87743377685547,12242200.0
2023-02-06,87.1619465512173,87.39931567881436,86.1554965243327,87.1904296875,12425200.0
2023-02-07,87.14296357275434,89.91543358205128,87.04801735894341,89.77301788330078,15258900.0
2023-02-08,90.21927333112806,91.09279740520728,89.46919310876075,89.51666259765625,12899700.0
2023-02-09,91.14975990566663,93.5899146467173,90.78896138052225,91.80490112304688,16997400.0
2023-02-10,91.10227323706289,91.62448824379695,89.4881659790452,90.55158233642578,11511400.0
2023-02-13,90.64652414683668,91.5200408030642,90.11481961590357,91.25418853759766,7803500.0
2023-02-14,90.97884012014592,93.98867895871993,90.40915565528213,93.0107192993164,15345100.0
2023-02-15,87.66516537449426,88.94695717718147,86.18397713580777,88.07344055175781,30208300.0
2023-02-16,86.38338794025131,87.15246170100016,85.33895784055301,86.2314682006836,15568400.0
2023-02-17,85.42441457755085,85.73774360772629,84.44645479603224,85.54784393310547,11235300.0
2023-02-21,83.91473833314913,84.90219485504144,83.06021519814195,83.21212768554688,14007600.0
2023-02-22,83.31656321484385,83.63938174907382,82.28163730270924,82.44304656982422,10106400.0
2023-02-23,85.7377327343484,87.34234312878709,84.9401686899529,85.52884674072266,15468300.0
2023-02-24,83.63940026897889,83.69637379769962,82.83234651077075,83.65839385986328,8817600.0
2023-02-27,84.21857423175801,84.3609971751261,82.8323392204343,82.88931274414062,10609400.0
2023-02-28,82.7373843931456,83.69635771846704,82.50951205383741,82.6709213256836,7520400.0
2023-03-01,84.5413757031066,85.49085206018022,83.81027485155926,83.95269775390625,8176700.0
2023-03-02,83.2121266359064,84.82623391937236,82.71840200315386,84.53189849853516,9761600.0
2023-03-03,84.19007045988053,85.31045289911489,83.43998323629795,85.25348663330078,10844000.0
2023-03-06,85.52886126587558,86.7157071185528,84.98765984681205,85.05412292480469,9960000.0
2023-03-07,85.4054074938779,85.68075654562341,83.83877707839557,84.3609848022461,8761100.0
2023-03-08,83.88625407082814,86.25044871761325,83.68686485906856,86.24095916748047,8813000.0
2023-03-09,85.17752483336795,86.10801486930468,84.09512234409392,84.38945770263672,10354700.0
2023-03-10,83.58243332349063,84.6648361895068,82.79436591846394,82.84184265136719,11928800.0
2023-03-13,82.0157867349793,84.50341805404871,81.94932366222214,83.30707550048828,11847600.0
2023-03-14,83.5824128030791,85.10157371189122,83.27858062131668,84.77875518798828,11100100.0
2023-03-15,82.794348851143,82.8323287808499,81.12327540762487,82.31961059570312,12171500.0
2023-03-16,82.03233435612287,85.3918943056989,81.90826247088265,85.22964477539062,13184600.0
2023-03-17,85.00056849729472,85.92635625232572,84.94330567752468,85.39188385009766,13287700.0
2023-03-20,85.14374333372258,86.25087319681445,84.61881709723558,85.9359130859375,8217500.0
2023-03-21,86.85216155181061,88.761000267235,86.6612805929249,88.2837905883789,12299700.0
2023-03-22,89.23820176609522,90.69846208447782,88.32196014047557,88.3983154296875,12812400.0
2023-03-23,90.1830705811388,91.45244989868283,89.17138853220578,90.27851104736328,11169700.0
2023-03-24,89.66766921594683,89.88718880719749,87.89244915327514,88.560546875,7653700.0
2023-03-27,87.84474481193769,87.97836291857789,86.42266223032958,86.52764892578125,9349800.0
2023-03-28,86.52765744412427,86.7280846238159,85.82138191762073,86.67081451416016,7521300.0
2023-03-29,87.57750224756545,88.97095331693244,87.28162736291262,88.53192138671875,9264000.0
2023-03-30,89.09502076190094,89.25727025991101,87.83518785200893,88.25513458251953,10232800.0
2023-03-31,87.08119501335007,89.00912563694142,86.9762083317862,88.78005981445312,8701800.0
2023-04-03,88.77053316767784,89.33363700897026,87.52978527633684,88.6082763671875,6863600.0
2023-04-04,88.79917371729067,89.02823231345296,87.53934051593582,87.96882629394531,6338400.0
2023-04-05,87.42479610673155,87.97836098299967,84.99103154792327,86.08860778808594,9171800.0
2023-04-06,85.57324284538075,86.76626703886437,85.32509177427646,86.12680053710938,5874500.0
2023-04-10,84.38975222370662,84.9719485755491,82.52863751315533,84.96240234375,12232900.0
2023-04-11,84.59971324506274,85.74501331743724,84.43746373644375,85.17236328125,11079200.0
2023-04-12,84.85741647622388,85.42052032170452,82.90085415955087,82.910400390625,11299100.0
2023-04-13,82.61453600519253,83.63576441100162,82.05143208797486,83.08220672607422,7910500.0
2023-04-14,83.94116380991855,84.34202539880874,82.59543655511143,83.22534942626953,7656400.0
2023-04-17,83.75028864933527,84.03661733515177,83.18718479064137,83.9793472290039,8163600.0
2023-04-18,84.17976800814961,84.37065621142139,83.51167750079938,84.12250518798828,8468200.0
2023-04-19,82.29957097158108,83.39714722829115,82.1182289931219,83.25399017333984,11191300.0
2023-04-20,84.29431251424869,87.6920429013747,84.08433910261436,85.22010040283203,19206300.0
2023-04-21,83.77893734909725,83.90301653665352,81.39288874707628,81.47879028320312,13175400.0
2023-04-24,81.50740411439338,82.04187655579659,80.16166949803629,80.78204345703125,10567600.0
2023-04-25,79.47448075780055,79.59855990964428,78.51052264281363,78.53915405273438,13423700.0
2023-04-26,78.49143033196137,78.62504843294077,77.5083797540527,78.5009765625,11583500.0
2023-04-27,79.12136253961299,80.03760420670808,78.41509428653497,79.85626220703125,10013700.0
2023-04-28,80.6293381687208,80.65796957999522,79.90397752932581,80.4575424194336,8262600.0
2023-05-01,80.45754398924036,80.82976690635165,80.0757748409711,80.15213012695312,4931100.0
2023-05-02,79.69401432792216,80.21894787387652,78.78731887397372,79.17862701416016,6875000.0
2023-05-03,78.85412531755814,79.94216273882289,78.6823295520089,78.93047332763672,7151600.0
2023-05-04,79.2167925088829,79.9421531297513,78.87320101908422,79.68445587158203,7290600.0
2023-05-05,80.4575183016387,81.66962713264074,79.93258498015837,81.09697723388672,6865000.0
2023-05-08,80.64843239312091,81.64102935791016,80.56253814966529,81.64102935791016,6746600.0
2023-05-09,81.36423381718011,81.58375342905438,80.4575385230759,81.18289184570312,7287800.0
2023-05-10,80.65796661798049,81.2687943082056,80.33346031162567,81.03018951416016,7442300.0
2023-05-11,80.30482635604416,80.30482635604416,78.76821094856516,79.62718963623047,8730900.0
2023-05-12,79.57946576627788,80.10439920919562,79.16906524226223,79.62718963623047,5069800.0
2023-05-15,79.53176308222314,81.7651007789593,79.43632260727263,81.75556182861328,8707300.0
2023-05-16,81.78419567220803,82.79587784368856,81.6887479127809,81.96553039550781,11283200.0
2023-05-17,84.27521398656141,87.61568101667092,84.04614814743007,86.73760986328125,23215600.0
2023-05-18,87.0907600869611,89.14276301383146,86.91896432374308,88.42694854736328,14879000.0
2023-05-19,87.93063730580629,88.56055746605345,87.38661865906582,88.3601303100586,9295200.0
2023-05-22,87.87337478996098,88.2265125126881,87.04302747083314,87.5393295288086,9259800.0
2023-05-23,86.85215281531737,87.17665186910995,86.21269365756768,86.31768035888672,7656700.0
2023-05-24,85.21054234191459,86.0408896412965,85.11510188123216,86.02179718017578,9443900.0
2023-05-25,92.63592736245153,97.70389838307484,92.5595793587342,96.34861755371094,60793200.0
2023-05-26,96.25317764535478,99.67954645882877,96.13865199829503,98.50560760498047,26135800.0
2023-05-30,99.05917684534957,100.44308187333047,96.90218725763458,97.33168029785156,25248000.0
2023-05-31,95.18422834481683,95.42283314061773,93.59034277482004,94.09618377685547,22206700.0
2023-06-01,94.18208980064708,96.00502674142244,94.10573451474004,94.33479309082031,14998500.0
2023-06-02,96.63495061867957,96.68267449460451,94.12483057214813,94.43024444580078,13085100.0
2023-06-05,93.54264052929004,94.30617162395515,89.95402181127501,93.58081817626953,10568500.0
2023-06-06,93.16086073829717,96.01457217004261,92.97951875619388,95.27012634277344,13827600.0
2023-06-07,96.75902538812528,98.32427244749185,95.00289738264722,95.71871185302734,14367500.0
2023-06-08,94.47795618894695,96.11001217513136,94.1343646885249,95.38465881347656,9074200.0
2023-06-09,98.01885583682645,99.9086091899596,97.58937007920765,98.11430358886719,14902400.0
2023-06-12,99.58409341993176,102.49507482205615,99.55546200968799,102.18011474609375,20568100.0
2023-06-13,104.98612278895794,105.64467443475938,101.87471383835287,101.9319839477539,17858600.0
2023-06-14,101.1970646548534,102.79094294045086,100.42398744792158,102.51416778564453,12862600.0
2023-06-15,101.85093745697168,102.22472668967245,100.70084036480294,100.80626678466797,11987900.0
2023-06-16,101.04588054929494,101.35257362380337,100.01078868077661,100.22164154052734,11430800.0
2023-06-20,99.84785412508955,100.51874290385088,98.78401098152568,99.65617370605469,9295500.0
2023-06-21,98.86068633420314,99.41656978786237,97.39430991952287,97.4134750366211,9340400.0
2023-06-22,97.20263036185693,99.12905018242421,97.11637635945267,98.84152221679688,8575900.0
2023-06-23,97.29846720252903,97.9406119951897,96.8096799149239,97.67225646972656,8919000.0
2023-06-26,97.7776698988857,98.75525904150324,95.92792534925137,95.94709777832031,8560000.0
2023-06-27,96.94385433275583,98.51565719521264,95.8608387410393,97.8351821899414,9732000.0
2023-06-28,96.32087830117602,97.64349071413552,96.0525227952543,96.7234115600586,8160900.0
2023-06-29,97.12595167839629,97.29846698897818,95.86084183817559,96.45506286621094,7383900.0
2023-06-30,97.18345479316662,97.65307692852961,96.23462430804652,96.7234115600586,11704600.0
2023-07-03,97.99811073561193,99.36864695329972,97.82559543156245,98.86068725585938,5638400.0
2023-07-05,97.18345882851062,98.80317814569052,96.7617531233294,96.7905044555664,9010800.0
2023-07-06,94.97908521749875,95.41995598356148,94.49987690932556,95.27619934082031,9140800.0
2023-07-07,94.95994529602592,97.70101813097274,94.88327019146256,96.06212615966797,8036600.0
2023-07-10,96.08125898090341,96.56046725512239,95.26660637715877,95.6212158203125,8041600.0
2023-07-11,98.07479926818019,98.07479926818019,95.97586399998437,97.0492935180664,7677800.0
2023-07-12,98.55399269700852,100.08745798073794,98.4869038193497,99.57949829101562,10202000.0
2023-07-13,100.6337564683094,101.25672880411251,98.25687976485945,101.1800537109375,9265900.0
2023-07-14,101.59217569812154,102.83812040040713,100.49958118596196,100.76793670654297,9518300.0
2023-07-17,100.32706106517381,100.66250544980788,98.32396634754888,100.43248748779297,10722600.0
2023-07-18,99.37823316800784,99.416570714701,97.7680927675924,98.86068725585938,10343600.0
2023-07-19,99.57951089664172,100.43250129719938,98.30481474762313,98.7744369506836,11204800.0
2023-07-20,94.45197457681387,96.27296057021454,93.01434943751465,93.79066467285156,22810200.0
2023-07-21,93.80982405916671,93.91525048124521,92.3242825599373,93.20602416992188,15381200.0
2023-07-24,93.22519990781372,94.18361671798289,92.75557771823001,94.1644515991211,9054900.0
2023-07-25,95.38164007302335,96.69467376757025,94.98869297351699,96.14837646484375,9202200.0
2023-07-26,95.35286711290277,95.96625316239337,94.47112558077733,95.27619934082031,8993500.0
2023-07-27,97.27930173261365,97.52849213913076,94.7970058189188,95.21870422363281,8049800.0
2023-07-28,95.94711143479319,96.79051563039036,95.63083211939164,96.66592407226562,6758700.0
2023-07-31,95.05576701661444,95.63081556461694,94.32736828933713,95.02701568603516,8647900.0
2023-08-01,95.01743096079147,95.0653547206006,94.01109050191272,94.3082046508789,6428500.0
2023-08-02,93.44563498169184,93.44563498169184,91.25085970312662,91.7204818725586,9820900.0
2023-08-03,90.8962485715282,91.8259140657949,90.64706546067701,91.03043365478516,8571700.0
2023-08-04,91.31794268292086,93.52230403411559,91.17417871442743,92.1613540649414,7562600.0
2023-08-07,92.70764017962392,92.90890678652667,91.27001529134289,92.34343719482422,6601400.0
2023-08-08,90.93458060074096,90.9537530309593,89.77489718527967,90.56079864501953,7659000.0
2023-08-09,91.84506790893789,91.86423302430148,89.81322200988186,90.0719985961914,6426900.0
2023-08-10,91.4808828711594,91.97926371413938,90.35953694266455,90.85791778564453,7459600.0
2023-08-11,89.6119681474637,89.6119681474637,88.14559165681118,88.16475677490234,10658400.0
2023-08-14,87.87722439510573,89.41068956249971,87.50344248905778,89.19983673095703,7489700.0
2023-08-15,88.67269640079843,88.85479788602896,87.68552851965228,87.86763000488281,6069500.0
2023-08-16,87.63762754159221,88.86439977779806,87.52261490239567,87.96348571777344,7439500.0
2023-08-17,89.05607205073764,89.05607205073764,87.55135822489697,87.82929992675781,7712500.0
2023-08-18,86.32458437407264,87.53219135851886,85.83578985215466,87.31175231933594,9066200.0
2023-08-21,86.73670085881795,89.04648833626587,86.73670085881795,88.7110366821289,8618300.0
2023-08-22,89.46820879604752,89.60238656604349,87.99224601395169,88.40436553955078,7059000.0
2023-08-23,89.88991295237028,91.14543662611315,89.36278078515157,90.30203247070312,10362600.0
2023-08-24,92.51597154118153,92.7555757386101,88.6248017148261,88.68230438232422,12254400.0
2023-08-25,88.41394675878976,89.52571371837502,87.6088801843091,89.22859954833984,10356000.0
2023-08-28,89.91866357814324,90.23494287598271,89.37236629648412,90.09117889404297,5174800.0
2023-08-29,89.8707430871604,91.64382007543846,89.62155997567041,91.12627410888672,8910300.0
2023-08-30,91.48088263229263,91.93133970806909,90.69498113162096,90.8387451171875,6073400.0
2023-08-31,89.45863041352482,90.47455730520146,89.39154152265245,89.67906951904297,8661200.0
2023-09-01,90.37870063906661,90.64705615374764,89.21900996011891,89.31485748291016,7094600.0
2023-09-05,89.51612446214133,91.09751353644852,89.00816476281331,90.66622161865234,6396500.0
2023-09-06,89.94740192621083,90.05282834360335,87.78137823088097,88.42352294921875,7933700.0
2023-09-07,86.32460029919278,86.53545316370793,84.75279734280333,86.30543518066406,14684400.0
2023-09-08,86.97630329958548,87.28299630799106,85.60576731874286,85.91246032714844,5820800.0
2023-09-11,86.35334624527538,86.63128797550938,85.45243948783825,85.87413787841797,7268600.0
2023-09-12,86.69835687182159,87.76219978601766,86.66001933385245,86.717529296875,8242600.0
2023-09-13,86.83255965887389,88.06891819468034,86.71755432391316,87.4267807006836,5757800.0
2023-09-14,89.38341589688046,89.52792601704866,87.92869342734339,88.12137603759766,6506300.0
2023-09-15,87.19653326853215,87.80346703463748,85.60693643339036,85.98265838623047,19940500.0
2023-09-18,85.29863393639836,86.38726304269795,85.19266034595182,85.57801818847656,6647400.0
2023-09-19,85.21194041138361,85.58766235482975,84.57610610327892,84.94219207763672,7172100.0
2023-09-20,85.2793730103036,86.05008879484356,84.09440612792969,84.09440612792969,6935300.0
2023-09-21,82.8901601715404,82.98649779879061,82.22541804836132,82.23505401611328,10652500.0
2023-09-22,83.0924909973322,83.59345118727585,82.32177509732033,82.50482177734375,7967200.0
2023-09-25,82.26395906431391,83.08283996582031,81.90750173891196,83.08283996582031,8758000.0
2023-09-26,81.84006552357364,82.10982118758253,80.94411156657819,81.20423126220703,8877600.0
2023-09-27,82.05201408911675,82.42773601118024,81.02118595805452,82.3121337890625,7860700.0
2023-09-28,82.12907555863835,83.94024783401662,81.86896324545384,83.24661254882812,6647700.0
2023-09-29,84.53756223465577,84.80731054497414,83.52599872087167,83.71868133544922,7338300.0
2023-10-02,83.98843578418808,85.18303868151744,83.83428968126005,84.44123077392578,6305000.0
2023-10-03,83.81501412255267,84.12329893796536,81.94603329468771,82.2832260131836,8201700.0
2023-10-04,82.34104202985185,83.58381748424432,82.25433300508018,83.49710845947266,7658500.0
2023-10-05,83.65125019790509,84.72061489695243,83.36222993056066,83.84392547607422,6651700.0
2023-10-06,84.86511317076064,86.72445817164008,84.18110641449074,86.02118682861328,9777100.0
2023-10-09,85.54912318483505,86.06934785337965,84.81694397156159,85.73216247558594,4781300.0
2023-10-10,86.0019141344229,87.34103443008009,85.87667594638012,87.29286193847656,7182900.0
2023-10-11,87.91907354246676,88.64161686498846,87.31213244749044,88.6319808959961,8051700.0
2023-10-12,89.12331485808927,90.01926889659684,88.47783721952806,89.03660583496094,8897800.0
2023-10-13,89.35451996508662,89.5375666167745,86.89786984541735,87.14835357666016,7985100.0
2023-10-16,87.16761643628749,88.53562982199179,87.11944394872607,87.88052368164062,8791800.0
2023-10-17,86.52215654361011,88.34296522308705,85.27938108220518,87.66859436035156,7997100.0
2023-10-18,85.62620429056848,86.71484101351034,85.33719135047721,86.3198471069336,9982700.0
2023-10-19,89.68207797122953,91.29094676606219,88.97880655291092,89.50867462158203,22751600.0
2023-10-20,88.63197390681827,90.86704078089964,87.75528454991407,87.96723175048828,12197300.0
2023-10-23,86.68593731694263,88.88246792253528,85.8959568824735,87.77456665039062,8227900.0
2023-10-24,87.86124664556763,88.6319623012665,87.5336972694536,88.28514099121094,7374800.0
2023-10-25,87.4759142322193,87.52407937684117,83.50674028085851,84.43159484863281,13027100.0
2023-10-26,83.930621730634,84.91327725998178,83.37185321880408,84.24853515625,9377300.0
2023-10-27,84.33525432315712,84.56646611966542,82.74565760322022,82.84199523925781,12480700.0
2023-10-30,84.11365479027647,85.06741704684502,82.85161509836476,82.90941619873047,9785500.0
2023-10-31,82.99612982841894,83.26587811195601,81.84005630600215,83.1502685546875,9004900.0
2023-11-01,83.30441221719025,84.65316094588331,83.17916669625613,84.58572387695312,9508800.0
2023-11-02,87.09053713393659,87.71674267675914,86.19458332038165,87.16761016845703,11032600.0
2023-11-03,88.29479045396708,89.06549887737887,87.51443871202132,88.4296646118164,9226700.0
2023-11-06,88.63197357362246,89.21964268206348,87.94796683348902,89.21000671386719,8402700.0
2023-11-07,88.87283143075952,89.64354727209248,88.39113586744917,89.0269775390625,6241300.0
2023-11-08,89.91329281862303,90.01926642726681,88.56454381323104,88.6319808959961,6537700.0
2023-11-09,89.23890399897688,89.9518186175806,88.24661246372753,88.26588439941406,8166000.0
2023-11-10,90.59728724174362,94.17146684032204,90.18302883273911,93.87281799316406,19281700.0
2023-11-13,93.45856412602322,93.62233883403087,92.21578883861382,92.8901596069336,9526300.0
2023-11-14,94.41232729923918,96.04046060163265,94.36415480445837,95.28901672363281,13873200.0
2023-11-15,96.29092289159513,97.01346610694003,94.81693590830588,95.18302917480469,10422900.0
2023-11-16,94.64353589364406,95.47205279515329,94.32562242918301,94.93255615234375,8459000.0
2023-11-17,95.31790151959875,96.06934527334695,94.72059649349886,95.9344711303711,7243000.0
2023-11-20,96.24276651649166,96.90750133706953,95.89594515354219,96.30056762695312,6448900.0
2023-11-21,96.33909242382002,96.48360253247364,94.64352233913574,94.80730438232422,10112600.0
2023-11-22,95.10596552180105,96.00191949126639,94.36415029811008,95.03852844238281,7413500.0
2023-11-24,94.8747560823705,95.11560385056792,93.90172904082752,94.24855041503906,4297600.0
2023-11-27,93.85355636005917,93.97880190333014,92.89016528918994,93.6512451171875,6856100.0
2023-11-28,94.28708517282752,94.6531711275938,93.68014410428735,94.39305877685547,6358100.0
2023-11-29,95.375703248025,96.07898186965086,94.9903454012474,95.26009368896484,7091100.0
2023-11-30,95.30828539800049,95.35645789484678,93.35260256753459,93.74758911132812,9681400.0
2023-12-01,94.12329623146833,95.16376025859354,93.4681900681032,94.94218444824219,7500400.0
2023-12-04,93.49709364850936,93.64159640940908,91.76298701681715,93.45855712890625,10619400.0
2023-12-05,92.92869302469992,93.46818962133132,92.36992449242321,93.15027618408203,8009600.0
2023-12-06,94.21964186733608,94.96144969642555,93.88244914038728,94.26780700683594,11262300.0
2023-12-07,94.37377857739104,95.99227570164979,94.30634150346732,95.65509033203125,11373700.0
2023-12-08,95.49131044743984,96.69554909505646,95.32752840529604,96.67627716064453,10572500.0
2023-12-11,95.92483378196448,97.5047943055832,95.73215853765564,97.25431060791016,9482800.0
2023-12-12,96.4836096780752,97.92869617145598,96.29092706890377,97.88052368164062,7378600.0
2023-12-13,97.6878499113377,98.92098922846814,97.21579037433091,98.3814926147461,8988800.0
2023-12-14,100.03568516636983,100.48093261939854,99.50332745251602,100.13247680664062,10074500.0
2023-12-15,100.18088394726745,101.40047938478449,99.10647967357637,99.25167083740234,16379200.0
2023-12-18,99.54204799528823,99.99697687252544,98.80642554906548,99.62916564941406,5660600.0
2023-12-19,99.92920775633868,100.64548210927698,99.78401660994695,100.53900909423828,8498500.0
2023-12-20,99.40651806587604,99.78401059289439,96.73503362616593,96.83182525634766,10814100.0
2023-12-21,98.05143847780981,99.42589907905781,97.91592869372785,99.2613525390625,9068200.0
2023-12-22,99.62914839787405,100.26797908368383,99.41620237436138,99.84209442138672,5566400.0
2023-12-26,100.2873442334728,101.59404977242941,100.24862610238975,101.10040283203125,6407500.0
2023-12-27,101.68117266435728,101.99091034428797,100.74227824511242,101.29399871826172,5889700.0
2023-12-28,101.63277427674139,102.13609524292644,101.34239196777344,101.34239196777344,5335100.0
2023-12-29,101.3617446331885,101.6037274049886,100.34541403773676,100.66483306884766,4409600.0
2024-01-02,98.97096714017556,99.32910434969874,97.36419777200737,98.27405548095703,9020900.0
2024-01-03,97.12221866028815,98.00303964771801,96.46403249569805,96.95767211914062,6650600.0
2024-01-04,96.3381779321269,97.21899874790506,95.94133003465295,95.95100402832031,7996700.0
2024-01-05,95.82519549126606,97.41260217933292,95.63161219164016,96.41563415527344,7347300.0
2024-01-08,97.40291104717836,99.49364592052025,97.27708265349213,98.9612808227539,12455600.0
2024-01-09,97.80944655919487,98.69994145303394,96.99638054567276,98.62250518798828,7764000.0
2024-01-10,99.23229441698773,99.48395857399404,96.77375588948232,97.56745910644531,6975700.0
2024-01-11,98.43860187242016,98.88385673106148,96.78344037655232,97.9739990234375,7862700.0
2024-01-12,97.65458034678264,99.09679579909977,97.63522497163339,97.99335479736328,6519700.0
2024-01-16,97.3061202043863,99.06775465407242,96.98670114310916,98.40956115722656,11185500.0
2024-01-17,97.6352150409914,100.01632471753761,96.7931123054319,99.64850616455078,17649500.0
2024-01-18,107.63394988385431,109.75372164188371,105.96911437047181,109.40526580810547,58783700.0
2024-01-19,109.58917415249509,111.45728170661867,107.45972103294477,110.5377426147461,37812600.0
2024-01-22,111.0991454615772,111.40888315996571,108.9116188127981,109.40526580810547,17755500.0
2024-01-23,109.87955492366713,110.94428523235145,109.53110645914175,110.4699935913086,11667900.0
2024-01-24,111.63150734486402,115.03862192802322,110.93459569758102,112.78334045410156,21859200.0
2024-01-25,114.23523831374497,115.02894161165932,112.7446307468341,112.82205963134766,15485300.0
2024-01-26,113.15116269536651,114.25460371099535,112.57040543209806,113.49961853027344,10196400.0
2024-01-29,113.41249382028438,114.09005007253357,112.04771470578508,113.22859191894531,10042200.0
2024-01-30,112.62847129353456,114.22555919759914,111.85412340528241,112.33808898925781,11030800.0
2024-01-31,109.86020056338378,111.06043328595548,109.26008050973311,109.33751678466797,12853900.0
2024-02-01,110.15057084218088,110.37319087733297,108.99873037900558,109.75371551513672,8807600.0
2024-02-02,111.17658195499186,112.24130483378896,110.26672423333453,112.03804016113281,10044000.0
2024-02-05,113.3737832732383,115.70650110199865,112.84142552305941,114.98055267333984,13267600.0
2024-02-06,116.26788718993316,117.10998252649715,114.48689011362876,115.5516128540039,11503800.0
2024-02-07,116.16141927625084,120.99139364274522,116.15173789703542,120.97203826904297,18172500.0
2024-02-08,122.92723486840505,130.42869998832742,122.06577688412119,129.44140625,33367000.0
2024-02-09,130.18676306073127,130.83527527539007,126.4021480397229,128.84133911132812,16984200.0
2024-02-12,128.99619036003486,129.22848438693904,126.08270810398032,126.27630615234375,14203800.0
2024-02-13,123.82743643487613,125.75361741974002,122.42393917457042,123.45962524414062,14494000.0
2024-02-14,125.47291410221874,126.59570296133323,123.8564635414498,125.12445831298828,13069700.0
2024-02-15,126.6054162940684,126.92483539363793,124.23398757606861,124.89217376708984,12554000.0
2024-02-16,123.05310490903265,124.51468325636826,121.77543587390075,122.6272201538086,13104400.0
2024-02-20,122.82079187277036,122.98533840777876,120.16866239860687,121.31082153320312,12038800.0
2024-02-21,120.4396744610679,121.35920610861815,118.96842234804176,121.32048797607422,11469700.0
2024-02-22,125.53099792426828,127.26358824932059,124.86312304255532,124.9308853149414,17014100.0
2024-02-23,126.31502361089416,126.80866321374785,123.63385739349162,125.37612915039062,10123300.0
2024-02-26,125.85043357622182,127.02162219521311,124.43724735928136,126.45054626464844,9526700.0
2024-02-27,126.57636040083112,127.73787482491979,124.46626281738281,124.46626281738281,8851800.0
2024-02-28,124.37914468004848,124.45658093934358,122.5884736460362,123.29505920410156,6519100.0
2024-02-29,123.9242182258873,125.0470218526676,123.07244151175377,124.54369354248047,9369900.0
2024-03-01,125.9569122253698,132.26781403963625,125.9278754662137,129.6060028076172,24393000.0
2024-03-04,135.45228864211066,137.4365504703193,133.26475477211804,133.82615661621094,26544600.0
2024-03-05,132.72272407025207,133.02278038513543,129.4414378274535,130.6416778564453,13694700.0
2024-03-06,134.34882577345897,139.38206402030107,134.1649165203194,137.02999877929688,22292700.0
2024-03-07,140.25320713610978,146.73835716695473,139.52725882842918,144.41531372070312,34675700.0
2024-03-08,148.96460725265953,153.32029769594732,140.28226312081586,141.67608642578125,43856900.0
2024-03-11,139.0142884692774,139.76927370112054,134.47468831277217,134.5618133544922,29227100.0
2024-03-12,139.88538783377632,141.99547025773984,136.0620634585197,139.76922607421875,21218500.0
2024-03-13,138.46253156412058,138.63675205359974,136.83639981504086,137.5817108154297,12923100.0
2024-03-14,138.03666717365752,138.51095877230887,134.56179775687633,135.14254760742188,14961900.0
2024-03-15,131.09661160342554,133.28413092377346,130.3125896496115,132.58721923828125,22751200.0
2024-03-18,136.2355808003143,137.5573134491992,132.76604186538785,132.79519653320312,14732900.0
2024-03-19,131.49287462099022,132.4355815390923,129.28674468414437,131.07496643066406,17341100.0
2024-03-20,132.6882888294988,133.4463398383566,131.21105475838158,132.902099609375,12750200.0
2024-03-21,138.5389005142496,138.5874965694203,135.12765615568296,135.526123046875,17809400.0
2024-03-22,135.47751223811903,137.36292626972053,135.19567887591526,136.58543395996094,9944100.0
2024-03-25,136.21614181982306,137.69336095253684,135.3414573768245,136.28416442871094,9922200.0
2024-03-26,136.65347265686594,136.99363017972271,134.73890394355402,134.9332733154297,10786400.0
2024-03-27,134.9527341657277,135.3609143543683,131.3471202552503,132.8437957763672,13842800.0
2024-03-28,131.8622028053443,132.95069811278452,131.62896546259122,132.2218017578125,10019400.0
2024-04-01,133.42689670452225,138.93736602444451,133.19365936911566,137.50872802734375,14222700.0
2024-04-02,136.4299612825726,137.0713787863482,135.42894483654902,136.2744598388672,9869200.0
2024-04-03,134.68059871625485,138.90818829366177,134.4959426170484,138.00436401367188,9707500.0
2024-04-04,139.94810132639802,142.6207213170063,135.50668571478587,135.730224609375,15759500.0
2024-04-05,136.06066771882075,138.00439154337533,135.01105507402897,137.3824005126953,8263600.0
2024-04-08,141.15321378687284,141.8918234195013,138.74298583515713,138.7721405029297,16307400.0
2024-04-09,142.14450230727465,144.00076191449705,138.9276421043802,141.30870056152344,18443400.0
2024-04-10,142.50411880377112,144.25345840516823,141.17265788254565,142.10565185546875,18861300.0
2024-04-11,143.05804443359375,143.40791525138937,140.074436618293,143.05804443359375,11818800.0
2024-04-12,140.9199479967808,142.38745384077214,138.15013619058817,138.50973510742188,12024000.0
2024-04-15,140.93939099586368,141.38643908324485,135.94402234082546,136.1967010498047,13458800.0
2024-04-16,134.01004262150224,136.58547083664843,133.20339542991545,135.86630249023438,14218200.0
2024-04-17,137.15886623538728,138.5583496578067,133.49494294605788,135.11795043945312,18823200.0
2024-04-18,129.15072160308222,131.32769750168802,126.633602952136,128.5481719970703,39306100.0
2024-04-19,125.7297579355969,127.84842439811725,123.07657933975804,124.10675048828125,28284000.0
2024-04-22,123.18348976091154,126.98347316191017,122.24078257796435,126.09907531738281,18556800.0
2024-04-23,127.66377549635048,129.94765681654158,126.98347515504949,129.67552185058594,12573800.0
2024-04-24,132.26065842244194,132.4550278013,127.83868461361423,129.22845458984375,15558000.0
2024-04-25,126.34202545060518,133.96141788794694,125.23410366675412,132.73687744140625,18034300.0
2024-04-26,132.9603984932132,134.83609930934418,132.12459682741917,134.40847778320312,9453400.0
2024-04-29,134.1169133926557,134.7486175601959,132.08572601700465,134.60284423828125,9997100.0
2024-04-30,134.05861738925145,135.76908879727776,133.39774366220524,133.47549438476562,10980600.0
2024-05-01,133.55326458052622,135.50670172034367,129.46173416156523,131.14305114746094,12561800.0
2024-05-02,131.78446566724094,132.89238752316706,129.47142984386912,132.396728515625,9261900.0
2024-05-03,134.99159580563295,138.11127865583282,134.855535749111,137.57675170898438,13264300.0
2024-05-06,136.51744050881888,138.81103515625,135.87600810407324,138.81103515625,8601600.0
2024-05-07,137.87802918703082,138.28620936458356,136.55629654234056,137.13941955566406,8682900.0
2024-05-08,137.13941553340138,140.20077418997528,136.83814075614643,139.55935668945312,10202300.0
2024-05-09,138.91792867122672,139.31639557003064,137.15886117825607,138.7721405029297,8012700.0
2024-05-10,143.0774824842166,146.26518771449688,142.79563428314148,145.06007385253906,23671400.0
2024-05-13,143.854965796309,144.26314591037604,142.1833625695018,142.29026794433594,8278700.0
2024-05-14,142.3680357507341,147.73270203357322,142.13478358778875,147.6743927001953,12316500.0
2024-05-15,149.04473598441706,151.61045071096365,148.43245826497275,151.2022705078125,14027100.0
2024-05-16,149.76389415159267,150.69687308066665,147.927076128706,147.94650268554688,13394100.0
2024-05-17,149.66669825461494,149.66669825461494,146.59561179630066,147.41197204589844,7711200.0
2024-05-20,147.40229548154738,149.8999877316143,146.5762217480234,149.22940063476562,9261200.0
2024-05-21,148.0145623153484,149.65701121005793,147.6744047370064,149.34600830078125,7919400.0
2024-05-22,151.49381832493054,152.80582282432144,150.19151227526558,151.75621032714844,13455200.0
2024-05-23,154.70095692575663,156.25594176486936,151.48409668390866,152.66976928710938,20873000.0
2024-05-24,152.77669316295797,156.13934198183998,152.30049030581284,155.49790954589844,11908200.0
2024-05-28,155.18687624675795,155.86719133146835,153.16541686805857,154.9244842529297,13964400.0
2024-05-29,152.33932160573005,152.4656683722569,148.89893770972805,149.99713134765625,15780000.0
2024-05-30,149.26826878516945,149.71533179347537,147.61610648648738,148.656005859375,9687800.0
2024-05-31,147.21761483202064,148.20891797663032,143.65088396254131,146.7899932861328,13782600.0
2024-06-03,150.7551805279936,152.72805857130007,148.17003970432367,150.5899658203125,12924400.0
2024-06-04,149.083618816706,149.46264438814333,146.74144276215063,148.17979431152344,10066700.0
2024-06-05,154.12756047151515,159.1229295682122,153.50556950797667,158.33572387695312,23192600.0
2024-06-06,159.8907019158173,160.06562991559238,155.84775340965575,157.5096435546875,14819100.0
2024-06-07,158.96745474940596,161.44569067860542,157.40275653021916,159.76437377929688,14023300.0
2024-06-10,159.3853201668812,165.06098898449164,157.84977688818054,163.4282684326172,12418900.0
2024-06-11,163.44769547702649,163.67123434780171,159.18122315789122,161.04721069335938,11508600.0
2024-06-12,168.48195258912102,171.10597633290814,166.713157096324,168.11264038085938,20309500.0
2024-06-13,168.61375863254622,169.70568787529362,166.23493244013397,168.57476806640625,15591800.0
2024-06-14,167.6875913428858,169.28647243273434,166.08871025303728,168.18479919433594,9192500.0
2024-06-17,173.38116666101973,174.1903585681407,169.13048060595906,172.7962188720703,18593700.0
2024-06-18,175.5065271910058,180.22517472305853,174.50235262998441,175.18479919433594,27155100.0
2024-06-20,178.00232658488002,178.5775304394526,169.1499800238461,170.98284912109375,28403200.0
2024-06-21,168.3798050840926,173.0302004818877,167.8923411314015,169.5984649658203,20175600.0
2024-06-24,166.15693667331817,167.12212054413385,162.92992805765536,163.60263061523438,19741700.0
2024-06-25,165.6889547186606,168.3115125339631,164.77252032768487,168.27252197265625,13346800.0
2024-06-26,167.80456334504484,169.33520708756689,165.9327038080759,167.75582885742188,11901500.0
2024-06-27,169.43269120527114,171.0803215226249,166.8588824783673,167.3268585205078,10864600.0
2024-06-28,168.47728160974359,172.3867518608033,168.47728160974359,169.45220947265625,11216100.0
2024-07-01,169.87142351080274,170.90484458816468,166.17643885546053,168.00930786132812,10717000.0
2024-07-02,166.8393877981216,172.27948633632403,166.74188907428268,171.2947998046875,10655500.0
2024-07-03,173.52740615638058,177.91458129882812,173.42016350229426,177.91458129882812,11808700.0
2024-07-05,179.52323214339995,180.43966679672505,177.72936828543843,179.3769989013672,11372900.0
2024-07-08,185.2362925174295,187.9660934876669,180.4883986222411,181.95079040527344,22582400.0
2024-07-09,183.37416117021294,183.71539184109525,177.92431849190376,179.8936767578125,19935200.0
2024-07-10,183.55939471041998,186.6206672358707,182.01900708757046,186.25994873046875,19293500.0
2024-07-11,188.24880211394995,188.619279432007,178.42152827278252,179.87417602539062,21584200.0
2024-07-12,178.48005042879478,185.60677070352315,178.1680663730833,182.65274047851562,19220300.0
2024-07-15,183.94936791471451,185.29477302265715,179.4647090152681,180.5761260986328,15683100.0
2024-07-16,183.54964887684218,184.83654575171136,180.38113373734902,181.37554931640625,16663300.0
2024-07-17,170.82685252198385,172.15275494223155,166.23493597888387,166.9076385498047,45052600.0
2024-07-18,171.0998294783442,174.20985155105137,160.3853675646893,167.5608367919922,52903600.0
2024-07-19,164.92851777177572,166.24467612163468,161.07755631922538,161.61376953125,22585300.0
2024-07-22,162.4327117947922,166.5956574211671,162.01348512982815,165.10401916503906,21037200.0
2024-07-23,165.17224534504817,167.23908726106103,163.75860318784663,165.56222534179688,11690700.0
2024-07-24,160.9508340340854,161.3018086526218,155.58873089746854,155.79347229003906,19536600.0
2024-07-25,154.1945866277812,159.30319885220436,148.2962703780194,156.2614288330078,25731800.0
2024-07-26,160.18066762863756,160.46339019295755,155.19878513231765,157.8798370361328,13089200.0
2024-07-29,158.6012550295658,159.13746832072775,154.65280914968784,155.99819946289062,12663100.0
2024-07-30,156.41742751126563,157.1096179579646,148.72524732668245,150.66534423828125,22018000.0
2024-07-31,159.66393359979307,162.47171561177348,158.00655927737185,161.64303588867188,19860400.0
2024-08-01,159.3811856421195,163.46613532653038,152.90766592690676,154.2140655517578,21095600.0
2024-08-02,147.45784079888202,150.00240314259247,143.20715467733325,146.10269165039062,31095300.0
2024-08-05,130.5038542628977,146.23919057356443,130.2211317066588,144.24058532714844,31193100.0
2024-08-06,146.66812929239174,153.75585801670385,144.01632469095983,151.4940185546875,24528100.0
2024-08-07,157.49959109421292,158.57200276229753,150.64584976201783,151.15280151367188,22379000.0
2024-08-08,155.27675968783103,160.61936003221084,151.6402681701549,160.42437744140625,18889600.0
2024-08-09,162.15000128979932,163.59289029028827,159.14722183522326,162.929931640625,20519400.0
2024-08-12,161.83800233028091,165.27949600901425,161.3895290313003,163.42713928222656,14727300.0
2024-08-13,163.7878601517875,168.12628561508853,162.1694765347576,168.01904296875,15243500.0
2024-08-14,167.5705965198716,168.184790923525,162.99818271687033,165.70848083496094,11510300.0
2024-08-15,168.10681158446386,171.04135410044455,166.53719193796906,169.5984649658203,15393500.0
2024-08-16,169.04270329762127,170.6123373967197,167.93128638048555,170.1638641357422,10710000.0
2024-08-19,170.3783838364857,171.05108642578125,166.81015925066035,171.05108642578125,11511000.0
2024-08-20,171.0023358710578,171.0023358710578,165.59149830162426,167.72657775878906,13555500.0
2024-08-21,166.08869305996254,168.74049774562556,165.64997854513075,167.14161682128906,9434800.0
2024-08-22,167.68756337201265,168.93546963026523,161.89649048931952,162.2669677734375,13546100.0
2024-08-23,164.76282222031776,168.94525654652756,163.70989825766875,166.98565673828125,12189100.0
2024-08-26,166.10819238238653,166.76139218021234,163.6123797589874,164.83103942871094,9611300.0
2024-08-27,162.24746953338607,166.30317242278085,160.9020645181021,166.27392578125,9186000.0
2024-08-28,167.024635959261,168.14579696617233,162.03299556353804,164.95777893066406,10581400.0
2024-08-29,164.42156321237883,171.02182841082137,163.31014614454185,164.90902709960938,13213200.0
2024-08-30,165.7962148708397,167.91180635533226,164.51906186705907,167.3950958251953,9481400.0
2024-09-03,163.7878738410323,164.45081761837568,155.79346868832076,156.46617126464844,18464400.0
2024-09-04,155.3060104063036,159.77118177107477,154.96477970628155,156.83663940429688,11317400.0
2024-09-05,157.4898250587635,160.4633577256815,157.01211997333903,159.59567260742188,10260600.0
2024-09-06,160.7558431453063,161.26280976285767,152.09847958563017,152.88818359375,14964400.0
2024-09-09,156.72938741074447,159.0107297634033,156.23217958933066,158.69874572753906,10339000.0
2024-09-10,158.8060173596515,158.8060173596515,153.73639486148133,158.3575439453125,11910800.0
2024-09-11,159.69316636888487,166.10819266642503,157.37283359337425,165.96194458007812,15059500.0
2024-09-12,166.93658512678775,168.4532888776036,165.37093714585598,167.74874877929688,13399900.0
2024-09-13,168.54136492004213,171.01703511227083,167.76832082916212,168.7957763671875,8787800.0
2024-09-16,166.26138198870976,166.89741801474992,163.1888104701731,165.44920349121094,12194300.0
2024-09-17,165.71341528363888,166.5843029904208,162.7876166173773,163.75636291503906,8629100.0
2024-09-18,164.842534924061,167.91510668246545,163.41388006161165,163.6878662109375,9116000.0
2024-09-19,170.63539800219854,173.96238100189245,168.92297720771285,172.43588256835938,15855000.0
2024-09-20,171.11488710754224,172.2402012967797,169.92108384236928,170.34185791015625,18429800.0
2024-09-23,171.08551655344354,171.63348883431414,169.9699972870642,171.00723266601562,5794200.0
2024-09-24,175.64544761154713,178.8550122564214,173.24806147995426,178.06240844726562,14576100.0
2024-09-25,177.62208656896865,179.87269989836796,177.3187458247383,178.43426513671875,8280900.0
2024-09-26,184.45220657866722,185.2643851951254,179.85313597911139,182.8180694580078,15103400.0
2024-09-27,181.84931212967874,181.94717072573692,173.59054830818158,174.1483154296875,17908400.0
2024-09-30,170.52778031432425,173.0230253338352,168.23801745377082,169.94065856933594,13540200.0
2024-10-01,171.5454151362357,172.2108206753169,167.11269291854592,168.375,11850200.0
2024-10-02,169.24589162588097,173.1697761620737,167.12247671398973,172.02490234375,11164400.0
2024-10-03,172.02490067505553,176.90773662236285,171.35949512686412,175.62586975097656,12555000.0
2024-10-04,175.84115111928713,177.33829497644678,173.73732581000712,177.26980590820312,9993800.0
2024-10-07,177.70036687908564,181.02735004255277,177.04474117467655,180.54786682128906,12054200.0
2024-10-08,180.98823472373167,182.53429316999856,178.1211448418375,182.05482482910156,10394200.0
2024-10-09,183.76722982401674,183.96293208469027,178.3461861234951,183.12139892578125,11925000.0
2024-10-10,181.8688875286153,183.0626907356754,180.44023264879525,181.7906036376953,6443800.0
2024-10-11,184.1292918761032,187.37800635545935,183.9727240848056,186.7126007080078,12163900.0
2024-10-14,186.5168717048984,190.07870632528028,186.40923323019766,188.08251953125,11714400.0
2024-10-15,188.81642774977118,189.4622437133662,180.29345772403096,183.1116180419922,21812700.0
2024-10-16,185.70471497762105,185.92977183979536,182.65171778247048,183.4541015625,18689200.0
2024-10-17,198.98330962932587,208.03467701966815,197.63293868934727,201.41983032226562,62274700.0
2024-10-18,201.5274536461503,201.5274536461503,196.44890063846677,196.46847534179688,21030800.0
2024-10-21,196.49785347722914,199.07138228749915,195.37255426444887,197.61337280273438,14820000.0
2024-10-22,194.7952220673232,195.87159195222281,192.87730410362224,194.21788024902344,11165100.0
2024-10-23,192.45652101111176,198.76802678735382,192.0161872184058,196.54676818847656,16535700.0
2024-10-24,194.68758324293512,196.19450705159142,193.17086461616162,193.6796875,9935800.0
2024-10-25,195.94986450174474,200.79356603129332,195.70523296054404,199.0713653564453,13434900.0
2024-10-28,194.98113317128144,195.45083651680528,190.34292835045608,190.49948120117188,20135300.0
2024-10-29,190.21569289433228,194.52120187307852,189.44266382506203,192.7109375,13779100.0
2024-10-30,190.20592831093148,191.2529435850235,188.4739327491415,190.30377197265625,10007800.0
2024-10-31,188.71853662633512,188.71853662633512,183.63020409793108,186.44834899902344,13062700.0
2024-11-01,190.0297831036587,193.91453327228274,188.41522086267753,188.80662536621094,12691200.0
2024-11-04,189.5405484490216,190.18637941477016,186.5071257636644,187.44650268554688,10917300.0
2024-11-05,189.42312474432654,194.08090460134713,189.3350609599607,191.55630493164062,10339200.0
2024-11-06,187.9161474668405,190.08847662405225,184.45217160949187,189.07081604003906,19834900.0
2024-11-07,192.09444749675578,197.67204302486414,192.03573832242665,196.86965942382812,14865200.0
2024-11-08,199.51169326108476,202.1732855453518,195.7248018929277,196.87945556640625,13112100.0
2024-11-11,193.70906743114978,193.94390418057745,187.37800125497853,189.88302612304688,16610000.0
2024-11-12,189.66773916488248,189.8340868306795,185.64599580024523,187.6519775390625,11819000.0
2024-11-13,188.30755162281113,188.34668609432163,182.49510461499474,182.65167236328125,13882200.0
2024-11-14,184.3543203677982,188.52285131548757,183.51278728301284,184.45217895507812,11453900.0
2024-11-15,184.13907104499927,184.74576750112726,180.8414422084723,182.0156707763672,9834800.0
2024-11-18,180.39132447982044,183.96293940540045,179.54979128742306,183.4541015625,10681500.0
2024-11-19,185.06867879826873,185.9395665840305,183.98251403794782,185.59707641601562,9390100.0
2024-11-20,184.79469933081884,184.79469933081884,180.1075499517201,184.31521606445312,10624500.0
2024-11-21,185.34265702170427,188.17059723242343,182.7299937763236,187.13336181640625,18137300.0
2024-11-22,188.80662589310418,188.8555551889636,185.3622095141242,185.99826049804688,8838900.0
2024-11-25,184.05099517632047,184.2075629567259,179.76506043838103,181.1056365966797,14380000.0
2024-11-26,181.41874082477335,181.90800389596328,178.4146733318517,179.89224243164062,10186600.0
2024-11-27,178.09176764803271,178.5321014499485,174.22659216057787,177.29916381835938,9895200.0
2024-11-29,177.6123048017769,182.93549030663388,177.28938932838008,180.69467163085938,8045300.0
2024-12-02,185.27413915591305,191.0963668092748,184.88273466519726,190.22547912597656,16646900.0
2024-12-03,189.3448238533947,194.72671807144985,188.46415622652668,194.61907958984375,11217700.0
2024-12-04,195.55847367649244,198.249420817779,194.01240043630912,196.38043212890625,12761100.0
2024-12-05,196.92839497781947,201.2143444514457,196.43913188470688,199.91290283203125,12483700.0
2024-12-06,197.66229945030932,198.82674805882337,195.6367429771209,198.660400390625,9672900.0
2024-12-09,196.6152671867333,198.76803682624396,194.7071440345536,194.89306640625,9699700.0
2024-12-10,194.82458031790586,195.61718418316897,186.28203549398557,187.81832885742188,15307900.0
2024-12-11,190.48970794705733,191.79114968307042,189.10998231739765,190.4212188720703,9027600.0
2024-12-12,191.05534966877076,191.830833611285,187.77668210728348,187.94357299804688,7944900.0
2024-12-13,194.86407615034605,198.82005827087178,193.64686010005485,197.2985382080078,19477000.0
2024-12-16,199.46793234421185,201.72569248205457,197.18072439845048,198.5059356689453,15139300.0
2024-12-17,197.3083612170348,198.68264231867252,193.84319567354623,196.974609375,11169400.0
2024-12-18,199.2716338358736,201.47049863599247,190.39767210191786,191.96827697753906,14721100.0
2024-12-19,194.75607625960419,194.92296713216274,190.38781027337112,191.0651397705078,10553400.0
2024-12-20,189.06263546886376,194.4419833493088,188.45401245751677,193.5879669189453,16170100.0
2024-12-23,197.30832430372027,204.22884315187173,197.2199808876871,203.551513671875,17847000.0
2024-12-24,202.1379777016791,203.39446744045333,200.79314453874244,202.5404510498047,7634500.0
2024-12-26,201.72567817676028,204.33682680299717,199.16361421975333,199.3304901123047,8044900.0
2024-12-27,200.74405650390827,200.74405650390827,195.3941567712723,197.92677307128906,10664400.0
2024-12-30,196.1696474952223,198.26053177605436,194.83462525135246,196.7095489501953,11235200.0
2024-12-31,197.10218684350485,198.07400941541783,193.73519107748436,193.86280822753906,6427900.0
2025-01-02,193.381802255391,200.0274653390722,193.0774982626213,197.877685546875,10951400.0
2025-01-03,200.3514177018653,204.96509248684876,199.9587552865976,204.77857971191406,10261900.0
2025-01-06,214.75196131319285,218.11895697086325,211.72852838751876,215.96917724609375,24339900.0
2025-01-07,217.1766051332744,217.41218759156678,207.43880242233382,207.53695678710938,17010000.0
2025-01-08,206.11361026591754,206.43755115460453,202.1379911501737,203.31594848632812,13262700.0
2025-01-10,203.78713693770834,206.12341466970105,199.49738801321033,204.54298400878906,17265200.0
2025-01-13,196.8371745312873,199.8507819076943,196.37580553897592,197.6617431640625,16612400.0
2025-01-14,201.4213911751413,202.47173128821166,194.8542603077496,197.7500762939453,14182900.0
2025-01-15,198.77099264402855,205.20068072786154,195.68866374556282,203.0018310546875,18286500.0
2025-01-16,214.8697657763514,217.87356202343722,209.25482070823492,210.84506225585938,38539600.0
2025-01-17,211.21808706990709,211.71871478318832,207.18357262011378,207.61549377441406,21606100.0
2025-01-21,210.52114131980596,216.10662373274755,208.15540082904354,214.68325805664062,19061300.0
2025-01-22,217.87355928213137,221.28963977715546,215.2820473585719,219.10060119628906,17294500.0
2025-01-23,216.05754925567436,220.5730545757548,215.38021971302751,220.49452209472656,8986800.0
2025-01-24,222.06515688634263,222.24184374678856,216.90176947992916,217.80487060546875,13183800.0
2025-01-27,193.42106117398708,203.19813757237432,184.2231599330463,188.77793884277344,68667500.0
2025-01-28,192.05660571973516,199.11455362206786,188.92520715241875,198.68263244628906,31738800.0
2025-01-29,200.7342388046098,202.6582320670179,196.08129064557733,198.61390686035156,15199500.0
2025-01-30,202.77604332858198,205.77001358045874,201.6471557939459,204.32701110839844,13539000.0
2025-01-31,206.07432224223862,211.05121148890842,204.37610040890024,205.4755401611328,15746900.0
2025-02-03,195.96349520060068,201.22505122019018,194.3437909814369,196.13037109375,17719800.0
2025-02-04,200.32194399176552,201.9710809870406,198.36848804705352,200.30230712890625,12692900.0
2025-02-05,202.21649833738684,206.61421216549073,200.08635546785933,204.7393035888672,10997800.0
2025-02-06,206.20194419143797,207.30136899070067,203.1981478802099,206.6338653564453,8491400.0
2025-02-07,209.09775944603237,209.26463535398537,201.9416573765679,202.3343048095703,11616200.0
2025-02-10,204.17976093854136,206.1233910073311,202.73675854516384,204.13067626953125,9296500.0
2025-02-11,201.3625063083026,205.98599220266038,197.30835472407315,204.9062042236328,9224500.0
2025-02-12,201.13671012324917,203.26686812607602,199.28142329702854,202.58953857421875,7373700.0
2025-02-13,198.17219258502806,198.5844768925795,195.57085460222098,198.12310791015625,15580900.0
2025-02-14,196.30705838500666,202.46190447503852,193.83335280942276,200.15505981445312,23220300.0
2025-02-18,200.99927689223017,202.06926882724875,196.837160297179,199.01638793945312,14988100.0
2025-02-19,198.29980660759566,198.87898184000656,196.3463652464841,197.25927734375,13163100.0
2025-02-20,196.6015678322172,196.66046344914116,193.9806080293252,196.4248809814453,10639300.0
2025-02-21,197.63228894390426,198.96731120161243,192.40999114863592,194.5990447998047,13757300.0
2025-02-24,193.26403590020377,195.13894476953251,187.94358336707032,188.1300811767578,15114300.0
2025-02-25,187.14844234109964,189.975551939885,184.02685464122436,185.89195251464844,20581000.0
2025-02-26,187.58036671186903,192.47872391653846,187.58036671186903,191.0455322265625,14112300.0
2025-02-27,191.11424561319234,191.19277809764432,177.7542118835444,177.76402282714844,24219200.0
2025-02-28,176.01670036614271,178.8143618306144,172.29631599428447,177.21429443359375,27929400.0
2025-03-03,177.82290689260583,178.2352061538265,167.9280541511645,169.79315185546875,37403000.0
2025-03-04,171.84478853428737,180.2279484962993,170.98094610823318,176.69406127929688,29395200.0
2025-03-05,179.63895691089508,181.3470048442897,177.40083340012455,180.89544677734375,17334000.0
2025-03-06,175.30010973957846,178.21556239148566,172.56134392546525,172.62025451660156,17864300.0
2025-03-07,172.56136792904027,175.1921538264911,167.87898633371287,173.84732055664062,21012700.0
2025-03-10,169.3023426119347,171.67789404823776,164.8260959399891,167.51576232910156,18265100.0
2025-03-11,167.5157650830181,170.14655087642652,165.01261142717541,167.82989501953125,16561100.0
2025-03-12,172.3748436046364,174.8583750895051,171.55026010480222,173.91600036621094,14737600.0
2025-03-13,170.69628283587247,170.69628283587247,167.3685452048416,168.4385223388672,14381600.0
2025-03-14,169.47900830867113,171.16741903256172,168.77223102990123,170.89256286621094,11449400.0
2025-03-17,170.75516343842025,173.90621391660974,170.62756125454655,173.00311279296875,9678100.0
2025-03-18,171.84420371703155,172.04129234734563,167.9516318430601,170.6123809814453,9986000.0
2025-03-19,170.4842573041488,173.17455380156494,169.24258546770236,171.2332000732422,10678500.0
2025-03-20,172.30737131018432,176.07181379370516,172.01173084447672,174.88926696777344,12209700.0
2025-03-21,172.36647776133975,174.62317016636848,171.2627544778152,174.16000366210938,9993200.0
2025-03-24,177.3726503233462,180.26988518407452,177.06714560988874,178.525634765625,11440000.0
2025-03-25,179.81655522168182,179.85596693262767,177.18538368676613,178.26937866210938,8718800.0
2025-03-26,176.62367652180157,176.9390303769863,168.97652597636554,170.9770050048828,14612400.0
2025-03-27,168.89769030683823,169.11449232663966,165.11353420341266,165.7935028076172,17559100.0
2025-03-28,165.59639140094367,166.17782317432216,161.6742719257935,162.8469696044922,16332000.0
2025-03-31,158.0280907195165,163.71418921758297,157.4072471899836,163.58607482910156,19408300.0
2025-04-01,163.9704019839043,166.41433429867445,162.6597406720627,166.18768310546875,9180000.0
2025-04-02,164.42371583931916,169.2524552734076,163.93098671188565,167.9122314453125,10072700.0
2025-04-03,157.73243614785235,159.4471388189363,154.9238893166978,155.09141540527344,28370500.0
2025-04-04,148.69578840627142,149.10967904921085,142.73376324038628,144.66526794433594,36085100.0
2025-04-07,132.55397250933532,151.51419303845535,132.29775879943173,144.04441833496094,46388300.0
2025-04-08,149.76993659588322,150.39078008849052,136.9589796904957,139.31422424316406,30479700.0
2025-04-09,138.16124418596408,158.28429992567368,135.89468719467052,156.44149780273438,45612500.0
2025-04-10,153.23875980669712,153.73148893790835,144.77367694134387,148.93231201171875,24503500.0
2025-04-11,153.73147970327543,155.71224527847636,151.0214696444036,154.7957763671875,19632200.0
2025-04-14,155.9980406217057,156.28381689181342,151.7901297745251,153.5738067626953,17509400.0
2025-04-15,154.2143634729415,155.9487645404872,153.78075944683025,155.04214477539062,14306600.0
2025-04-16,148.41001454104955,151.30724908845593,146.3306970870472,149.46444702148438,23806100.0
2025-04-17,153.78075442377525,155.20966579995059,149.24764070946162,149.53343200683594,27239900.0
2025-04-21,147.8088849624508,148.0946612322026,143.71922429600804,145.70985412597656,15170500.0
2025-04-22,145.84782733580928,150.38094149749315,145.29597309774,149.19837951660156,12668600.0
2025-04-23,157.05247973215333,158.04780220881187,153.73149017291811,155.51516723632812,17667900.0
2025-04-24,155.4855995387044,162.15715601815154,155.10127142748394,161.7925262451172,18761100.0
2025-04-25,161.54615836796253,163.49737646506995,158.81644993220866,162.69915771484375,14654800.0
2025-04-28,162.60060388947855,162.91595773291507,158.16604196522005,161.02386474609375,11415600.0
2025-04-29,161.9896284824502,163.58606600150046,161.1224204291887,162.08816528320312,9830100.0
2025-04-30,161.16181952822436,164.49267289309688,159.3978560527475,164.26602172851562,10073000.0
2025-05-01,170.28718196721312,172.23838501579615,168.46407826104326,170.20834350585938,22670600.0
2025-05-02,177.18540088745686,178.02303139923274,174.56407826658196,176.67295837402344,21691200.0
2025-05-05,176.3970209894858,177.46131766915752,173.6870108904853,173.83482360839844,14618900.0
2025-05-06,170.09008833321676,172.19896824252586,168.10930776255594,169.7747344970703,14565600.0
2025-05-07,171.56828783080934,173.42093912102015,168.87797597404165,172.0018768310547,9682500.0
2025-05-08,172.79023198015787,174.86954932107042,171.13466947168257,172.67198181152344,10343000.0
2025-05-09,177.18536525449795,177.83577119418246,173.90378805361368,173.95306396484375,11582800.0
2025-05-12,184.55661153839023,186.4191269454637,181.92543993391493,184.26097106933594,22064900.0
2025-05-13,184.9902098949475,191.4548131198742,184.9902098949475,191.16903686523438,19996000.0
2025-05-14,192.44028368106098,193.36661683149055,190.42009128402404,191.92784118652344,12359000.0
2025-05-15,190.29198255666944,191.66176883967435,188.84335781401475,191.39569091796875,10241800.0
2025-05-16,191.7011805510499,192.24318556308035,189.7696909187761,191.39569091796875,9146700.0
2025-05-19,186.25159543059593,190.6861572265625,186.0643559710847,190.6861572265625,10144400.0
2025-05-20,189.01088657449586,190.91281369090606,188.03527753904623,190.6368865966797,7054100.0
2025-05-21,190.29199152973158,192.4304340990348,187.7593566435917,188.97146606445312,7375700.0
2025-05-22,188.55755810839173,193.96772874498265,188.55755810839173,193.3370361328125,11825000.0
2025-05-23,189.22768968851528,189.99634588933893,187.266622437394,189.18826293945312,9403100.0
2025-05-27,191.27743196007393,195.42620232987875,190.88323967993347,194.80535888671875,12228200.0
2025-05-28,193.23850484178575,195.18972300545514,192.63737470716228,193.28778076171875,17787600.0
2025-05-29,196.5595021621241,196.89455434633763,193.22864858392163,194.2830810546875,14609900.0
2025-05-30,192.92317413050205,193.06113768997423,187.78892981040894,190.50880432128906,11998300.0
2025-06-02,190.23284036028616,192.3220219259813,189.40505909833638,192.0066680908203,7447400.0
2025-06-03,191.52381595314938,195.28825863030664,190.8241339828809,194.7364044189453,9548300.0
2025-06-04,198.45158475693347,201.06304307256693,197.46612651904923,199.4567413330078,13531100.0
2025-06-05,201.90068598685608,202.76787899992377,199.33848858662626,200.38307189941406,12214300.0
2025-06-06,200.61958023853305,203.29016351428606,200.27466385707774,202.19630432128906,8532000.0
2025-06-09,203.39857195455645,206.22684728997706,202.87628029741273,203.98985290527344,11472300.0
2025-06-10,208.5328226054736,210.1292601718448,206.90682249431035,209.37046813964844,14514000.0
2025-06-11,211.87350913225313,214.2681652968273,209.85331685175197,210.98660278320312,13326400.0
2025-06-12,210.59099293484513,213.51862189561794,209.5920461572646,213.0735321044922,9796100.0
2025-06-13,207.811717213781,210.9272549746671,207.10947689198082,208.7908935546875,10152500.0
2025-06-16,210.67010784160857,215.21979695850854,210.4030570003079,213.32078552246094,10932900.0
2025-06-17,211.55037177570432,213.57795094713933,211.16463837952938,211.5602569580078,8389700.0
2025-06-18,212.35149783897486,212.8163579443363,210.56129896559096,211.1646270751953,6932000.0
2025-06-20,212.84603953216853,213.14276101134945,205.87315268488268,207.21827697753906,16992000.0
2025-06-23,204.3698000357398,208.28647545892696,203.94449570662383,208.01943969726562,7535500.0
2025-06-24,212.04489338833162,217.95947690490735,211.54047745877085,217.6825408935547,14814700.0
2025-06-25,218.38479179951528,221.05525494829968,218.38479179951528,220.30357360839844,9168400.0
2025-06-26,222.51905273054368,222.75643292435288,220.26399371093933,221.55966186523438,7982200.0
2025-06-27,221.84649688161542,226.37640035066002,221.57944605159514,226.06979370117188,13133000.0
2025-06-30,224.95214812350093,225.65437333126886,222.34102638866386,224.01254272460938,9279800.0
2025-07-01,224.94225500455963,226.09947026769942,218.76062048380976,222.2223358154297,9990200.0
2025-07-02,222.02451826759608,231.26236402149354,221.5497729797945,231.04476928710938,12012500.0
2025-07-03,231.3118086321642,234.98123344483452,230.71838078612137,232.2316436767578,7779600.0
2025-07-07,229.09632120907986,230.00625598256093,224.95215108885353,226.66322326660156,13817500.0
2025-07-08,227.26656536489236,227.81055224441735,225.05106202459137,225.36756896972656,8854400.0
2025-07-09,227.92920605520675,230.71836656286953,227.72151160405392,229.3040008544922,9475300.0
2025-07-10,230.23373509678026,230.50078592789444,225.27854240766604,227.24676513671875,13124700.0
2025-07-11,228.47321897011915,229.72933136940466,226.89071444699337,227.87977600097656,8817800.0
2025-07-14,226.82148541214806,227.33580164011,223.83451532728643,226.168701171875,10673500.0
2025-07-15,231.89537025715035,235.1098201921258,231.29204212721817,234.35812377929688,14270100.0
2025-07-16,233.81414129393565,235.703252451527,231.58875283583902,234.96145629882812,15092800.0
2025-07-17,243.10140692294604,245.56417536417126,238.74954258385347,242.9134979248047,27395700.0
2025-07-18,242.62666590542452,243.27945009529316,236.07908382732455,237.77037048339844,16252000.0
2025-07-21,237.49344773010733,239.68916551534434,236.09888245452257,236.2373504638672,11971800.0
2025-07-22,235.22850855188508,235.3966472031473,229.22489774255888,232.03384399414062,11919500.0
2025-07-23,235.91097282581484,237.86931053295794,233.79438164345882,237.701171875,9885400.0
2025-07-24,237.58248044627922,239.3034378763647,235.42631842966208,238.957275390625,9081900.0
2025-07-25,238.68031613019718,243.54649664852508,238.30446795015445,242.9134979248047,11593400.0
2025-07-28,240.34196143734712,241.2815669101867,238.4132943948065,240.09469604492188,11892200.0
2025-07-29,238.8583699796969,241.30135327338223,237.19675378046318,238.6902313232422,9411500.0
2025-07-30,239.47156266047688,241.89477537973636,238.58141335797217,240.2529296875,6823800.0
2025-07-31,243.28935981329397,244.70372570065214,237.17696657865446,238.97705078125,13490700.0
2025-08-01,233.042664998658,234.59549879241723,229.3040137488738,232.6371612548828,13549800.0
2025-08-04,235.3076381969098,236.38571166992188,233.80426040742444,236.38571166992188,6450700.0
2025-08-05,235.72304055746707,236.01976204025797,227.6522947033383,229.92713928222656,11868900.0
2025-08-06,228.50287981260698,229.66007997012798,226.31706232347207,228.8391571044922,9457200.0
2025-08-07,241.79588014745394,245.12901276652462,238.16602604278384,239.9661102294922,17691000.0
2025-08-08,240.50019173112435,240.50019173112435,236.3560217387914,239.1847381591797,10552500.0
2025-08-11,239.39245369359006,242.66626013917926,238.8979229128637,239.44190979003906,8272900.0
2025-08-12,241.05407115917808,242.09258875760275,239.05616269373908,241.61782836914062,7295800.0
2025-08-13,243.73441846195115,243.73441846195115,237.31541897887973,238.79901123046875,7971900.0
2025-08-14,235.36697531476835,238.73967878010387,234.22956058325795,238.36383056640625,11040500.0
2025-08-15,237.701149691863,238.16600979949223,234.66472367359907,236.2670135498047,8155500.0
2025-08-18,237.36489774866786,240.20349969848863,237.36489774866786,238.7693634033203,6919800.0
2025-08-19,237.3945392867456,237.54289247113815,230.0359195032672,230.15460205078125,14594700.0
2025-08-20,225.6444971011653,226.52476126016785,221.2530614883864,226.09947204589844,17165200.0
2025-08-21,225.6543758561067,227.8105377802662,223.78505021924937,224.84335327148438,7449100.0
2025-08-22,225.50601461121195,231.88545805881097,223.69603031449108,230.44143676757812,10299500.0
2025-08-25,231.73713293978773,234.68453224443124,229.70955366729737,233.0130157470703,7655000.0
2025-08-26,233.78444895683245,236.21754675228834,233.15145023562212,236.10874938964844,9793100.0
2025-08-27,234.27900399332705,236.7813285018608,232.8646532241043,236.6725311279297,9516400.0
2025-08-28,233.71524385677907,238.02755275522975,233.4185223777531,235.6636962890625,8466200.0
2025-08-29,233.26025652884064,233.36905389564595,228.05779856133378,228.34461975097656,15526000.0
2025-09-02,223.6762509693863,226.83135955189434,223.161949858343,225.89175415039062,13974900.0
2025-09-03,228.98753058273127,229.90735056526964,226.09947271440987,228.85894775390625,7198500.0
2025-09-04,228.81938327434523,232.73605834941404,227.7808656845428,232.6371612548828,6241900.0
2025-09-05,237.61214384880353,241.87499656468773,235.29772843336622,240.74746704101562,14056600.0
2025-09-08,239.34299772238555,245.16856935138122,238.97703470505294,244.48611450195312,12986600.0
2025-09-09,244.2289474339731,251.9436301044328,244.2289474339731,248.17530822753906,13443400.0
2025-09-10,256.0383526818429,261.68588554992897,254.9306086009324,257.5911865234375,18822400.0
2025-09-11,257.5021623226766,258.7780600831707,255.40535681473955,256.0779113769531,10005000.0
2025-09-12,257.99667881681944,258.0955909960977,255.55369588906746,256.4932861328125,8496600.0
2025-09-15,257.15599481605153,259.92535499441186,255.91966791789744,258.5209045410156,8147700.0
2025-09-16,263.84097609726933,264.35689969082887,258.5724633115559,260.0111389160156,10381900.0
2025-09-17,262.2733433698033,262.7396700447274,257.6993996314724,260.7354736328125,10422000.0
2025-09-18,255.98290497700958,268.4248732551709,255.9630722413997,266.53973388671875,16917300.0
2025-09-19,264.28746706886636,264.48591554485137,260.7553022050341,262.7991943359375,17640200.0
2025-09-22,264.4561216538552,274.1993230411145,263.37464722264656,270.4985046386719,15630300.0
2025-09-23,280.19215138731926,283.7640121414001,277.8109209775945,280.4997253417969,17830300.0
2025-09-24,278.1184836694121,279.0114412520244,274.55655456745717,278.5153503417969,10231000.0
2025-09-25,270.9847074969126,274.97329799297,268.077621884693,274.4970397949219,11863400.0
2025-09-26,271.7486942723661,273.3460924748757,268.5042403297755,271.2228088378906,10451900.0
2025-09-29,274.32836448215124,277.68194415661844,271.0938720703125,271.0938720703125,8046200.0
2025-09-30,273.1675126962315,277.304894031587,271.68914115820706,277.1064758300781,8348800.0
2025-10-01,276.263079250509,288.2089555817036,275.00301937242045,286.21466064453125,14620100.0
2025-10-02,294.201735453789,294.40018392472103,284.7859398924857,285.85748291015625,10198000.0
2025-10-03,290.57035399568434,293.7453479391941,288.2188879210599,289.9056091308594,10572500.0
2025-10-06,297.66449814996815,304.89748231849245,297.59503815079455,300.0357971191406,15785000.0
2025-10-07,304.22276587496935,304.6990240193715,290.9870648531753,291.731201171875,13081000.0
2025-10-08,292.69366040684827,304.0045280074508,291.6816457696063,302.13922119140625,12821200.0
2025-10-09,299.9464865226407,300.46241017366395,295.0947331203456,297.5354919433594,10259900.0
2025-10-10,297.61482409111863,297.8529682966983,278.1382918317124,278.4657287597656,23398000.0
2025-10-13,295.9083028677765,302.24835937204824,290.0346033193896,300.52197265625,20318300.0
2025-10-14,293.31873829090944,299.39088664009864,289.06226948574704,293.6263122558594,16567900.0
2025-10-15,303.89536190204666,304.2128370554683,297.72399009995434,302.32769775390625,20788000.0
2025-10-16,308.49904950435075,308.9356118757877,294.37039174943067,297.4957580566406,26341500.0
2025-10-17,296.067061299752,300.9287463633989,292.61428780163743,292.77301025390625,17633300.0
2025-10-20,297.654564812383,301.2760226284694,294.7375476549026,295.37255859375,13391600.0
2025-10-21,296.66234488893014,297.0294472938208,291.3640979481377,292.20745849609375,11190500.0
2025-10-22,290.7092747532754,292.8920868800823,282.1765050016482,286.6214904785156,15409100.0
2025-10-23,287.53427914594323,291.7907476292175,287.36562519288015,288.45703125,10379900.0
2025-10-24,293.2592078783434,295.62060561622206,292.0884405175595,292.6539611816406,8747000.0
2025-10-27,296.3151101013185,298.13081988382834,291.3938964929148,295.9182434082031,13615000.0
2025-10-28,295.9876818048232,299.7678920400173,293.7651739833993,299.1725769042969,11804200.0
2025-10-29,303.4091524445637,305.55226855495886,300.01590797900826,302.7047119140625,16177300.0
2025-10-30,300.7104452490958,304.9073851443799,298.46813498103774,300.849365234375,14507100.0
2025-10-31,303.59767416941185,305.274463694973,294.3604647981282,298.0811462402344,12667900.0
2025-11-03,300.22429017475446,307.69541799091246,299.75796351301875,302.4765319824219,12466600.0
2025-11-04,294.5589289653047,299.6289632802758,291.2152812422831,291.75103759765625,16224300.0
2025-11-05,290.3322240172327,295.8884479721017,289.22098528205584,291.3442687988281,10502500.0
2025-11-06,291.8006567120239,292.3364433314327,285.1331941869922,286.9786376953125,11516900.0
2025-11-07,282.98017824791947,285.6392486300482,274.96336218619797,284.2601013183594,15715700.0
2025-11-10,292.05859781386835,294.8069605685671,289.46901804750956,292.96148681640625,10869200.0
2025-11-11,289.7766112533748,292.6142669187118,286.6512446697196,288.8935852050781,9666300.0
2025-11-12,291.40380677329665,292.5646425230715,287.3159923229249,288.3478698730469,9715900.0
2025-11-13,286.90925294088515,287.2366596446681,277.81093160796917,279.9937438964844,13827600.0
2025-11-14,273.75288761525394,284.61726029850365,271.09384762378875,282.5932312011719,11486800.0
2025-11-17,279.23962493544076,284.2898262429512,277.612432385179,279.80517578125,10227100.0
2025-11-18,275.3800424644778,277.999416912211,270.58781776308274,275.73724365234375,11850400.0
2025-11-19,274.755011120154,282.32533319842275,274.15969595458324,280.1623840332031,11179200.0
2025-11-20,289.92542986207985,290.56044073608274,274.24896982769974,275.3304443359375,15747300.0
2025-11-21,270.6771063971571,276.51114005253663,264.73394728093143,272.9095153808594,20872800.0
2025-11-24,271.05414860241115,282.8313417341185,271.05414860241115,282.4146423339844,13570300.0
2025-11-25,280.51957879068505,283.168687312,270.9449999389071,282.4543151855469,13726800.0
2025-11-26,286.83973144810403,290.5207170246603,285.4804473830647,287.6929931640625,12220300.0
2025-11-28,290.1933134527253,290.38183039735287,286.7405102489479,289.23089599609375,5515400.0
2025-12-01,284.6768400419305,288.88368154911774,280.97599070687,285.4308776855469,7713000.0
2025-12-02,289.7170732420839,292.19752763627986,286.9191134184747,289.8063659667969,10746400.0
2025-12-03,289.89568272362914,294.30097251523483,283.8334662155739,293.14013671875,9599200.0
2025-12-04,291.6816406868762,291.73123766940074,287.93119438258316,290.63983154296875,6753000.0
2025-12-05,293.7354210413758,298.4482847720855,290.95732400644687,292.41583251953125,10275300.0
2025-12-08,298.8451733562611,300.25405457057155,294.40018794594533,299.5099182128906,16643100.0
2025-12-09,297.64462753617414,302.2979628982157,296.16628624886454,301.03790283203125,11349100.0
2025-12-10,302.98254453904786,311.5252453880711,300.13498768236843,307.71527099609375,12429200.0
2025-12-11,303.7507581691417,304.26807460223984,298.0999588756921,303.2831726074219,15028400.0
2025-12-12,302.7161132388162,302.7161132388162,289.48448241535397,290.5390319824219,19306100.0
2025-12-15,293.63302726110277,294.2796804187271,286.0720825024157,286.2611083984375,12082400.0
2025-12-16,285.7835789370498,286.9773930782894,281.86382693382285,285.39556884765625,11418400.0
2025-12-17,287.04703993240423,287.614117587584,273.6661568096194,275.5364990234375,16823000.0
2025-12-18,283.5351899801831,285.6840919054254,280.30189395409326,283.2168273925781,11260300.0
2025-12-19,284.90810644792566,290.66835626538773,284.90810644792566,287.46490478515625,12735800.0
2025-12-22,293.1554838489765,293.493732691408,289.71324551694175,291.7726135253906,6091100.0
2025-12-23,291.8920250943214,296.3788550570647,290.6982108724501,295.4237976074219,6802300.0
2025-12-24,296.2097021978008,297.62241721204856,294.70748375869647,297.2642517089844,2753900.0
2025-12-26,298.35858618714826,301.82071082512005,296.98567416931934,301.2834777832031,5125900.0
2025-12-29,300.22894787531203,302.9349691756451,297.11503019815467,299.3733825683594,6205100.0
2025-12-30,300.8059324655372,302.98467885528527,297.91091583768343,298.04022216796875,6190600.0
2025-12-31,302.43754506486727,305.8101362096284,301.8704673812959,302.328125,8175100.0
