Date,Open,High,Low,Close,Volume
2013-01-02,12.54924040577189,12.803617328480454,12.506844701232179,12.789484977722168,10226100.0
2013-01-03,12.90960092792447,12.930798095923608,12.725884501436521,12.7824125289917,13148600.0
2013-01-04,12.789477763256663,12.803610106042981,12.662289373648566,12.690552711486816,7464200.0
2013-01-07,12.619897742646453,12.619897742646453,12.485643138563987,12.506841659545898,9429900.0
2013-01-08,12.513905421826703,12.520971594886737,12.36551983077012,12.393784523010254,8112900.0
2013-01-09,12.54923628712687,12.669358533678025,12.294859447904493,12.393784523010254,12977400.0
2013-01-10,12.584565299004451,12.874271644150966,12.49977392116065,12.84600830078125,15772200.0
2013-01-11,12.775348165430875,12.860140892633295,12.662292094317435,12.824810028076172,12556600.0
2013-01-14,12.831875281845353,12.860139971466461,12.64815884251188,12.725885391235352,8392500.0
2013-01-15,12.634029940781323,12.676426986767213,12.55630471861042,12.641096115112305,12064700.0
2013-01-16,12.549237948749342,12.612832166975334,12.542171774753688,12.57750129699707,8976600.0
2013-01-17,12.789482213400518,12.966132516492419,12.711755648764928,12.902538299560547,11372400.0
2013-01-18,12.867206119254377,12.867206119254377,12.71175435355712,12.817744255065918,12608400.0
2013-01-22,12.789480112673804,12.831875801086426,12.711753560805132,12.831875801086426,11338900.0
2013-01-23,12.82480944189535,12.937865507841362,12.803612271864608,12.909602165222168,9210500.0
2013-01-24,12.74708443927871,12.768281609642678,12.570434164994259,12.584565162658691,8766400.0
2013-01-25,12.542167663574219,12.570432350291988,12.414979268813138,12.542167663574219,9410300.0
2013-01-28,12.506840441348793,12.506840441348793,12.372585850343055,12.37965202331543,13755500.0
2013-01-29,12.556302470673357,12.626962853597997,12.485642087748717,12.549236297607422,10022400.0
2013-01-30,12.506842252510308,12.612832166975334,12.450314208279968,12.57750129699707,8748500.0
2013-01-31,12.570432750084848,12.626960777583776,12.528035718659789,12.535101890563965,10751300.0
2013-02-01,12.641094464440295,12.810678583034743,12.626963465358504,12.768282890319824,8979400.0
2013-02-04,12.725886536492341,12.81067791751725,12.63402763469154,12.648159980773926,5769800.0
2013-02-05,12.704687540728711,12.874271644150966,12.69762136795262,12.84600830078125,6314500.0
2013-02-06,12.888402101884349,12.91666678884867,12.711751851560713,12.747082710266113,5810300.0
2013-02-07,12.76121632454694,12.97319747707337,12.732952979517588,12.930800437927246,8194200.0
2013-02-08,12.881339627670028,13.057989928700287,12.874273453900638,13.036792755126953,9341100.0
2013-02-11,13.02972862972043,13.121586207693477,12.994397755319218,13.057991981506348,4804300.0
2013-02-12,13.001456491168938,13.093315364318237,12.95906081388003,13.07211685180664,4868400.0
2013-02-13,13.086253358274922,13.107450529798388,12.966131111281346,13.008526802062988,6487300.0
2013-02-14,13.022657363398396,13.128647249693278,12.980261678427349,13.121581077575684,5087900.0
2013-02-15,13.107451846414454,13.14278271539366,13.065056151374254,13.093320846557617,5266400.0
2013-02-19,13.185176784079376,13.538477343883722,13.156913440117062,13.531411170959473,11089400.0
2013-02-20,13.559676505215645,13.602072197035481,13.326498178604426,13.347695350646973,9250100.0
2013-02-21,13.312365019013788,13.361826881071764,13.163978085105194,13.206375122070312,7048100.0
2013-02-22,13.19223941849786,13.425417671514797,13.185173247468944,13.354757308959961,8572300.0
2013-02-25,13.262902549316482,13.291165891597016,12.895469665527344,12.895469665527344,11474200.0
2013-02-26,12.761215436943143,12.768281609642678,12.49977378573355,12.584565162658691,18927900.0
2013-02-27,12.718819886280896,12.980262888057695,12.711753713504804,12.84600830078125,15507300.0
2013-02-28,12.937865352815445,13.07211993491813,12.80361211844736,12.895469665527344,9086700.0
2013-03-01,12.838941633231677,12.966130042830578,12.768281255928443,12.895469665527344,8703200.0
2013-03-04,12.641093969973015,12.838942774461565,12.634027796841133,12.817744255065918,10449900.0
2013-03-05,13.001461531608248,13.008527705184878,12.902537797005031,12.95199966430664,8628300.0
2013-03-06,12.923736876924652,13.022660615808144,12.775349920864551,12.803614616394043,9243600.0
2013-03-07,12.838945042802393,12.895473090109915,12.70469042504642,12.754152297973633,12116900.0
2013-03-08,12.838942203843818,12.85307454947948,12.570434375439524,12.65522575378418,9194700.0
2013-03-11,12.62696446736676,12.634029293600896,12.506842205363254,12.520973205566406,8261800.0
2013-03-12,12.577499889602358,12.64816027391726,12.506840853022187,12.528038024902344,6289800.0
2013-03-13,12.72588769926056,12.75415104627306,12.648161136440244,12.71882152557373,9987400.0
2013-03-14,12.754152297973633,12.824812694041775,12.619899027952616,12.754152297973633,7771400.0
2013-03-15,12.62696055489944,12.65522389428322,12.443244131834257,12.464441299438477,13988800.0
2013-03-18,12.330192576687779,12.330192576687779,12.153542260962938,12.181805610656738,13773100.0
2013-03-19,12.16060411549573,12.181802633386308,12.01221853346554,12.068746566772461,12270900.0
2013-03-20,12.111141973253563,12.245396554636777,12.082878631124492,12.188868522644043,10920000.0
2013-03-21,12.08994714747341,12.08994714747341,11.920363018617865,11.934494018554688,8847800.0
2013-03-22,11.948623778667283,12.075812184699107,11.927425261750459,12.06167984008789,5857700.0
2013-03-25,12.118208061751538,12.160603748518676,11.962756311782304,11.976888656616211,8533300.0
2013-03-26,12.005151809377587,12.089944529310323,11.976888467889715,12.06167984008789,8555300.0
2013-03-27,12.01928625735666,12.195936552706872,11.991021563187923,12.132342338562012,10581000.0
2013-03-28,12.089942999999748,12.160602018648733,12.033414976439925,12.14647102355957,11994500.0
2013-04-01,12.16060411549573,12.203001151276888,12.033417051356118,12.068746566772461,10849200.0
2013-04-02,12.104076791505717,12.174737174213831,12.06168110097473,12.089945793151855,10203600.0
2013-04-03,12.07581331799709,12.097011836903365,11.76490844604516,11.828502655029297,15742400.0
2013-04-04,11.821435191556741,11.899161737993268,11.764907161712326,11.892095565795898,11240200.0
2013-04-05,11.694247516333954,11.856766791533623,11.644785655604126,11.821435928344727,11192000.0
2013-04-08,11.73664624886964,11.913296547147704,11.701315380573137,11.899164199829102,9706100.0
2013-04-09,11.779039872145256,12.061680030150491,11.779039872145256,11.976888656616211,10358700.0
2013-04-10,12.047545971529088,12.18886670429584,11.98395177655749,12.14647102355957,12085500.0
2013-04-11,12.25246524810791,12.379653683194858,12.160606334885173,12.25246524810791,8494300.0
2013-04-12,12.181804154874078,12.273663062805,12.082880421165203,12.231266021728516,7375800.0
2013-04-15,12.026352930685725,12.132342842753584,11.92742784471885,11.934494018554688,9138100.0
2013-04-16,12.11114521481981,12.217136482442676,12.097014213840389,12.181805610656738,9856000.0
2013-04-17,12.082878912032848,12.13234077270958,12.005152360835345,12.068746566772461,21226100.0
2013-04-18,12.8177415082901,12.951996073556368,12.641091261052434,12.676422119140625,24337500.0
2013-04-19,13.149848233978979,13.411289912724152,13.107451193316429,13.284101486206055,21119200.0
2013-04-22,13.163974377221658,13.262899421208155,12.966126984717228,13.07211685180664,20376200.0
2013-04-23,12.959069365544071,13.079191653576341,12.810682375511188,12.91667366027832,21663000.0
2013-04-24,12.888405254521173,13.093320241933448,12.867206734112557,13.029726028442383,10201900.0
2013-04-25,13.07212053381676,13.206375122070312,13.050922015334201,13.206375122070312,15245700.0
2013-04-26,13.213443105617223,13.291168321901782,13.065056151374254,13.093320846557617,7028200.0
2013-04-29,13.171044217396457,13.326497323654134,13.15691321951957,13.305298805236816,7825300.0
2013-04-30,13.326498982020066,13.573808322324291,13.298234287279683,13.481950759887695,12088600.0
2013-05-01,13.503149032592773,13.54554472618878,13.446620991886498,13.503149032592773,8604300.0
2013-05-02,13.517275759146354,13.806983392390848,13.517275759146354,13.799917221069336,11268200.0
2013-05-03,13.708063678222523,13.835252116055905,13.708063678222523,13.715129852294922,9254600.0
2013-05-06,13.771655937446164,13.870579664913203,13.764589764379274,13.814051628112793,5661100.0
2013-05-07,13.863512862486576,13.863512862486576,13.686862604210793,13.757521629333496,8522800.0
2013-05-08,13.990705293183877,14.329874943699542,13.93417724272044,14.280411720275879,14032800.0
2013-05-09,14.216818842772664,14.344005945514127,14.202686493223046,14.280411720275879,8912600.0
2013-05-10,14.202682950187842,14.259210986549663,14.132022567801894,14.252144813537598,7955300.0
2013-05-13,14.195616610642952,14.202682783572122,14.075494366316436,14.082560539245605,6519800.0
2013-05-14,14.110827404357561,14.1673554541619,14.033102178210981,14.054299354553223,8539100.0
2013-05-15,14.026035408401015,14.040167757186225,13.962441186602527,13.990704536437988,9222200.0
2013-05-16,13.849380925521833,13.884710439121825,13.743391036987305,13.743391036987305,10411800.0
2013-05-17,13.863517011599024,13.863517011599024,13.729262397763666,13.78579044342041,10542300.0
2013-05-20,13.891776549445078,13.898842721680479,13.665664428850437,13.68686294555664,8361000.0
2013-05-21,13.693927238993027,13.799918470679046,13.552607842969161,13.587937355041504,12950200.0
2013-05-22,13.566742678474741,13.616204543553675,13.305299658827137,13.347695350646973,12530800.0
2013-05-23,13.107448066761524,13.312363004547274,13.001458185856755,13.24876880645752,11028900.0
2013-05-24,13.248767681910085,13.33356038807742,13.178107318059695,13.326494216918945,5303600.0
2013-05-28,13.503146660041162,13.580871860021443,13.418353940012736,13.460749626159668,9106200.0
2013-05-29,13.439557049284256,13.637404550731306,13.439557049284256,13.595008850097656,13092900.0
2013-05-30,13.552610385636925,13.55967655892401,13.39715726879055,13.404223442077637,8189600.0
2013-05-31,13.368896203988506,13.368896203988506,13.163981186910656,13.185179710388184,5732400.0
2013-06-03,13.163980530054987,13.234640923719297,13.13571718123021,13.220508575439453,7736400.0
2013-06-04,13.213438242863573,13.446616501373667,13.206372071668195,13.38302230834961,10672000.0
2013-06-05,13.390094727466034,13.404225728716076,13.156916360153124,13.185179710388184,6480800.0
2013-06-06,13.178109818717175,13.241704023476627,13.072119926696287,13.142780303955078,6501100.0
2013-06-07,13.298232673358747,13.319431191841307,13.178110430760235,13.206375122070312,9081200.0
2013-06-10,13.227573047873214,13.383026163482885,13.17811118299186,13.291167259216309,7479600.0
2013-06-11,13.171043586663894,13.248770136070577,13.072119867589636,13.086252212524414,6397300.0
2013-06-12,13.171044434217352,13.227572469859435,12.923735120617415,12.973196983337402,8052500.0
2013-06-13,12.838941787072256,12.937865507841362,12.71175337594934,12.909602165222168,10935400.0
2013-06-14,12.909602641791432,12.951998331152607,12.64815963730575,12.711753845214844,12849000.0
2013-06-17,12.874273659748043,12.98026492024877,12.740020399187552,12.803614616394043,9447900.0
2013-06-18,12.888404707009405,13.029725474927172,12.803613324446525,13.022659301757812,5406300.0
2013-06-19,12.930799812604686,13.043855882724262,12.711753845214844,12.711753845214844,8924900.0
2013-06-20,12.492708289189125,12.506840635353093,12.266596141504477,12.301925659179688,12639600.0
2013-06-21,12.43618260585585,12.44324878027513,12.118211495663058,12.139410018920898,23104500.0
2013-06-24,11.856768157957859,12.061681797130067,11.736645904741467,11.96275806427002,13192700.0
2013-06-25,12.146471443606128,12.414979227867162,12.11114058532544,12.38671588897705,11598600.0
2013-06-26,12.400847101156897,12.513903154160937,12.358451418213996,12.464441299438477,9187600.0
2013-06-27,12.6410945134107,12.803613806961222,12.591632647095887,12.66935920715332,12208300.0
2013-06-28,12.930800591072654,13.008527149359702,12.86014155379506,12.94493293762207,12464500.0
2013-07-01,13.14278266619814,13.192244534849038,13.015594233818781,13.036792755126953,11763500.0
2013-07-02,13.178106718896055,13.319427440171461,13.057984510132245,13.07211685180664,12477200.0
2013-07-03,13.088098177563735,13.189781069349031,13.022730208465903,13.16072940826416,6647800.0
2013-07-05,13.422201030757721,13.465780604046827,13.189782181184956,13.226097106933594,13475100.0
2013-07-08,12.979154481531419,13.01546941109442,12.761260748176115,12.783050537109375,12284200.0
2013-07-09,12.971894426581697,13.088103892313525,12.935578102711684,12.957367897033691,9364200.0
2013-07-10,13.051787568443512,13.15347188995344,12.935578102711684,12.957367897033691,8103100.0
2013-07-11,13.436726258448815,13.55293567202017,13.414936473907128,13.465779304504395,13715600.0
2013-07-12,13.494836119997244,13.538414320401149,13.29873214019065,13.393153190612793,8718400.0
2013-07-15,13.32051655139414,13.429462701051254,13.298726767332536,13.364094734191895,6033700.0
2013-07-16,13.247888867675899,13.400414626264743,13.247888867675899,13.38588809967041,5607100.0
2013-07-17,13.385886035155382,13.53841038489446,13.35683298644759,13.400412559509277,12115500.0
2013-07-18,12.732208586715359,12.753996989475983,12.158423301706621,12.209264755249023,43566600.0
2013-07-19,11.926003338736193,11.99863457367782,11.541059455936264,11.976844787597656,24303600.0
2013-07-22,11.998634937174428,12.093054575731063,11.940530224525968,12.071266174316406,18796700.0
2013-07-23,12.325473344684896,12.36178965567815,12.129370806623784,12.158422470092773,14272700.0
2013-07-24,12.398105585652782,12.507051756806485,12.318211080321396,12.361790657043457,17278700.0
2013-07-25,12.419894972104743,12.485262949746796,12.39810518444883,12.477999687194824,12460600.0
2013-07-26,12.427158196388788,12.448946598651924,12.202001213948092,12.274632453918457,14971300.0
2013-07-29,12.23832069962857,12.245583964041323,12.114847975263851,12.129374504089355,5983600.0
2013-07-30,12.361789141207923,12.441682251416879,12.267368121880672,12.325472831726074,8600400.0
2013-07-31,12.390839766628831,12.42715607307181,12.325471800356912,12.332735061645508,10546900.0
2013-08-01,12.376314778407307,12.543365634080239,12.318208687398853,12.528839111328125,15090600.0
2013-08-02,12.38357801637547,12.38357801637547,12.172948954607152,12.202000617980957,11401700.0
2013-08-05,12.158423222981153,12.245580989436435,12.064003579203158,12.216527938842773,7301600.0
2013-08-06,12.100318074932456,12.209264240116052,12.03495009875717,12.049476623535156,13470400.0
2013-08-07,11.911478576312815,11.911478576312815,11.700849487689565,11.744427680969238,17069600.0
2013-08-08,11.809794741725229,11.817058004259197,11.686322049299124,11.780741691589355,10922600.0
2013-08-09,11.729900317825285,11.817058083491613,11.71537379265995,11.773478507995605,10587800.0
2013-08-12,11.744425324895845,11.78800350943321,11.59916355533337,11.657267570495605,14971700.0
2013-08-13,11.817059516906738,11.88242750275423,11.700850072139163,11.817059516906738,16817700.0
2013-08-14,11.831586869457254,11.838848748101846,11.664534568786621,11.664534568786621,7870800.0
2013-08-15,11.584635089386097,11.686318657359607,11.533793651730662,11.620950698852539,10792600.0
2013-08-16,11.700852408270537,11.773482286756781,11.59916877746582,11.59916877746582,10987100.0
2013-08-19,11.620952531812216,11.642742316526542,11.482954025268555,11.482954025268555,6690600.0
2013-08-20,11.51200978091476,11.606429438595365,11.4829574187062,11.497483253479004,10514800.0
2013-08-21,11.453900491678116,11.562846633375253,11.403058358578466,11.439373970031738,10358700.0
2013-08-22,11.53379928063169,11.708114152609891,11.526536016661145,11.664534568786621,8432900.0
2013-08-23,11.758953289313128,11.831584529327134,11.722636976643287,11.780741691589355,7465700.0
2013-08-26,11.751688763589648,11.926002889690821,11.737162240083169,11.809793472290039,7273500.0
2013-08-27,11.671795168173924,11.737163143659858,11.57737483610122,11.606427192687988,8530100.0
2013-08-28,11.744425501836409,11.83884513397747,11.715372454823449,11.809793472290039,6967400.0
2013-08-29,11.955054459936184,12.165684893192482,11.955054459936184,12.107580184936523,9963200.0
2013-08-30,12.194739340332603,12.419894937513876,11.991372145420875,12.027687072753906,11490100.0
2013-09-03,12.390841883740768,12.514314576092683,12.2165277390073,12.274632453918457,11182100.0
2013-09-04,12.347266461798274,12.347266461798274,12.165689013830653,12.245583534240723,13726500.0
2013-09-05,12.318210681702837,12.536104402284906,12.31094880447655,12.477999687194824,7738300.0
2013-09-06,12.514313167793624,12.55789273806702,12.347262304388842,12.354525566101074,6338000.0
2013-09-09,12.427156264984463,12.594207121225608,12.412629742182938,12.565154075622559,9635300.0
2013-09-10,12.739470953417685,12.739470953417685,12.59420848037682,12.695891380310059,12162900.0
2013-09-11,12.674099999063243,12.724941437075685,12.63778369667915,12.666836738586426,7063000.0
2013-09-12,12.630521765109675,12.695889730953377,12.507049094663286,12.550628662109375,5454000.0
2013-09-13,12.53610313268899,12.594207841894507,12.50705008542346,12.586944580078125,4095700.0
2013-09-16,12.819363397038089,12.899257891568967,12.783048473337983,12.797574996948242,7962200.0
2013-09-17,12.92831239603306,12.94283892283729,12.797577810772532,12.841156005859375,5369100.0
2013-09-18,12.695893634538203,12.906524119313536,12.601473980024823,12.790314674377441,14262300.0
2013-09-19,12.841155255605637,12.884733448146392,12.768524011153868,12.783050537109375,8842600.0
2013-09-20,12.739471432441038,12.790312884319372,12.565155904107229,12.572419166564941,10964700.0
2013-09-23,12.87020312723375,12.89199290974199,12.732205327324289,12.819361686706543,10653800.0
2013-09-24,12.812100606639127,12.848416917000987,12.681364659987612,12.753995895385742,9132700.0
2013-09-25,12.659579730560532,12.688631401490873,12.528843748059064,12.57968521118164,8526900.0
2013-09-26,12.54337027618722,12.58694847524572,12.456212492744251,12.57968521118164,4675400.0
2013-09-27,12.528843508690224,12.536106772615536,12.369055858311226,12.398107528686523,7682900.0
2013-09-30,12.252843061300595,12.434420453887396,12.158422041373141,12.318209648132324,10700100.0
2013-10-01,12.419894383084145,12.659576494629382,12.412631120876638,12.652313232421875,9771900.0
2013-10-02,12.637786746434788,12.703154721175492,12.492525657819817,12.688628196716309,7562800.0
2013-10-03,12.90652287345869,12.964627590317942,12.72494546010781,12.855681419372559,10645800.0
2013-10-04,12.783051283968303,12.891997464348332,12.746734966957732,12.841156005859375,4444200.0
2013-10-07,12.783048473337983,12.899257891568967,12.695890717001976,12.797574996948242,6451300.0
2013-10-08,12.942835940369,13.051782095644139,12.674102183045356,12.681364059448242,10981400.0
2013-10-09,12.819363535426387,12.833890059193463,12.456208753202832,12.536103248596191,16482600.0
2013-10-10,12.659575833344835,12.833889961242676,12.652312571516733,12.833889961242676,10695500.0
2013-10-11,13.00094348620008,13.160732508446507,12.950102028331063,13.13894271850586,11789100.0
2013-10-14,13.008203160959916,13.102624172662443,12.964624978426297,13.08083438873291,6662100.0
2013-10-15,13.073570904557217,13.24062175585957,13.051781120999136,13.182517051696777,11212900.0
2013-10-16,13.19704963604156,13.291469304180081,13.17525984247449,13.276944160461426,15598100.0
2013-10-17,13.255152615506836,13.589254427434424,13.204311155894018,13.545676231384277,11722200.0
2013-10-18,13.618303411884842,13.91609020233202,13.58198849025,13.857985496520996,18201700.0
2013-10-21,13.76356335835873,13.807141533436205,13.705458663147027,13.785351753234863,9149900.0
2013-10-22,13.843462578784523,13.981461810519844,13.814410910976246,13.916093826293945,9070100.0
2013-10-23,13.785355356979004,13.79988188091073,13.574726301271241,13.596514701843262,7310500.0
2013-10-24,13.654622172724679,13.676411963027391,13.494834533149,13.567465782165527,10937800.0
2013-10-25,13.349567150336206,13.443988155105577,13.284200573998246,13.414935111999512,11326500.0
2013-10-28,13.502096971028992,13.581991478594793,13.473043919068422,13.516623497009277,4698300.0
2013-10-29,13.574727810300121,13.647359052707207,13.502096567893034,13.632832527160645,6290000.0
2013-10-30,13.61830761098834,13.734517058442703,13.422203648911895,13.494834899902344,6733800.0
2013-10-31,13.50209673974014,13.560201457340188,13.327782586939993,13.371360778808594,11222600.0
2013-11-01,13.45851467665861,13.531144513773086,13.36409367188924,13.414935111999512,6402000.0
2013-11-04,13.43672984559628,13.473044777535119,13.262415678703324,13.320520401000977,8109000.0
2013-11-05,13.167992553751189,13.197045602961866,13.102625963678435,13.131677627563477,9365500.0
2013-11-06,13.131679833240403,13.298730738283782,13.095364900953014,13.269679069519043,9934100.0
2013-11-07,13.320517365283301,13.327780627080957,13.146203238116163,13.167991638183594,10357600.0
2013-11-08,13.073571127423067,13.102624172662443,12.979151501045985,13.08083438873291,8990200.0
2013-11-11,12.95736452286243,12.964627785745039,12.862943490714278,12.877470016479492,6615000.0
2013-11-12,12.82662552374759,12.935571670532227,12.790310603261183,12.935571670532227,8571600.0
2013-11-13,12.71042016148668,12.89199759236506,12.60873724349906,12.790314674377441,12877300.0
2013-11-14,12.790310325876844,12.81936198457084,12.695889318139233,12.710415840148926,10754400.0
2013-11-15,12.804838896140154,12.906523192148947,12.73947230021946,12.826628684997559,12669700.0
2013-11-18,12.870206559593079,12.986415993311583,12.833891631053193,12.855681419372559,10210200.0
2013-11-19,12.957362997750776,12.96462625977848,12.746732554924083,12.761259078979492,8452000.0
2013-11-20,12.695891262297959,12.841153733988566,12.659576337038107,12.746732711791992,10457400.0
2013-11-21,12.579682999350862,12.601472787711893,12.245581223102745,12.361790657043457,19212800.0
2013-11-22,12.33999896916299,12.485261431891217,12.296420784474726,12.441681861877441,15826400.0
2013-11-25,12.478000720428792,12.528842177176802,12.441684404661787,12.47073745727539,9930300.0
2013-11-26,12.674102183045356,12.746732029678432,12.601470951086753,12.681364059448242,14337100.0
2013-11-27,12.826627931126502,12.87020612095429,12.717681763894191,12.768523216247559,13181100.0
2013-11-29,12.855681613157415,12.92104959377514,12.826628561626984,12.877470016479492,3991200.0
2013-12-02,12.84841828546461,12.891996477214693,12.60873615285055,12.637787818908691,12010000.0
2013-12-03,12.666839325960433,12.855679980955122,12.659576063999994,12.732207298278809,10074800.0
2013-12-04,12.68862764846225,12.81936359229478,12.674102509956294,12.739470481872559,6448500.0
2013-12-05,12.717682324888626,12.761260516638707,12.630524556062722,12.637787818908691,9852400.0
2013-12-06,12.724943764222493,12.81210013523296,12.710417240612234,12.797574996948242,6875100.0
2013-12-09,12.855680100014073,12.8702052387439,12.688627844028026,12.761259078979492,9100100.0
2013-12-10,12.666840675616431,12.70315560396242,12.579682908130051,12.615999221801758,9872100.0
2013-12-11,12.7830491411997,12.81936406679711,12.659576454712647,12.695891380310059,7899600.0
2013-12-12,12.666839428953859,12.69589109170626,12.412630799573838,12.434420585632324,10866900.0
2013-12-13,12.521576313248733,12.543366098183123,12.361788713039738,12.405366897583008,10409400.0
2013-12-16,12.427159309387205,12.521578960077097,12.419896046207091,12.427159309387207,7179800.0
2013-12-17,12.557892621472716,12.565154497792003,12.398103635938211,12.405366897583008,24563300.0
2013-12-18,12.354528506971452,12.383580175410316,12.114846354715958,12.347265243530273,16981600.0
2013-12-19,12.325471688670628,12.412629438018563,12.274630245436594,12.383576393127441,8418300.0
2013-12-20,12.296422914026868,12.44894727951343,12.25284472179153,12.340001106262207,7594000.0
2013-12-23,12.441682736965681,12.52884049779798,12.390841287032512,12.448945999145508,7667100.0
2013-12-24,12.45620791785417,12.507049362303807,12.405366473404532,12.485260963439941,2766700.0
2013-12-26,12.536104402284906,12.594209117374987,12.419894972104743,12.477999687194824,2839300.0
2013-12-27,12.507050201062041,12.550629772363267,12.470735276969908,12.536103248596191,4619200.0
2013-12-30,12.645050523964093,12.797576266349868,12.645050523964093,12.768523216247559,7808000.0
2013-12-31,12.688625134691593,12.753993093657673,12.630520436202334,12.666836738586426,7647200.0
2014-01-02,12.630525252018865,12.637788515265049,12.42715942242897,12.45621109008789,6029100.0
2014-01-03,12.405368972082272,12.46347368963175,12.289159536983316,12.310949325561523,11362700.0
2014-01-06,12.340000431359217,12.361790218948029,12.245580789125718,12.274632453918457,10370200.0
2014-01-07,12.274635234360282,12.33273996243328,12.223793770462157,12.281898498535156,13083100.0
2014-01-08,12.390840296379384,12.463471527045131,12.38357703478026,12.412630081176758,13428900.0
2014-01-09,12.32547318550529,12.339999709714986,12.100317601557391,12.172948837280273,9422200.0
2014-01-10,12.23105426406651,12.354526956418425,12.2165277390073,12.274632453918457,11148000.0
2014-01-13,12.354529754957902,12.448949418579277,12.274635234360282,12.281898498535156,10286100.0
2014-01-14,12.390844451265348,12.63052662310446,12.376319308522042,12.623263359069824,13334500.0
2014-01-15,12.695891184132355,12.85568017907336,12.659576259096086,12.753995895385742,15510900.0
2014-01-16,13.008202939208397,13.204306835254856,12.993676416836344,13.182517051696777,21768200.0
2014-01-17,13.051781920144295,13.051781920144295,12.855679397416132,12.90652084350586,14574800.0
2014-01-21,12.906522952996136,12.9501011445777,12.797576781379364,12.848418235778809,8371500.0
2014-01-22,12.906517826986452,13.059042129607558,12.87020152732058,13.044515609741211,12870700.0
2014-01-23,12.928311276452332,13.029995569950316,12.790313439740185,12.855681419372559,8872200.0
2014-01-24,12.8702052387439,12.906521548882424,12.717680892138846,12.761259078979492,12403200.0
2014-01-27,12.572420531375206,12.579683794621392,12.361791438539127,12.45621109008789,11006600.0
2014-01-28,12.485262152597702,12.536103601889728,12.383577868688054,12.463472366333008,7525700.0
2014-01-29,12.43442005961011,12.521576429505858,12.332735780964377,12.354525566101074,9378900.0
2014-01-30,12.434420860111468,12.536103759977806,12.419894335751815,12.448945999145508,7230000.0
2014-01-31,12.347264493454086,12.434422264127686,12.252844845106303,12.289159774780273,13590600.0
2014-02-03,12.361792320021879,12.427160308572919,12.114846893345932,12.180214881896973,14171700.0
2014-02-04,12.180212256688726,12.252843493349618,12.129370806623784,12.158422470092773,12321900.0
2014-02-05,12.071267009150258,12.10758193756993,11.940531050318285,11.955056190490723,14334100.0
2014-02-06,12.12937202268661,12.340001106262207,12.12937202268661,12.340001106262207,10142700.0
2014-02-07,12.427157441217442,12.54336686397796,12.405367654952748,12.463472366333008,9430700.0
2014-02-10,12.448945491319295,12.579681434571862,12.419893829110698,12.536103248596191,8003300.0
2014-02-11,12.565156654616787,12.67410421266421,12.485263533461291,12.630524635314941,9631800.0
2014-02-12,12.681368086020944,12.710421142159486,12.579685160187976,12.623263359069824,6962800.0
2014-02-13,12.528841255151207,12.724945189883915,12.528841255151207,12.674103736877441,6564600.0
2014-02-14,12.79031417231276,13.04452145730328,12.783050909123629,12.993680000305176,11269900.0
2014-02-18,13.008206458879966,13.029996248333779,12.841155562378123,12.921050071716309,6412700.0
2014-02-19,12.877466922824702,12.986413069239338,12.790310559823157,12.899256706237793,8702500.0
2014-02-20,12.7830502557436,12.906522952996136,12.681365961618978,12.848418235778809,11836500.0
2014-02-21,12.935574654612887,12.979154231640356,12.848418271209422,12.884733200073242,6013200.0
2014-02-24,12.862943376088841,12.921049478631902,12.81936518450728,12.848418235778809,5499200.0
2014-02-25,12.81210013523296,12.87020484434845,12.775785211532854,12.797574996948242,5944700.0
2014-02-26,12.812104509009286,12.979156816904228,12.797579365765996,12.950103759765625,9376100.0
2014-02-27,12.935571933186921,13.080834388732912,12.921046795892678,13.08083438873291,8659800.0
2014-02-28,13.088100468599754,13.182520115310355,13.059047417103725,13.124415397644043,11279600.0
2014-03-03,12.971890919816607,13.131678545670045,12.906522939847989,13.09536361694336,18168800.0
2014-03-04,13.117151940744527,13.1679933947848,13.0808370122374,13.10262680053711,12548700.0
2014-03-05,13.313259070923761,13.378627066167212,13.262417604695758,13.356837272644043,9863100.0
2014-03-06,13.611042381178036,13.719988549262983,13.560200928426774,13.705463409423828,14240300.0
2014-03-07,13.80714667774222,13.8144099405155,13.574727810300121,13.632832527160645,14153200.0
2014-03-10,13.581989925892227,13.77082920074463,13.560200139412824,13.770829200744629,10652100.0
2014-03-11,13.741778698108414,13.770830363875813,13.574727810300121,13.632832527160645,8748200.0
2014-03-12,13.63283265729562,14.155775114032192,13.63283265729562,14.112196922302246,21260500.0
2014-03-13,14.104931183995237,14.177562414348609,13.930617062342447,13.99598503112793,18414700.0
2014-03-14,13.90156132608173,14.010508843192897,13.719983977996753,13.72724723815918,13077400.0
2014-03-17,13.828936454281264,13.91609283683494,13.763568474703145,13.879777908325195,10786300.0
2014-03-18,13.857988946802992,13.945146719882295,13.828937279327095,13.930620193481445,11987400.0
2014-03-19,13.857984268968814,13.872510790466164,13.632828727061252,13.712721824645996,10596800.0
2014-03-20,13.473045195219347,13.690938949584963,13.414940471120364,13.690938949584961,13124200.0
2014-03-21,13.640094470373787,13.690935919542563,13.378622577133688,13.458517074584961,12885000.0
2014-03-24,13.5166227380207,13.560200928188776,13.364096994443903,13.538411140441895,7898200.0
2014-03-25,13.647358026059774,13.930618326280342,13.647358026059774,13.887040138244629,17129500.0
2014-03-26,13.98872327676998,14.046827990248048,13.857987325112914,13.865250587463379,10597800.0
2014-03-27,13.799885490331501,14.163040371656013,13.799885490331501,14.104935646057129,14222200.0
2014-03-28,14.126725915633182,14.4535644886883,14.126725915633182,14.264723777770996,11246400.0
2014-03-31,14.33735936115758,14.555253194289538,14.330096094853873,14.540726661682129,14482300.0
2014-04-01,14.57703426888117,14.787664729664842,14.569771006234246,14.758611679077148,16133600.0
2014-04-02,14.744082748841658,14.780399056152637,14.518927184815487,14.555243492126465,14875200.0
2014-04-03,14.497138702441042,14.59155972460422,14.380929279259895,14.482613563537598,14904400.0
2014-04-04,14.5479849136437,14.66419436379557,14.330091155614502,14.35914421081543,14585200.0
2014-04-07,14.271982872755963,14.388192293938639,14.242931210123082,14.337350845336914,9693500.0
2014-04-08,14.446298319382079,14.511666297912598,14.373668463526569,14.511666297912598,9181600.0
2014-04-09,14.49713740711467,14.67871478777688,14.49713740711467,14.635136604309082,9754100.0
2014-04-10,14.678718564851977,14.744086549536666,14.373669816757872,14.395458221435547,9776500.0
2014-04-11,14.3954571450291,14.497140053457228,14.337352428023639,14.446298599243164,8414400.0
2014-04-14,14.569771992740622,14.765875941508472,14.511667272956718,14.715034484863281,9819500.0
2014-04-15,14.765875253926644,14.932926142360822,14.569771314290492,14.896611213684082,22468600.0
2014-04-16,14.823977246436838,14.831240507902383,14.562505374979102,14.635136604309082,15121500.0
2014-04-17,14.954715564686213,15.19439768993243,14.940189039440819,15.049135208129883,20492800.0
2014-04-21,14.816715797292154,14.954715011366075,14.715032894988026,14.9329252243042,11525800.0
2014-04-22,14.802189272584238,14.947451749012115,14.780400870848007,14.9329252243042,11191200.0
2014-04-23,14.794926761227659,14.860293348959422,14.744083926929822,14.823978424072266,9031700.0
2014-04-24,14.845768846707989,14.961978273720034,14.715032894988026,14.9329252243042,12202800.0
2014-04-25,14.577036321845082,14.635141045877974,14.417248677086102,14.460826873779297,15474700.0
2014-04-28,14.620611670531433,14.75134762047034,14.569770220071996,14.744084358215332,14382700.0
2014-04-29,14.73682565025515,14.81671878158901,14.584299880752464,14.59882640838623,13771200.0
2014-04-30,14.497142100275799,14.59882640838623,14.380932649857526,14.59882640838623,12965700.0
2014-05-01,14.591563111119171,14.606089638719634,14.344617683214967,14.35914421081543,10276400.0
2014-05-02,14.344616105273975,14.380931034954488,14.25019645690918,14.25019645690918,11073200.0
2014-05-05,14.184826693754577,14.330087779559092,14.163036907487383,14.27924633026123,7061200.0
2014-05-06,14.366405044501244,14.591560642919102,14.330088731643082,14.526192665100098,10549900.0
2014-05-07,14.55524484827004,14.773137171135513,14.504402013297533,14.765873908996582,14637400.0
2014-05-08,14.780401779527633,14.954715930762305,14.765875253926644,14.896611213684082,13522200.0
2014-05-09,14.889346397129614,14.925661322016769,14.715032264085215,14.823978424072266,10384000.0
2014-05-12,14.613351625607136,14.954716682434082,14.606088362441566,14.954716682434082,19623700.0
2014-05-13,14.903872414807578,15.041870232950316,14.831241182175564,14.991028785705566,9547500.0
2014-05-14,15.041872190145309,15.15081974593197,14.925662756943542,14.947452545166016,10140100.0
2014-05-15,14.947449494476706,15.03460724425249,14.831240084992617,15.00555419921875,12943300.0
2014-05-16,15.012820836182549,15.121767008905277,14.809453631194575,15.08545207977295,9131200.0
2014-05-19,14.991027676701881,15.05639564270236,14.94018623321827,15.00555419921875,6459900.0
2014-05-20,14.911137739285069,15.041872313716777,14.86029489968161,14.896611213684082,4564200.0
2014-05-21,14.896611292929464,14.976505798834186,14.874821504412067,14.889348030090332,5629400.0
2014-05-22,14.940187338460818,15.049133494746071,14.911135676603335,14.991028785705566,6156500.0
2014-05-23,15.049132381443926,15.049132381443926,14.925659710701401,15.00555419921875,7179700.0
2014-05-27,15.129026380038068,15.223446002689261,15.034606757386873,15.17260456085205,7520300.0
2014-05-28,15.216188715713288,15.267030172882677,15.114504416048701,15.1508207321167,7761100.0
2014-05-29,15.143553079568258,15.143553079568258,14.99102736694362,15.03460693359375,6114900.0
2014-05-30,14.816715797292154,14.983766675456263,14.816715797292154,14.9329252243042,6671500.0
2014-06-02,15.012817460477185,15.027343982994056,14.94018623321827,15.00555419921875,6475000.0
2014-06-03,15.03461137553218,15.470396088181724,14.983768532752304,15.426817893981934,20116100.0
2014-06-04,15.412291620850494,15.441344674345196,15.310608704270715,15.325135231018066,10888700.0
2014-06-05,15.339661392999373,15.405027991156405,15.288818550592651,15.39776611328125,8404000.0
2014-06-06,15.412288822463838,15.419552084518733,15.303342662291577,15.317869186401367,7647900.0
2014-06-09,15.463130621050347,15.48491902042995,15.368709605987082,15.405024528503418,8131800.0
2014-06-10,15.390503865713264,15.543028247021232,15.346924283631646,15.470396995544434,7595600.0
2014-06-11,15.47765595264417,15.521235522599989,15.28881530547882,15.346920013427734,7507600.0
2014-06-12,15.325134198053393,15.412290582011192,15.245239691653953,15.3323974609375,5641600.0
2014-06-13,15.354184111350259,15.40502556040894,15.267027737342685,15.317869186401367,5705100.0
2014-06-16,15.317868160334013,15.412287790071783,15.303341637197281,15.405024528503418,4543500.0
2014-06-17,15.419551614645789,15.470393062155201,15.346920381635677,15.441341400146484,10287700.0
2014-06-18,15.419549447042243,15.572075153454726,15.34691822424227,15.506707191467285,8455000.0
2014-06-19,15.499449614321863,15.753658294677734,15.499449614321863,15.753658294677734,9709300.0
2014-06-20,15.60113137729712,15.615657903173602,15.354185978699944,15.361449241638184,8450400.0
2014-06-23,15.267028330251541,15.267028330251541,15.129029116500375,15.143555641174316,6105200.0
2014-06-24,15.296080115435892,15.361448091660778,15.07092452250887,15.092714309692383,8122200.0
2014-06-25,15.165345386480345,15.2960813494775,14.874821793889872,15.274292945861816,5486200.0
2014-06-26,15.296079518037166,15.361447491709061,15.187133357025873,15.267027854919434,5177100.0
2014-06-27,15.383234636673718,15.470390996387389,15.339656456816881,15.455865859985352,5816000.0
2014-06-30,15.506709217795516,15.579340450086526,15.448604509027815,15.535760879516602,6491200.0
2014-07-01,15.739130323942895,15.964285929740859,15.739130323942895,15.957022666931152,8655700.0
2014-07-02,16.24028138093905,16.436383899342196,16.16765015155895,16.254806518554688,10574100.0
2014-07-03,16.40007003524273,16.494489669799805,16.34922858699465,16.494489669799805,4317800.0
2014-07-07,16.57438884667409,16.61796704529025,16.429127722844893,16.465442657470703,12390700.0
2014-07-08,16.421858144277163,16.472699587333988,16.312910611640618,16.392805099487305,10319000.0
2014-07-09,16.305649036924525,16.334700696925527,16.218491286270623,16.283859252929688,12353400.0
2014-07-10,16.131333900604616,16.668804168701172,16.12407202443415,16.668804168701172,14431800.0
2014-07-11,16.70512071694235,16.755962167037467,16.516280055642188,16.567121505737305,13026000.0
2014-07-14,16.739419313992325,16.843390405023374,16.650300224180086,16.828536987304688,14313800.0
2014-07-15,16.76169891885591,16.776552337367512,16.516623179414285,16.68743324279785,10256800.0
2014-07-16,16.07845923971884,16.115592790595866,15.528895435240011,15.54374885559082,41814000.0
2014-07-17,15.469478199944113,15.469478199944113,14.942194695409377,15.001606941223145,25798200.0
2014-07-18,15.268965025048407,15.35065741395018,15.17984734306467,15.209552764892578,19052400.0
2014-07-21,15.239257555115229,15.268962972950828,15.150138468608784,15.172418594360352,17570900.0
2014-07-22,15.380363464355469,15.454629146710412,15.350658041313537,15.380363464355469,10489800.0
2014-07-23,15.41006736039555,15.439774194263205,15.328374983759298,15.358081817626953,11879700.0
2014-07-24,15.476905009572624,15.57344937846789,15.41006605552987,15.514037132263184,12694300.0
2014-07-25,15.328376445551156,15.328376445551156,15.075873999595377,15.113007545471191,12177800.0
2014-07-28,15.001606962331904,15.164990284424745,14.94962000773449,15.12785816192627,12681000.0
2014-07-29,15.350656630289409,15.447201016926474,15.246685534449501,15.254112243652344,9895500.0
2014-07-30,15.402642191001028,15.43234902783707,15.306097804283786,15.387788772583008,9957300.0
2014-07-31,14.986754853867751,15.061020521841783,14.793664683735187,14.853076934814453,16332100.0
2014-08-01,14.875355741806427,15.0758711861156,14.875355741806427,15.001606941223145,9833500.0
2014-08-04,15.26896272273479,15.313522973507705,15.11300609452899,15.231830596923828,9836300.0
2014-08-05,14.860502095535175,14.890207509731077,14.615426408295448,14.704544067382812,13411900.0
2014-08-06,14.823372121442025,14.934771346836625,14.771386571724543,14.88278579711914,9394300.0
2014-08-07,14.927341378932347,15.03131245567178,14.756531348146229,14.786236763000488,8653500.0
2014-08-08,14.830799097024755,14.875359354582178,14.645135606702212,14.697122573852539,19783100.0
2014-08-11,14.860503780434113,14.979328283689474,14.860503780434113,14.890209197998047,10054400.0
2014-08-12,14.927340175024721,14.934766882264233,14.778808863233602,14.845647811889648,9283800.0
2014-08-13,15.098153114318846,15.187272201942648,15.053594278756869,15.098153114318848,11932500.0
2014-08-14,15.261534165678738,15.298667703491603,15.19469521411521,15.246682167053223,6287000.0
2014-08-15,15.261537283309888,15.261537283309888,15.075873805817068,15.187273025512695,7212400.0
2014-08-18,15.172415369423192,15.216974194955405,15.105576422875108,15.202120780944824,4432100.0
2014-08-19,15.328376574186114,15.454627798223497,15.328376574186114,15.402642250061035,7677200.0
2014-08-20,15.402643004265448,15.521467524883695,15.387789585063162,15.476908683776855,10026700.0
2014-08-21,15.387789462309092,15.439776429102373,15.291245071264445,15.313525199890137,10642500.0
2014-08-22,15.402636803153921,15.59572692554537,15.402636803153921,15.469475746154785,11389900.0
2014-08-25,15.484333028564885,15.499186445498713,15.335801692226212,15.358081817626953,9991200.0
2014-08-26,15.380355163032174,15.484327628811496,15.32836963839217,15.44719409942627,7830700.0
2014-08-27,15.536317317608816,15.558597441211633,15.365507286152956,15.528890609741211,12153100.0
2014-08-28,15.387785993256083,15.543744025476421,15.291241623976589,15.528890609741211,7620800.0
2014-08-29,15.558598010934967,15.558598010934967,15.454625513480924,15.55117130279541,5322800.0
2014-09-02,15.610583950641498,15.788820701049897,15.588303825653032,15.655142784118652,8116900.0
2014-09-03,15.80367014143915,15.87793437304929,15.72197778686869,15.855655670166016,9850200.0
2014-09-04,15.833382735561454,15.877941578047068,15.72941163092833,15.736838340759277,8057900.0
2014-09-05,15.692274722953595,15.736834972401468,15.580876932333432,15.729408264160156,5969000.0
2014-09-08,15.721986982133462,15.729413692937994,15.603162442261429,15.647721290588379,6724200.0
2014-09-09,15.647713598022808,15.744259374518663,15.580874650140924,15.63286018371582,7312400.0
2014-09-10,15.447199063866046,15.655142645754541,15.410066939046562,15.618010520935059,6244800.0
2014-09-11,15.469478807772147,15.551171180163319,15.402639851542956,15.521464347839355,7389100.0
2014-09-12,15.402645494158948,15.417498915762343,15.061025296282349,15.105584144592285,15136400.0
2014-09-15,15.20212490784619,15.20212490784619,15.023888140832106,15.031314849853516,8072900.0
2014-09-16,15.023889274843109,15.29124515379435,14.957050305105298,15.209552764892578,8209000.0
2014-09-17,15.268964942638753,15.39521617185099,15.254112940054966,15.313525199890137,6456800.0
2014-09-18,15.372938270971025,15.566027063249814,15.335804721301963,15.536321640014648,8889700.0
2014-09-19,15.506613213940575,15.558600178158954,15.22440534782621,15.239258766174316,8952700.0
2014-09-22,15.172418396608334,15.187271813582452,15.001608350905403,15.12043285369873,12063100.0
2014-09-23,15.068452007084046,15.209555262815556,15.061025296282349,15.105584144592285,9091000.0
2014-09-24,15.224404590420274,15.32837568068465,15.187272462897244,15.291243553161621,9684500.0
2014-09-25,15.098152006159783,15.127858838687272,14.897635136098453,14.934768676757812,12835200.0
2014-09-26,14.912490531606494,15.001609624517457,14.90506382248892,14.957049369812012,11396400.0
2014-09-29,14.801094113028578,14.875359794654672,14.667416169401616,14.815947532653809,12150400.0
2014-09-30,14.778810836447892,14.994181125650533,14.711971878867745,14.986754417419434,15357400.0
2014-10-01,14.986756580127297,15.023888710141502,14.845651936373383,14.92734432220459,16100700.0
2014-10-02,14.927346265609913,15.15756861797077,14.801095024024898,15.068450927734375,22937000.0
2014-10-03,15.306092450207922,15.521461275933358,15.246680213818204,15.469475746154785,19548800.0
2014-10-06,15.521467466384028,15.52889417595718,15.372937524421031,15.462055206298828,19804800.0
2014-10-07,15.365512971785089,15.402645108363267,15.120437187468564,15.135289192199707,9473500.0
2014-10-08,14.979327494526952,15.343227693637456,14.94219537040333,15.29866886138916,12264600.0
2014-10-09,15.42491774160494,15.43234444861023,15.157561955412612,15.202120780944824,10846800.0
2014-10-10,14.986754679744553,15.016460096689155,14.400057467716003,14.437191009521484,28668600.0
2014-10-13,14.711975679099863,14.934772734084035,14.570872435760023,14.608004570007324,14696600.0
2014-10-14,14.77138589137244,15.13528613913401,14.74168047140207,14.957049369812012,21296600.0
2014-10-15,14.645133542363423,15.038740596305425,14.444618077619213,14.905062675476074,20760400.0
2014-10-16,15.023888520341174,15.662571347316609,14.994183100005078,15.387788772583008,30662100.0
2014-10-17,15.261537549029724,15.462054448173166,15.261537549029724,15.387788772583008,14809100.0
2014-10-20,15.439775214321728,15.588305143973514,15.320949287500442,15.499187469482422,11512400.0
2014-10-21,15.543743526843608,15.944775823331637,15.44719774416155,15.885363578796387,17393800.0
2014-10-22,16.0413235845541,16.115589253508016,15.736835616692872,15.773967742919922,14927700.0
2014-10-23,15.840809258257954,15.90764822944681,15.69227789639382,15.81852912902832,10095300.0
2014-10-24,15.603157057057368,15.736834972401468,15.514037974661383,15.729408264160156,8800200.0
2014-10-27,15.83337986649865,15.892792117880452,15.677423237808842,15.863086700439453,11136800.0
2014-10-28,15.929926309869586,16.04132410869038,15.848233929701067,16.033897399902344,11058800.0
2014-10-29,16.019043982326274,16.085882944918723,15.922499601081551,16.033897399902344,9201700.0
2014-10-30,15.959627438054959,15.996760972012432,15.603154011060123,15.677419662475586,12181300.0
2014-10-31,16.108167089012547,16.434933858189684,16.108167089012547,16.353242874145508,19615000.0
2014-11-03,16.32353044286212,16.32353044286212,16.152720406113723,16.264118194580078,10560900.0
2014-11-04,16.330959692975924,16.33838640222966,16.160149629639875,16.301254272460938,8881100.0
2014-11-05,16.382941166046642,16.47206023842342,16.219557852605416,16.36066246032715,8994500.0
2014-11-06,16.368089913741365,16.382941912731404,16.130439515405108,16.189851760864258,6782500.0
2014-11-07,16.204708099365234,16.241841644787655,16.04875145809083,16.204708099365234,7835600.0
2014-11-10,16.412652456687756,16.58346252396211,16.405225747262783,16.531476974487305,7833800.0
2014-11-11,16.605740087828504,16.63544550444102,16.412649922097966,16.486915588378906,6580400.0
2014-11-12,16.17499577573593,16.390364581262848,16.15271565799205,16.375511169433594,11788800.0
2014-11-13,16.531478619587336,16.650303149211492,16.457212934447206,16.590890884399414,10891000.0
2014-11-14,16.66515147268387,16.687430179862123,16.568605686579147,16.63544464111328,8233100.0
2014-11-17,16.464635577219923,16.48691570220796,16.175001034874303,16.27154541015625,16309900.0
2014-11-18,16.160142363906676,16.420071404921355,16.11558354491823,16.375511169433594,13347000.0
2014-11-19,16.590886193984485,16.813681769918137,16.516620529840026,16.731990814208984,14975100.0
2014-11-20,16.78397701297645,16.947360347307715,16.724564762628734,16.902801513671875,11797500.0
2014-11-21,17.04390604167489,17.155303833375427,16.99934579179486,17.12559700012207,11661000.0
2014-11-24,16.977069598491,17.08846740669501,16.895377211441396,17.036481857299805,9042000.0
2014-11-25,17.036482246669934,17.133026638253277,16.98449669608659,17.014202117919922,6605100.0
2014-11-26,17.07361322543296,17.259276702982035,17.02905438744116,17.214717864990234,7688400.0
2014-11-28,17.326113149482634,17.482071184531836,17.170156530933145,17.430084228515625,6019000.0
2014-12-01,17.22957205255342,17.244424054880632,16.962216179663802,17.036481857299805,7990200.0
2014-12-02,16.835963440129188,16.85081685762199,16.665153388461544,16.76169776916504,9853000.0
2014-12-03,16.895376709252197,17.140452446616518,16.76912548597361,17.029054641723633,16566400.0
2014-12-04,17.006777073111387,17.029057204042374,16.858247116405266,16.947364807128906,6130000.0
2014-12-05,16.902804316391574,16.932509738241112,16.74684624805645,16.887950897216797,7679900.0
2014-12-08,16.917650793753275,17.006768439234293,16.628014904691373,16.709707260131836,9404100.0
2014-12-09,16.54632938161485,16.783978402682944,16.390371326226475,16.76912498474121,9606600.0
2014-12-10,16.67257853258926,16.67257853258926,16.464634956703833,16.479488372802734,10065400.0
2014-12-11,16.338388812426473,16.61317142935008,16.2789765461322,16.442359924316406,11096100.0
2014-12-12,16.434925551406998,16.501764496887827,16.31610107421875,16.31610107421875,11335100.0
2014-12-15,16.479492462041208,16.628022410387413,16.256695414771794,16.2938289642334,14120700.0
2014-12-16,16.197278860030117,16.226985691727414,15.915071041404289,15.922497749328613,11179200.0
2014-12-17,15.788825556967325,16.078460188396807,15.714559867331499,16.071033477783203,13146600.0
2014-12-18,16.375517117908686,16.501768331319994,16.130441399698483,16.18242835998535,10804900.0
2014-12-19,16.702284462443888,16.746843295612546,16.330957547538954,16.486915588378906,11708000.0
2014-12-22,16.538904940387553,16.76912728405188,16.501771390441633,16.613170623779297,4714700.0
2014-12-23,16.50177142130679,16.613170654852816,16.486919417800735,16.49434471130371,6055100.0
2014-12-24,16.5166181103392,16.717134949205835,16.50176469638622,16.598310470581055,1975600.0
2014-12-26,16.73199208717025,16.73941879579969,16.538901912304347,16.568607330322266,2634900.0
2014-12-29,16.828535699964387,16.895374658085586,16.62059211730957,16.62059211730957,3737200.0
2014-12-30,16.58346491914157,16.75427501108633,16.576038208643947,16.665157318115234,4791900.0
2014-12-31,16.69485778372199,16.813682283381947,16.583459992353244,16.62059211730957,3877200.0
2015-01-02,16.672582640588203,16.680007933967467,16.338387778518477,16.54633140563965,6074100.0
2015-01-05,16.442351555020565,16.46463167472771,16.123010255048715,16.14529037475586,9031800.0
2015-01-06,15.83337986649865,16.026470037614462,15.714555363735041,15.863086700439453,10169500.0
2015-01-07,16.033900950203332,16.160152194555334,15.848237438891573,16.093313217163086,10180200.0
2015-01-08,16.10816510741619,16.345814152673594,16.093311687962593,16.197282791137695,15825900.0
2015-01-09,16.056181269322227,16.07103327386077,15.610588553661538,15.744266510009766,17596000.0
2015-01-12,15.640292878173577,15.662573008163175,15.365511690802347,15.439777374267578,24695300.0
2015-01-13,15.610581478754895,15.818523613054486,15.588301357294416,15.63286018371582,11043200.0
2015-01-14,15.335799478598481,15.669994228871651,15.298667358123506,15.640287399291992,21760200.0
2015-01-15,16.776550196180075,17.177582529309998,16.27154536323888,16.999345779418945,36350200.0
2015-01-16,16.61316557287673,16.858241262009038,16.553753327526465,16.78397560119629,22402000.0
2015-01-20,16.783980273073517,17.222146235684068,16.687434462193195,17.14788055419922,23999700.0
2015-01-21,17.081033393476588,17.296403624879257,17.051326568524754,17.236989974975586,17966600.0
2015-01-22,17.229566193070937,17.615745035745324,16.999342529044483,17.608318328857422,25334400.0
2015-01-23,17.771710078441643,18.046491259508613,17.734576529310928,17.816268920898438,13027300.0
2015-01-26,17.786561594098785,17.96479836134634,17.7494280489431,17.94251823425293,14091400.0
2015-01-27,17.920237720407684,18.016783519228916,17.786561210231934,17.964797973632812,14735300.0
2015-01-28,18.150455338717098,18.187587454077438,17.712289578267956,17.77170181274414,16762900.0
2015-01-29,17.593468936588412,17.675159891452044,17.14044966484583,17.29640769958496,19411300.0
2015-01-30,17.073616712449688,17.170162533733123,16.83596763929079,16.865673065185547,17590300.0
2015-02-02,17.103320825522207,17.14045295609022,16.865670373787,17.036481857299805,12854500.0
2015-02-03,17.333544691353925,17.407810375588113,17.125601058798228,17.192440032958984,16676200.0
2015-02-04,17.51921412713951,17.638038695557956,17.415242983898512,17.51178741455078,11266500.0
2015-02-05,17.615750626689866,17.645457463669928,17.311262630144,17.571191787719727,12016600.0
2015-02-06,17.415231145641986,17.548907631868765,17.11816851002792,17.155302047729492,16529800.0
2015-02-09,17.02162768045277,17.036481098618506,16.702286272389095,16.83596420288086,12821100.0
2015-02-10,17.74942243598764,17.78655596940047,17.422654424452034,17.719717025756836,17077300.0
2015-02-11,17.734576871942927,18.083625158014936,17.652885895277215,18.039066314697266,14211100.0
2015-02-12,18.128182097640874,18.180167645469023,17.935091908207795,18.172740936279297,10136200.0
2015-02-13,18.15788666993735,18.536638875879813,18.120753128619626,18.447521209716797,11637500.0
2015-02-17,18.33612417068454,18.484654092547014,18.32869746211644,18.395536422729492,10525500.0
2015-02-18,18.336124942708025,18.45494945180092,18.27671268816158,18.350976943969727,7433100.0
2015-02-19,18.328699624922855,18.35097833675624,18.16531485014478,18.209875106811523,9929400.0
2015-02-20,18.34355715831179,18.350982452921766,18.046494379901638,18.150466918945312,7268000.0
2015-02-23,18.128182356633552,18.143035775225215,17.920238745850185,17.987077713012695,7827400.0
2015-02-24,18.105901206789202,18.625759496155126,18.083622496659157,18.596054077148438,15932700.0
2015-02-25,18.6034793695252,18.8039962596949,18.558920532765224,18.596054077148438,10388400.0
2015-02-26,18.417814873155223,18.558919500966837,18.3064170791986,18.328697204589844,7588500.0
2015-02-27,18.380681836295373,18.402961960582303,18.172738259116574,18.21729850769043,8541000.0
2015-03-02,18.120752994757183,18.291563034057617,18.120752994757183,18.291563034057617,7081200.0
2015-03-03,18.35097154472451,18.3658249581159,18.120749303155783,18.19501495361328,7485300.0
2015-03-04,18.247006222205325,18.269286349298948,17.92023810733171,18.068769454956055,9415000.0
2015-03-05,18.165311813354492,18.18016522976028,17.927662816860856,18.165311813354492,6882400.0
2015-03-06,18.00935796380994,18.105902352314708,17.853401317033015,17.890533447265625,6375000.0
2015-03-09,17.57861695158762,17.600897077363967,17.274128981809998,17.415233612060547,15598700.0
2015-03-10,17.095894886498407,17.27413167095668,17.014202495767513,17.118173599243164,12405600.0
2015-03-11,17.38552830954464,17.615750630185996,17.38552830954464,17.4449405670166,9485000.0
2015-03-12,17.452369298999546,17.63803280218039,17.430089168677803,17.47464942932129,10892000.0
2015-03-13,17.571193806295145,17.80141615333871,17.56376709619695,17.734577178955078,9748200.0
2015-03-16,17.801409697030245,18.113324325527003,17.749424161697387,18.031633377075195,18384800.0
2015-03-17,17.860822962378055,18.150458901743427,17.786558717078933,18.053913116455078,12558800.0
2015-03-18,18.20244701585355,18.492081579704994,17.9350911621446,18.350976943969727,14551700.0
2015-03-19,18.492081443108884,18.677744914257566,18.291564554308337,18.313844680786133,11699700.0
2015-03-20,18.41781513193396,18.49208080111511,18.32869746211644,18.395536422729492,7196900.0
2015-03-23,18.477230330978838,18.529217299247104,18.380685937195008,18.417818069458008,9110900.0
2015-03-24,18.276707310766476,18.343546254528277,18.157882836634265,18.19501495361328,9071500.0
2015-03-25,18.150461961817562,18.157888670899517,17.14045219067062,17.214717864990234,32339400.0
2015-03-26,17.12559788354357,17.45979269238434,17.051332213078968,17.229570388793945,36432500.0
2015-03-27,17.014201729059007,17.170159793744613,16.828538243218993,17.036481857299805,20264000.0
2015-03-30,16.91765770828195,17.30383669070321,16.91765770828195,17.266704559326172,14707100.0
2015-03-31,17.3855259030621,17.49692369333999,17.318686945595413,17.437511444091797,13621500.0
2015-04-01,17.4003814779691,17.430086898028193,17.18501116241595,17.251850128173828,13314800.0
2015-04-02,17.541482176606454,17.697438783994123,17.511775346723308,17.593467712402344,12443500.0
2015-04-06,17.229570400351097,17.63060275472918,17.22214369164967,17.482072830200195,11439200.0
2015-04-07,17.482071431058085,17.548908971022016,17.340966810023705,17.37067222595215,13305600.0
2015-04-08,17.177583427918833,17.340968186240918,17.14045130093646,17.229570388793945,10835200.0
2015-04-09,17.26670177034335,17.5786164396289,17.25927506196753,17.407806396484375,10183300.0
2015-04-10,17.623172072668936,17.6751576053583,17.363242992722586,17.452362060546875,10531900.0
2015-04-13,17.459788733066215,17.593466626288677,17.311257425819136,17.32611083984375,11125700.0
2015-04-14,17.259276702982035,17.303835540973836,16.954788713121545,17.214717864990234,13787000.0
2015-04-15,17.199867704419237,17.556341308868294,17.147882147499605,17.459796905517578,16883000.0
2015-04-16,17.459792317399316,17.489497735047262,16.82110954822058,17.259275436401367,28320800.0
2015-04-17,17.110744508944546,17.266701129549638,16.984493304240537,17.244421005249023,16113600.0
2015-04-20,17.378095715595858,17.541480430692147,17.222139123730642,17.281551361083984,15253500.0
2015-04-21,17.30383071880683,17.355817667892975,17.19985965363359,17.32611083984375,13191400.0
2015-04-22,17.378100218291117,17.70486831665039,17.370673509635242,17.70486831665039,15880200.0
2015-04-23,17.704869591800627,18.13560880936541,17.6008984961298,18.046489715576172,22973300.0
2015-04-24,18.70745342768107,18.796571108586658,18.33612645207446,18.499509811401367,28481800.0
2015-04-27,18.484655874170866,19.13819212615559,18.395538195763834,18.87083625793457,25744900.0
2015-04-28,18.73715961108801,18.781719869852825,18.417818172440445,18.573776245117188,14437100.0
2015-04-29,18.454947779279824,18.492079903818716,18.261857615378133,18.410388946533203,12642500.0
2015-04-30,18.195025769106714,18.28414488592982,18.091054646563343,18.150466918945312,16033300.0
2015-05-01,18.34355697774708,18.44752809926701,18.24701115076404,18.373262405395508,9732900.0
2015-05-04,18.239579001630357,18.276712545744957,18.031636820588073,18.061342239379883,9436900.0
2015-05-05,17.972227341470717,18.157890841211117,17.949947211561835,18.039066314697266,13233000.0
2015-05-06,18.105895743978405,18.20244151374562,18.009351390710645,18.157882690429688,8302200.0
2015-05-07,18.08362680331871,18.128185650690483,17.99450769207495,18.098480224609375,7299600.0
2015-05-08,18.165315873924303,18.37325950058863,18.11333032138324,18.232154846191406,11054400.0
2015-05-11,18.254436898660682,18.28414374124201,18.07620009267338,18.098480224609375,6256500.0
2015-05-12,17.95737178591163,18.195020810676397,17.927664949566072,18.10590171813965,10406900.0
2015-05-13,18.180172346886145,18.321277024980937,18.11333336339389,18.150466918945312,6596700.0
2015-05-14,18.098476038309485,18.20987383922196,18.053915784744586,18.12818145751953,9130500.0
2015-05-15,18.157887286397436,18.26928508113304,18.128180452334707,18.239578247070312,5952400.0
2015-05-18,18.180167003512025,18.180167003512025,18.098476038309485,18.12818145751953,9387100.0
2015-05-19,18.180161813372337,18.313839702904403,18.165308399757777,18.26185417175293,10063100.0
2015-05-20,18.20987574384574,18.321273556409633,18.128183353598867,18.25443458557129,9053200.0
2015-05-21,18.10589557369634,18.143029106526598,17.93508557217549,18.001924514770508,12175800.0
2015-05-22,18.09847641057326,18.254433051758582,17.972225189208984,17.972225189208984,8574500.0
2015-05-26,17.949945700369323,18.105902347101342,17.935092281680568,18.01678466796875,10911600.0
2015-05-27,17.9499456902467,18.343552786276923,17.897960141365346,18.269287109375,14361100.0
2015-05-28,18.187588100473825,18.30641257364928,18.09104374720606,18.157882690429688,10416600.0
2015-05-29,17.860821939767742,18.14303115514555,17.779130991315935,18.031633377075195,13170000.0
2015-06-01,17.95736299550967,18.001921811715864,17.771699608734753,17.927656173706055,10391300.0
2015-06-02,17.808835533536886,17.82368894761979,17.556333160125643,17.57861328125,12267300.0
2015-06-03,17.66031088215996,17.675162884150037,17.43751385430936,17.571191787719727,10846500.0
2015-06-04,17.28155722368758,17.400381738704347,16.917656969386247,17.066186904907227,16981800.0
2015-06-05,16.947359208611324,17.110743948464517,16.895373670112466,16.977066040039062,9277100.0
2015-06-08,16.98449838046225,17.02163051556136,16.78398145132667,16.82111358642578,9155900.0
2015-06-09,16.984495043450607,17.155305097747036,16.865669118179312,16.954788208007812,14045900.0
2015-06-10,17.118167292997747,17.333537546856057,17.08103517443574,17.32611083984375,14611900.0
2015-06-11,17.571194729845388,17.608326865787927,17.42266335307485,17.459796905517578,12836500.0
2015-06-12,17.482068922710187,17.645452228123535,17.37809644062939,17.57861328125,12115900.0
2015-06-15,17.370672333193227,17.4078058739577,17.251847835746396,17.274127960205078,12984800.0
2015-06-16,17.25928485253643,17.56377298617128,17.229579418682114,17.51178741455078,12381400.0
2015-06-17,17.496925473064312,17.60089798219918,17.415234507351084,17.52663230895996,12642300.0
2015-06-18,17.571194441617127,17.69744568485107,17.504355464816793,17.64546012878418,11225200.0
2015-06-19,17.541484191654938,17.58604302509866,17.3706727332044,17.37809944152832,11609100.0
2015-06-22,17.571190393844333,17.742000443429923,17.526631558408926,17.70486831665039,13407100.0
2015-06-23,17.83111404722033,17.853394166336173,17.638023931047876,17.77170181274414,9339600.0
2015-06-24,17.79398280818676,17.8236896375024,17.69743844591011,17.74942398071289,9368200.0
2015-06-25,17.853400811644253,18.068769710596737,17.82369397509912,17.883106231689453,8369700.0
2015-06-26,17.76428430246826,17.853403408566823,17.40781071107428,17.548913955688477,14805800.0
2015-06-29,17.371138376610762,17.578029214624724,17.133597856035657,17.148921966552734,14494500.0
2015-06-30,17.516725204766704,17.72361454365692,17.37113521985922,17.401784896850586,15836800.0
2015-07-01,17.72361531307633,17.800241701171345,17.50906318024243,17.570363998413086,12403200.0
2015-07-02,17.624004234231645,17.876870323479107,17.58569176615932,17.738943099975586,7884900.0
2015-07-06,17.624004888266704,17.82323294499557,17.524391590665786,17.57802963256836,7476100.0
2015-07-07,17.478418194333912,17.624008236822263,17.19490235854467,17.59335708618164,10131500.0
2015-07-08,17.309835745165735,17.363473780200458,16.995668858653623,17.033981323242188,13956700.0
2015-07-09,17.302175879605535,17.355813923691436,16.942033682509436,17.026321411132812,12147200.0
2015-07-10,17.118277766717096,17.37114394032548,17.118277766717096,17.294517517089844,9042600.0
2015-07-13,17.386459228854015,17.53204773916963,17.286844499136386,17.5167236328125,11501200.0
2015-07-14,17.447767722990488,17.547381035051973,17.386466885984827,17.470754623413086,8778400.0
2015-07-15,17.40178692804273,17.555039715467892,17.17190920843188,17.286848068237305,13861500.0
2015-07-16,16.896050930921806,17.493734912042584,16.627860806245717,17.4171085357666,29850800.0
2015-07-17,17.585690906899664,17.692966981482098,17.45542647568089,17.646991729736328,10314200.0
2015-07-20,17.646993299463844,17.654656085690906,17.332826371789444,17.547378540039062,12307200.0
2015-07-21,17.578027798854933,17.746604693181197,17.49373862092836,17.53205108642578,9372700.0
2015-07-22,17.21788668945507,17.27152619506806,16.942033682509436,17.026321411132812,17279900.0
2015-07-23,16.9573619622072,17.240879286885846,16.926712270135898,17.09528923034668,16251500.0
2015-07-24,16.90371594510642,17.018654793923012,16.558899398656642,16.581886291503906,15045700.0
2015-07-27,16.52825302626255,16.620205008750958,16.34435052281291,16.574228286743164,10167100.0
2015-07-28,16.63552650385862,16.850080121556438,16.551238783160183,16.765790939331055,13102700.0
2015-07-29,16.719817342195988,17.064635429520763,16.658516511285704,16.942033767700195,12780100.0
2015-07-30,17.033985121287124,17.455429633364446,17.003335435087724,17.394128799438477,17400600.0
2015-07-31,17.279187606943207,17.32516432627124,16.880732936789915,16.942033767700195,16313800.0
2015-08-03,16.781113767936844,16.781113767936844,16.489935262931336,16.643186569213867,11945800.0
2015-08-04,16.727476895521942,16.796440499657027,16.352009196079155,16.436298370361328,13832400.0
2015-08-05,16.512924120398946,16.758128870383295,16.48993722556036,16.558900833129883,7506500.0
2015-08-06,16.41331015703819,16.51292344080182,16.099143273940886,16.306034088134766,12945100.0
2015-08-07,16.290709209313444,16.40564806823523,16.08381838633809,16.114469528198242,16644500.0
2015-08-10,16.183433114988528,16.773452979766724,16.030180328939167,16.558900833129883,25398700.0
2015-08-11,16.09148424230598,16.168110650050966,15.74666613821713,15.961219787597656,18685200.0
2015-08-12,15.73133691479501,15.92290214115455,15.463145305586316,15.899913787841797,20957100.0
2015-08-13,15.746666414340545,15.853943971675543,15.63939031853274,15.739005088806152,7873400.0
2015-08-14,15.608738440555802,15.631725336986312,15.493798112295304,15.616399765014648,11355400.0
2015-08-17,15.248587385677501,15.562754150563084,15.087673342869591,15.539767265319824,18060200.0
2015-08-18,15.46314824647376,15.478473818263652,15.332883809313623,15.348209381103516,10410700.0
2015-08-19,15.325219709128852,15.371194959028722,15.041702501438158,15.256256103515625,12520400.0
2015-08-20,15.16430680744107,15.378858965022598,15.026379585266113,15.026379585266113,12865500.0
2015-08-21,14.750523889492175,14.949751920006198,14.459345359680501,14.46700668334961,20217500.0
2015-08-24,13.593470612444264,14.888452173387053,13.27164091864567,14.375057220458984,31876000.0
2015-08-25,15.118329899731647,15.332883516106357,14.329081967495455,14.375057220458984,25640300.0
2015-08-26,14.8194860477504,14.926762106965475,14.512981977473975,14.903775215148926,20952300.0
2015-08-27,15.03404114199364,15.279244422912598,15.003390001115351,15.279244422912598,17880000.0
2015-08-28,15.0417010208992,15.38651901502526,14.980400206557533,15.325218200683594,10980800.0
2015-08-31,15.44782525513315,15.47081361665803,15.133658288595868,15.233271598815918,9081400.0
2015-09-01,14.827152680225343,15.14131961648391,14.750526277388044,14.873127937316895,14185700.0
2015-09-02,15.09534196222338,15.378857707713358,15.057028036125518,15.279244422912598,14670900.0
2015-09-03,15.440158432460516,15.509122037483355,15.340545148275767,15.378857612609863,8174900.0
2015-09-04,15.095340763195537,15.194954040083983,15.018714378613113,15.072352409362793,8944000.0
2015-09-08,15.294569410607766,15.371195805679386,15.18729333442365,15.363533020019531,10390900.0
2015-09-09,15.662378911450382,15.830955844717856,15.187296337293374,15.233271598815918,10318700.0
2015-09-10,15.171971402732042,15.256260603683787,14.765853896024055,15.095346450805664,17806400.0
2015-09-11,15.125986013495545,15.286901520179418,15.026372765758897,15.248587608337402,9549900.0
2015-09-14,15.317562029972295,15.45548928717655,15.240935613578008,15.355875968933105,7790800.0
2015-09-15,15.447823788115628,15.754327938370487,15.355873273802708,15.624063491821289,11469800.0
2015-09-16,15.869267009472397,15.899918155642784,15.677701730488748,15.838617324829102,11471100.0
2015-09-17,15.769654670812653,16.10680999164767,15.761991883801949,15.830955505371094,11394200.0
2015-09-18,15.731337960637171,15.90757762983821,15.593410754644431,15.792638778686523,14057800.0
2015-09-21,15.731338500976562,15.876927035390201,15.63172375477056,15.731338500976562,12292100.0
2015-09-22,15.455482157779716,15.50912018605505,15.233265798894298,15.286905288696289,13482400.0
2015-09-23,15.057029388269477,15.547437455673613,15.018716920257937,15.332883834838867,22169600.0
2015-09-24,15.240930941992808,15.348208476673491,14.98806486846822,15.317557334899902,11088800.0
2015-09-25,15.447822200751007,15.555098276935121,15.294569410607766,15.363533020019531,10742300.0
2015-09-28,15.302230148292965,15.36353096384068,15.003388855188698,15.041701316833496,15576100.0
2015-09-29,15.034044964523805,15.286911094955638,14.934430192868325,15.240934371948242,10919600.0
2015-09-30,15.601072502409455,15.930564925592133,15.578084149096702,15.899913787841797,12400200.0
2015-10-01,16.05316789647813,16.091480360344413,15.784976264833691,15.984204292297363,14508200.0
2015-10-02,15.486135899999939,15.91524316194109,15.486135899999939,15.907580375671387,15271100.0
2015-10-05,16.13745471883538,16.42863468964856,15.930565379235917,16.39798355102539,10938100.0
2015-10-06,16.137458635782792,16.36733784667355,16.06083223215254,16.267723083496094,10577700.0
2015-10-07,16.61254048820618,16.93437020104143,16.5742265571978,16.804105758666992,13647100.0
2015-10-08,16.68916660075251,17.064634348994403,16.60487741551537,17.04930877685547,10343500.0
2015-10-09,17.09528042286659,17.18723237476179,16.788776352427078,16.819427490234375,11648800.0
2015-10-12,16.911376931436784,17.010991661603803,16.865401689104793,16.92670249938965,6779500.0
2015-10-13,16.71981561051952,16.88073118844737,16.612539532918916,16.811767578125,12740800.0
2015-10-14,16.689166982359176,17.26386279696694,16.597215008950037,17.11827278137207,22801100.0
2015-10-15,17.279182865130295,17.463086768920697,16.69682586205857,16.819427490234375,17867300.0
2015-10-16,16.86540969587617,17.026323851194658,16.850084120647562,16.980348587036133,9598700.0
2015-10-19,16.919042467949655,17.08761935827691,16.82709050679953,17.033981323242188,8940900.0
2015-10-20,17.011001481005014,17.179578441215792,16.988013115805952,17.09528923034668,6718400.0
2015-10-21,17.110610601283273,17.202562577949877,16.965020580530773,17.026321411132812,8154300.0
2015-10-22,17.15658509104714,17.332826249976915,17.102947049361696,17.248537063598633,8214500.0
2015-10-23,17.432437668871874,17.432437668871874,17.164246027814627,17.217884063720703,11854100.0
2015-10-26,17.21788915697036,17.25620309504188,16.804108856489037,16.980348587036133,12350400.0
2015-10-27,16.903718324217394,17.087620800512617,16.765791101614237,17.010995864868164,6885400.0
2015-10-28,16.911379802003147,17.064632584491978,16.758128481041165,16.919042587280273,9913700.0
2015-10-29,16.71214960890196,16.719812393188477,16.4899347106997,16.719812393188477,7939100.0
2015-10-30,16.735142610462717,16.91138231342856,16.58955259163016,16.82709312438965,8791800.0
2015-11-02,16.750465671738212,16.965017813082618,16.68150206586984,16.934368133544922,5716700.0
2015-11-03,17.04165017285652,17.58569642508322,16.942036852562047,17.447769165039062,12846400.0
2015-11-04,17.70062981456434,18.129735575573388,17.662315886734216,18.045446395874023,14372000.0
2015-11-05,17.800244082854718,17.800244082854718,17.58569192131361,17.608678817749023,8345300.0
2015-11-06,17.309838558138548,17.49374104879744,17.18723689769929,17.4860782623291,8805900.0
2015-11-09,17.432442929900283,17.608682661501952,17.378804877806495,17.59335708618164,8629200.0
2015-11-10,17.248537063598633,17.37113871931594,17.110609835534905,17.248537063598633,7388700.0
2015-11-11,17.179571969348192,17.394125579130723,17.07229589522038,17.302173614501953,5255100.0
2015-11-12,17.194899764425386,17.37880225594265,17.04164695739746,17.04164695739746,5685100.0
2015-11-13,16.91138381817634,16.972684653424434,16.528253232493952,16.773456573486328,7883500.0
2015-11-16,16.72747478181876,17.148917676921982,16.70448642950296,17.125930786132812,7121500.0
2015-11-17,17.187239072340212,17.486080474781375,17.14892513515079,17.256202697753906,7148400.0
2015-11-18,17.14892513515079,17.28685238597818,16.972685408661246,17.256202697753906,8010400.0
2015-11-19,17.578030378074786,17.578030378074786,17.309838695660538,17.371139526367188,7115100.0
2015-11-20,17.478420226730634,17.539721073612657,17.401793802746234,17.493745803833008,6039900.0
2015-11-23,17.562709267650852,17.578034844603472,17.271530613188375,17.294517517089844,5502100.0
2015-11-24,17.18723529803295,17.302174161306176,16.98034446722498,17.240873336791992,8911500.0
2015-11-25,17.294510853761253,17.363474461949885,17.24853560214446,17.286848068237305,5442600.0
2015-11-27,17.156579906960634,17.34814511882585,17.11826744919822,17.202556610107422,3995600.0
2015-11-30,17.194898322080324,17.524390806482867,17.14892160691232,17.440101623535156,8612900.0
2015-12-01,17.50139917512781,17.89219241179319,17.49373639069986,17.83855438232422,10256000.0
2015-12-02,17.76959228515625,17.899856708382647,17.66997754070422,17.76959228515625,6829100.0
2015-12-03,17.83855562598225,17.861542519342002,17.486074825355885,17.570363998413086,5884700.0
2015-12-04,17.49373872297796,17.907520368092865,17.41711233000925,17.861543655395508,6355600.0
2015-12-07,17.96882076472059,18.00713322953439,17.761929947061624,17.807905197143555,4634000.0
2015-12-08,17.62400571807916,17.792582637928426,17.53205374082596,17.685306549072266,6133900.0
2015-12-09,17.585686855879075,17.631662097034038,17.35580772705113,17.4171085357666,8663600.0
2015-12-10,17.40944819787621,17.50906293948804,17.32516048750478,17.355810165405273,7171900.0
2015-12-11,17.17957279517439,17.286848874458993,16.980344746840867,16.995670318603516,11326300.0
2015-12-14,17.110610601283273,17.171911431885313,16.911382536444872,17.026321411132812,7898600.0
2015-12-15,17.179574111230952,17.54737909254873,17.179574111230952,17.4860782623291,9444200.0
2015-12-16,17.70829625990959,17.80024678265152,17.539717865670706,17.74660873413086,7384800.0
2015-12-17,17.692971864236362,17.84622469438487,17.58569576004879,17.59335708618164,8925700.0
2015-12-18,17.447762362071774,17.685302849792215,17.40944843726087,17.570363998413086,8648000.0
2015-12-21,17.57037159751966,17.662322133780442,17.432444331601065,17.585697174072266,4958700.0
2015-12-22,17.608682072452957,17.692971272367707,17.585695171768755,17.66998291015625,4553900.0
2015-12-23,17.777258526325472,17.7849198513634,17.601017358384087,17.685306549072266,6172900.0
2015-12-24,17.738943099975586,17.838557855406783,17.685305060063545,17.738943099975586,2009500.0
2015-12-28,17.738942258205164,17.769593400430107,17.509064537625726,17.63166618347168,3100100.0
2015-12-29,17.67764376250724,17.80024542449345,17.608680144949112,17.685306549072266,4136700.0
2015-12-30,17.662315515254626,17.69296665687406,17.501401406333223,17.53205108642578,2574100.0
2015-12-31,17.516723241984515,17.6239992917239,17.29450689720829,17.43243408203125,3898300.0
2016-01-04,17.04164133598293,17.087616578314922,16.75046285251151,16.92670249938965,9145100.0
2016-01-05,16.99566714804626,17.179569590309963,16.819427490234375,16.819427490234375,7642100.0
2016-01-06,16.597215962080316,16.635528433976862,16.2907118023266,16.352012634277344,8063200.0
2016-01-07,15.99953339980104,16.38266400427597,15.953558136491685,16.16811180114746,11242800.0
2016-01-08,16.29836928442833,16.397982555854778,15.915238844050759,15.94588851928711,9290700.0
2016-01-11,16.221746177330175,16.283047001699025,15.861604016854061,16.037843704223633,9771200.0
2016-01-12,16.267718671685707,16.27538145612329,15.71601134591984,15.899913787841797,11629400.0
2016-01-13,16.01485041482001,16.145114809176345,15.670033932013109,15.693020820617676,12858400.0
2016-01-14,15.884587905805038,16.758126314621048,15.861601014472157,16.719812393188477,18687600.0
2016-01-15,15.75433004678145,16.3060390526028,15.75433004678145,16.16811180114746,12066200.0
2016-01-19,16.57422729284046,16.704491740996648,16.267723138804456,16.59721565246582,14807000.0
2016-01-20,15.968877129021182,16.252392841011385,15.892250747406353,16.160442352294922,10815300.0
2016-01-21,16.206419786880446,16.45162307196473,15.976542072495649,16.34434700012207,9105000.0
2016-01-22,16.673841316292556,16.819431331070344,16.56656523252315,16.804105758666992,8369200.0
2016-01-25,16.635524655261243,16.911379067143542,16.627863331843876,16.696826934814453,8463700.0
2016-01-26,16.689165287676328,16.75046610988202,16.474611679192975,16.543575286865234,7709700.0
2016-01-27,16.643192794188682,16.857746457064774,16.558905055741892,16.6125431060791,6432800.0
2016-01-28,16.68916863023547,16.75813225171998,16.459289404778037,16.574228286743164,7169000.0
2016-01-29,16.75812591823982,17.164243245132514,16.75812591823982,17.125930786132812,9010200.0
2016-02-01,16.995666321455936,17.279182024751087,16.97267796921851,17.21021842956543,5389200.0
2016-02-02,17.08762002919535,17.332824781380992,17.072295919674353,17.286848068237305,13487900.0
2016-02-03,17.432435857288713,17.70062747047542,17.309834227522227,17.562700271606445,13083200.0
2016-02-04,17.601017220485705,17.815570858044158,17.562704749487843,17.80024528503418,6473100.0
2016-02-05,17.631662075494795,17.899853661369818,17.36347048961977,17.43243408203125,9325400.0
2016-02-08,17.22555127539044,17.555043822368585,17.056974339006683,17.470754623413086,8355200.0
2016-02-09,17.033981992054613,17.37880003299778,16.91138034672524,17.286848068237305,8426600.0
2016-02-10,17.371136995662773,17.55503946099099,17.072295672195278,17.08761978149414,5761600.0
2016-02-11,16.98034395489958,17.133596742324617,16.696828198148232,16.857742309570312,10394600.0
2016-02-12,17.079960889917984,17.102947787903215,16.796443635374448,17.04164695739746,7326900.0
2016-02-16,17.33282365305097,18.152722650890045,17.309835297975617,17.884531021118164,13843800.0
2016-02-17,17.899856361202357,18.19103488078191,17.83089275838911,18.114408493041992,11956100.0
2016-02-18,18.374938167691642,18.535853735395204,18.206361276240777,18.237010955810547,12780200.0
2016-02-19,18.23701333526402,18.413254496510756,18.014798379427674,18.221689224243164,8950300.0
2016-02-22,18.405588220156023,18.48987593013268,18.275323801253812,18.35961151123047,7250300.0
2016-02-23,18.19103265473342,18.19869543872239,17.82322779242247,17.930503845214844,5802500.0
2016-02-24,17.68530434159349,18.007134029518298,17.493739085960314,17.945833206176758,5267500.0
2016-02-25,18.145062433617067,18.160388005836058,17.9151832349132,18.152725219726562,5076800.0
2016-02-26,18.152728473796,18.459232665484947,17.945837596333234,18.21402931213379,9920900.0
2016-02-29,18.060771967006072,18.198699184140708,17.976482787306704,18.045446395874023,6614000.0
2016-03-01,18.50520709150828,18.911326040574068,18.382605420380344,18.834699630737305,9858800.0
2016-03-02,18.73508058285365,18.926645818009508,18.681441089327535,18.865345001220703,5841300.0
2016-03-03,18.873008307410327,19.0569122386257,18.735082551289167,18.81937026977539,7957500.0
2016-03-04,18.819368763638565,19.118211531801613,18.7274182669167,18.88833236694336,7264600.0
2016-03-07,18.696769894739855,18.941973204332193,18.436241012916245,18.92664909362793,8971500.0
2016-03-08,18.66611744859319,19.04158514351553,18.63546630866804,18.88833236694336,11734000.0
2016-03-09,18.94196889536635,18.995608385973767,18.78871759249663,18.957294464111328,5807300.0
2016-03-10,19.049246415054505,19.156522473215976,18.781054808124143,18.957294464111328,6483700.0
2016-03-11,19.156525302916677,19.447703844449176,19.148862517412283,19.42471694946289,7560000.0
2016-03-14,19.39406545919128,19.447703495231984,19.24081413643598,19.325101852416992,4109400.0
2016-03-15,19.07989695005021,19.309776106994637,18.949632532906392,19.064571380615234,8839800.0
2016-03-16,18.97262109947066,19.76953171916378,18.94196996025755,19.754207611083984,10874100.0
2016-03-17,19.723559341220465,19.807848524792018,19.631608833257836,19.74654769897461,6264700.0
2016-03-18,19.830836592122335,20.114353841725226,19.76953576268483,19.953439712524414,7208700.0
2016-03-21,19.83084003793014,19.938117604231632,19.73122672085802,19.86915397644043,5494100.0
2016-03-22,19.738890128015857,19.96876792018247,19.662263710117866,19.777202606201172,6247400.0
2016-03-23,19.78485977211541,19.78485977211541,19.570307616800605,19.677583694458008,5465900.0
2016-03-24,19.554974919203683,19.731214542996145,19.493674116948636,19.71588897705078,5549000.0
2016-03-28,19.70823631044655,19.738887458070717,19.570310530719283,19.639272689819336,2197200.0
2016-03-29,19.58563618143176,19.938117099160813,19.49368565439098,19.899803161621094,4550800.0
2016-03-30,20.167994362721835,20.397873597501775,20.167994362721835,20.275270462036133,5999600.0
2016-03-31,20.137343007185112,20.2599446709694,20.060716601938154,20.07604217529297,5369100.0
2016-04-01,19.830826596348786,20.083692573011717,19.74653891181202,20.01473045349121,5091200.0
2016-04-04,20.022402058353507,20.022402058353507,19.777198738257688,19.807849884033203,4302700.0
2016-04-05,19.54732322692871,19.639273751718672,19.34043235386044,19.54732322692871,8612600.0
2016-04-06,19.271461585402648,19.723555639018528,19.17184831021984,19.63160514831543,8333100.0
2016-04-07,19.531989165868833,19.554977517841774,19.34808673466511,19.440038681030273,7774400.0
2016-04-08,19.731222575733923,19.7771978307605,19.317440895913727,19.37108039855957,8214600.0
2016-04-11,19.692913262961262,19.800189362391965,19.53966043960834,19.54732322692871,5406300.0
2016-04-12,19.692906978174687,19.708231086397657,19.394064214161773,19.593292236328125,4766900.0
2016-04-13,19.884474096261155,20.083700675744797,19.754209664120673,20.053050994873047,9082700.0
2016-04-14,19.386402130126953,19.562643265566777,19.225488026517738,19.386402130126953,13870800.0
2016-04-15,19.547320431366522,19.60095847341082,19.440044347277922,19.50900650024414,8019100.0
2016-04-18,19.447709416598823,19.677588663014866,19.40173415192654,19.539661407470703,6507600.0
2016-04-19,19.554983490138035,19.669922362053068,19.271466241989035,19.279129028320312,9378700.0
2016-04-20,19.102889822128112,19.348093144972538,18.957299801116577,19.24847984313965,9391300.0
2016-04-21,19.386405113904072,19.42471904556045,19.156527370074002,19.279129028320312,6044400.0
2016-04-22,19.29445421021359,19.39406750744861,19.11821451274477,19.21016502380371,6447400.0
2016-04-25,19.271466378703185,19.40939361059052,19.11821503557164,19.1641902923584,7772500.0
2016-04-26,19.309780310631368,19.424719183361795,19.14120193320149,19.1641902923584,9920000.0
2016-04-27,19.079905113777738,19.41706047797233,19.018604271335754,19.34809684753418,7302200.0
2016-04-28,18.888334715484262,19.064574407386818,18.443903361997346,18.512866973876953,12170200.0
2016-04-29,18.39027020960783,18.39793299757845,17.945838738003403,18.07610321044922,14955900.0
2016-05-02,18.06843603404911,18.198700474856533,17.976484062262163,18.152725219726562,6112100.0
2016-05-03,17.892195739761863,17.968822136767283,17.74660573160426,17.86920738220215,9323900.0
2016-05-04,17.86154402600955,18.045446496034167,17.80024320266801,17.945833206176758,7789900.0
2016-05-05,17.968822921822255,18.152725405753756,17.930508990882135,18.00713539123535,7238400.0
2016-05-06,18.00713308470176,18.091422260446397,17.88453144445147,17.938169479370117,5373300.0
2016-05-09,17.930511008510365,17.999474630435678,17.77725965208637,17.90752410888672,5189800.0
2016-05-10,17.853882227690434,17.96115977061558,17.807906973023655,17.9228458404541,5374500.0
2016-05-11,17.899861020949597,17.96882464171567,17.7236198448101,17.792583465576172,6185400.0
2016-05-12,17.80023732445524,17.84621402292359,17.432432505867027,17.616334915161133,7674600.0
2016-05-13,17.509066621734117,17.62400549570504,17.447765791514488,17.4860782623291,4837700.0
2016-05-16,17.60101637043319,17.807907211494726,17.555041115150743,17.708293914794922,4654300.0
2016-05-17,17.77726249639755,17.86155024438203,17.555046020967055,17.585697174072266,4017400.0
2016-05-18,17.624001095103548,18.114407614409185,17.547374711080366,18.022457122802734,10028100.0
2016-05-19,17.86154417646188,17.869206962134985,17.662316133542003,17.815568923950195,3868700.0
2016-05-20,18.00713361156745,18.405589684802628,17.953495575079423,18.321300506591797,8380600.0
2016-05-23,18.873005644812935,18.972620381961555,18.55117600288002,18.597152709960938,6840000.0
2016-05-24,18.627806516264314,18.82703457320362,18.58949404672973,18.750408172607422,7573600.0
2016-05-25,18.857682216431257,18.941969926061642,18.78871861485301,18.865345001220703,5151600.0
2016-05-26,19.003272514772952,19.095224479293417,18.842358403770756,18.9956111907959,8204700.0
2016-05-27,19.102887762875618,19.16418858697862,18.987948900373354,19.003273010253906,5381300.0
2016-05-31,19.026261916189547,19.041587488039106,18.796384184554057,18.941972732543945,7999900.0
2016-06-01,18.94197785290143,19.355759635530347,18.94197785290143,19.34809684753418,6126800.0
2016-06-02,19.317437652778292,19.348088792001437,19.210161588550807,19.294450759887695,4188200.0
2016-06-03,19.417054951064635,19.616282997674272,19.39406659361958,19.562644958496094,5041800.0
2016-06-06,19.616283074158847,19.669921113546163,19.486018637849522,19.51666831970215,7579500.0
2016-06-07,19.70823446711124,20.014740068576423,19.692910356259603,19.96876335144043,6624300.0
2016-06-08,20.313582601349623,20.367220646261135,20.145005679980986,20.175655364990234,6173600.0
2016-06-09,19.853824323667673,20.114353205923702,19.853824323667673,20.099027633666992,5760100.0
2016-06-10,19.846159475945136,19.899797511744758,19.570306511614667,19.815509796142578,6699400.0
2016-06-13,19.577971856098163,19.78486271797981,19.539659383095117,19.639272689819336,7414600.0
2016-06-14,19.57030534323028,19.700568301522782,19.455365031633974,19.593292236328125,7191500.0
2016-06-15,19.669921716921372,19.945776169691655,19.66225893084142,19.800186157226562,6926800.0
2016-06-16,19.547318155617603,19.85382226127749,19.44770340782385,19.815509796142578,4637700.0
2016-06-17,19.83849956828164,19.869150714057156,19.61628460751746,19.807849884033203,5813100.0
2016-06-20,20.16799062071945,20.413193923100835,20.137340938685263,20.2063045501709,10019300.0
2016-06-21,20.267603766145715,20.420855087199623,20.183314589573612,20.374879837036133,6095200.0
2016-06-22,20.382542174201536,20.627745451718404,20.32124135482232,20.336566925048828,8010400.0
2016-06-23,20.413192602595668,20.54345703125,20.3212421009143,20.54345703125,6708600.0
2016-06-24,19.608620084099122,20.07603978508114,19.54731925950533,19.677583694458008,9529800.0
2016-06-27,19.5893318745513,19.843738545693515,19.366726795493545,19.796037673950195,10314300.0
2016-06-28,20.050450899960403,20.169705392880296,19.94709872466488,20.082252502441406,14428100.0
2016-06-29,20.416158679719164,20.646714197537616,20.4082082802932,20.511560440063477,8758600.0
2016-06-30,20.7262187938672,21.004476736682548,20.535413737292508,20.853422164916992,9765900.0
2016-07-01,21.171429447373715,21.187330246990808,21.060126882821475,21.091928482055664,5939300.0
2016-07-05,20.797765372573863,20.909067913674598,20.765965296423683,20.877267837524414,5678400.0
2016-07-06,20.51156178479054,20.829571717143175,20.47181130143833,20.789819717407227,6062900.0
2016-07-07,20.8693256286403,21.091932314577367,20.86137522738712,20.91702651977539,5327900.0
2016-07-08,21.068078040458627,21.306583977759367,20.99652595599165,21.250932693481445,5780600.0
2016-07-11,21.592794039173317,21.7597494217173,21.568942836985922,21.624595642089844,6051600.0
2016-07-12,21.624592377712357,21.696144457089385,21.33838406020425,21.441736221313477,8538700.0
2016-07-13,21.40198497153414,21.47353704834182,21.274781616405726,21.37813377380371,10553300.0
2016-07-14,21.46558667537954,21.64844130905256,21.179378367798392,21.55303955078125,12145100.0
2016-07-15,21.6166435213872,21.67229480567922,21.44173775203083,21.473539352416992,5996500.0
2016-07-18,21.712038694002285,21.98234614963446,21.584835363867533,21.974395751953125,7767300.0
2016-07-19,21.76769389598741,21.878997967261462,21.61664086188851,21.68024253845215,4997300.0
2016-07-20,21.783600028871888,21.934654616346556,21.68819824885501,21.90285301208496,5805100.0
2016-07-21,21.998249210365135,22.117502155099157,21.799493797013945,21.84719467163086,6369300.0
2016-07-22,21.886949736921704,22.093655577793164,21.847197738840457,22.053903579711914,5116800.0
2016-07-25,21.85514852550063,22.197008133135142,21.85514852550063,22.149307250976562,7799700.0
2016-07-26,22.236756183127603,22.586566152254548,22.228805784240226,22.522964477539062,10178800.0
2016-07-27,22.65016683253723,22.65016683253723,22.212905527613724,22.34010887145996,7057700.0
2016-07-28,22.491164563014955,22.570665519703628,22.260607542743863,22.371910095214844,4746300.0
2016-07-29,22.340117309294296,22.340117309294296,21.990307223402574,22.085710525512695,7366600.0
2016-08-01,22.538868528482237,22.856876947959705,22.538868528482237,22.753524780273438,7328200.0
2016-08-02,22.650172628833214,22.650172628833214,22.308312986119002,22.387815475463867,6088500.0
2016-08-03,22.324213787264746,22.451417163662985,22.189060010293638,22.387815475463867,3872000.0
2016-08-04,22.43551673075178,22.60247211275462,22.356015756485924,22.57862091064453,3165000.0
2016-08-05,22.77737731371278,22.93638230153679,22.761476511653587,22.888681411743164,5573000.0
2016-08-08,22.864823013604372,23.166930575742747,22.825071020965463,23.127180099487305,8731700.0
2016-08-09,23.198733921409715,23.397489350460337,23.1669323248975,23.373638153076172,6660600.0
2016-08-10,23.389536626494277,23.413387821507715,23.198731615537064,23.230531692504883,8229100.0
2016-08-11,23.16693115234375,23.3497872902669,22.89662366120536,23.16693115234375,9134000.0
2016-08-12,23.190787692582205,23.270290181775763,23.103334802830904,23.24643898010254,3481800.0
2016-08-15,23.357737924652596,23.41339071990668,23.302086645782136,23.36568832397461,3187000.0
2016-08-16,23.18283194379104,23.21463353868544,23.039727799533246,23.119230270385742,5914400.0
2016-08-17,23.055627053707067,23.055627053707067,22.848921249880238,23.03972625732422,6996800.0
2016-08-18,22.984079183315515,23.21463622381689,22.92842790219689,23.18283462524414,4254200.0
2016-08-19,22.761472131628242,22.809174528626365,22.6660703703993,22.76942253112793,6241800.0
2016-08-22,22.49911841999479,22.642222599887546,22.43551673075178,22.57862091064453,6415400.0
2016-08-23,22.7376255056565,22.809177594387286,22.62632141408425,22.658123016357422,5501800.0
2016-08-24,22.71377334561809,22.73762454631665,22.530918689413866,22.570669174194336,5391500.0
2016-08-25,22.761472897639724,22.928428259984546,22.674021532967394,22.73762321472168,6388200.0
2016-08-26,22.737622449512834,22.97612836896884,22.602468690785454,22.76942253112793,5267500.0
2016-08-29,22.72172204118165,22.872776601505574,22.705821241908883,22.81712532043457,3143900.0
2016-08-30,22.72967358016872,22.809176064134025,22.68197269634304,22.753524780273438,5001800.0
2016-08-31,22.864829252932644,23.039733519121114,22.793277163041022,22.848928451538086,4674700.0
2016-09-01,22.80917190287482,23.079479389212256,22.76146951136811,23.023826599121094,6066600.0
2016-09-02,23.13513107382462,23.222582427039857,23.07947979912851,23.16693115234375,6050200.0
2016-09-06,23.461087410795383,23.628041217599428,23.29413208760799,23.445186614990234,6433000.0
2016-09-07,24.12891021130696,24.287913650129365,23.675748060268464,23.707548141479492,14429800.0
2016-09-08,23.77115001551107,23.787050814438988,23.56444417859905,23.683698654174805,6361600.0
2016-09-09,23.29414009052867,23.3179912924307,22.697873690432708,22.72967529296875,8325600.0
2016-09-12,22.697869913356634,23.087431897678105,22.419613519389326,23.047679901123047,5844500.0
2016-09-13,22.825075532942456,22.88072833363817,22.50706711088578,22.650171279907227,6857800.0
2016-09-14,22.67402229630813,22.864827347994613,22.54681892851714,22.753524780273438,5088700.0
2016-09-15,22.745574010851858,23.270288273564297,22.745574010851858,23.1987361907959,6305100.0
2016-09-16,23.15898360531283,23.230535686270866,22.872776797864393,22.984079360961914,7329300.0
2016-09-19,23.77910309027435,23.94605846503375,23.747303005224445,23.79500389099121,7696400.0
2016-09-20,23.97785643088805,24.04145811175047,23.763200189333496,23.771150588989258,5763300.0
2016-09-21,23.922206310825864,24.29586601448145,23.89040471065921,24.248165130615234,8097200.0
2016-09-22,24.454870601078852,24.605925166746644,24.256115152288924,24.375368118286133,5329000.0
2016-09-23,24.367422756073584,24.383323559196196,23.866559588783684,23.946062088012695,7959800.0
2016-09-26,23.866551949211054,23.906302427909594,23.620094128852717,23.723447799682617,4363300.0
2016-09-27,23.691647759918485,24.192512316169754,23.572394799605593,24.16866111755371,5707200.0
2016-09-28,24.224309137590875,24.248160332996786,23.954001655191057,24.113006591796875,4125100.0
2016-09-29,24.097109038089243,24.367416556869752,23.985806477315034,24.16866111755371,5985800.0
2016-09-30,24.081211469622676,24.391269491784485,24.03350906899488,24.319717407226562,5725700.0
2016-10-03,24.359467317289745,24.494621083115803,24.303816034252613,24.42306900024414,4198500.0
2016-10-04,24.50256896043199,24.58207143503594,24.136859700190833,24.160709381103516,5104800.0
2016-10-05,24.383321010071384,24.41512109660806,24.248167230426766,24.272018432617188,6205000.0
2016-10-06,24.407176384255372,24.49462777446748,24.152768066555733,24.462827682495117,4099900.0
2016-10-07,24.550272760207296,24.81262989615322,24.367418108326387,24.788780212402344,5753400.0
2016-10-10,24.79673023518371,25.027285767442393,24.772879035411954,24.868282318115234,7810500.0
2016-10-11,24.637726596700187,24.637726596700187,24.2561164780973,24.431020736694336,10157600.0
2016-10-12,24.566170742757674,24.971632000240778,24.407167309247797,24.923931121826172,9587000.0
2016-10-13,24.590026879903384,24.590026879903384,23.469046155479614,24.272018432617188,17323000.0
2016-10-14,24.693376533073273,24.860331898576355,24.30381603541106,24.375368118286133,9822900.0
2016-10-17,24.264057741871024,24.454862729325264,24.152753695235283,24.303808212280273,7598400.0
2016-10-18,24.57412663257234,24.62977792255434,24.399222361716937,24.53437614440918,5487500.0
2016-10-19,24.605924410991257,24.677476491668653,24.37536736961216,24.62977409362793,6733000.0
2016-10-20,24.590022475576447,24.764926711160726,24.486668800980212,24.693374633789062,7329800.0
2016-10-21,24.58207473679117,24.75697899130536,24.454871366892892,24.709278106689453,3817100.0
2016-10-24,24.75697766726568,24.971633911132812,24.709276785200885,24.971633911132812,3768900.0
2016-10-25,24.963684273605605,25.138590040489742,24.947783473637273,25.082937240600586,3214700.0
2016-10-26,24.796732322253366,24.987537387335706,24.70132903152026,24.812631607055664,4121500.0
2016-10-27,24.8285370802901,24.852388286557485,24.446926878316862,24.462827682495117,6243200.0
2016-10-28,24.59798148524199,24.72518488589974,24.45487728040599,24.462827682495117,5210800.0
2016-10-31,24.59002400107084,24.749027447906954,24.518471919260293,24.725177764892578,3212300.0
2016-11-01,24.741075644210017,24.804677318714063,24.232260731794128,24.415115356445312,5815800.0
2016-11-02,24.383316006717855,24.431016884926795,24.04145642738938,24.160709381103516,5274700.0
2016-11-03,24.12890872226173,24.248161673115096,23.993754973592303,24.073257446289062,4890800.0
2016-11-04,24.017603119984777,24.20840964882405,23.866550099530237,24.041454315185547,4431900.0
2016-11-07,24.423066591130276,24.94778080284168,24.391266510981733,24.923931121826172,3981800.0
2016-11-08,24.80468063391123,25.043186566082326,24.653626068131537,24.915983200073242,4077100.0
2016-11-09,24.359467891365956,24.637725829493004,24.09711075344817,24.319717407226562,8996700.0
2016-11-10,24.287914415883463,24.287914415883463,23.34979000301808,23.405441284179688,10104300.0
2016-11-11,23.103334223645955,23.914256863600027,22.864828278428316,23.79500389099121,7506800.0
2016-11-14,23.278234212828956,23.532640895529255,22.90457307077738,22.93637466430664,8551400.0
2016-11-15,23.30209486902981,23.405448580305592,22.872783768823762,23.214643478393555,11135600.0
2016-11-16,23.12718412679385,23.77115135584825,23.12718412679385,23.739351272583008,8802600.0
2016-11-17,23.850650909433817,23.86655170730549,23.333887109672794,23.429288864135742,7065100.0
2016-11-18,23.39748878477594,23.508791337110566,23.206683759466497,23.429288864135742,5136600.0
2016-11-21,23.532646746644044,23.643949318903637,23.421342658000636,23.572397232055664,4477100.0
2016-11-22,23.826803209671958,23.969907378753245,23.66779975676902,23.779102325439453,8937500.0
2016-11-23,23.77114925174758,23.954003884392627,23.64394589717854,23.763198852539062,4017500.0
2016-11-25,23.651901059408058,23.699601947881554,23.54059848084193,23.58034896850586,2101800.0
2016-11-28,23.62009945616979,23.80295564202202,23.484947191558863,23.58034896850586,5435000.0
2016-11-29,23.516750146377493,23.651903943854883,23.166940050015288,23.49289894104004,9254600.0
2016-11-30,23.492890572238764,23.707546794657244,23.373637620800793,23.60419464111328,6403400.0
2016-12-01,23.45313954937935,23.469040346904194,22.530914522307658,22.69786834716797,12499600.0
2016-12-02,22.674020790406235,22.952278707612347,22.570667113200475,22.94432830810547,5195800.0
2016-12-05,23.00793532340143,23.28619330513659,22.9522840303312,23.071537017822266,3953100.0
2016-12-06,23.30208703888388,23.540594473416945,23.214635677633705,23.461091995239258,4336200.0
2016-12-07,23.437243456780937,23.80295429134964,23.254388797688495,23.79500389099121,3911600.0
2016-12-08,24.065312399555612,24.065312399555612,23.73935355375018,23.882457733154297,4094600.0
2016-12-09,24.105065570086676,24.35152195295097,23.818857179415847,23.946062088012695,4387400.0
2016-12-12,23.826801870195915,23.826801870195915,23.556494347434704,23.771150588989258,3428000.0
2016-12-13,23.89835246807385,24.359465004815164,23.874502786969867,24.136859893798828,5857700.0
2016-12-14,24.057359108890584,24.160711272498023,23.73140030224229,23.74730110168457,6108400.0
2016-12-15,23.977859497070312,24.08121318942796,23.87450732109654,23.977859497070312,5073300.0
2016-12-16,23.8904046953323,23.914255895441986,23.36569042398927,23.43724250793457,6662100.0
2016-12-19,23.445190795955767,23.484942792557597,23.190784083238558,23.270286560058594,6157000.0
2016-12-20,23.33389129260635,23.50084515103715,23.166935917791733,23.30208969116211,5570800.0
2016-12-21,23.238483224491176,23.278235218119473,22.984076530804106,23.16693115234375,6267500.0
2016-12-22,23.047683919818393,23.055634320515672,22.658123383955058,22.848928451538086,7455900.0
2016-12-23,22.880733625680083,23.158990111597237,22.80918152462021,23.095388412475586,4853500.0
2016-12-27,23.055631263239604,23.238485905878044,23.055631263239604,23.135133743286133,3083000.0
2016-12-28,23.262337874756774,23.310038757810048,23.08743362597228,23.15103530883789,3663300.0
2016-12-29,23.047684465657973,23.18283824794479,22.904580282485586,23.158987045288086,5323900.0
2016-12-30,23.214638721151022,23.23848840626255,22.753526106927385,22.85687828063965,4862800.0
2017-01-03,23.25438880537957,23.46109466561567,23.10333423128707,23.30208969116211,6280300.0
2017-01-04,23.365695777095777,23.421347073717726,23.214642690945944,23.294143676757812,4391800.0
2017-01-05,23.476993754712748,23.779101364488326,23.469043354931326,23.691648483276367,4775700.0
2017-01-06,23.643944722371398,23.73139759293615,23.421338104744528,23.55649185180664,4878700.0
2017-01-09,23.68370226540055,23.961958707148693,23.628049460667047,23.882457733154297,8371700.0
2017-01-10,23.88245181867468,24.08915611953053,23.771147753155955,23.906301498413086,7582000.0
2017-01-11,23.67574940656237,24.00965861837551,23.628047007457837,23.985807418823242,7467300.0
2017-01-12,23.310041626577572,23.739354176043744,23.039734062036036,23.286191940307617,13032200.0
2017-01-13,23.45314216569197,23.572395127664514,23.230535524661853,23.405441284179688,9811100.0
2017-01-17,23.54059162421121,23.572391701803216,23.421337163186667,23.548542022705078,7679800.0
2017-01-18,23.492887486022337,23.596241142372474,23.405436141860704,23.445186614990234,7692800.0
2017-01-19,23.445189301184968,23.60419424468752,23.36568682943369,23.55649185180664,8493200.0
2017-01-20,23.548542654885505,24.057356041084823,23.508790661348996,23.906301498413086,7399400.0
2017-01-23,24.0971057948596,24.24020993452815,24.017603326556692,24.113006591796875,6959800.0
2017-01-24,24.272013688037774,24.56617087563308,24.256112889685706,24.5025691986084,7213600.0
2017-01-25,24.725177957483993,24.908032605142502,24.5979745924708,24.892131805419922,8025800.0
2017-01-26,24.85238438855565,25.00343897178844,24.65362891665394,24.733131408691406,8308700.0
2017-01-27,24.780829240953203,24.923933405693738,24.64567547607422,24.844430923461914,5982200.0
2017-01-30,24.70132675954579,24.804680441365726,24.597974594109576,24.796730041503906,7253100.0
2017-01-31,24.677475148967467,24.772876907090726,24.431017321651233,24.574121475219727,6263100.0
2017-02-01,24.836481476587732,24.892132761370256,24.518473051842033,24.709278106689453,5036900.0
2017-02-02,24.415115183221737,24.558219328936406,24.343564626747924,24.470767974853516,5794800.0
2017-02-03,24.61386814447043,24.70927140420754,24.486664809076526,24.62181854248047,5249100.0
2017-02-06,24.60592766292031,24.60592766292031,24.407172193967426,24.542325973510742,3523700.0
2017-02-07,24.574118930489586,24.621819804611636,24.24816017728593,24.264060974121094,6209500.0
2017-02-08,24.39921487113397,24.407165269602608,24.081206514305787,24.113006591796875,7776600.0
2017-02-09,24.11301192893473,24.248165700049373,23.98580855804845,24.017608642578125,8547000.0
2017-02-10,24.20046065273387,24.494617828671252,24.12890857936888,24.415115356445312,6749400.0
2017-02-13,24.59797423655272,25.281691934509738,24.59797423655272,25.19424057006836,10203800.0
2017-02-14,25.01933210794104,25.01933210794104,24.733125329886352,24.908029556274414,5208600.0
2017-02-15,25.043184115192084,25.28169002402143,25.043184115192084,25.241939544677734,4577200.0
2017-02-16,25.21808933885129,25.830257966054056,25.146537260112243,25.69510269165039,13197100.0
2017-02-17,25.520197697286235,25.7428058559827,25.456597532492516,25.71100425720215,7518200.0
2017-02-21,25.750759524413635,25.814362733793764,25.57585373138623,25.703060150146484,5475400.0
2017-02-22,25.599699189560493,25.599699189560493,25.3691421701103,25.49634552001953,5296200.0
2017-02-23,25.559949444961646,25.559949444961646,25.22603874638682,25.241939544677734,5291200.0
2017-02-24,25.130639840214783,25.37709617614746,25.019335755935703,25.37709617614746,3687100.0
2017-02-27,25.297593112957685,25.297593112957685,25.027285583070718,25.06703758239746,5841900.0
2017-02-28,25.11473998822541,25.186292074968918,24.963685414390905,25.019336700439453,6040800.0
2017-03-01,24.979583369603244,25.122687526788937,24.852380011301214,25.106786727905273,4910300.0
2017-03-02,24.796732731149007,24.83648321838603,24.478724284101173,24.542325973510742,8561100.0
2017-03-03,24.54232520891197,24.582075694910593,24.279968058723075,24.526424407958984,6120700.0
2017-03-06,24.48667240557652,24.597976495863577,24.415120317671928,24.526424407958984,5467400.0
2017-03-07,24.653625875116106,24.96368388778781,24.613873875809656,24.892131805419922,7014000.0
2017-03-08,25.019333052012154,25.059085047952752,24.80467833946732,24.82057762145996,4528500.0
2017-03-09,24.558222012950534,24.69337577463187,24.423068251269196,24.62977409362793,6120700.0
2017-03-10,24.54232159612321,24.70927543240135,24.502569599592498,24.693374633789062,5655300.0
2017-03-13,24.860335328260486,25.098841293158735,24.836484125217087,25.043190002441406,3965700.0
2017-03-14,24.947785384370306,25.019337473324168,24.804682722846444,24.812631607055664,5967200.0
2017-03-15,24.947784233356163,25.464548116993594,24.915984148834863,25.3691463470459,4571400.0
2017-03-16,25.63945540458802,25.81436118713601,25.59970491749105,25.766658782958984,6489000.0
2017-03-17,25.91771031267471,26.044913683515084,25.790506941834337,25.909761428833008,6199800.0
2017-03-20,26.076710322990238,26.323168133937536,26.00515825095825,26.1164608001709,5126700.0
2017-03-21,26.42652389838747,26.657077897441976,25.790504081945752,25.82230567932129,9159900.0
2017-03-22,25.893857959742423,26.116463077579336,25.82230588147095,25.989259719848633,6713500.0
2017-03-23,25.814357953261666,25.965410998414207,25.734853956259762,25.885910034179688,5909900.0
2017-03-24,26.02106019859915,26.31521738205914,25.925658442595104,26.08466339111328,5899900.0
2017-03-27,26.11646764495393,26.44242649569208,26.060816355762135,26.370874404907227,5661500.0
2017-03-28,26.52192705958043,26.577578341545475,26.339072414157073,26.513975143432617,4527000.0
2017-03-29,26.195973587190977,26.211874389958123,26.05286939505467,26.180072784423828,4083900.0
2017-03-30,26.108513849722236,26.354971678906004,26.060811453915537,26.29136848449707,3890600.0
2017-03-31,25.997212224327775,26.18801574886081,25.893858546091433,26.1085147857666,4853500.0
2017-04-03,26.188010590294123,26.23571297841454,26.005155984982636,26.14826011657715,4283100.0
2017-04-04,26.076717760133786,26.195972258454443,26.052868073576803,26.124420166015625,3756600.0
2017-04-05,26.283422854214223,26.498079112757733,26.13236676518308,26.156219482421875,5112900.0
2017-04-06,26.140320967976237,26.1880203410902,26.021066469655576,26.124420166015625,3990800.0
2017-04-07,26.124417296696603,26.267521465856703,26.05286521211655,26.132366180419922,3366300.0
2017-04-10,26.13236329417287,26.13236329417287,25.774602910786253,25.854106903076172,4937100.0
2017-04-11,25.98925913482978,25.98925913482978,25.424794437153853,25.758705139160156,6293800.0
2017-04-12,25.814359461992602,25.949511715643787,25.456599036493042,25.66330337524414,6136500.0
2017-04-13,25.520198633645958,25.79845808403429,25.297593499549286,25.305543899536133,8781700.0
2017-04-17,25.4725000275701,25.496349711859477,25.257843770662937,25.464548110961914,6918900.0
2017-04-18,25.24988957134809,25.32939204524628,25.146535900365368,25.273740768432617,5468600.0
2017-04-19,25.37709636770022,25.400947568022293,25.03523674500271,25.130640029907227,4739200.0
2017-04-20,25.257839970376263,25.33734244427446,25.154486299393543,25.273740768432617,4237700.0
2017-04-21,25.51225186277699,25.552002349619304,25.400949286511405,25.504302978515625,4530400.0
2017-04-24,25.90180969685074,26.07671241704436,25.83025761907286,25.997211456298828,5717000.0
2017-04-25,26.044910655313302,26.378821360425736,26.036961772395802,26.29136848449707,5614300.0
2017-04-26,26.283422081092958,26.32317256496489,26.09261551263317,26.235719680786133,6027700.0
2017-04-27,26.3231656823113,26.47421869463618,26.24366170258763,26.25161361694336,5625600.0
2017-04-28,26.354971678906004,26.434472639149938,26.267518802977335,26.29136848449707,5250500.0
2017-05-01,26.36292343969761,26.561678894771557,26.347022639359587,26.553730010986328,4015100.0
2017-05-02,26.688881692443076,27.0227924268467,26.688881692443076,26.97509002685547,5989300.0
2017-05-03,26.93534407513394,27.261302947998047,26.903542469789148,27.261302947998047,6660700.0
2017-05-04,27.18179073098557,27.18179073098557,27.006888019912058,27.142040252685547,5697300.0
2017-05-05,27.15793880717827,27.38054389348377,27.054585145922065,27.364643096923828,5249800.0
2017-05-08,27.587255111751332,27.90526198955723,27.53160383231612,27.809860229492188,6906900.0
2017-05-09,27.929107358409876,28.191462887777448,27.929107358409876,28.15171241760254,7297900.0
2017-05-10,28.04040988800621,28.326618125691905,27.889356888234968,28.15171241760254,9936700.0
2017-05-11,28.318670656807818,28.461774798111847,28.11991524197077,28.270971298217773,6648900.0
2017-05-12,28.223268672576985,28.23916946956399,28.024513259389824,28.119915008544922,4905000.0
2017-05-15,28.11196858715022,28.13581826833489,27.730358524359556,27.873462677001953,9784700.0
2017-05-16,27.83371429573579,27.8496150970459,27.666760431131262,27.8496150970459,6046200.0
2017-05-17,27.666752166029042,27.674704080692436,27.34079341846734,27.364643096923828,8128100.0
2017-05-18,27.38055679836332,27.817821327934148,27.3567071086661,27.74626922607422,8303700.0
2017-05-19,27.889364246326668,28.008615688313675,27.778058654597945,27.984766006469727,7283300.0
2017-05-22,28.135822115932328,28.231223886484468,28.03246842871974,28.143774032592773,5914200.0
2017-05-23,28.135822115932328,28.21532611869878,28.064270029826318,28.143774032592773,6612800.0
2017-05-24,28.159666087824853,28.294821348726025,28.09606593128141,28.23917007446289,7812500.0
2017-05-25,28.350478936891257,28.45383262615499,28.215326678657473,28.278926849365234,4514900.0
2017-05-26,28.263029480355108,28.28688220093856,28.08812671509532,28.23122787475586,3109800.0
2017-05-30,28.366381819829286,28.469735516679098,28.207376832237546,28.44588279724121,4219300.0
2017-05-31,28.08017120730443,28.11197280883789,27.905265431638046,28.11197280883789,7663100.0
2017-06-01,28.382274077942846,28.557176782151657,28.247118817706927,28.533327102661133,6016100.0
2017-06-02,28.549231167114367,28.803637886684463,28.501528769907228,28.763887405395508,5779200.0
2017-06-05,29.0659928900396,29.1534427248405,28.859285560739803,28.930837631225586,4819600.0
2017-06-06,28.922894093359712,29.08189906079383,28.811591525986078,28.962644577026367,5028000.0
2017-06-07,29.089855403976042,29.18525719579354,28.922901510103348,28.986501693725586,6537700.0
2017-06-08,29.2170612223147,29.336315746533604,29.050107314623066,29.280664443969727,7593900.0
2017-06-09,29.08190061321227,29.177302385658376,27.984769615395233,28.453832626342773,12040100.0
2017-06-12,28.45382857720958,28.45382857720958,27.833709562637015,28.01656723022461,11057000.0
2017-06-13,28.191467312622784,28.294820977512796,28.024513492023733,28.270971298217773,4969400.0
2017-06-14,28.199428921076386,28.437934894313518,28.119924908152015,28.342533111572266,7016400.0
2017-06-15,27.9132158252347,28.199424157882714,27.83371182573943,28.17557144165039,4623300.0
2017-06-16,28.51743316650391,28.581036370803755,28.39818170759325,28.517433166503906,7432400.0
2017-06-19,28.724140535891486,28.906995199026753,28.67643813268623,28.78774070739746,4523700.0
2017-06-20,29.034200130109053,29.209105918463305,28.71619015724093,28.72414207458496,4987400.0
2017-06-21,28.78773843163048,29.24090061156948,28.78773843163048,29.18524932861328,6329400.0
2017-06-22,29.193201244902717,29.35220317748187,29.121649162135114,29.18524932861328,6273400.0
2017-06-23,29.193196289946332,29.240895648517085,29.050092148700166,29.20114517211914,5558600.0
2017-06-26,29.91454596946343,29.980221560652186,29.487664021490144,29.66006088256836,10127200.0
2017-06-27,29.380930641923392,29.380930641923392,28.707771839360287,28.80628204345703,8081100.0
2017-06-28,28.954047654836938,29.052557854644895,28.527165946892072,29.01972007751465,8306200.0
2017-06-29,28.921214783318813,28.921214783318813,28.346566112398797,28.576427459716797,7332200.0
2017-06-30,28.60104996358605,28.806281377466092,28.486120872866483,28.699560165405273,5177500.0
2017-07-03,28.76523622655727,28.871954308910812,28.59284258744809,28.633888244628906,4470600.0
2017-07-05,28.79807915427061,28.79807915427061,28.42866191042257,28.584636688232422,9222200.0
2017-07-06,28.32193946838379,28.436868576767374,28.165964697232255,28.32193946838379,6493700.0
2017-07-07,28.362980070412597,28.461490269795398,28.305515526474068,28.42865562438965,7937800.0
2017-07-10,28.41223658449266,28.863745055139173,28.362979919272348,28.732397079467773,7779700.0
2017-07-11,29.085399145687713,29.085399145687713,28.773446488427794,29.044353485107422,9300800.0
2017-07-12,29.266006823545244,29.389143817965046,29.14286669754195,29.29884147644043,9211200.0
2017-07-13,29.11003085078475,29.684679591079362,29.11003085078475,29.676471710205078,9943900.0
2017-07-14,29.66005186277165,29.840653420449637,29.53691173253264,29.758562088012695,7196600.0
2017-07-17,29.57794706521456,29.602576961607667,29.25778659634672,29.47943687438965,4649800.0
2017-07-18,29.454818601414118,29.586166604242514,29.323470598585725,29.44660758972168,6185300.0
2017-07-19,29.602579396503028,29.898109993285985,29.602579396503028,29.889902114868164,7033800.0
2017-07-20,29.889913739714103,29.889913739714103,29.619009804406858,29.635425567626953,6996600.0
2017-07-21,29.602587851882564,29.602587851882564,29.307054039103598,29.430191040039062,5023500.0
2017-07-24,29.64362445438122,29.73392677307129,29.56153001394357,29.73392677307129,6842100.0
2017-07-25,29.561542106800616,29.758565712865504,29.52870744877645,29.635425567626953,5276300.0
2017-07-26,29.63541344454611,29.758553539411235,29.504065471428568,29.73392677307129,4342200.0
2017-07-27,29.996631295306212,30.054095854250264,29.520492799388528,29.70109748840332,7243100.0
2017-07-28,29.59437504625506,29.61079393836828,29.307052263232407,29.438400268554688,3678400.0
2017-07-31,29.577951378992328,29.881696136674236,29.43018450541274,29.52048683166504,7757600.0
2017-08-01,29.512280327284376,29.545118107738833,29.31525677614074,29.421977996826172,5437300.0
2017-08-02,29.881703015854885,29.939167576411307,29.438402293062175,29.610795974731445,6064600.0
2017-08-03,29.64362783040075,29.64362783040075,29.266002756129122,29.380931854248047,3919800.0
2017-08-04,29.49586772361948,29.61900786077745,29.35630869273486,29.577959060668945,4071400.0
2017-08-07,29.766769511536328,30.22648910824128,29.766769511536328,30.201862335205078,4860200.0
2017-08-08,30.136187159156023,30.341418621364795,30.078722600264253,30.127979278564453,3301200.0
2017-08-09,29.717518436433554,29.939168806939954,29.577959403929317,29.930957794189453,3153700.0
2017-08-10,29.55332356307403,29.577950330603414,29.011512756347656,29.011512756347656,5605400.0
2017-08-11,29.159289284119534,29.717519164648046,29.085405825473586,29.668262481689453,4291100.0
2017-08-14,29.577954811634946,29.63541936563123,29.430187920906405,29.59437370300293,3875600.0
2017-08-15,29.709296920116824,29.955577110219846,29.627205611137615,29.898109436035156,3820400.0
2017-08-16,29.717517928131212,29.914538388599983,29.668261247222137,29.832447052001953,3232000.0
2017-08-17,29.79960258762171,29.832440367536563,29.364512964290622,29.380931854248047,3324000.0
2017-08-18,29.553329381763746,29.63542071074637,29.23316881451466,29.438400268554688,3692800.0
2017-08-21,29.479442645848156,29.56153396567693,29.249584445061096,29.536907196044922,3588100.0
2017-08-22,29.93916368860194,30.10334633653793,29.83244246217693,29.980209350585938,3202300.0
2017-08-23,29.939168095119914,30.045886205668676,29.85707362748579,30.029470443725586,2956400.0
2017-08-24,30.193648548519345,30.316788665551616,30.029465901254003,30.234697341918945,4544500.0
2017-08-25,30.31678754600038,30.423508768048414,30.16902066365176,30.25111198425293,2975200.0
2017-08-28,30.0376769746575,30.267535210534636,30.02125808186862,30.185443878173828,2199900.0
2017-08-29,29.980198371811937,30.349615457553607,29.963779486714294,30.275732040405273,2997700.0
2017-08-30,30.275740154424483,30.439925917821235,30.210064596432595,30.31678581237793,2838900.0
2017-08-31,30.33320383741038,30.35783060516402,30.12797242190907,30.34962272644043,4288600.0
2017-09-01,30.37425258788562,30.571276144730675,30.300369145516623,30.55485725402832,4100000.0
2017-09-05,30.579483529823893,30.70262364230879,30.086929343050592,30.25111198425293,7123000.0
2017-09-06,30.423519221900914,30.67800428215826,30.374262533665192,30.59591293334961,4187700.0
2017-09-07,30.57127736666434,30.817554473876953,30.522020692588487,30.817554473876953,3597500.0
2017-09-08,30.84218975903544,30.93249212064392,30.661585035818472,30.784725189208984,5581800.0
2017-09-11,30.694408451730713,31.096663383702108,30.661570675328413,31.063825607299805,6920100.0
2017-09-12,31.072031147708294,31.145914573263028,30.907848541215543,31.080242156982422,3524500.0
2017-09-13,30.92427627440302,31.022789634354528,30.776512497643157,30.80934715270996,4983400.0
2017-09-14,30.78471320835319,30.973525740241133,30.677991992387668,30.686203002929688,5799000.0
2017-09-15,30.801142365402352,30.924279380333655,30.702632127140504,30.90786361694336,7245600.0
2017-09-18,31.088459703415477,31.2936911569424,31.055625050854598,31.25264549255371,6179600.0
2017-09-19,31.34293802165771,31.548169410939604,31.301892370117823,31.441448211669922,6559400.0
2017-09-20,31.490709677689896,31.515336446055173,30.735456421464214,31.047409057617188,7961100.0
2017-09-21,31.02279646916378,31.466097291860603,30.92428308750823,31.392213821411133,8458000.0
2017-09-22,30.948905983951416,31.055627224097037,30.858603637026945,31.006370544433594,4529900.0
2017-09-25,30.78471716700224,30.78471716700224,30.25932516173874,30.431718826293945,5895000.0
2017-09-26,30.448141572165515,30.636954152233848,30.316793554223032,30.489187240600586,5995400.0
2017-09-27,30.61232463135962,30.669789188330515,30.38246327189255,30.579486846923828,4802700.0
2017-09-28,30.3414150190275,30.45634412316588,30.201859144454673,30.415298461914062,7618700.0
2017-09-29,30.587694464652078,30.86680936679321,30.587694464652078,30.825763702392578,3818500.0
2017-10-02,31.055635110052254,31.342957985423016,31.006378417881066,31.301912307739258,5096200.0
2017-10-03,31.490714511383,31.581016851360655,31.40041217140535,31.556386947631836,3727100.0
2017-10-04,31.400407358727367,31.474290795422984,31.301897153660864,31.416826248168945,2717200.0
2017-10-05,31.73699502493317,31.892969817856265,31.515344657147434,31.57280921936035,4456400.0
2017-10-06,31.53176355086309,31.58922811307601,31.367577745290276,31.57280921936035,3086100.0
2017-10-09,31.687728685695117,31.860125451372898,31.605637373721173,31.827287673950195,1963500.0
2017-10-10,32.10641281460605,32.14745848375535,31.868343549322784,31.991483688354492,4112000.0
2017-10-11,32.6728429824344,33.1571892817973,32.574332773020124,33.124351501464844,9015400.0
2017-10-12,33.239287168252666,33.378843051715506,33.09972815320641,33.198238372802734,5524100.0
2017-10-13,33.411667432226096,33.54301538285828,33.3542028995484,33.51017761230469,3913100.0
2017-10-16,33.5594457763439,33.59228042657498,33.3706332282864,33.56765365600586,2707000.0
2017-10-17,33.518394808157936,33.863182067871094,33.280325625070624,33.863182067871094,7582200.0
2017-10-18,33.98632527798266,34.24902125180654,33.60048919636125,34.068416595458984,6653200.0
2017-10-19,33.67437029869906,33.896020598408676,33.24748858795269,33.715415954589844,5710500.0
2017-10-20,33.674370784202836,33.75646209716797,33.51839603693594,33.75646209716797,5251600.0
2017-10-23,33.96169696154425,34.05199929392999,33.74825764720056,33.83034896850586,5092400.0
2017-10-24,33.8713976207914,33.969910972958594,33.63333151534597,33.920654296875,4251600.0
2017-10-25,33.90423958209397,33.99454193358141,33.41168528690556,33.789310455322266,3360000.0
2017-10-26,33.80572847575828,33.93707649318645,33.71542612660445,33.822147369384766,3651500.0
2017-10-27,34.05200591235126,34.62665466792787,34.00274923104454,34.602027893066406,4822800.0
2017-10-30,34.7744066772951,35.0206837151163,34.5445485262063,34.585594177246094,5200800.0
2017-10-31,34.6266538717043,34.90576879619003,34.56097829813885,34.749794006347656,3704500.0
2017-11-01,34.87291524727163,34.88933413324185,34.363942308523846,34.56096267700195,4235700.0
2017-11-02,34.55277121175968,34.675911349234596,34.43784208696112,34.602027893066406,3255800.0
2017-11-03,34.39679108396474,34.6676949601796,34.1423029673892,34.634857177734375,6140900.0
2017-11-06,34.63485511077939,34.872924321924714,34.54455591181889,34.831878662109375,5650500.0
2017-11-07,35.00428136802447,35.06174593294887,34.69232863587493,34.897560119628906,2761600.0
2017-11-08,34.823667651196445,34.92218099265299,34.65127400102215,34.831878662109375,2378400.0
2017-11-09,34.59380092544575,34.659476470231276,33.89601548580236,34.1833381652832,4680100.0
2017-11-10,34.306491810815025,34.3311185840559,34.14230601551417,34.249027252197266,5333900.0
2017-11-13,34.249028753689984,34.48709487915039,34.07663193869517,34.48709487915039,2222000.0
2017-11-14,34.298273265692146,34.388575589853545,34.07662296045496,34.363948822021484,2799400.0
2017-11-15,33.97811720577186,34.19155966020203,33.88781486978858,34.10125732421875,3417300.0
2017-11-16,34.27364000147876,34.67589487879352,34.27364000147876,34.56096267700195,3304500.0
2017-11-17,34.67590544302014,34.8236691986047,34.45425511226842,34.536346435546875,3702000.0
2017-11-20,34.536354133320586,34.70874782957994,34.446051778636935,34.651283264160156,4455300.0
2017-11-21,34.987851737164966,35.19308315794165,34.93038718987414,34.95501708984375,3668500.0
2017-11-22,34.96322708751851,35.086367200079884,34.71694999397892,34.815460205078125,2768600.0
2017-11-24,35.02890772594881,35.31623367872591,34.97965417464933,35.29160690307617,1499700.0
2017-11-27,34.207973519253414,34.216184530204764,33.70721145663056,33.73183822631836,8188400.0
2017-11-28,33.68258189090087,33.838559784699065,33.50198035875271,33.60049057006836,4864800.0
2017-11-29,33.55944984522479,33.58407661877976,32.213131943437034,32.35268783569336,11796100.0
2017-11-30,32.5086555480957,32.62358777337542,32.15565725655105,32.5086555480957,9357100.0
2017-12-01,32.79599459371434,32.82883238556228,32.016114261038865,32.590763092041016,7192200.0
2017-12-04,32.87807256803096,32.943748125012185,32.262378313455166,32.33626174926758,7109000.0
2017-12-05,32.1802864074707,32.44298236740248,31.958636104106485,32.1802864074707,4504000.0
2017-12-06,31.983266641141526,32.08998786606116,31.622060436560833,31.753408432006836,8622000.0
2017-12-07,31.81087175566144,32.04072995591834,31.695942655532996,32.02431106567383,11285400.0
2017-12-08,32.32805832735791,32.46761420780855,31.975059988874886,32.01610565185547,5071600.0
2017-12-11,32.17207641863541,32.49224006582604,32.163868539694455,32.31984329223633,5272500.0
2017-12-12,32.19671768725333,32.32806571776823,32.0817885520008,32.26239013671875,5488100.0
2017-12-13,32.4019439956372,32.418362888272185,32.196712535075186,32.25417709350586,4227100.0
2017-12-14,32.426569936662474,32.54971006247307,32.278803038323154,32.344478607177734,4737600.0
2017-12-15,32.34447575538991,32.525077290649534,32.221335640436486,32.42656707763672,7156400.0
2017-12-18,32.32805971496409,32.40194316413375,32.18029281662477,32.344478607177734,5746900.0
2017-12-19,32.18850580026419,32.35269161684798,32.11462233938068,32.29522705078125,4454900.0
2017-12-20,32.32806578163714,32.51687838015133,32.15566894683369,32.3773193359375,6330100.0
2017-12-21,32.47582491772053,32.557916242919234,32.1802911364719,32.204917907714844,3563100.0
2017-12-22,32.5086571473482,32.533287048339844,32.26238005851345,32.533287048339844,2523600.0
2017-12-26,32.27059136386058,32.27059136386058,31.860128501529232,31.97505760192871,2861500.0
2017-12-27,32.0161001106145,32.106402432492565,31.917589910194263,32.0817756652832,3092900.0
2017-12-28,32.434784273850326,32.74673702484382,32.34448504607442,32.623600006103516,4279500.0
2017-12-29,32.71387280559899,33.01761742925982,32.54969024658203,32.54969024658203,3870900.0
2018-01-02,33.25571105493774,33.69901184882184,33.18182758929039,33.67438507080078,4984000.0
2018-01-03,34.142307794003116,34.32291249140019,34.01916765821716,34.24081802368164,6963200.0
2018-01-04,34.41321408606973,34.478889664781995,34.02738102167902,34.060218811035156,4876600.0
2018-01-05,34.38858645095668,34.94681632973278,34.30649511120062,34.85651397705078,5330800.0
2018-01-08,34.807257051553215,34.87292949067489,34.63486024424373,34.840091705322266,3538200.0
2018-01-09,34.88114374134874,34.889351622657166,34.5856099089034,34.62665557861328,5729900.0
2018-01-10,33.94527004670189,34.02736448018421,33.42808920788427,33.90422439575195,7102700.0
2018-01-11,33.83855692112598,33.98632379138632,33.616906615735466,33.682579040527344,5701800.0
2018-01-12,33.69078592632656,33.90422519524883,33.46092463873815,33.81392288208008,5028000.0
2018-01-16,34.48708183480689,34.7661966540078,34.32289922599197,34.667686462402344,9081600.0
2018-01-17,35.02069236830948,35.521457576842394,34.88934437357817,35.40652847290039,7117700.0
2018-01-18,36.00580840464056,36.81852324522076,35.710274596580994,36.58866500854492,11866200.0
2018-01-19,36.999113500556675,37.384949502951685,36.596861743303585,36.67074203491211,6543700.0
2018-01-22,37.762586506154385,38.09095807623256,37.71332983116765,38.07453918457031,8335800.0
2018-01-23,38.15663269384452,38.23051614475905,37.811845343965764,37.99244689941406,5659600.0
2018-01-24,37.467062880648164,37.491689659028744,37.1469022353637,37.21257781982422,7400600.0
2018-01-25,37.524507784291956,37.581972324785056,36.97448914483435,37.02374267578125,7655700.0
2018-01-26,37.352117824414464,37.549141362263896,36.96628175906673,37.53272247314453,7057300.0
2018-01-29,37.32749552835235,37.508097067135544,37.105845196061665,37.2700309753418,11604400.0
2018-01-30,36.588659176658496,36.966284257174244,36.44910330708737,36.84314727783203,10224600.0
2018-01-31,37.29465813466208,37.598399793965136,37.04017001754782,37.19614791870117,6333300.0
2018-02-01,37.212563097090566,37.70511725933402,37.1879331968703,37.311073303222656,6706500.0
2018-02-02,36.94987257853574,37.20436072937831,36.49015608873461,36.53940963745117,12051800.0
2018-02-05,36.161775539330975,36.78568080915572,35.14382945089704,35.258758544921875,11748300.0
2018-02-06,34.70053496198463,35.87445914102464,34.56097594345823,35.784156799316406,13414100.0
2018-02-07,35.291591340579124,35.291591340579124,34.38036346435547,34.38036346435547,15239500.0
2018-02-08,34.56918862082353,34.57739650156358,33.132568359375,33.132568359375,11356000.0
2018-02-09,33.44451728758464,34.21618638493499,32.80419305674431,34.043792724609375,10588400.0
2018-02-12,34.503515614295154,35.127421070776926,34.446051050090766,34.913978576660156,6573300.0
2018-02-13,34.9221805080676,35.020690716574094,34.38036966390728,34.79083251953125,5831900.0
2018-02-14,34.61843533577547,35.37368860972439,34.41320391036087,35.340850830078125,6860100.0
2018-02-15,35.726688385009766,35.91550092838616,35.09457519288019,35.726688385009766,6116500.0
2018-02-16,35.58712644260446,36.08789160096095,35.554291795899054,35.69384765625,4792100.0
2018-02-20,35.36548057687743,36.25207870239147,35.29980501787038,35.907291412353516,9291700.0
2018-02-21,35.84162022901523,35.97296823148173,35.19308809676915,35.20950698852539,6612600.0
2018-02-22,35.028892274213256,35.08635994468599,34.626640501981655,34.799034118652344,7984000.0
2018-02-23,35.61996521272695,36.038639068603516,35.39010702147425,36.038639068603516,7204900.0
2018-02-26,36.21103643144735,36.457313537597656,35.95654831386148,36.457313537597656,3897600.0
2018-02-27,36.16177514416352,36.367006561703136,35.80056897666365,35.80877685546875,5999100.0
2018-02-28,35.84982750071911,36.046851066867006,35.53787795739468,35.58713150024414,6400100.0
2018-03-01,35.58713108717618,35.7595278798983,34.73337066133401,35.069950103759766,7792400.0
2018-03-02,34.7990446050606,35.34085551471199,34.60202416423289,35.30801773071289,4819600.0
2018-03-05,35.34084760478761,35.92370404819228,35.193080741448014,35.702056884765625,5977200.0
2018-03-06,36.39984291137655,36.44909957702256,35.65280070611747,35.74310302734375,8632000.0
2018-03-07,35.55430004082869,36.35059599368974,35.44757880243484,36.2849235534668,4482900.0
2018-03-08,36.36700193693366,36.44088536311553,35.78414553682255,35.956539154052734,7092400.0
2018-03-09,36.161778990264786,36.61328753055699,35.72668934091199,36.605079650878906,8336200.0
2018-03-12,36.769270303716745,37.2289867846382,36.73643251748417,37.12226867675781,5176100.0
2018-03-13,37.352123380481316,37.55735482762682,36.867777039954596,36.93345260620117,5842300.0
2018-03-14,37.294650802301646,37.31106969033096,36.802096687753014,37.06479263305664,4300500.0
2018-03-15,37.023751126290456,37.475262806909825,36.851357465463046,37.19614791870117,3942200.0
2018-03-16,36.941657103768584,37.36853885053544,36.884192554356034,36.917030334472656,8125600.0
2018-03-19,36.71180222866018,36.834939217867216,36.276709431695274,36.61328887939453,5116500.0
2018-03-20,36.69538752322785,36.86778120673392,36.54762061405587,36.80210876464844,6404200.0
2018-03-21,36.58865994162314,36.81851814646743,36.32596395563447,36.69538116455078,7036400.0
2018-03-22,36.20283240656579,36.42448278435096,35.86625289916992,35.86625289916992,6318500.0
2018-03-23,35.81698843078921,35.87445297808004,34.95501708984375,34.95501708984375,5923500.0
2018-03-26,35.96476300952293,36.35059603376923,35.447578841518684,36.34238815307617,5395200.0
2018-03-27,36.71180413165645,36.81031435444513,35.406531936268244,35.537879943847656,6995000.0
2018-03-28,35.283391659561474,35.439366439281144,34.84009096151587,35.04532241821289,8563100.0
2018-03-29,35.299807669860606,36.05505786568371,35.266969887890056,35.923709869384766,7758900.0
2018-04-02,35.57892488507205,35.78415633846273,34.82367150817094,34.889347076416016,6361200.0
2018-04-03,36.342379685320964,36.35058756410159,35.32443047946382,35.69384765625,6174500.0
2018-04-04,34.782619139622334,36.07147216796875,34.76620025072573,36.07147216796875,5497100.0
2018-04-05,36.14536810948255,36.30955392367846,35.41474452447387,35.5625114440918,6115100.0
2018-04-06,35.20129380927541,35.43935987494415,34.692317636202965,34.823665618896484,5133100.0
2018-04-09,35.37368054379413,36.1535604088575,35.225913700662865,35.357261657714844,6696400.0
2018-04-10,36.01400599066203,36.30133183595829,35.3244283461668,35.77593994140625,5682300.0
2018-04-11,35.50504557015433,35.948346312668164,35.50504557015433,35.61176681518555,4788000.0
2018-04-12,35.57071429133053,35.99759292602539,35.34085295159113,35.99759292602539,7574700.0
2018-04-13,35.86623811344023,35.907286898450906,34.93859444595232,35.01247787475586,5749900.0
2018-04-16,35.14383117784191,35.30801381646925,35.037109957467656,35.193084716796875,5206900.0
2018-04-17,34.552767056464354,34.77441739831339,34.29007105092108,34.73337173461914,9831100.0
2018-04-18,34.560974902231706,34.692322904872846,33.830351441816404,34.4132080078125,8947400.0
2018-04-19,32.779558618002106,32.90269870747764,32.10639989378967,32.45118713378906,27527000.0
2018-04-20,32.31984490312715,32.45940390474303,31.868336380879285,31.97505760192871,15313300.0
2018-04-23,31.98325710029777,32.08177041618244,31.630258880666787,31.810863494873047,11178300.0
2018-04-24,32.04893264422088,32.18848847768405,31.441446389261287,31.810863494873047,13004000.0
2018-04-25,31.490709940835423,31.597431157281672,31.211595081225756,31.334732055664062,12359200.0
2018-04-26,31.260851749950866,31.65489570500281,31.260851749950866,31.334732055664062,7685800.0
2018-04-27,31.802662579595165,31.802662579595165,31.18696831265469,31.334732055664062,8276100.0
2018-04-30,31.761616605346646,31.88475672228358,31.507131623332427,31.56459617614746,7968000.0
2018-05-01,31.47429471395901,31.96684893219728,31.408619148016125,31.958641052246094,5507000.0
2018-05-02,31.687728083934957,31.687728083934957,30.907851240244177,30.98994255065918,11522200.0
2018-05-03,30.825770232919236,31.351162364353424,30.620538735853753,31.277278900146484,7021400.0
2018-05-04,31.19517341451584,31.7369841959257,31.145916750175775,31.679519653320312,9474000.0
2018-05-07,31.56459617614746,31.728781954868953,31.39220251770236,31.56459617614746,4590100.0
2018-05-08,31.999678395157094,32.32804987632728,31.96684062072357,32.16386413574219,8116600.0
2018-05-09,32.319851358162076,32.39373481340131,32.14745767313178,32.30343246459961,5861400.0
2018-05-10,32.484034272818896,32.73031139118261,32.37731303994735,32.64822006225586,7957900.0
2018-05-11,32.86987432174966,32.98480344856398,32.54150270377977,32.763153076171875,4184400.0
2018-05-14,32.94374540556953,33.288532656510654,32.73851400431906,32.79597854614258,5014000.0
2018-05-15,32.311646822505864,32.3444846130306,31.98327518042658,32.26239013671875,5622800.0
2018-05-16,32.34447795652026,32.69747630305382,32.24596460522013,32.66463851928711,7671500.0
2018-05-17,32.0735691650198,32.213128172522765,31.745197608669617,31.983266830444336,7964200.0
2018-05-18,31.581003918036394,31.646676327390498,31.425026074103858,31.539955139160156,7783900.0
2018-05-21,32.295218170916755,32.59075193319108,32.11461350917508,32.401939392089844,7902200.0
2018-05-22,32.401947998985435,32.66464405043493,32.38552910432185,32.54150390625,5752000.0
2018-05-23,32.1310165789767,32.54969024658203,32.08997093922246,32.54969024658203,4815400.0
2018-05-24,32.3198384959418,32.385514044054986,31.835492289145783,32.23774719238281,7930800.0
2018-05-25,32.098204315679105,32.41836807591924,31.958648403325057,32.26239013671875,5403000.0
2018-05-29,31.59742787224855,31.654892413995373,31.219799714448847,31.326520919799805,7198200.0
2018-05-30,31.441464500992485,31.52355897818657,31.252651900822233,31.474302291870117,8413400.0
2018-05-31,31.466087130002006,31.90117679792471,31.433249346721666,31.76982879638672,8129400.0
2018-06-01,32.00789277093727,32.1802864074707,31.851914891764558,32.1802864074707,5970000.0
2018-06-04,32.713891283616306,32.8370314040147,32.566124391771574,32.81240463256836,8927200.0
2018-06-05,32.59074815260024,32.72209612819853,32.344471089801296,32.45940017700195,6345900.0
2018-06-06,32.713884683679794,32.77956023639797,32.4758186340332,32.4758186340332,9829700.0
2018-06-07,32.47581949720258,32.787768986157005,32.39372505412289,32.4429817199707,8216900.0
2018-06-08,32.14745360695687,32.14745360695687,31.62206160574716,31.958641052246094,8081300.0
2018-06-11,32.01609623194305,32.139236316237344,31.819072723388672,31.819072723388672,4511600.0
2018-06-12,32.12282186195956,32.31163438743659,31.999681760674036,32.1802864074707,6582600.0
2018-06-13,32.61537770662958,32.74672569345252,32.05714797973633,32.05714797973633,9616600.0
2018-06-14,32.04073101955057,32.07356880112968,31.6877326965332,31.687732696533203,7636000.0
2018-06-15,31.868336976216927,31.966847188173464,31.646686650627338,31.761615753173828,11235700.0
2018-06-18,31.44966446014073,31.49071011851843,31.063828381907776,31.400407791137695,8921400.0
2018-06-19,30.948896293842328,31.170546585553524,30.661570449809577,30.833967208862305,9848900.0
2018-06-20,31.474290290147767,31.679521707498346,31.203383316085212,31.482498168945312,8668600.0
2018-06-21,31.08845207578027,31.203381160503838,30.82575613024564,30.883220672607422,9246700.0
2018-06-22,31.416835591471074,31.449673380120117,31.170558439771014,31.2936954498291,10338500.0
2018-06-25,30.889483276857867,31.110732086991142,30.676745784254003,31.06818199157715,10528100.0
2018-06-26,30.915025011306003,31.229875703760317,30.727814912275917,31.025646209716797,8817000.0
2018-06-27,30.8469419925354,30.90650824152127,30.21723747253418,30.21723747253418,8798100.0
2018-06-28,30.20872826967809,30.583145141601562,30.081084457415752,30.583145141601562,7199000.0
2018-06-29,31.10222743491901,31.28943750728832,31.008622398734353,31.11073875427246,8088200.0
2018-07-02,30.81291004314616,31.11925267509053,30.668250048126787,31.093725204467773,7365500.0
2018-07-03,30.966073989868164,31.153284052863995,30.932035206393095,30.966073989868164,6512600.0
2018-07-05,30.97459683263472,31.144784321092786,30.83844489419731,31.136276245117188,9230900.0
2018-07-06,31.331993620213805,31.782996295642533,31.280935427363726,31.714921951293945,7251600.0
2018-07-09,32.22548375324189,32.36163565788213,31.97019933780611,32.19144821166992,7124100.0
2018-07-10,31.88510256622542,32.29355824109447,31.88510256622542,32.27653884887695,7211500.0
2018-07-11,31.76596778986334,31.782983934744006,31.400058998707532,31.459625244140625,7316200.0
2018-07-12,31.76597035062153,31.98721595919164,31.655345923277885,31.748950958251953,5275300.0
2018-07-13,31.944670338117636,32.165915955253645,31.89361215903211,32.14038848876953,4947500.0
2018-07-16,32.23398767022771,32.242495742137336,32.03826955513916,32.15740203857422,5399200.0
2018-07-17,31.910630038754675,32.438218213149284,31.782986220152797,32.37014389038086,6238500.0
2018-07-18,32.37014311067742,32.73605191933082,32.233991222302926,32.684993743896484,10532200.0
2018-07-19,33.56147739305847,34.36988079668306,32.8636984331596,33.8763313293457,17762300.0
2018-07-20,34.02949747615088,34.76131186872126,33.90185365689433,34.65919876098633,14481000.0
2018-07-23,34.73577985008293,34.87193172458817,34.574100513519426,34.66770553588867,6832800.0
2018-07-24,34.97404682170741,35.0676518494369,34.36136497440729,34.369873046875,7018300.0
2018-07-25,34.48900656526185,34.80386043993187,34.30179975034449,34.79534912109375,7725700.0
2018-07-26,34.63365811033935,34.83788424805909,34.41240934067437,34.73577117919922,8476600.0
2018-07-27,34.837887213818384,35.67181771375127,34.837887213818384,35.271873474121094,9468500.0
2018-07-30,35.27188441338361,35.331450664273035,34.79535116015103,34.96554183959961,5174300.0
2018-07-31,35.11019669344459,35.38250368857184,34.96553674695884,35.067649841308594,4908300.0
2018-08-01,35.263376591794454,35.510152939166595,35.161263472443665,35.493133544921875,6115000.0
2018-08-02,34.97405113945682,35.44207633588467,34.88895741980666,35.35697937011719,4669300.0
2018-08-03,35.433561695188075,35.69735739516666,35.36548737507178,35.47610855102539,4575200.0
2018-08-06,35.059141256532065,35.24634805241562,34.88895060436062,34.948516845703125,7245800.0
2018-08-07,34.94852601107694,35.101697313589284,34.75280784589285,35.09318923950195,7494900.0
2018-08-08,35.36548515250925,35.83350702954068,35.271880127879605,35.71437454223633,5089600.0
2018-08-09,35.6888534949881,35.69736481559503,35.467607850973415,35.603759765625,4513300.0
2018-08-10,35.14423519706862,35.14423519706862,34.710252114909395,34.91447830200195,7053200.0
2018-08-13,34.625165816002585,34.88045349757067,34.43795896126843,34.64218521118164,6708600.0
2018-08-14,34.888948297004816,35.05062762051095,34.778323893491944,34.81236267089844,5339100.0
2018-08-15,34.420928955078125,34.506022658623664,34.14011389036776,34.420928955078125,6052800.0
2018-08-16,34.42092919147563,34.65919415993287,34.35285163127828,34.38689041137695,5544000.0
2018-08-17,34.1996717018671,34.22520240353083,33.859293725471275,34.148616790771484,7897200.0
2018-08-20,34.0550259556171,34.242236030470025,33.95291284484152,34.12310028076172,4156700.0
2018-08-21,34.352854678905125,34.92299293472938,34.34434660618403,34.79534912109375,6075100.0
2018-08-22,34.76131341966188,34.93150410422492,34.49752094240061,34.803863525390625,5512700.0
2018-08-23,35.14423777010411,35.186784625020344,34.61664962768555,34.61664962768555,4126100.0
2018-08-24,34.82939349714903,35.23784922180941,34.74429977180552,35.09318923950195,4232000.0
2018-08-27,35.25485305903235,35.49311798174794,35.20379489868639,35.33994674682617,5733000.0
2018-08-28,36.071766131392735,36.386616688882285,35.95263366348406,36.03772735595703,10683500.0
2018-08-29,36.75253401966695,37.76516672635622,36.667440307258786,37.55242919921875,12278200.0
2018-08-30,37.73962949221745,37.85876521355943,36.939737697048834,36.98228454589844,7826200.0
2018-08-31,36.69296948921035,37.109936490207865,36.55681759531432,37.10142517089844,8782900.0
2018-09-04,36.8120947733392,37.54391227684642,36.75252853432038,37.535404205322266,8174900.0
2018-09-05,37.51838484024169,37.92684044211143,37.45881860118463,37.62900924682617,7262400.0
2018-09-06,37.390750884471295,37.501375320168414,37.084411537038186,37.48435592651367,10424900.0
2018-09-07,37.441802536212634,38.49698203597914,37.42478314552579,38.19063949584961,14256000.0
2018-09-10,38.292752801712254,38.343810974049944,37.884297161361346,37.969390869140625,6824900.0
2018-09-11,37.135467423249175,37.92685139482318,37.084412487094404,37.90983200073242,12509700.0
2018-09-12,37.373720052472066,37.69708194071142,37.28862635635897,37.39073944091797,10303700.0
2018-09-13,37.43329746021588,37.43329746021588,36.82061233091543,36.956764221191406,9624500.0
2018-09-14,37.458828939893294,37.91834283611719,37.39926268439584,37.79069900512695,5295400.0
2018-09-17,37.126950550112326,37.56093363516068,36.990798675771984,37.237571716308594,6210300.0
2018-09-18,37.016328453831264,37.51838913052101,36.888684643474726,37.067386627197266,8814200.0
2018-09-19,37.611991606605756,37.77367094211918,37.22055537571006,37.45882034301758,6393200.0
2018-09-20,37.65453767197229,37.80770893236117,37.35670646905872,37.58646011352539,4728000.0
2018-09-21,37.65452672777166,37.7906785589766,37.45880867329679,37.49284744262695,6668600.0
2018-09-24,37.30564938979849,38.24169312296559,37.26310253758485,38.19914627075195,8229100.0
2018-09-25,38.12255952488647,38.21616454469264,37.552424580418595,37.58646011352539,6678200.0
2018-09-26,37.654546615867226,38.06300232521712,37.654546615867226,37.671566009521484,4564300.0
2018-09-27,37.95236818175823,38.48846758332848,37.935352038573924,38.08852005004883,6711700.0
2018-09-28,37.86728032384154,37.96939342928518,37.416277799191455,37.57795715332031,7727700.0
2018-10-01,37.909824387200324,38.25871378069872,37.79919997088614,38.0034294128418,5029800.0
2018-10-02,37.22906313149223,37.43329256324777,36.97377877638534,37.118438720703125,5440300.0
2018-10-03,37.47584582043886,37.64603650163947,37.075898206535015,37.40776824951172,5631100.0
2018-10-04,36.65042347558519,36.65893479509076,35.71437958924451,36.10581588745117,7885000.0
2018-10-05,35.63777864942599,35.79945794335287,35.03360182240264,35.42504119873047,7921400.0
2018-10-08,34.684724948198635,35.033614362376554,34.37838563628297,34.854915618896484,7761800.0
2018-10-09,34.888957244613486,35.144241648399394,34.531559728536685,34.803863525390625,5678700.0
2018-10-10,34.33583629568214,34.412421936889196,33.484886169433594,33.484886169433594,12853500.0
2018-10-11,32.76158841687805,33.69763250177024,32.61692841577131,33.13600540161133,10209000.0
2018-10-12,34.15714348621298,34.53156368436757,33.34874007651829,33.748687744140625,7578600.0
2018-10-15,33.58699685489579,33.689109943904015,32.94878436789037,32.97431182861328,8209000.0
2018-10-16,33.90184884415053,34.089058886852335,33.52743200486362,34.0465087890625,10748100.0
2018-10-17,34.03800506659669,34.11459070784122,33.340226222420824,33.672096252441406,8173600.0
2018-10-18,33.867823617357814,33.99546746957354,32.72755000718095,32.79562759399414,9555600.0
2018-10-19,33.323202199809266,33.459354071311495,32.62542345259573,32.71902847290039,11266200.0
2018-10-22,33.34872429201893,33.382763065943266,32.795608823271074,32.94878005981445,8165700.0
2018-10-23,31.84254895046347,32.489272798928525,31.70639707385769,32.33610153198242,12350000.0
2018-10-24,31.96168744049156,31.96168744049156,31.000112903058145,31.042659759521484,13312400.0
2018-10-25,31.297946018467222,31.953178034811057,31.05117293775682,31.817026138305664,9927300.0
2018-10-26,31.10222307128738,31.731927524289507,30.75333368744096,31.204336166381836,11973200.0
2018-10-29,31.629809132402972,31.834038555467714,30.60867175542894,30.915014266967773,8269300.0
2018-10-30,31.34899958056056,32.1659108392962,31.20433638588543,32.14889144897461,12106400.0
2018-10-31,32.92326827038469,33.17855597536119,32.361641162448805,32.421207427978516,12610900.0
2018-11-01,32.99984209463598,33.25512970803328,32.667972092559715,33.22959899902344,14348600.0
2018-11-02,33.34021722527557,33.604012861956335,32.702004802504014,32.99983596801758,9736200.0
2018-11-05,32.94880121434494,33.03389495767344,32.59991167290892,32.744571685791016,8591900.0
2018-11-06,32.76157634560665,33.05940755939273,32.69349878467454,32.95729446411133,8578100.0
2018-11-07,33.433818774001416,33.442326843800245,32.948777642570505,33.340213775634766,6568700.0
2018-11-08,33.00835596542493,33.23811288757864,32.92325900567332,32.93177032470703,7953700.0
2018-11-09,32.412691236960626,32.667975631899296,32.17442623450016,32.39567184448242,5975400.0
2018-11-12,32.216966528945036,32.268021449860825,31.49365710351147,31.53620719909668,11666700.0
2018-11-13,31.817027315466454,32.43822056913743,31.689386733711192,31.825538635253906,15057100.0
2018-11-14,32.50628986920543,32.62542234696808,31.799999828017516,32.199947357177734,10404900.0
2018-11-15,32.39566304455746,32.82113800258539,32.2424917999781,32.77859115600586,10840400.0
2018-11-16,31.54472914045328,31.65535359460555,31.1958396276204,31.37453842163086,16382400.0
2018-11-19,31.17881474461679,31.212853531615092,30.600168350115254,30.676753997802734,15191700.0
2018-11-20,30.1236336802179,30.62569434975876,29.97046240841785,30.32785987854004,11673500.0
2018-11-21,30.991599513733778,31.246887127693736,30.753334536562466,30.77886199951172,7013100.0
2018-11-23,30.489543239115005,30.804393863050763,30.421465673876476,30.60016441345215,2320500.0
2018-11-26,31.238372710753552,31.39154396548967,31.034146535183083,31.348997116088867,7077300.0
2018-11-27,30.96606355260976,31.331972236342867,30.96606355260976,31.314952850341797,6870200.0
2018-11-28,31.714903379700747,32.353115809070886,31.54471274931212,32.3446044921875,8380200.0
2018-11-29,32.29355824109447,32.650955739310966,32.22548067222439,32.27653884887695,7056600.0
2018-11-30,31.689391357836154,31.995730746420353,31.553239436426114,31.98722267150879,8734400.0
2018-12-03,33.03388009710157,33.18705136308206,32.659463250325246,32.95729446411133,7457600.0
2018-12-04,32.78711311005079,32.999850679145055,31.85106910448309,31.859577178955078,13321200.0
2018-12-06,30.37892194268524,31.366024017333984,30.302336296974676,31.366024017333984,12075700.0
2018-12-07,31.18732272606696,31.434095790096034,30.753336353586946,31.076698303222656,10802700.0
2018-12-10,30.897991825787372,31.3404861602879,30.702273739663024,31.000104904174805,12439100.0
2018-12-11,31.689391424950106,31.782993233646984,30.889496044618912,31.229877471923828,8635800.0
2018-12-12,32.00423176248318,32.080817396499064,31.714908616880578,31.808513641357422,8405400.0
2018-12-13,31.902110629283168,32.04677054258437,31.646823082795873,31.765958786010742,5825900.0
2018-12-14,31.314961987000896,31.578757677810305,31.085205078125,31.085205078125,5969600.0
2018-12-17,31.170298586412954,31.434091001937542,30.73631228003936,30.821409225463867,10733100.0
2018-12-18,31.153285177269606,31.48515521283698,31.153285177269606,31.280925750732422,7100400.0
2018-12-19,31.161797525555503,31.723424565747642,30.719303002052968,30.829927444458008,11786400.0
2018-12-20,30.983091728977083,31.272414880848658,30.242766081526863,30.532089233398438,12540400.0
2018-12-21,31.178816076253234,31.425592423354555,30.33637716182808,30.387432098388672,16981000.0
2018-12-24,30.259790053381106,30.540601929291437,30.013013718165976,30.030033111572266,6288500.0
2018-12-26,30.06407003569112,31.289437069966915,30.06407003569112,31.280925750732422,10063400.0
2018-12-27,30.804386244394852,31.314954872940177,30.60015684530702,31.297935485839844,8688600.0
2018-12-28,31.59578384164484,32.06380583214668,31.502178794320955,31.604291915893555,7369000.0
2018-12-31,31.8510618612111,31.98721374462433,31.28943493636691,31.408567428588867,4600600.0
