Date,Open,High,Low,Close,Volume
2013-01-02,29.6942285220,30.0309284043,29.6440816729,29.9807815552,26975800
2013-01-03,29.9091526616,30.0667586520,29.7443840048,29.7945308685,19685100
2013-01-04,29.6369128715,29.8518283049,29.6082594844,29.8160095215,11909100
2013-01-07,29.5867830290,29.6154391653,29.5079800205,29.5796203613,14531900
2013-01-08,29.1211231727,29.1497765665,28.8775515626,29.0566482544,18435400
2013-01-09,29.3360455187,29.4936487860,29.3217174520,29.3718643188,16973500
2013-01-10,29.6584172000,29.8446765818,29.5437954113,29.7443828583,18700000
2013-01-11,29.3933561306,29.4435029992,29.2644062590,29.4363403320,14571300
2013-01-14,29.6870652278,29.7085586881,29.5079685446,29.5939369202,13262000
2013-01-15,29.5581149460,29.6010991332,29.4793147022,29.5724430084,14032200
2013-01-16,29.3002225511,29.5509568494,29.2787290878,29.5223007202,10137700
2013-01-17,29.4936454908,29.7587105946,29.4936454908,29.6297607422,16632600
2013-01-18,29.8589953798,30.0022732544,29.7658643514,29.8733234406,19993100
2013-01-22,30.0094415449,30.0380976718,29.8303448513,29.9019851685,14186000
2013-01-23,29.8518348464,29.8804909726,29.6942316182,29.7515411377,11452000
2013-01-24,29.8303441182,29.9521312879,29.7157223464,29.7515411377,11275000
2013-01-25,29.5796176951,29.5867803621,29.2644056894,29.4435024261,13319700
2013-01-28,29.5509534974,29.6011003514,29.3288726206,29.3432006836,19910900
2013-01-29,29.4506599521,29.8088533298,29.4148411608,29.7658691406,23151200
2013-01-30,29.8375150657,29.8876619294,29.7443840048,29.7945308685,13411400
2013-01-31,29.7300535815,29.7873658399,29.6225944633,29.7085628510,11225000
2013-02-01,29.9377988257,30.0380925197,29.8446677958,29.9592895508,13351300
2013-02-04,29.5724479799,29.5867760447,29.0566513117,29.1067981720,32493600
2013-02-05,29.0996284485,29.1999221543,28.9635159525,29.0996284485,22704100
2013-02-06,28.8918704206,29.0136548204,28.7844113466,28.9849987030,15766400
2013-02-07,28.4978667310,28.4978667310,28.1754948493,28.3116073608,28622800
2013-02-08,28.3760766931,28.6053202110,28.3689112960,28.5480079651,23819300
2013-02-11,28.5193520738,28.5551708579,28.3617461443,28.4906959534,13123200
2013-02-12,28.5695044753,28.6626327856,28.4477173062,28.5336856842,7439900
2013-02-13,28.6626394911,28.7557705559,28.6483141575,28.6912956238,11992500
2013-02-14,28.8059068077,28.8775471130,28.7557599603,28.8130722046,11974600
2013-02-15,28.9706759471,28.9850040084,28.7557604927,28.8847103119,18369100
2013-02-19,28.2614512086,28.3474168332,28.2184670298,28.2542858124,17227400
2013-02-20,28.3116044140,28.3187670790,27.9175922518,27.9677391052,20843400
2013-02-21,27.6811837930,27.7026745212,27.4089560608,27.5880527496,25471500
2013-02-22,27.6238709080,27.6811804204,27.5020837533,27.6095428467,17088700
2013-02-25,27.7886501463,27.9462534153,27.2441945398,27.2513599396,17361500
2013-02-26,27.2728512426,27.3874730465,27.0292795679,27.3086700439,17655600
2013-02-27,27.2728409756,27.6740185045,27.2298567906,27.5593967438,15805700
2013-02-28,27.9390837910,28.1396712104,27.8674462078,27.9032649994,27269400
2013-03-01,27.5952192412,27.7599878735,27.4662694015,27.6525287628,20369400
2013-03-04,27.0650967930,27.1797185902,26.9504749958,27.1725559235,18764900
2013-03-05,27.2441871979,27.4877588019,27.2370245328,27.3803024292,13790200
2013-03-06,27.6310413324,27.6525320640,27.4591100142,27.5808944702,13143500
2013-03-07,27.5665637444,27.6596947937,27.4734326952,27.6310386658,7799300
2013-03-08,28.1181814608,28.1181814608,27.8746098433,27.9963970184,13025000
2013-03-11,27.7743202172,27.9032700768,27.6238796253,27.6740264893,22780200
2013-03-12,27.4734364102,27.4734364102,27.0937522292,27.2083740234,24411000
2013-03-13,26.8645073478,26.8859980792,26.7069013635,26.7498855591,24696500
2013-03-14,26.9433058049,27.1295651554,26.9433058049,27.0507621765,15082800
2013-03-15,26.6997335131,26.9218143812,26.6567493259,26.8215179443,17791900
2013-03-18,26.3845292380,26.4704948956,26.2627420514,26.3558731079,16563900
2013-03-19,26.0621510756,26.1337886584,25.7541045504,26.0334949493,19443500
2013-03-20,26.6782468800,26.8000313299,26.5421316326,26.6854095459,22207100
2013-03-21,26.4561661326,26.5922786479,26.3200536172,26.3916912079,14361600
2013-03-22,26.3988562919,26.5278061531,26.3702028927,26.4633312225,10269500
2013-03-25,26.5349691841,26.6710816998,26.2555787540,26.3773632050,14334800
2013-03-26,26.5277977053,26.7928627427,26.5277977053,26.7283878326,12288700
2013-03-27,26.6137724700,26.7570476532,26.4561664891,26.7570476532,13726200
2013-03-28,26.3415435326,26.5134748379,26.2627405456,26.4561653137,11665900
2013-04-01,26.3916868110,26.4131775380,26.0263307871,26.1337871552,13207400
2013-04-02,26.2627374967,26.3057216845,26.0908034785,26.1409530640,12856200
2013-04-03,26.0478155877,26.1051250910,25.6179820148,25.6967849731,17433900
2013-04-04,25.7254503320,25.7827625887,25.4962067706,25.7684345245,16669000
2013-04-05,25.0806999473,25.6036647012,24.9732435700,25.5320243835,29146700
2013-04-08,25.2956187335,25.6251560036,25.2956187335,25.5248622894,12911100
2013-04-09,25.7612742656,26.1409612103,25.6681459290,25.9618644714,23803800
2013-04-10,26.0334936296,26.2484091000,26.0048375048,26.0908031464,11561600
2013-04-11,26.0263349476,26.1194632682,25.9260384954,25.9833507538,8005500
2013-04-12,25.8185788398,25.8472349653,25.5463511126,25.7899227142,11897800
2013-04-15,25.3600958182,25.4030772806,25.0162277222,25.0162277222,22577500
2013-04-16,25.4460581528,25.5033676728,25.2669614620,25.4747142792,12817900
2013-04-17,25.0663753953,25.1021941888,24.7153446600,24.9517536163,27896900
2013-04-18,25.1881622834,25.2024903488,24.8944437755,25.0233936310,11155900
2013-04-19,25.7612658998,25.9260345182,25.6681375935,25.8257408142,23433600
2013-04-22,25.9045484589,25.9690233849,25.7254517459,25.9475326538,9967900
2013-04-23,25.5821717348,25.9045463383,25.5463529417,25.8042526245,14588100
2013-04-24,25.8329060452,26.2412462560,25.8114125854,26.1337871552,18554700
2013-04-25,26.4060246032,26.6925777564,26.3702058006,26.5421371460,17708800
2013-04-26,26.5278061531,26.5707903511,26.2842344967,26.4633312225,11117700
2013-04-29,26.5636248584,26.8716686798,26.4919845360,26.8071937561,15652800
2013-04-30,26.8286908465,27.0579344435,26.7140690480,27.0364437103,11800800
2013-05-01,26.9433094303,26.9433094303,26.5707879464,26.6424255371,14069900
2013-05-02,26.6424225174,26.8071911436,26.5851129979,26.7785377502,9022900
2013-05-03,26.9361410957,27.2370249561,26.9289784305,27.0149440765,12002900
2013-05-06,27.0364397199,27.1797148973,27.0077835913,27.1438961029,8918900
2013-05-07,27.4017923475,27.4949233874,27.3158267054,27.4447765350,8455300
2013-05-08,27.5020824458,27.6955071649,27.4591009967,27.6668510437,14076200
2013-05-09,27.4734307390,27.5164149277,27.2585152608,27.3803024292,18425600
2013-05-10,27.5808966316,27.5808966316,27.3946372334,27.5235843658,11334400
2013-05-13,27.0937508209,27.1009162198,26.9791290326,27.0292758942,12969300
2013-05-14,26.9576344367,27.1582218542,26.9504690388,27.0436000824,11017100
2013-05-15,26.9719624998,27.1152376650,26.9289783106,27.0436000824,11390800
2013-05-16,26.9576405204,27.0436061855,26.8573467890,26.8931655884,9266400
2013-05-17,27.0865884196,27.1940448100,27.0507668900,27.1582260132,9276400
2013-05-20,27.3158254526,27.5020847910,27.3158254526,27.4877567291,11918600
2013-05-21,27.1868855730,27.4161291806,27.0865918362,27.3086700439,10585000
2013-05-22,27.1868841158,27.4591119101,26.7570503248,26.8931655884,16828000
2013-05-23,26.2197502457,26.6854026604,26.0120001945,26.6352558136,28755300
2013-05-24,26.2269198659,26.2269198659,25.9905109220,26.1911010742,14467200
2013-05-28,26.7427168783,26.8358451819,26.5922735941,26.6209297180,17441900
2013-05-29,26.2699089104,26.3057304452,26.0621587658,26.2054367065,12112000
2013-05-30,26.2340790108,26.4991440455,26.2340790108,26.3200473785,14828100
2013-05-31,26.1982623588,26.2054277565,25.7469379561,25.7970848083,24769300
2013-06-03,25.9976744856,26.2340806800,25.9117061124,26.1767711639,21468400
2013-06-04,26.1982613006,26.1982613006,25.7684303753,25.9188709259,18161100
2013-06-05,25.7899291347,25.8615667336,25.5320294061,25.5678482056,19076200
2013-06-06,25.3744210897,25.7684360462,25.3672584236,25.7326145172,19898600
2013-06-07,25.5176918797,25.7326073296,25.3385952160,25.5535106659,17576800
2013-06-10,25.3959143878,25.4102424528,25.1595054155,25.3242740631,17128500
2013-06-11,24.8299659309,25.1021936752,24.7511629471,24.9445877075,22748800
2013-06-12,24.9660807755,25.0019023045,24.6293808124,24.7798213959,21630200
2013-06-13,24.5720704476,25.1165260292,24.5147609159,25.0305576324,25341700
2013-06-14,24.5935639011,24.6723641656,24.2138769810,24.3428268433,29592100
2013-06-17,24.7010154724,24.9159309566,24.6007217620,24.7010154724,18916000
2013-06-18,24.6938487615,24.8013051195,24.6293738535,24.7583236694,18671400
2013-06-19,24.4789336148,24.6508676350,24.0204465381,24.0777587891,30935300
2013-06-20,23.6192770484,23.6407677810,22.8025950505,23.0748214722,50501400
2013-06-21,23.5189808442,23.7768778063,23.0891471082,23.4545059204,30648800
2013-06-24,22.7882623889,23.0676541537,22.5232000536,22.8813934326,37349000
2013-06-25,23.2705833784,23.4692260699,23.0645847976,23.3220844269,30859600
2013-06-26,23.7340793610,23.8297227530,23.5427953833,23.7340793610,29440200
2013-06-27,23.7782286500,24.0504414992,23.7782286500,23.9033012390,22896000
2013-06-28,23.7708703214,24.1092973756,23.7414411498,23.9253692627,23878400
2013-07-01,23.9548048617,24.1387330240,23.7708766995,23.8959465027,21181000
2013-07-02,23.8517975018,23.9621554976,23.3956565453,23.5575141907,22636100
2013-07-03,23.2337996757,23.5354416753,23.1308003793,23.3441562653,14303100
2013-07-05,23.7046573125,23.7193718990,23.3662288375,23.5942993164,17128000
2013-07-08,23.6458022078,23.9180150805,23.6384463168,23.6973018646,16185000
2013-07-09,23.8076553345,23.9474396896,23.7193706263,23.8076553345,17909300
2013-07-10,23.9400831733,24.0210119897,23.7635109550,23.8738689423,19046800
2013-07-11,24.7420114646,25.1687232432,24.7272968783,25.1245822906,34965600
2013-07-12,24.5360132274,24.6095861687,24.3741583695,24.4330139160,16134800
2013-07-15,24.5360100951,24.7493673880,24.4697958596,24.6831531525,8531000
2013-07-16,24.6757979323,24.7493680597,24.5360107610,24.7346534729,9427900
2013-07-17,24.9700823627,25.0951549527,24.8376538822,24.8891563416,12282000
2013-07-18,24.8155859770,24.9185852932,24.6831574827,24.7420158386,10415900
2013-07-19,24.7346496491,24.9038631613,24.6537208376,24.8155784607,19480600
2013-07-22,24.6537239412,24.8965104065,24.6095829886,24.8450107574,11204500
2013-07-23,25.4556533634,25.6910811573,25.3305835758,25.5292263031,23013900
2013-07-24,25.4115130411,25.4703685877,25.0289421649,25.2643699646,17800000
2013-07-25,25.2422951626,25.5071492871,25.2275805768,25.4850788116,13120300
2013-07-26,25.3526527636,25.5954392423,25.1466541561,25.5439395905,16234300
2013-07-29,25.2790793715,25.3673640766,25.1687213851,25.2422943115,11456800
2013-07-30,25.4924398635,25.4997957538,25.2202242112,25.3085117340,14109500
2013-07-31,25.2790763815,25.4924336330,25.0657191299,25.2055034637,18245200
2013-08-01,25.4630102594,25.8382224023,25.4556515627,25.6837234497,19759300
2013-08-02,25.5807259610,25.7793686883,25.5807259610,25.7278690338,8303300
2013-08-05,25.5439385197,25.5586531063,25.3526517009,25.5071506500,15003100
2013-08-06,25.3967959025,25.4409396629,25.1687240165,25.3305816650,11303100
2013-08-07,24.9627273148,25.0510120359,24.8082283512,24.8523693085,18117300
2013-08-08,25.0951544303,25.4041523406,24.9259408880,25.3085117340,26359500
2013-08-09,25.2864418249,25.5365842266,25.2496567554,25.4041557312,21826500
2013-08-12,25.9485760161,26.2722884534,25.9338614317,26.2281475067,32501300
2013-08-13,26.7210806916,26.9270793160,26.5886522026,26.7652244568,30621300
2013-08-14,26.7946483707,26.8902917832,26.7210782421,26.7872924805,20396600
2013-08-15,26.6622282751,26.7284425273,26.4194417480,26.5960140228,21316000
2013-08-16,26.8535073167,26.8682219040,26.5665798793,26.6033649445,14636000
2013-08-19,26.7505078894,26.7872929544,26.4856509311,26.5297946930,14370300
2013-08-20,26.1030820201,26.3311539304,26.0810115408,26.1692962646,17018700
2013-08-21,25.8308627535,25.8823623968,25.4703624434,25.6395759583,25896800
2013-08-22,26.1104330918,26.4120750495,26.1104330918,26.3311462402,21559700
2013-08-23,26.1545753371,26.5665752927,25.9780059322,26.2355041504,18471500
2013-08-26,26.4635804660,26.5224360087,26.1398651582,26.2502231598,16249300
2013-08-27,26.0221465754,26.0442198557,25.7131487173,25.8087921143,29000000
2013-08-28,25.6469389077,25.9485809288,25.5439396039,25.7425823212,14134200
2013-08-29,25.8455785381,26.0810062919,25.7720056109,25.8308639526,16055800
2013-08-30,25.8235058654,25.9117933801,25.6027926918,25.8455791473,16881900
2013-09-03,26.8682206547,26.9932904317,26.6254341842,26.6548633575,24665500
2013-09-04,26.9491509339,27.1772200235,26.8608634090,27.1110057831,16965500
2013-09-05,27.2581545300,27.4641559910,27.2140135649,27.3905830383,21163100
2013-09-06,27.5818634265,27.6848627296,27.2875772979,27.5009346008,18706200
2013-09-09,27.8172888872,28.2145714793,27.7952156052,28.1557159424,31644600
2013-09-10,28.3984971514,28.6044985292,28.3175711459,28.5382843018,34218100
2013-09-11,28.2366492830,28.3911482494,28.1557204511,28.3249340057,17250100
2013-09-12,28.2881373512,28.3102078212,27.9497103805,28.0085659027,21430600
2013-09-13,27.9276471931,28.1410045021,27.8982180181,28.1042194366,11173100
2013-09-16,28.5162174008,28.5603611644,28.2513632384,28.3911476135,18312300
2013-09-17,28.2807832422,28.3249269959,28.1777839567,28.2587127686,13282800
2013-09-18,28.1042215005,28.8620045701,27.9644343122,28.8105049133,31236800
2013-09-19,28.6118614298,28.7295753288,28.4058628080,28.6045055389,24052700
2013-09-20,28.7001358267,28.7295649925,28.2513536775,28.2734241486,17006200
2013-09-23,28.2660654534,28.5382810274,28.2660654534,28.4352817535,14310100
2013-09-24,28.0380058289,28.2145752698,27.9350065205,28.0380058289,16539500
2013-09-25,28.0380064939,28.0968620401,27.8099345868,27.8908634186,16207900
2013-09-26,27.8908569420,28.0085708136,27.7142847313,27.8835010529,15470900
2013-09-27,27.6775021418,27.7510750722,27.5818615421,27.6995754242,12183400
2013-09-30,27.1992817017,27.3169955447,27.0815678586,27.2802104950,20104100
2013-10-01,27.3832177787,27.6701451798,27.3685031931,27.6627864838,22964300
2013-10-02,27.4420738542,27.6701457243,27.3832183176,27.6407165527,15815900
2013-10-03,27.9570770773,27.9644329680,27.4494364250,27.5965766907,17391100
2013-10-04,27.8467159720,28.0968583250,27.8320041922,27.9644298553,13460600
2013-10-07,27.5009316562,27.7952149468,27.5009316562,27.6627864838,12268800
2013-10-08,27.8982174118,27.9644316509,27.5745049133,27.6112899780,14223300
2013-10-09,27.7437216141,27.8614355185,27.5009379143,27.7584362030,24561400
2013-10-10,27.7510721819,28.0894992069,27.7510721819,28.0600700378,18297600
2013-10-11,27.9423600707,28.2660725563,27.9202895940,28.2145729065,11452300
2013-10-14,28.0012214846,28.4352920141,27.9497218291,28.3249340057,14179200
2013-10-15,28.2366512334,28.3102213730,27.9717942403,28.0453643799,17492800
2013-10-16,28.0600802337,28.2440083975,28.0306510539,28.1115798950,16302900
2013-10-17,27.8393631029,28.0895054830,27.7952193394,28.0380058289,15691300
2013-10-18,28.1704336167,28.2440037475,28.0600756139,28.0674343109,14116500
2013-10-21,28.1410059513,28.1704351278,28.0232920517,28.0821475983,16102100
2013-10-22,28.0821475983,28.3175782039,28.0600771191,28.0821475983,18693900
2013-10-23,27.2949330733,27.2949330733,27.0962931648,27.1477928162,36846500
2013-10-24,27.0153612035,27.0374316782,26.7578601702,26.8387889862,28788800
2013-10-25,26.7946470714,26.8461495268,26.7063623600,26.8020057678,16402600
2013-10-28,26.9123644973,27.0595047516,26.8314356736,26.8902912140,15197100
2013-10-29,27.2213625217,27.3170059326,27.2140066316,27.2434329987,11144200
2013-10-30,27.7510770065,27.7878620710,27.4862200516,27.6186485291,25428400
2013-10-31,27.7952154938,27.8687884228,27.5965727953,27.6407165527,19445600
2013-11-01,27.7952128681,27.9717850745,27.6112847728,27.8320007324,14993900
2013-11-04,27.7805010044,27.9717878139,27.7805010044,27.8761444092,14794800
2013-11-05,27.4347211390,27.5450763355,27.3537923110,27.4273624420,26312700
2013-11-06,27.5303634574,27.5892218110,27.3685085978,27.3979377747,11074800
2013-11-07,27.3537902346,27.3537902346,26.9050051727,26.9565048218,30352100
2013-11-08,26.9344374933,27.1257215256,26.8093648977,27.1036510468,20700500
2013-11-11,27.4273681114,27.5009410641,27.3390833747,27.3905830383,16558700
2013-11-12,27.3170063571,27.3464327247,27.0227202297,27.1477928162,35118900
2013-11-13,26.5739300321,26.8755719917,26.5518595591,26.8461456299,15659400
2013-11-14,26.8167209622,27.1625039259,26.7210775522,27.0962924957,22095000
2013-11-15,28.0012159061,28.6633554047,27.9791426249,28.2807846069,55822200
2013-11-18,29.2960777283,29.5756493233,29.2298634770,29.2960777283,49617500
2013-11-19,29.2960700176,29.5241418912,29.2739995418,29.3402137756,31801200
2013-11-20,29.2960687632,29.3696388836,29.0679968993,29.1121406555,19959700
2013-11-21,28.9576448025,29.2298576450,28.8840718677,29.2225017548,26149600
2013-11-22,29.2077886201,29.4285018225,29.1562889664,29.3990726471,22523700
2013-11-25,29.2151431723,29.2225018690,28.7663580910,28.8178577423,20847300
2013-11-26,28.8325658396,29.0459230936,28.7663516162,28.9723529816,13342700
2013-11-27,29.2960702537,29.5977122533,29.1562858951,29.5682830811,27897200
2013-11-29,29.4652867758,29.6050739551,29.4064312318,29.5241451263,17381000
2013-12-02,29.5830057713,29.6639346140,29.2077935447,29.2740077972,17295900
2013-12-03,29.1342231839,29.2077961413,28.8105105909,29.0091533661,23681800
2013-12-04,28.9723626589,29.3107897777,28.8252195792,29.1636466980,18746300
2013-12-05,29.1562855197,29.2224997532,28.9576428191,28.9870719910,14164700
2013-12-06,29.4432131004,29.6050707403,29.3034287428,29.5388565063,21926200
2013-12-09,29.3843547272,29.4726422433,29.3254991896,29.3402137756,11856200
2013-12-10,29.1121418385,29.3181404294,29.0606421908,29.3034286499,16597800
2013-12-11,28.6854299859,28.7148563512,28.1925011794,28.3470001221,45736400
2013-12-12,28.1410051372,28.1557197250,27.9570769990,28.0380058289,18010200
2013-12-13,28.3690732110,28.3690732110,28.1189308646,28.2366447449,16250100
2013-12-16,28.2734280413,28.5162116763,28.2145697016,28.2292842865,16095300
2013-12-17,28.0474830306,28.0474830306,27.8257643655,27.8774986267,16404900
2013-12-18,28.2248476937,28.6608954822,27.7296762626,28.4317874908,31305900
2013-12-19,27.7370729886,27.9218390017,27.5227465560,27.7814178467,21440500
2013-12-20,27.6188236726,27.7592476511,27.5301367730,27.5818710327,21053600
2013-12-23,27.5596958632,27.7148986188,27.4488351410,27.5449142456,17427700
2013-12-24,27.9218334847,28.1287732956,27.8700992368,28.0474758148,10098200
2013-12-26,27.8405322944,27.8922693547,27.7518454269,27.8183612823,6184800
2013-12-27,28.1066021494,28.2470261094,28.0253046608,28.2322444916,10263700
2013-12-30,28.0474742438,28.1583321319,27.9735661657,28.0622558594,9568600
2013-12-31,28.1435475822,28.3578739166,28.0770317352,28.3578739166,12453200
2014-01-02,27.9218277571,27.9292199734,27.4266563946,27.4340457916,31346500
2014-01-03,27.3010227079,27.3158043259,26.9980065855,27.0940856934,23690200
2014-01-06,26.7836804373,26.8058514549,26.6063038378,26.6136932373,30648900
2014-01-07,26.5323992283,26.7023836132,26.4954437722,26.6210861206,17569100
2014-01-08,26.8132404842,26.9832248625,26.8058510849,26.9388828278,26382200
2014-01-09,26.6949864359,26.7023786535,26.2958940852,26.4437046051,26185700
2014-01-10,26.6728209007,26.9906186585,26.6358682632,26.9241027832,22893300
2014-01-13,26.6506475746,26.7023818266,26.3550208611,26.3919734955,22225600
2014-01-14,26.5915229842,26.8280232440,26.4215385987,26.7984600067,20908900
2014-01-15,26.7097724463,26.8280225733,26.6432565737,26.7467250824,14289100
2014-01-16,26.6284757576,26.6876022326,26.4584913712,26.5028362274,23924100
2014-01-17,26.5545675659,26.5841308001,26.3476305650,26.4584884644,25082100
2014-01-21,26.6210834332,26.6580360663,26.2811146977,26.4584884644,20398200
2014-01-22,26.8354144252,27.1014750927,26.7393353174,27.0940856934,23985000
2014-01-23,26.3180688118,26.3328504298,25.8524577144,25.8820209503,41137600
2014-01-24,25.6676967629,25.6824783838,25.2612120574,25.2907752991,46276300
2014-01-27,25.3646757536,26.0520054855,25.0912228684,25.2464256287,33460900
2014-01-28,25.4533628492,25.6455210658,25.3942391959,25.5346603394,25119800
2014-01-29,25.3794629382,25.6529158833,25.2464311661,25.4977130890,38343200
2014-01-30,25.7637763741,25.9115897659,25.5937919602,25.6159629822,26070400
2014-01-31,25.3942363975,25.6676892548,25.2020782021,25.5568313599,27627100
2014-02-03,25.4311930177,25.4311930177,24.8768949983,24.9434108734,28185900
2014-02-04,25.0173144472,25.3646754179,25.0025356487,25.2316436768,20066400
2014-02-05,24.9434140257,25.0986168141,24.7290847545,24.9138507843,25493500
2014-02-06,25.0320996044,25.3425079841,25.0173179844,25.3277263641,21326800
2014-02-07,25.4681434555,25.5642225600,25.3055513010,25.4238014221,20699000
2014-02-10,25.3868476833,25.3942399022,25.0468789144,25.2020816803,23214500
2014-02-11,25.7933345943,26.1924270096,25.7859423755,26.1628665924,38158500
2014-02-12,26.4584901617,26.5693508874,26.1333030225,26.1480846405,26200900
2014-02-13,25.8967981120,26.2589378215,25.8672348812,26.2145957947,18798800
2014-02-14,26.2958940852,26.5545653143,26.2811124694,26.4437046051,16837600
2014-02-18,26.5471753477,26.6358650503,26.3698015810,26.4584884644,17329900
2014-02-19,26.4289272356,26.7541171980,26.4067562179,26.5915222168,30223100
2014-02-20,26.6580408264,26.6580408264,26.0815717530,26.3698062897,19624600
2014-02-21,26.2515495590,26.4584865448,26.2441573413,26.4141445160,26359500
2014-02-24,26.0372232455,26.2737234896,26.0298338463,26.0963497162,19903500
2014-02-25,25.8376765619,25.9115846530,25.5568342740,25.6455211639,31732100
2014-02-26,25.8820205109,25.9559257800,25.6972545188,25.7342071533,24034700
2014-02-27,26.3328467152,26.4954388509,26.2293782235,26.4437046051,29809000
2014-02-28,26.3919739563,26.4511004278,26.0593946026,26.1554737091,23754500
2014-03-03,25.6972539586,25.9041909631,25.5937854564,25.8376750946,28626300
2014-03-04,26.1702534136,26.2367692794,26.0224400650,26.1333007812,18353100
2014-03-05,25.8081141001,25.9263670493,25.6824745706,25.8746299744,22035500
2014-03-06,25.9707080432,26.2811163837,25.9633186438,26.1480846405,21977500
2014-03-07,26.0224420885,26.0741763416,24.9877542069,25.8598499298,23786100
2014-03-10,25.4016291636,25.4755372559,25.2390369989,25.4533634186,24492400
2014-03-11,25.4459727938,25.5050964456,24.9581906848,25.0542697906,39123000
2014-03-12,24.8399433542,25.0394909875,24.7216932181,24.9877567291,26377800
2014-03-13,24.8842836686,24.9064575058,24.2265171559,24.3743305206,57494700
2014-03-14,24.4038902798,24.6625615167,24.3373744162,24.4112796783,27583000
2014-03-17,24.5369245959,24.6773457366,24.4186744724,24.4408454895,21409000
2014-03-18,24.6847385959,24.9286282486,24.6699569777,24.8547229767,28181000
2014-03-19,24.5886569350,24.7808123135,24.3152040742,24.4630146027,27188000
2014-03-20,24.1895648504,24.4482389469,24.0787069398,24.3891124725,27224600
2014-03-21,24.9729707403,25.4385789839,24.9507969054,25.0912208557,63422300
2014-03-24,25.5272709340,25.5790051879,25.3720681725,25.4903182983,38774600
2014-03-25,25.6307364094,25.8228917839,25.5642205453,25.6972522736,33786600
2014-03-26,25.9189731491,26.0372232713,25.7120361401,25.7563781738,23549100
2014-03-27,25.8155092143,26.0298384798,25.8155092143,25.9411487579,23550900
2014-03-28,26.3771938758,26.6802100114,26.3624122571,26.4806652069,55760600
2014-03-31,26.4806600544,26.5915179443,26.4141441927,26.4437046051,19811700
2014-04-01,26.5324001312,26.6063054074,26.3993683786,26.5324001312,15495700
2014-04-02,26.3624138259,26.5250088222,26.3106795669,26.4880561829,12897300
2014-04-03,26.3550253331,26.4732754747,26.1628699102,26.4215412140,20324900
2014-04-04,26.6728182452,26.8945368678,26.2663336339,26.3328495026,32788900
2014-04-07,26.4806610567,26.5693479359,26.3106738777,26.4658794403,20673200
2014-04-08,26.9462753778,27.1975572750,26.8354174587,26.8871517181,36823500
2014-04-09,27.1458216181,27.3231982267,26.8797581149,27.2123374939,24704500
2014-04-10,27.4192693125,27.6409907359,27.0423479674,27.1088638306,38884500
2014-04-11,26.6284708170,26.7836763752,26.5841287884,26.7097682953,24866800
2014-04-14,26.8871516311,26.9314936709,26.6358697347,26.7541198730,17662400
2014-04-15,26.2072034508,26.2737193101,25.8524531411,26.0815639496,46258100
2014-04-16,26.3180666590,26.4954404211,26.2589401921,26.4067535400,23561500
2014-04-17,26.3993651491,26.6063021526,26.2811150301,26.4732704163,17621500
2014-04-21,26.3402439618,26.3771966028,26.1702595578,26.3032913208,11066700
2014-04-22,26.2589444638,26.3106787211,26.1554759492,26.1702575684,13713700
2014-04-23,25.8302875999,25.8524586179,25.6529109978,25.8155059814,20341900
2014-04-24,25.9707052516,25.9707052516,25.6750813802,25.8524551392,22643100
2014-04-25,25.4977078012,25.6676921816,25.3277234209,25.6455211639,23974300
2014-04-28,25.5716177896,25.6603075152,25.4311966198,25.5790100098,18633700
2014-04-29,25.9854859702,26.1480809263,25.9189701080,25.9189701080,21193900
2014-04-30,25.7637717265,25.8376769995,25.6676926162,25.8155059814,15378600
2014-05-01,25.7933340588,25.9928788526,25.7563786043,25.8598499298,11683800
2014-05-02,25.8007250307,25.9559277995,25.7120381370,25.8672409058,14100200
2014-05-05,25.5716130729,25.6824737998,25.5124894194,25.6455211639,12820300
2014-05-06,25.6529086645,25.8376746494,25.5790033983,25.6898612976,15716000
2014-05-07,25.4385860206,25.6381336742,25.4385860206,25.5790100098,15218600
2014-05-08,25.7120373706,25.8228952796,25.6011766423,25.6603031158,17206900
2014-05-09,25.5124865103,25.6676892548,25.4977048938,25.5568313599,15322700
2014-05-12,26.0446113281,26.1480798161,25.9780954688,26.1037349701,23108100
2014-05-13,26.0372292802,26.2515585571,26.0224476591,26.1776504517,14033300
2014-05-14,26.4954414325,26.5619573007,26.4215361654,26.4732704163,21792000
2014-05-15,26.3919778901,26.3919778901,26.1259143675,26.2885093689,19380700
2014-05-16,26.3550241827,26.6210876946,26.3106793243,26.5841350555,22689400
2014-05-19,26.3328501812,26.4511003042,26.3180685634,26.4289264679,13611200
2014-05-20,26.2811234524,26.3919813886,26.1628732954,26.2737312317,13361600
2014-05-21,26.6580371821,26.6802081990,26.5693502951,26.6358661652,14428800
2014-05-22,26.8649749756,26.9093198300,26.8058513223,26.8649749756,12761000
2014-05-23,26.9241017798,26.9314911794,26.8206332708,26.8575859070,12148500
2014-05-27,26.8502005738,26.8649793751,26.6136974640,26.7171688080,14600100
2014-05-28,27.0866937117,27.1088647271,26.9314881463,27.0423488617,14548700
2014-05-29,27.0497408391,27.1310383289,27.0053988042,27.0940856934,10608000
2014-05-30,27.3232001419,27.3823238027,27.1679945413,27.2345104218,20205500
2014-06-02,27.3970931677,27.5153432558,27.3675299409,27.4340457916,15580400
2014-06-03,27.3971009942,27.7296803428,27.3971009942,27.6779460907,24951700
2014-06-04,27.3601446836,27.4636131739,27.3379736698,27.4488315582,15660700
2014-06-05,27.6040316310,27.7222817255,27.5227369817,27.6705474854,16129700
2014-06-06,27.5523074597,27.6040417188,27.4857915811,27.5227470398,21029500
2014-06-09,27.6262135071,27.8035872908,27.6188212882,27.7961978912,16177100
2014-06-10,27.9587923083,27.9587923083,27.8479315812,27.9218368530,12270000
2014-06-11,27.7887996225,27.8627076990,27.7148943652,27.8035812378,13081200
2014-06-12,27.8922683195,27.9218287281,27.6409865214,27.7296733856,12277300
2014-06-13,27.9587883847,28.1878963868,27.9440067685,28.1509437561,16907500
2014-06-16,28.1509468992,28.1509468992,28.0031335404,28.0992126465,14627600
2014-06-17,27.9366214621,28.1139980806,27.9292320619,28.0770454407,13542400
2014-06-18,28.0770477499,28.3209374486,27.9070605177,28.2913742065,17690000
2014-06-19,27.9883547271,28.0770444428,27.9440126885,28.0326995850,14319000
2014-06-20,28.0400864024,28.0548680203,27.9440101149,27.9587917328,19667000
2014-06-23,27.6409924487,27.6779450818,27.5449133472,27.6114292145,16594200
2014-06-24,27.7014137031,27.7989018867,27.4764433922,27.5214385986,12854700
2014-06-25,27.4614479571,27.6264275379,27.4614479571,27.5739345551,10187000
2014-06-26,27.8738965375,27.9113939806,27.7839089675,27.8439025879,9801900
2014-06-27,27.8363935155,27.9113855183,27.7164091717,27.9038848877,6016300
2014-06-30,27.8663967125,27.9113919245,27.7614107452,27.7764091492,7748000
2014-07-01,27.9563866276,28.1063678196,27.9563866276,27.9863834381,9964800
2014-07-02,28.5488089726,28.5488089726,28.4438230030,28.5113143921,11637200
2014-07-03,28.6612905283,28.8337678566,28.6087975527,28.8187694550,11992400
2014-07-07,28.6837846613,28.7737722043,28.6237910588,28.7587738037,8103300
2014-07-08,28.6612996023,28.6987941880,28.4588254064,28.6088066101,12520000
2014-07-09,28.2863382857,28.5188063538,28.2713398845,28.4738140106,10578100
2014-07-10,27.9713903823,28.3163451874,27.8814027941,28.3013496399,13699800
2014-07-11,28.3238355889,28.4513177210,28.2413458043,28.4213237762,8868000
2014-07-14,28.7212840768,28.8112716350,28.6912872705,28.7962760925,20783800
2014-07-15,28.7737770575,28.8637674764,28.6088003442,28.7962760925,15011500
2014-07-16,28.8412676854,28.9237574702,28.7962753378,28.8862628937,9806500
2014-07-17,28.6612897355,28.7212804799,28.4288188068,28.4738140106,18780900
2014-07-18,28.6762943268,28.8037764741,28.6387968852,28.6762943268,10583600
2014-07-21,28.4063325017,28.6837958700,28.3763356888,28.6537990570,14099000
2014-07-22,29.2912178187,29.3437108099,29.2312241941,29.2987155914,18549100
2014-07-23,29.7111539336,29.7336529672,29.6136686102,29.6886577606,19624500
2014-07-24,30.0186215795,30.2060973633,29.9886276282,30.0861129761,27133200
2014-07-25,30.1161070339,30.1985968289,30.0336172389,30.1386032104,18073900
2014-07-28,30.4760539428,30.8060130555,30.4460571397,30.7835140228,26434700
2014-07-29,30.9185062051,30.9709991962,30.7085342407,30.7085342407,17685700
2014-07-30,30.7985224179,30.8810122228,30.3935740267,30.5285568237,18024700
2014-07-31,30.6035427287,30.6785318851,30.2660858036,30.3485755920,56941300
2014-08-01,30.3710731197,30.6410386718,30.3110795033,30.5360527039,21808000
2014-08-04,30.7685261359,30.8435181692,30.5960487501,30.7985229492,16481000
2014-08-05,30.4910561335,30.5960420967,30.2810842070,30.3485755920,18463000
2014-08-06,30.1760959118,30.2885796377,30.1011039005,30.1535968781,19461200
2014-08-07,30.0786138521,30.1236062074,29.7861521003,29.8911380768,22052300
2014-08-08,30.1611065039,30.4235714700,30.0636182906,30.3635807037,20319100
2014-08-11,30.6110480618,30.8360184473,30.6035502886,30.7760276794,17555200
2014-08-12,30.6335336820,30.7385224956,30.5510467622,30.7235240936,12737300
2014-08-13,31.0384885115,31.1809719298,30.9784977517,31.0984821320,15352500
2014-08-14,30.7685203393,30.8210133225,30.7160273562,30.7610225677,12213300
2014-08-15,30.9635025620,30.9710003350,30.6410439701,30.7985229492,16492500
2014-08-18,30.9859925608,31.0684823507,30.9035027709,31.0459861755,16742700
2014-08-19,31.0234862356,31.0759792166,30.9859916578,31.0684814453,10314200
2014-08-20,30.8735085155,31.0159919319,30.8360139335,30.9035053253,11131000
2014-08-21,30.7085270986,30.7235255012,30.4835567804,30.4985523224,14615300
2014-08-22,30.7610261853,30.7985207690,30.5960465842,30.6635379791,15072400
2014-08-25,30.9260082389,30.9335060120,30.8135216182,30.9335060120,10006100
2014-08-26,30.8585102759,31.0234869943,30.8585102759,30.9784946442,7660000
2014-08-27,30.7760209716,30.7835187432,30.7010289524,30.7610225677,7562400
2014-08-28,30.3485756732,30.4010686549,30.2585852525,30.3860702515,15588500
2014-08-29,30.5435491151,30.6260389035,30.3335771886,30.3485755920,15742400
2014-09-02,30.5735520430,30.6410434415,30.5060606444,30.5285568237,14530400
2014-09-03,31.6084135514,31.6834027094,31.4284355672,31.5409221649,21300600
2014-09-04,31.8108821837,31.9158710010,31.5634156945,31.6384048462,13873400
2014-09-05,31.6834072356,31.9008798298,31.6009174336,31.8858814240,13531500
2014-09-08,31.7883909578,31.8633829819,31.6159135935,31.7134017944,8804500
2014-09-09,31.6534086647,31.6984038798,31.3909437281,31.4884319305,15416500
2014-09-10,30.7685263978,31.0084951853,30.7160334044,30.9335060120,22866100
2014-09-11,30.6785253283,30.8734988097,30.6635269281,30.8285064697,17574100
2014-09-12,30.7085342407,30.7835234107,30.5360568613,30.7085342407,24857400
2014-09-15,30.4835649202,30.4985604661,30.2210970950,30.2735900879,15170500
2014-09-16,29.9136279216,30.8360081977,29.9136279216,30.4685573578,40882900
2014-09-17,30.4685635878,30.5135559427,30.1536028000,30.2510910034,22206100
2014-09-18,30.2210931465,30.2810867652,30.1461039838,30.2060947418,17461100
2014-09-19,30.1835959928,30.2060921676,29.7786476830,29.8986320496,27467700
2014-09-22,29.6436607894,29.6736575920,29.2612115682,29.3362007141,28739700
2014-09-23,29.3737038208,29.5536818282,29.2687178418,29.3062152863,28487300
2014-09-24,29.7186559330,29.9961192350,29.5911709387,29.8761348724,28033400
2014-09-25,29.4187027531,29.4561973416,29.1412393648,29.2462253571,23506600
2014-09-26,29.2987034097,29.5461727173,29.2987034097,29.3886909485,16690900
2014-09-29,28.7362860862,28.7962797063,28.6313001116,28.6987915039,25085800
2014-09-30,28.5413163501,28.7662867342,28.5038189021,28.7062931061,26128400
2014-10-01,28.5038118939,28.5263109292,28.0763674109,28.0913658142,27048100
2014-10-02,28.0538760134,28.2188556176,27.5364438829,28.0988712311,39844300
2014-10-03,28.6912905763,28.7062889811,28.4738208572,28.5563106537,30819000
2014-10-06,29.0962378679,29.1862254332,28.9537573177,28.9687557220,22011500
2014-10-07,28.9762597027,29.0062565177,28.7062940882,28.7212924957,25796900
2014-10-08,28.8487728957,29.3437088226,28.6912910722,29.2612190247,30045000
2014-10-09,29.0812361736,29.1037352079,28.6837885161,28.7812767029,29182300
2014-10-10,28.4963154940,28.5638068819,28.2263499421,28.2788429260,27888800
2014-10-13,28.7512841486,28.9387599182,28.5113153923,28.5338115692,24153400
2014-10-14,28.5563097472,28.7437855112,28.3463349463,28.5788059235,22156400
2014-10-15,28.2638420605,28.5038107833,27.7839046148,28.4588184357,30654300
2014-10-16,27.9038934251,28.5863051258,27.8888950200,28.3463363647,30121500
2014-10-17,28.7587812606,28.9537576585,28.6013023042,28.6762943268,26070600
2014-10-20,28.5338128421,28.7437876587,28.4813198531,28.6912918091,14661700
2014-10-21,28.7512789954,28.9987454795,28.6912853868,28.8037719727,17297400
2014-10-22,28.9087643981,28.9462589816,28.6537972256,28.6912918091,16679300
2014-10-23,28.9087618990,29.0662408523,28.8337727385,28.8712673187,13798200
2014-10-24,28.9012643485,29.0812394792,28.8562691355,28.9762535095,11277100
2014-10-27,28.5413103742,28.6837909201,28.4588205831,28.5713043213,14337900
2014-10-28,29.2462181605,29.5161837089,29.2387203889,29.4486923218,21764200
2014-10-29,29.7561603571,29.8536485778,29.4337017397,29.5536861420,18557900
2014-10-30,29.3886970981,29.7186562440,29.3886970981,29.5836734772,13813800
2014-10-31,29.9886158821,30.0786034220,29.8311341113,29.9436206818,25933900
2014-11-03,29.6736611992,29.7336548117,29.4786876797,29.6586627960,19670700
2014-11-04,29.8386354091,29.8611315794,29.6361612941,29.8236370087,15493400
2014-11-05,29.6286696615,29.6886632815,29.4636929279,29.5911750793,12962700
2014-11-06,29.5686796872,29.6136749034,29.4037000886,29.5086860657,10179100
2014-11-07,29.2837070671,29.4786834190,29.2687086661,29.4561843872,12294700
2014-11-10,29.6886563072,29.7186531102,29.4561853754,29.4711837769,15190000
2014-11-11,29.5536767368,29.6436642946,29.4786875820,29.6136703491,8409400
2014-11-12,29.6811616667,29.8161415729,29.5536766711,29.5836734772,14198000
2014-11-13,29.8461311057,29.8461311057,29.6436570048,29.7561435699,12987600
2014-11-14,30.1460985613,30.3485726970,30.0636087807,30.3335742950,25581300
2014-11-17,29.4561852892,29.4936827231,29.3511993399,29.4336891174,17179900
2014-11-18,29.0662394544,29.1487292433,29.0287448760,29.1112346649,13196000
2014-11-19,28.8862659441,29.0362471269,28.8112739225,28.9762535095,15247900
2014-11-20,28.7737810074,28.9087637936,28.7362864247,28.8637714386,12716500
2014-11-21,29.9961203066,30.1461014803,29.8536397650,29.9286289215,42953200
2014-11-24,30.1086061246,30.1236016670,29.9736233579,30.0111179352,17464200
2014-11-25,30.0111221959,30.0636151837,29.7561550293,29.7636528015,12083700
2014-11-26,30.4835628934,30.7310294348,30.4760622603,30.6935348511,23047700
2014-11-28,30.5960432672,30.5960432672,30.3260777168,30.4460620880,14748000
2014-12-01,29.6436720041,29.6886672251,29.5011914287,29.6511726379,21391000
2014-12-02,30.2585823864,30.4685571541,30.2135900409,30.3785667419,18472100
2014-12-03,30.0486243489,30.2885931708,30.0111297568,30.2211017609,14686500
2014-12-04,31.0534841237,31.2334621082,30.9559959295,31.1284732819,23865400
2014-12-05,31.3159488413,31.4959268247,31.1584698937,31.4809284210,18449500
2014-12-08,31.5634225376,31.7358999125,31.2484617386,31.2559623718,20026800
2014-12-09,30.1686087466,30.2585963396,29.9661345168,30.2136039734,33763600
2014-12-10,30.3410865920,30.3485872269,29.8836451249,29.9211425781,21493500
2014-12-11,30.0411109924,30.3335726637,29.9811173877,30.0411109924,18523600
2014-12-12,29.8911347313,29.9661238888,29.5836746086,29.6661643982,17569000
2014-12-15,29.8386406078,29.8761351851,29.2537143313,29.5836734772,22974800
2014-12-16,29.2462145236,29.9961174601,29.1187323975,29.5161800385,30085700
2014-12-17,29.7336588971,30.5885479687,29.7336588971,30.2510910034,29763800
2014-12-18,30.4535597417,30.5360495252,30.1385990101,30.3935661316,20473600
2014-12-19,30.3677514933,30.7246598161,30.3373754540,30.5727825165,16562800
2014-12-22,31.1195471766,31.3549571929,31.0739831066,31.3245811462,16287000
2014-12-23,31.0663889818,31.0663889818,30.7854178065,30.8765430450,18213500
2014-12-24,30.6411216283,30.7094662559,30.5424038636,30.6259365082,5392900
2014-12-26,31.6435218645,31.8333678164,31.5675846425,31.6511173248,14472400
2014-12-29,31.6435109418,31.7346390529,31.5599811851,31.5827617645,11797200
2014-12-30,31.1347264881,31.2638203050,31.0739744118,31.0967578888,12876900
2014-12-31,31.7574185123,31.7801990909,31.5523846147,31.6055412292,11848300
2015-01-02,31.9852451572,32.0080286413,31.6131487138,31.6511173248,15879100
2015-01-05,31.8713315757,31.8865195958,31.4536682657,31.5372009277,19953500
2015-01-06,31.5144156171,31.5979482666,30.9980345994,31.1499118805,23651100
2015-01-07,31.8637356622,32.0156129640,31.6966732374,31.9700489044,21729100
2015-01-08,32.1674917813,32.3573376933,32.1371157402,32.2282409668,14266300
2015-01-09,32.3421413277,32.3725173610,32.0156062117,32.1067314148,17966100
2015-01-12,32.1447037649,32.1750769022,31.7801971491,31.8181686401,11738800
2015-01-13,32.3953049737,32.5395868181,31.8789238826,32.2738037109,21635400
2015-01-14,31.9548704275,32.1219328871,31.7346484390,31.9320869446,17435200
2015-01-15,32.5927426406,32.6686827385,32.2206462997,32.2510223389,15123900
2015-01-16,31.7270381145,32.0839492461,31.6890695231,32.0611686707,22975600
2015-01-20,31.7042680947,31.7574247196,31.5903593859,31.7118606567,18603600
2015-01-21,32.3117645259,32.7749888840,32.2813884934,32.7218322754,19692600
2015-01-22,32.8813122488,33.3217561667,32.7294349358,33.3065681458,20535600
2015-01-23,33.1698772825,33.3293471500,33.1698772825,33.2230339050,11296200
2015-01-26,33.1091231035,33.2989689995,33.0483739231,33.2078437805,9732300
2015-01-27,32.3725192985,32.6610829417,32.3269552458,32.5699577332,16362600
2015-01-28,32.3497441688,32.3649321903,31.9396791761,31.9776477814,16560700
2015-01-29,32.1750814510,32.2510215470,31.7953896613,32.1902694702,11986300
2015-01-30,31.7650264667,31.8637442773,31.2866138508,31.3169898987,29188900
2015-02-02,31.6738872054,31.9320777285,31.5903545513,31.8485450745,19250100
2015-02-03,32.1750835535,32.5699633883,32.1750835535,32.4940261841,22931600
2015-02-04,33.0787536519,33.2382235271,32.7446229837,32.7674064636,24330200
2015-02-05,32.4788365962,32.7294316753,32.4028964988,32.6610870361,10307400
2015-02-06,32.0383938725,32.1750831558,31.8941120276,31.9244880676,13684800
2015-02-09,31.8713285508,32.0383909621,31.7953884577,31.8485450745,9099600
2015-02-10,32.0763610195,32.1219221765,31.8941077009,31.9928283691,8972900
2015-02-11,31.8409584849,32.0308044081,31.7422377936,31.9776477814,12236800
2015-02-12,32.3117644528,32.5016103108,32.2586078443,32.4332656860,11386300
2015-02-13,32.5775640997,32.7218459696,32.5775640997,32.6383132935,11989000
2015-02-17,32.8053716449,32.8661208257,32.6307137669,32.7598075867,9907700
2015-02-18,32.7370266104,32.8357472869,32.5927418761,32.7294311523,6969800
2015-02-19,32.6155296790,32.8281561827,32.5699656153,32.6990623474,5328200
2015-02-20,32.6686771487,32.9268676437,32.5699564867,32.9040870667,14538400
2015-02-23,32.7977730055,32.8433370593,32.5623659695,32.6307106018,13025000
2015-02-24,32.8205651672,33.1698809817,32.7598130794,33.0331916809,14411700
2015-02-25,32.8813155652,32.9572556778,32.7977828898,32.8357543945,10458900
2015-02-26,33.2230360083,33.2837880932,33.1546913612,33.2382240295,11653900
2015-02-27,33.2685890120,33.3824947881,33.2002443877,33.2306175232,10250300
2015-03-02,33.1167150356,33.3369369467,33.0635584221,33.2989654541,11829300
2015-03-03,32.5016154497,32.5243989261,32.3117695616,32.4256782532,15854900
2015-03-04,31.9548639102,31.9624564718,31.7194539467,31.9092998505,16799300
2015-03-05,31.7498229258,31.8181675518,31.5827576406,31.6662902832,14699400
2015-03-06,31.5371986755,31.5675747135,31.2106635093,31.3321647644,21035000
2015-03-09,31.6587009425,31.8333588212,31.6283278003,31.6966724396,14518000
2015-03-10,31.0891653929,31.0891653929,30.8613508787,30.9600715637,30339600
2015-03-11,31.0284143661,31.1195395870,30.9221011256,31.0360069275,16060100
2015-03-12,31.5296120691,31.5675806753,31.2790140537,31.3473587036,23642600
2015-03-13,31.5372052703,31.5751767741,31.3397667758,31.5068321228,10544200
2015-03-16,32.0232030960,32.1143312082,31.9548613570,32.0763626099,16845900
2015-03-17,31.8637313090,32.2813916592,31.8333552735,32.2130470276,14418400
2015-03-18,32.3421492691,32.9496556004,32.1447107978,32.7749977112,24165100
2015-03-19,32.8281556508,32.8889077347,32.5927456706,32.7674064636,14920200
2015-03-20,32.8433451093,33.0559716188,32.7825930226,32.9116897583,17869100
2015-03-23,32.8357501866,32.9344679751,32.7218414808,32.8053741455,11829500
2015-03-24,32.5547675001,32.6990522088,32.5319869238,32.6534881592,9433400
2015-03-25,32.5471771055,32.6307097536,32.2510180055,32.2813911438,20655000
2015-03-26,32.2738029198,32.3345549982,32.1295210790,32.2510223389,13964300
2015-03-27,32.7294311523,32.8585278673,32.6534939530,32.7294311523,18856500
2015-03-30,33.4964105265,34.1191048369,33.4964105265,33.9748229980,30507300
2015-03-31,33.5040072568,34.0052003713,33.4584460898,33.7166366577,18767300
2015-04-01,34.2178292058,34.3621110602,34.1418891007,34.3241424561,22064000
2015-04-02,34.5063927657,34.7569907662,34.4304555578,34.6734580994,16495000
2015-04-06,34.7797665046,35.2885549966,34.7797665046,35.0987091064,14086400
2015-04-07,35.3113366438,35.4632139399,35.1898353863,35.2126159668,17824900
2015-04-08,37.2477648544,37.5287359742,36.9819817542,37.3768615723,50991300
2015-04-09,38.0375264854,38.9108188265,37.9919624243,38.8196907043,50465300
2015-04-10,38.1438359594,38.6678095742,38.0223347054,38.5690917969,34120800
2015-04-13,39.3588507703,39.4955371442,38.9259994819,38.9867515564,29955400
2015-04-14,38.3716515042,38.8652519917,38.2577457049,38.7209701538,20236200
2015-04-15,38.8044982299,39.0247201545,38.6981849964,38.9867515564,13862200
2015-04-16,39.3816379510,39.9132071042,39.2677292407,39.6626091003,20500400
2015-04-17,37.6806114741,38.1362433487,37.5667056781,37.9919586182,42017500
2015-04-20,38.0679025309,38.4172183086,38.0223384698,38.2805290222,20385700
2015-04-21,39.2905183061,39.3512675025,39.0247322433,39.1082649231,18211500
2015-04-22,39.6170456843,39.7992990444,39.5411084741,39.7841110229,17978600
2015-04-23,39.1917882536,39.5183234350,39.1538196528,39.3740386963,13636300
2015-04-24,39.4727567440,39.5335088188,39.3436629305,39.4271926880,12633000
2015-04-27,40.0043342837,40.1334281246,39.8068928959,40.0271148682,22333500
2015-04-28,39.9739582399,40.0726789339,39.7765197489,40.0271148682,14032600
2015-04-29,39.5411000655,39.6626013141,39.2449409531,39.4727554321,23909200
2015-04-30,39.1614107447,39.2297553823,38.9335962515,38.9791603088,23051000
2015-05-01,39.1082565073,39.4575722780,39.0475044271,39.3360710144,15258300
2015-05-04,39.2145705347,39.7689202418,39.1690093704,39.6474189758,26654300
2015-05-05,38.5387235529,38.6526322690,38.1590316953,38.2197837830,26758400
2015-05-06,38.2425617708,38.3109064164,37.3844574196,37.4452095032,27444500
2015-05-07,37.2097860566,37.4527885093,37.1186608610,37.4300079346,20368200
2015-05-08,38.2653353594,38.5159333131,38.1742101475,38.3564605713,19112000
2015-05-11,38.5387122444,38.5690882794,37.9919552029,38.0223312378,17317400
2015-05-12,37.4983605020,37.8628642583,37.4679844648,37.8097076416,17242400
2015-05-13,37.5135550784,37.7185861235,37.3313017199,37.3692703247,14524900
2015-05-14,37.5515210389,37.7641475281,37.5135524368,37.7109909058,15614400
2015-05-15,38.1818059851,38.4703725605,38.1362448237,38.4248085022,25626500
2015-05-18,37.8097130349,37.9615903459,37.7033997863,37.8552742004,17328700
2015-05-19,38.3716583252,38.4248149537,38.2197838991,38.3716583252,16438500
2015-05-20,37.9615850821,38.1058669143,37.7869243158,37.9995536804,14641500
2015-05-21,37.7869308676,37.9008395791,37.7034010957,37.8476829529,11031400
2015-05-22,38.8272817062,39.1690048829,38.7133730150,38.9867515564,28090400
2015-05-26,39.5335151643,39.5487031854,39.0399146168,39.1841964722,21122300
2015-05-27,38.9259916512,39.2069655937,38.8272738953,39.1462135315,16960000
2015-05-28,37.6730244050,37.8552748639,37.4679904661,37.7261810303,31854900
2015-05-29,37.5742992193,37.6274558381,36.9895735146,37.0275421143,26244200
2015-06-01,37.6198639635,37.6502400025,37.3237048251,37.4376106262,18702900
2015-06-02,37.3768648576,37.6350554191,37.3313007949,37.4452095032,10837900
2015-06-03,37.5591111096,37.8097090810,37.4831739104,37.7033958435,12611600
2015-06-04,37.6730171453,37.7033931815,37.3920460521,37.4679832458,11922300
2015-06-05,36.9971776209,37.2477727547,36.8377048301,37.1794281006,15388700
2015-06-08,37.4679806263,37.6198579000,37.4376045921,37.5211372375,18824900
2015-06-09,36.7541694612,37.0275451392,36.7237934202,37.0047645569,27628500
2015-06-10,36.3516905136,36.7465703157,36.3365024946,36.6554450989,27533900
2015-06-11,36.9212238815,37.0958817337,36.8073180979,36.9743804932,34152800
2015-06-12,37.2553591280,37.3692649258,37.1946070517,37.2857322693,16774800
2015-06-15,36.2453839617,36.2757600052,36.0707260568,36.1542587280,20337200
2015-06-16,35.4859921917,35.7365901483,35.4176475578,35.6834335327,19794200
2015-06-17,35.8125297261,35.9871876029,35.5467466302,35.7897491455,16086100
2015-06-18,35.5771306083,35.9188539047,35.5467574572,35.8581047058,16668700
2015-06-19,35.4783985618,35.6834324573,35.4480225261,35.5315551758,22600500
2015-06-22,36.0251546346,36.1846273820,35.8732802418,35.9947814941,18500900
2015-06-23,36.7845445787,36.8984532900,36.7465759739,36.8301086426,19015900
2015-06-24,37.0888702380,37.2262649271,36.8522454043,36.9133110046,16291100
2015-06-25,36.5621963449,36.5698280898,36.2797722814,36.3026733398,14403600
2015-06-26,35.5240965578,35.7301885677,35.2340408128,35.2722053528,28083800
2015-06-29,34.6844580989,34.8600172918,34.3333397130,34.3486061096,25666500
2015-06-30,35.2798422619,35.3027404050,34.9210891573,35.1882438660,24952800
2015-07-01,34.8829207986,35.1577101327,34.7302597339,34.9058189392,18253900
2015-07-02,35.1271812532,35.3714378193,34.9058228303,34.9668884277,15883800
2015-07-06,33.5318740585,33.8371961777,33.2799828734,33.4631767273,35982700
2015-07-07,31.6923194945,32.1121352785,31.0740434340,32.0281715393,86396300
2015-07-08,30.2802085987,30.6618598465,29.6772018402,29.7306327820,100572600
2015-07-09,31.5625522690,31.6541506512,31.1427365421,31.2190685272,50659300
2015-07-10,32.6693381805,32.6922392298,32.1808251696,32.6388053894,52810700
2015-07-13,32.9441329511,32.9822974905,32.6693436089,32.7533073425,28490800
2015-07-14,32.3716629584,32.6540841035,32.3182320097,32.6082878113,17177200
2015-07-15,32.1884558686,32.2495214488,31.8297057756,31.8526039124,32861700
2015-07-16,32.2953346083,32.4861602615,32.2190025999,32.4708938599,18382200
2015-07-17,32.7685760330,32.7991088313,32.5777504111,32.6998786926,15003100
2015-07-20,32.4937858582,32.6311805355,32.3258583833,32.4937858582,12497600
2015-07-21,32.7838293846,32.8754248314,32.6006355793,32.6311683655,16989000
2015-07-22,32.3258522983,32.4327170697,32.2495232305,32.2953224182,16497300
2015-07-23,32.5395765407,32.5777410718,32.2342544684,32.2876853943,17193900
2015-07-24,32.1732063356,32.1884698255,31.6541603252,31.8602523804,25727100
2015-07-27,30.5626350509,30.8908553831,30.3718094119,30.6313323975,52248400
2015-07-28,30.9137448477,31.1427349679,30.6542219350,31.1351032257,26739000
2015-07-29,31.0816720298,31.6083495930,30.9900736531,31.5014877319,39144600
2015-07-30,30.9366432704,31.0893043225,30.8068832687,31.0206069946,17014700
2015-07-31,31.0816752296,31.2190698970,30.7916194969,30.8984813690,24221500
2015-08-03,30.5931608774,30.6236907598,30.2802041054,30.4481315613,19597400
2015-08-04,30.6542296755,30.8526870533,30.5244696423,30.6618614197,18230900
2015-08-05,31.0282427991,31.1580028056,30.7534534774,30.8755817413,16616100
2015-08-06,30.8068877795,30.8603187188,30.5015656305,30.6160621643,14786400
2015-08-07,31.0587814355,31.1045806393,30.8145248389,30.9366531372,13365200
2015-08-10,31.3870014171,31.7152217609,31.3641032714,31.6312580109,23333900
2015-08-11,31.0282429321,31.2495984095,30.8755818736,31.2190685272,25276400
2015-08-12,30.3641708560,30.6389602069,30.2649436329,30.5397300720,43454300
2015-08-13,30.8450497017,31.0206089034,30.7229214348,30.7687206268,21946800
2015-08-14,30.7687236563,30.8832172799,30.7305562034,30.8603191376,10136300
2015-08-17,30.4023413532,30.6771278198,30.3336440086,30.6618614197,14383400
2015-08-18,29.9977860495,30.1733452656,29.9367233669,30.0206871033,19742900
2015-08-19,29.7000983801,29.7306311771,29.0894569990,29.3489799500,42859100
2015-08-20,28.8375583100,28.9749529490,28.5856700795,28.6238346100,37234600
2015-08-21,28.4253855634,28.6238429265,27.8071095079,27.9063396454,53147500
2015-08-24,25.5095659301,27.2422628036,25.0363192366,26.1278419495,59939700
2015-08-25,27.9368699945,27.9979355914,26.6926890312,26.7232189178,44722000
2015-08-26,27.0514288333,27.3567508770,26.3033930291,27.3185863495,59189300
2015-08-27,27.9750385914,28.7459728573,27.8987065921,28.6009464264,57232700
2015-08-28,27.8071063954,27.9979319935,27.6010143999,27.7536754608,34281700
2015-08-31,27.5475910055,27.7384166559,27.2804362597,27.4101963043,33115000
2015-09-01,26.4178972851,26.5629236970,25.9522823419,26.1660060883,52602000
2015-09-02,26.4026328420,26.4713301815,26.0286133464,26.4636955261,24583700
2015-09-03,26.6545204365,27.1125036584,26.5400268149,26.6163558960,25361900
2015-09-04,25.8225261494,25.9446544385,25.4561383704,25.6317005157,40894400
2015-09-08,27.3796597292,27.4941562683,27.1430378188,27.4407253265,43645800
2015-09-09,28.0971659784,28.2269260053,27.4407253647,27.4712581635,28563700
2015-09-10,27.3872921423,27.7918415005,27.3491276030,27.5246868134,23118300
2015-09-11,27.3720223614,27.7460388772,27.2880586382,27.7384071350,23290000
2015-09-14,27.4178238496,27.4865211896,27.1964683420,27.4636230469,18000100
2015-09-15,27.5017839216,27.9139679072,27.4407212451,27.8223724365,14773300
2015-09-16,28.3643212139,28.7383407258,28.3108902711,28.6543769836,30082900
2015-09-17,28.0590046587,28.9597020355,27.9826755570,28.3261623383,28673100
2015-09-18,27.9979343027,28.1811252614,27.6239148183,27.7002468109,32334000
2015-09-21,28.0513630547,28.2345569109,27.9063366477,28.0971622467,20131100
2015-09-22,27.5399519722,27.6544455850,27.3796562553,27.6086463928,19401700
2015-09-23,27.4178234354,27.4559908885,27.1354023357,27.2193660736,16769100
2015-09-24,26.7461208726,27.1201374750,26.5781933872,27.0056438446,25846700
2015-09-25,27.4178229330,27.5017866694,26.8606124873,26.9140434265,22034900
2015-09-28,26.7003188224,26.7308516186,26.3034012069,26.4255294800,27227100
2015-09-29,26.2881371270,26.5934592925,26.1965416420,26.4026336670,26933000
2015-09-30,26.9827367204,27.1277660295,26.7384802031,27.0743350983,29258700
2015-10-01,27.2880572812,27.3643863467,26.9674717122,27.2575244904,22329100
2015-10-02,27.4254574782,28.3185199541,27.3643918841,28.2498226166,37439700
2015-10-05,28.5169772933,28.7841319608,28.4406453085,28.7535991669,30755900
2015-10-06,28.3643268891,28.5093533471,28.2574649820,28.3261623383,21137300
2015-10-07,29.4253116929,29.7001010672,29.1734233744,29.5092754364,44174800
2015-10-08,29.1810581490,29.7001041518,29.1428936013,29.6466732025,22443400
2015-10-09,29.6543018676,29.7611666668,29.3260815496,29.5092754364,17034900
2015-10-12,29.7611662399,29.7840643835,29.4940086135,29.5321731567,13102500
2015-10-13,29.2879130861,29.5550706806,29.1505184174,29.1505184174,18004100
2015-10-14,29.3718741641,29.5779661486,29.2268477654,29.2726440430,19676800
2015-10-15,29.9825195896,30.2496771967,29.7840622319,30.2420425415,26958600
2015-10-16,30.1428145601,30.3489036560,30.0512161710,30.3489036560,21400000
2015-10-19,30.1504448074,30.1504448074,29.9214546697,30.0588493347,12624000
2015-10-20,30.0206920093,30.1580837955,29.9443600038,30.0970211029,14078000
2015-10-21,29.9519930344,30.0283221239,29.5779735075,29.6543025970,18496300
2015-10-22,29.9214588690,30.3870738644,29.9214588690,30.3031101227,23494400
2015-10-23,30.7992553898,30.9824492750,30.5778998729,30.8145217896,30023300
2015-10-26,30.1580800310,30.2344120269,30.0206882619,30.1428165436,17161900
2015-10-27,29.8832946358,29.9748901224,29.7611663499,29.9061927795,17036000
2015-10-28,29.8222304606,29.9596251528,29.2726516916,29.5856056213,28035200
2015-10-29,29.2421146454,29.3795093040,29.2039471977,29.2955455780,17093400
2015-10-30,29.3642470755,29.3642470755,29.1886878561,29.2115859985,14129200
2015-11-02,29.1581592451,29.4863795886,29.1581592451,29.4558467865,14607500
2015-11-03,29.2039499037,29.6390349708,29.1886864174,29.4863739014,19874800
2015-11-04,30.1962369210,30.2344014497,29.7306221001,29.8603820801,21260900
2015-11-05,30.0206870834,30.1809799008,29.8909241514,30.0054206848,16002200
2015-11-06,29.5703399568,29.7916954675,29.3795143329,29.7306327820,19827900
2015-11-09,29.4787425302,29.5321734737,29.0207621826,29.1352558136,29714200
2015-11-10,29.0512946371,29.0512946371,28.8223015543,28.9367980957,19470400
2015-11-11,29.1199915349,29.1734224770,28.8757349679,28.9444293976,11782700
2015-11-12,29.1810488741,29.2650125996,28.8833614196,28.9215259552,22009800
2015-11-13,28.4940822015,28.5017139449,28.1582272559,28.3414211273,36818500
2015-11-16,28.3490536187,28.8223003406,28.3185208207,28.7688694000,24116900
2015-11-17,28.7612311886,28.8375602546,28.5551392161,28.6391029358,21096000
2015-11-18,28.5475116455,28.8451991232,28.5169788499,28.8375644684,19410000
2015-11-19,28.8986305631,29.0436569770,28.8070350865,28.8757324219,15604900
2015-11-20,29.2344777402,29.4558361078,29.2344777402,29.3642406464,26159700
2015-11-23,29.1505191787,29.2039501167,28.9749599667,29.0436573029,16540300
2015-11-24,28.6391102761,29.1657879552,28.6238438767,29.0512943268,21228700
2015-11-25,28.9825916290,29.0512889581,28.8528287133,28.9825916290,12736900
2015-11-27,28.2421916980,28.3185207811,28.0971652753,28.1887607574,20427000
2015-11-30,28.1276929945,28.5856761932,28.0895284558,28.5856761932,46579500
2015-12-01,28.6162063742,28.7535981184,28.5856735814,28.7230682373,17602400
2015-12-02,28.7764967825,28.7841285242,28.3872109858,28.4788093567,19466600
2015-12-03,28.5704116486,28.5933097910,28.1276948190,28.2727241516,20279800
2015-12-04,28.1505981667,28.6085785207,28.1505981667,28.5169830322,20273000
2015-12-07,28.2116553950,28.2498199318,27.9216025858,28.0895271301,23032000
2015-12-08,27.3949269507,27.6849827233,27.2956968079,27.6620845795,28172000
2015-12-09,27.4330910372,27.7765777475,27.2804328653,27.3720283508,27165800
2015-12-10,27.1811984757,27.3414912782,26.9980046216,27.1125011444,28942900
2015-12-11,26.5400282929,26.6316237777,26.3186698689,26.3568344116,34884300
2015-12-14,26.6392547687,26.7842811756,26.3415643886,26.7461166382,31213000
2015-12-15,27.1506687150,27.3720271309,27.1430369715,27.2040996552,34955300
2015-12-16,27.6086445957,27.8529040265,27.2346280749,27.6849765778,27147600
2015-12-17,27.7765781772,27.7765781772,27.3109631752,27.3491306305,30273700
2015-12-18,27.5323173176,27.7765738525,27.3872909099,27.6086463928,46169200
2015-12-21,27.9323587162,27.9791577462,27.6359519655,27.9011573792,32516100
2015-12-22,27.7451560746,28.0103615112,27.6671557008,27.9479618073,18334200
2015-12-23,28.2833525800,28.5173595430,28.2599530739,28.5095577240,22386700
2015-12-24,28.3769637889,28.5173668124,28.3457624558,28.4393634796,6707000
2015-12-28,27.8777509153,28.0571540952,27.8309489215,27.9791507721,17170200
2015-12-29,28.1663606567,28.1897601700,27.9869574458,28.0727596283,12677100
2015-12-30,27.7373553195,27.8231545346,27.5969522760,27.6203517914,13678900
2015-12-31,27.5267429352,27.7373474407,27.4799409421,27.5267429352,13825600
2016-01-04,26.6297294590,26.6921321290,26.3255238813,26.6375312805,39069600
2016-01-05,26.5127327842,26.5595318180,26.3489272392,26.4893302917,25363400
2016-01-06,25.8887087981,26.0915144586,25.7951077878,25.9121112823,26243000
2016-01-07,25.0853018158,25.5845113284,24.9136989177,24.9214992523,54680500
2016-01-08,25.1632990734,25.1945004079,24.6484904429,24.6640911102,48245500
2016-01-11,24.7108916291,24.8044926572,24.2662830258,24.5314884186,40023300
2016-01-12,24.6328880667,24.7732910869,24.3130818484,24.4924850464,30022600
2016-01-13,24.5860905993,24.6640924522,23.9230770814,24.0400791168,33632500
2016-01-14,24.0166787608,24.4612873726,23.7904735441,24.3832855225,36762100
2016-01-15,23.1196605970,23.3536661564,22.8544551890,23.2444629669,64109400
2016-01-19,24.0712809990,24.0790813332,23.5798703561,23.8216762543,38807400
2016-01-20,22.9090556507,23.2522613960,22.4722459041,22.9792556763,49567700
2016-01-21,22.9636567538,23.4394651974,22.8154533921,23.1352596283,38496500
2016-01-22,23.8528771074,23.9776794850,23.6968733915,23.9698791504,35756300
2016-01-25,23.6734738637,23.7358750525,23.3848674358,23.3926677704,30113900
2016-01-26,23.2912635716,23.6188701448,23.2834632380,23.5564689636,23553100
2016-01-27,23.3224599618,23.6734674839,23.1274561135,23.2288589478,36029200
2016-01-28,23.6968734534,23.7826756461,23.3692668394,23.5720710754,31031200
2016-01-29,24.0790817332,24.3598863318,24.0088802116,24.3364868164,31307700
2016-02-01,23.7358733461,23.8840767167,23.6266716455,23.8138751984,29167800
2016-02-02,23.8138741376,23.8138741376,23.1040601400,23.2054615021,29701700
2016-02-03,23.2990618624,23.5954670752,22.8622521445,23.5798664093,39952800
2016-02-04,23.5096730903,23.7202776896,23.2210681099,23.3614711761,40683400
2016-02-05,23.5798671223,23.5876674555,23.0806577014,23.1898593903,24039500
2016-02-08,22.8700516020,22.9168521101,22.3864428806,22.7296485901,35694000
2016-02-09,22.3318455485,22.7218533411,22.2772446956,22.5190505981,33982600
2016-02-10,22.8232579392,23.1274635645,22.6126533581,22.6750545502,42771800
2016-02-11,21.9418355554,22.3552443096,21.9184360423,22.1836414337,38735300
2016-02-12,22.3162480678,22.6984555551,22.1992445309,22.6750545502,39419100
2016-02-16,23.5018669853,23.6266708374,23.3770646210,23.6266708374,37917300
2016-02-17,23.6734741288,24.0400809309,23.6500731248,23.9932804108,36462600
2016-02-18,24.1102799276,24.1570804428,23.7124718285,23.7670726776,25834900
2016-02-19,23.7670738633,23.8996765696,23.6266723105,23.7592735291,19641400
2016-02-22,24.1648807369,24.4690878050,24.1570804031,24.4300861359,21172100
2016-02-23,24.1024808482,24.1648820344,23.8060755858,23.8216762543,19199300
2016-02-24,23.3614628487,23.8372712519,23.2210598325,23.7514705658,28184600
2016-02-25,23.3926672708,23.6968728736,23.2522642271,23.6734733582,20348600
2016-02-26,23.9854762644,23.9932765978,23.7046702125,23.7280712128,21069100
2016-02-29,23.6890712952,23.9074746822,23.6188697815,23.6188697815,17145900
2016-03-01,24.0634810476,24.5080896921,24.0400800445,24.4690895081,33924700
2016-03-02,24.7186918885,25.0072982813,24.6406900401,24.9994964600,27629800
2016-03-03,24.7732971850,25.0541018069,24.7186963277,25.0229034424,24973000
2016-03-04,25.2647007224,25.8185109947,25.1944992107,25.7327117920,42537700
2016-03-07,25.2179045023,25.5767109461,25.2179045023,25.4363079071,24886500
2016-03-08,25.0462993553,25.0930983832,24.8200941356,24.8512954712,25288100
2016-03-09,24.9448909760,25.1164953081,24.8746894742,24.9448909760,14383700
2016-03-10,25.0384981105,25.1321021194,24.4768874468,24.7498931885,29486800
2016-03-11,25.3115032770,25.6391083550,25.2959026101,25.6313095093,28791500
2016-03-14,25.6391074310,25.7951111186,25.5299057423,25.6625099182,17724900
2016-03-15,25.3427053299,25.5377092082,25.2413024801,25.5065078735,15012900
2016-03-16,25.2257053766,25.8497172801,25.1711045210,25.7951164246,28137700
2016-03-17,25.7405130209,26.1461214620,25.7093116850,26.0993194580,28887800
2016-03-18,26.2787243686,26.4269292362,26.2241235149,26.2709255219,25481300
2016-03-21,26.3099236353,26.4503266696,26.2319232720,26.2943229675,15135700
2016-03-22,26.0447171662,26.2397210419,25.9745156519,26.0837173462,15095000
2016-03-23,26.0213190816,26.0291179279,25.6703114909,25.7171134949,25832600
2016-03-24,25.3349025901,25.5377082825,25.2334997439,25.5377082825,17791300
2016-03-28,25.5065090803,25.7717144863,25.4987072585,25.7483119965,16103100
2016-03-29,25.5611114860,26.0291196543,25.4597086252,26.0057201385,18632800
2016-03-30,26.4737275248,26.6141305663,26.3723276425,26.3957271576,23327000
2016-03-31,26.4347246070,26.5439263001,26.2787209132,26.3411235809,17008400
2016-04-01,25.7561184564,26.2943282116,25.6157153940,26.1929283142,19325000
2016-04-04,26.1929247861,26.2709251544,25.8419171775,25.8731155396,14553900
2016-04-05,25.4675112223,25.5533104412,25.2491048250,25.2881050110,22566600
2016-04-06,25.4051020069,25.7717102067,25.3271016551,25.7639083862,17888100
2016-04-07,25.4675048483,25.4987032040,25.1554974877,25.2725009918,20313800
2016-04-08,25.2725058935,25.8341150858,25.2725058935,25.6001110077,18606500
2016-04-11,26.0525246453,26.1929277043,25.8809202452,25.9043197632,18483800
2016-04-12,26.0369146341,26.4191205101,25.8887098052,26.2631168365,19348300
2016-04-13,27.2225440712,27.3239439510,27.1133393940,27.2927455902,37869200
2016-04-14,27.2537426819,27.3317460234,27.1835411622,27.2381420135,14575600
2016-04-15,27.0509412303,27.0899414151,26.8793368462,26.8949375153,21139800
2016-04-18,26.8559333196,27.2147397276,26.8013324738,27.0665378571,18276400
2016-04-19,27.1679456034,27.4487487285,27.1445431114,27.3941478729,18449300
2016-04-20,26.9729382715,27.3005433636,26.8715354201,27.0821399689,27289700
2016-04-21,27.0977432374,27.1523440914,26.8403366613,26.8949375153,20198100
2016-04-22,26.8247365713,27.0743413305,26.6999341917,26.7935352325,24133800
2016-04-25,26.5283232996,26.5751252963,26.3645207745,26.4737224579,21699000
2016-04-26,26.5439299398,26.6531316478,26.4581277476,26.6297321320,16571200
2016-04-27,26.4737261488,26.9027370728,26.4737261488,26.8247337341,17151000
2016-04-28,26.6297274924,26.8481308704,26.5283246489,26.5751266479,18527900
2016-04-29,26.2631247464,26.3489269415,25.9745197974,26.1539230347,22389400
2016-05-02,26.2709230597,26.2709230597,25.9823181492,26.1071205139,16295700
2016-05-03,25.7093153817,25.7483155695,25.4363110915,25.4753112793,31468500
2016-05-04,25.3037042075,25.4051070655,25.0619012834,25.1555023193,28157100
2016-05-05,25.3817088411,25.4285078737,25.1165034128,25.1945037842,32501100
2016-05-06,24.9292973602,25.1867039313,24.9136981792,25.0463008881,22910300
2016-05-09,24.9370953488,24.9838958629,24.6640911102,24.6640911102,31106200
2016-05-10,24.8512936090,25.2334995270,24.8512936090,25.2334995270,24520000
2016-05-11,24.9058946116,25.0696971489,24.8122920990,24.8122920990,23343200
2016-05-12,25.0073031335,25.0619039916,24.7030960143,24.7654972076,21212200
2016-05-13,24.5860959784,24.6718966963,24.2194876359,24.3676910400,32731500
2016-05-16,24.6874907174,24.9526961111,24.6796903837,24.8434944153,22117800
2016-05-17,24.7966982014,24.8980995812,24.6094931364,24.6952953339,23888100
2016-05-18,24.5704876145,24.8668928422,24.3910844112,24.5002861023,28817500
2016-05-19,24.3832917116,24.4378925742,24.2116887879,24.3676910400,27337400
2016-05-20,24.6328907987,24.7810941685,24.6094897968,24.6796913147,16973700
2016-05-23,24.6562928900,24.7888955977,24.5938917033,24.6250915527,15279900
2016-05-24,24.7888947274,25.1555015005,24.7654937253,25.1009006500,29074100
2016-05-25,25.3739007177,25.6001059041,25.3349005417,25.5611057281,24661200
2016-05-26,25.4831021912,25.5299041873,25.3739005091,25.4675045013,15589200
2016-05-27,25.6703101521,25.7327128208,25.4597056087,25.6157093048,20918800
2016-05-31,25.9511137498,26.3099201340,25.8341102449,26.2475204468,63588000
2016-06-01,26.2475228632,26.2475228632,25.9121159589,26.0837173462,22796100
2016-06-02,26.0603165540,26.3489214428,26.0369170422,26.3099212646,20820900
2016-06-03,26.2787209132,26.4347246070,26.1071195279,26.3411235809,23421800
2016-06-06,26.3411295833,26.7779394305,26.3411295833,26.6765365601,26465100
2016-06-07,26.9885320983,27.1289351107,26.9807332534,27.0197334290,29459400
2016-06-08,27.0353413101,27.1523448435,27.0197406406,27.0977439880,15660800
2016-06-09,26.8247346046,26.9729394652,26.8091339363,26.9417381287,17728300
2016-06-10,26.2085144034,26.3645180675,26.0993127312,26.2163162231,35795300
2016-06-13,25.7405102743,25.9589136517,25.6313085856,25.6625099182,29852000
2016-06-14,25.6079094352,25.7873126371,25.4129055667,25.7327117920,28219200
2016-06-15,25.8809149525,26.0993183440,25.7561125895,25.7717132568,27387300
2016-06-16,25.3115036321,25.7795117430,25.1477010908,25.7015113831,33594000
2016-06-17,25.5845081304,25.6625114667,25.4285044333,25.5923099518,17527800
2016-06-20,26.1461168101,26.2475196462,26.0135126436,26.0447139740,24452000
2016-06-21,26.2443022884,26.3935951377,26.0871501854,26.3071613312,17153400
2016-06-22,26.6293233184,26.7471881518,26.4957459715,26.5271739960,23886100
2016-06-23,26.9121921381,27.1872060412,26.8650456129,27.1714935303,21953600
2016-06-24,25.7178445860,26.2364444558,25.4742586632,25.5292644501,56230400
2016-06-27,25.6235568423,25.6471286121,25.1128131829,25.4428329468,35963800
2016-06-28,25.9614312125,26.1107240739,25.8042790967,26.0557212830,27207300
2016-06-29,26.5036022283,26.5743205288,26.4564556954,26.5271739960,28029400
2016-06-30,26.7471819012,27.0614830544,26.6214608405,26.8886184692,36217700
2016-07-01,27.0300593543,27.2029239670,27.0143438445,27.0929183960,18797600
2016-07-05,26.6293209973,26.6607520164,26.4014506046,26.4800281525,19009200
2016-07-06,26.0871509354,26.4564549411,26.0007171264,26.4171676636,19984800
2016-07-07,26.5114589129,26.5978897186,26.2128702288,26.2914447784,18078000
2016-07-08,26.5507499173,26.9043414354,26.5350344057,26.8571949005,24660800
2016-07-11,26.9907670007,27.1872063617,26.9121924553,27.0614852905,21573900
2016-07-12,27.5093733432,27.6586692115,27.4307987791,27.6115226746,27755400
2016-07-13,27.5486608546,27.5565171113,27.3600777233,27.4936580658,16901600
2016-07-14,27.8158148778,27.9808232226,27.7765246075,27.9415359497,21607800
2016-07-15,27.9258266788,27.9493984484,27.7922463241,27.8629646301,16609700
2016-07-18,27.7922468294,28.0986918288,27.7529595470,28.0908355713,13153100
2016-07-19,27.7450968717,27.7686686362,27.5329419987,27.5643730164,20070400
2016-07-20,27.8629609933,27.9179637800,27.7529554199,27.8943920135,15869500
2016-07-21,27.8943927663,27.9808265755,27.7608154228,27.8708209991,12719300
2016-07-22,27.9336791847,28.0436847577,27.8865356519,28.0201129913,9232400
2016-07-25,27.9572534039,27.9572534039,27.7843857940,27.7922420502,12890900
2016-07-26,28.0122554793,28.1458328127,27.9729652072,28.1222610474,13396600
2016-07-27,28.0515381685,28.1379719572,27.8315240709,28.0122509003,15743200
2016-07-28,27.8943956545,27.9179674240,27.7765308119,27.8629646301,11246400
2016-07-29,27.6508028842,27.9258197832,27.6193748651,27.8393859863,21214600
2016-08-01,27.9572472307,28.0201062584,27.7136613794,27.7450923920,13899600
2016-08-02,27.6508092634,27.7843896160,27.4543698606,27.6586685181,20209200
2016-08-03,27.4779462241,27.7686757179,27.4700869690,27.7529602051,14587600
2016-08-04,27.7529491310,27.9022419472,27.6743745956,27.8158111572,11143700
2016-08-05,28.0908346959,28.2715585874,28.0672629267,28.2401275635,15792500
2016-08-08,28.4129876178,28.4994214118,28.3894158548,28.3972721100,8370000
2016-08-09,28.5937142325,28.7901536026,28.5937142325,28.6644325256,15257700
2016-08-10,28.6644380863,28.6722973412,28.4522831657,28.4994297028,13354400
2016-08-11,28.9001554434,29.1437413100,28.8844399361,29.1044540405,20711900
2016-08-12,29.1437427660,29.2458920697,29.1044554946,29.1673145294,15700500
2016-08-15,29.6466343547,29.8509330125,29.6230625855,29.8273582458,26370200
2016-08-16,29.7330624506,29.7802089773,29.5994821235,29.6937751770,17991200
2016-08-17,29.4501860736,29.5287636096,29.1908876984,29.4894733429,23072000
2016-08-18,29.6544968418,29.7645024399,29.6073503008,29.7487869263,12335200
2016-08-19,29.5366337449,29.6230675764,29.3873408525,29.5837802887,13772000
2016-08-22,29.4266178097,29.4659050837,29.2616094606,29.3166122437,17897100
2016-08-23,29.4737604038,29.5916252193,29.2694647872,29.3087520599,15723600
2016-08-24,29.1594582741,29.2616075778,29.0887399866,29.1673145294,19764800
2016-08-25,29.0573078155,29.1830288775,29.0180205456,29.1437416077,12871500
2016-08-26,29.2616141931,29.5994872017,28.8137296058,29.0180282593,34069400
2016-08-29,29.0966005135,29.3087554073,29.0730287467,29.2380371094,12999700
2016-08-30,29.4501922504,29.5523415699,29.3401866744,29.4266204834,12718700
2016-08-31,29.2380353020,29.2380353020,28.9473058718,29.1123142242,22296800
2016-09-01,29.3480470337,29.4344808548,29.1437513635,29.3323345184,16027300
2016-09-02,29.8430742791,30.0473729405,29.7566404607,29.9216518402,24376400
2016-09-06,30.3695336504,30.4481082146,30.2045222698,30.3773899078,22588900
2016-09-07,30.3381025143,30.4166770782,30.2988152324,30.3695335388,13427600
2016-09-08,30.5109625988,30.7466892295,30.4952470904,30.6602554321,37204200
2016-09-09,30.5816862400,30.5816862400,30.0159427713,30.0395145416,33444600
2016-09-12,29.4659064909,30.1652301920,29.4423347249,30.0787963867,29013400
2016-09-13,29.4580553870,29.5444862100,29.0023145148,29.2773284912,40524700
2016-09-14,29.4266243619,29.6073482603,29.2694722336,29.2773284912,24486900
2016-09-15,29.5523422795,29.9137900373,29.4501929575,29.8194999695,24609800
2016-09-16,29.6073401542,29.7094894592,29.4187570524,29.6466274261,21740900
2016-09-19,29.8430709800,29.9373610454,29.6623471057,29.7094936371,16969800
2016-09-20,29.9452198337,29.9923633670,29.7723522186,29.7723522186,13309700
2016-09-21,30.1338057255,30.5345438194,29.9609410747,30.5031127930,29226100
2016-09-22,30.5895397301,30.6995453006,30.5266776913,30.6131114960,19453800
2016-09-23,30.1652283465,30.2830931642,30.0787945465,30.1023693085,16589500
2016-09-26,29.6544807179,29.7094834871,29.4816131592,29.4816131592,21302700
2016-09-27,29.7802110766,29.8823573956,29.6466307401,29.8587856293,17987300
2016-09-28,29.9845103017,30.1259469114,29.6780653132,30.1102313995,16664700
2016-09-29,30.0709382340,30.1966593072,29.6780595056,29.7959213257,21940300
2016-09-30,29.7252065041,30.0080766752,29.6623444678,29.8666400909,19211000
2016-10-03,29.7251990977,29.9137791648,29.6466215719,29.8980636597,13187500
2016-10-04,30.0237935058,30.0473682692,29.5916274781,29.6544895172,17799300
2016-10-05,30.1888067574,30.4009616776,30.1180914482,30.3773899078,23221800
2016-10-06,30.3145259058,30.5345370474,30.2673793765,30.4873905182,12108400
2016-10-07,30.3459493260,30.4402423703,30.0473636783,30.2438030243,18520100
2016-10-10,30.4323898774,30.7781221240,30.3931025989,30.6759757996,20312600
2016-10-11,29.9687876461,30.0080749178,29.6466272224,29.7644920349,26881200
2016-10-12,29.6309209263,29.7723575462,29.5523463585,29.7252140045,16034100
2016-10-13,29.1123208575,29.3716223254,28.9237406966,29.2537574768,26440800
2016-10-14,29.5994858620,29.6859196732,29.4501930046,29.5366268158,20872300
2016-10-17,29.3009012378,29.3873350523,29.2223236804,29.2694702148,13330800
2016-10-18,29.8430770108,29.8587925244,29.6937841272,29.7487869263,15693700
2016-10-19,29.7330658702,29.8666432152,29.6230602926,29.7802124023,9950900
2016-10-20,29.6780600741,29.8352121679,29.6309135467,29.7409191132,8927100
2016-10-21,29.5837773846,29.7723575462,29.5523463585,29.7252140045,9429000
2016-10-24,30.0395091014,30.0945118870,29.8823570007,29.9452190399,9859700
2016-10-25,29.9452163616,29.9766473784,29.7959205304,29.8352108002,10771200
2016-10-26,29.5366268158,29.6702041623,29.4266212369,29.5366268158,13053800
2016-10-27,29.3951933368,29.4266243619,29.2144694384,29.2773284912,14736900
2016-10-28,29.0416015902,29.1908974598,28.7980186407,28.9551677704,24366200
2016-10-31,28.9708784883,29.1123150795,28.9473067222,28.9630222321,11429600
2016-11-01,29.4423361483,29.4737641720,28.9001615243,29.1516036987,24502700
2016-11-02,28.9315871222,29.0023054079,28.5544239313,28.7744350433,24420300
2016-11-03,28.8844382686,28.9237285333,28.6408554135,28.7272891998,15621500
2016-11-04,28.5387062726,28.6094245529,28.3972697120,28.4758472443,19415800
2016-11-07,29.1830322067,29.4737616338,29.1673166975,29.3558998108,24788400
2016-11-08,29.1830336056,29.7802109951,29.1437463294,29.5680561066,23078100
2016-11-09,28.7587238823,29.1751774040,28.7272958597,28.8687324524,48911500
2016-11-10,28.8687287467,28.9158722733,28.3029824487,28.5937118530,46039500
2016-11-11,28.0829748224,28.3579887529,27.9179634667,28.2715549469,28500300
2016-11-14,28.0829775189,28.2715576615,27.8786788675,28.0986900330,26510200
2016-11-15,28.2637039831,28.6015800166,28.2322729573,28.4915714264,24991400
2016-11-16,28.1065476213,28.2401249646,28.0201138121,28.1536941528,19616400
2016-11-17,28.1772647722,28.3737041496,28.1615492624,28.2636985779,14095000
2016-11-18,28.2637023301,28.3029896114,28.1222657199,28.2401275635,13194400
2016-11-21,28.4601317378,28.5465655246,28.4129852185,28.4758472443,11379100
2016-11-22,28.9865988570,29.0180298820,28.8608777545,28.9787425995,15085100
2016-11-23,28.7901549023,28.9237352387,28.7587238823,28.8687324524,12015100
2016-11-25,29.2066006400,29.2537471623,29.1280261002,29.1437416077,8110100
2016-11-28,29.3794785832,29.4423406351,29.2459012190,29.2537574768,15895200
2016-11-29,29.3480430431,29.5366261723,29.2694684877,29.4344768524,16069000
2016-11-30,29.4894802831,29.6466323947,29.4423367478,29.5366268158,16379900
2016-12-01,29.5444830725,29.6702041623,29.4423367478,29.5366268158,14747700
2016-12-02,29.2616094606,29.4659050837,29.2537502074,29.3166122437,12232200
2016-12-05,29.1516073881,29.2930440038,29.1280356180,29.2773284912,11648900
2016-12-06,29.2773284912,29.3087595163,29.1437511305,29.2773284912,13160200
2016-12-07,29.3637503099,29.7173417046,29.3401785494,29.6151924133,16420200
2016-12-08,29.4580433467,29.6780544379,29.3873250678,29.6151924133,17728800
2016-12-09,29.3716187351,29.4659088040,29.2930411798,29.4423370361,12202900
2016-12-12,28.8215833631,28.9315889260,28.6251440016,28.7665805817,28688000
2016-12-13,28.9944541228,29.1594624851,28.9473075918,29.0808849335,23956400
2016-12-14,28.8137315470,29.0023147016,28.3344218990,28.4444274902,32818500
2016-12-15,28.1851167455,28.3108378080,28.1301139679,28.1929759979,26737200
2016-12-16,28.0908313939,28.1379779243,27.8158174604,27.8943920135,30509800
2016-12-19,27.8001050077,27.8708233123,27.7293867031,27.7843894958,20622700
2016-12-20,27.7136705554,27.7765296040,27.6586677640,27.6822395325,14651600
2016-12-21,27.7450941991,27.7608097064,27.5879421234,27.5879421234,19888000
2016-12-22,27.3386843705,27.3547144553,27.2024301785,27.2986106873,22593200
2016-12-23,27.2184658186,27.2905996862,27.1783921272,27.2264823914,14397900
2016-12-27,27.2665485968,27.3306658740,27.2585320263,27.2905921936,11928500
2016-12-28,27.6272207186,27.6592778318,27.4909665219,27.5390567780,16054700
2016-12-29,27.7875124677,28.0039140103,27.7554553579,27.8997230530,17278600
2016-12-30,28.0520079200,28.0760515198,27.7634724922,27.8195762634,12115800
2017-01-03,28.1321587410,28.3245167356,28.0840715354,28.1722354889,19776300
2017-01-04,28.2523789355,28.5890015573,28.2283353360,28.4607639313,42559900
2017-01-05,28.7653318740,28.9416597713,28.7493017872,28.8695259094,24724200
2017-01-06,28.7733498912,28.7733498912,28.5970219851,28.6531257629,17907200
2017-01-09,28.7252497852,28.7893670562,28.6531159444,28.6931896210,9544300
2017-01-10,28.9256346715,29.2702739534,28.9096045819,29.0699024200,30402500
2017-01-11,29.1740911884,29.3664461134,29.0378369806,29.2782821655,22706700
2017-01-12,29.1740857871,29.2462196350,29.0458481751,29.2462196350,12241900
2017-01-13,29.2863029986,29.4065240799,29.2702729096,29.3103466034,11254300
2017-01-17,29.1660690466,29.1901126432,29.0698916024,29.1740856171,11490500
2017-01-18,29.4305688406,29.4465989285,29.2863011065,29.3183612823,16500300
2017-01-19,29.2862954994,29.3023255843,29.0618773685,29.1981315613,15784000
2017-01-20,29.1580541780,29.2301880221,28.9656962412,29.0859203339,19101900
2017-01-23,29.1260019609,29.2702696885,29.0859282716,29.2301959991,16244600
2017-01-24,29.2221747490,29.4385763057,29.2141612353,29.3504123688,11148200
2017-01-25,29.3504153214,29.4946830404,29.3424018070,29.4786529541,12805200
2017-01-26,29.5828516953,29.6710156551,29.4946877355,29.5347614288,19169400
2017-01-27,29.5187301492,29.5988775244,29.3904894571,29.5107135773,11190700
2017-01-30,29.3504101921,29.4065139555,29.2141590688,29.3985004425,8761500
2017-01-31,29.3504170669,29.4546111052,29.3103433776,29.4065208435,13731200
2017-02-01,29.5588020403,29.5908591540,29.3263703862,29.3904876709,11752800
2017-02-02,29.3103365122,29.4305606094,29.2782763452,29.3985004425,10052200
2017-02-03,29.3584308624,29.4225481478,29.2702669198,29.3584308624,16406400
2017-02-06,29.5507849166,29.5988751723,29.4465939487,29.4866676331,17276900
2017-02-07,29.6068951654,29.6389553429,29.4065236422,29.4706439972,15372300
2017-02-08,29.8152727325,29.9996141019,29.7671824833,29.9034366608,23490600
2017-02-09,29.9034428791,30.3522730691,29.9034428791,30.3041858673,21950100
2017-02-10,30.2881546174,30.4965396180,30.2641079600,30.4644794464,14297500
2017-02-13,30.6087548233,30.8011128437,30.5847112173,30.6568450928,27954600
2017-02-14,30.5526460758,30.6969138033,30.3763212314,30.6488265991,16624500
2017-02-15,30.9133122171,31.1377273002,30.8892686175,31.1136837006,19608600
2017-02-16,31.1056700394,31.1217001249,30.9694158415,31.0495662689,10092900
2017-02-17,30.6488303919,30.8492019207,30.6488303919,30.8251552582,10637300
2017-02-21,30.9694159879,31.1217002721,30.9533859023,31.1136837006,11980700
2017-02-22,31.2258996169,31.2820034027,31.1778124047,31.2820034027,11006100
2017-02-23,31.3461209699,31.3781811468,31.1377328776,31.2258968353,16339200
2017-02-24,30.8091203490,30.9213309558,30.7610331464,30.8892707825,15526600
2017-02-27,30.6327935729,30.7369845436,30.6007334015,30.6969108582,11431800
2017-02-28,30.5847115181,30.7209657541,30.5286077319,30.6167716980,16582200
2017-03-01,30.7530117523,31.0014734709,30.7289681547,30.9373531342,14116200
2017-03-02,30.3843308756,30.4404346449,30.2721233368,30.2721233368,20424700
2017-03-03,30.3602828818,30.4244001558,30.2721189548,30.3522663116,13350000
2017-03-06,30.3282318115,30.3442618992,30.2080076828,30.3282318115,6366800
2017-03-07,30.4965437335,30.5205903941,30.3683060872,30.4244098663,12533800
2017-03-08,30.5927157410,30.6167623974,30.3522705793,30.3843307495,13544700
2017-03-09,30.0316791534,30.1118265245,29.8313076684,30.0316791534,17461600
2017-03-10,30.1438946389,30.2160285148,30.0717607630,30.1759548187,8777900
2017-03-13,30.6488213006,30.7530122633,30.6247746452,30.6648483276,14386500
2017-03-14,30.6247835928,30.6568437710,30.4965459372,30.5686798096,10282900
2017-03-15,30.6488248982,31.2339092905,30.6087481536,31.0896415710,30616900
2017-03-16,31.5144245511,31.5785448891,31.4503072706,31.5304546356,25060200
2017-03-17,31.4663366057,31.4663366057,31.3220719496,31.3701591492,14698800
2017-03-20,31.6747266286,31.8029642645,31.6346529407,31.7388439178,19981400
2017-03-21,31.9071490081,31.9392061146,31.3220647738,31.3941955566,27086500
2017-03-22,31.2258875392,31.6186169454,31.2258875392,31.4903793335,20418500
2017-03-23,31.3060363433,31.5544949837,31.2819896903,31.4503040314,11176300
2017-03-24,31.3861905725,31.5064146914,31.3621469717,31.4583244324,10557200
2017-03-27,31.0736138490,31.3381026499,31.0094934988,31.3060455322,14420100
2017-03-28,31.2499363573,31.5304551973,31.2178761878,31.4422912598,13559400
2017-03-29,31.2659597008,31.3781702810,31.2098559394,31.3300800323,11737800
2017-03-30,31.0255166788,31.1537542931,30.9854429976,31.0976505280,17012500
2017-03-31,30.8732390804,30.9453729380,30.8251488229,30.8491954803,14144400
2017-04-03,30.9854523666,31.0655997533,30.8331711089,31.0335426331,19490000
2017-04-04,31.0415498442,31.2258912421,31.0094896731,31.1136837006,9468900
2017-04-05,31.2499388053,31.3461162641,31.0976545168,31.1778049469,18791300
2017-04-06,31.0736163264,31.0816298421,30.9533921890,31.0335426331,12316600
2017-04-07,30.9934594410,31.1617738099,30.9934594410,31.0495662689,12322200
2017-04-10,30.8652153015,30.9293356299,30.8091115429,30.8652153015,11114000
2017-04-11,30.7209567874,30.7610304719,30.5366123353,30.7129402161,12959700
2017-04-12,30.8251520341,30.8331686066,30.6568407013,30.7450046539,10996900
2017-04-13,30.8572062835,30.9453702192,30.6568348141,30.6648483276,9644200
2017-04-17,30.6889040862,30.8492019207,30.6488303919,30.8251552582,9882700
2017-04-18,30.2721237743,30.3602877153,30.1919733473,30.2961673737,21900300
2017-04-19,30.2801353509,30.3202120905,30.0637337979,30.1198406219,16345900
2017-04-20,30.4644868006,30.5606673387,30.3923529258,30.5205936432,17474600
2017-04-21,30.3522759992,30.4644835575,30.3122023080,30.4244098663,12352100
2017-04-24,30.6568365585,30.7049268145,30.5766891891,30.5927162170,16190900
2017-04-25,31.0094859863,31.0736063209,30.9694123058,31.0014724731,19602500
2017-04-26,31.0014736541,31.1297112709,30.9854435699,31.0175037384,12783900
2017-04-27,30.8892707825,30.9133143838,30.7770632331,30.8892707825,10982900
2017-04-28,30.8572067831,30.8972804662,30.8011030154,30.8812503815,9084000
2017-05-01,30.9934569001,31.0736073209,30.8892659391,30.9373531342,8406000
2017-05-02,30.8091213702,30.8812552340,30.7289739916,30.8331680298,14208100
2017-05-03,30.7449999482,30.8011037172,30.6247758389,30.6888961792,13641200
2017-05-04,30.4484519481,30.4484519481,30.1518999515,30.2560939789,31288000
2017-05-05,30.0717518583,30.2721233368,30.0637352870,30.2721233368,17211400
2017-05-08,30.2801458170,30.3362496030,30.1438946389,30.1759548187,10631500
2017-05-09,30.6808807725,30.8251484861,30.6648506868,30.6969108582,26547500
2017-05-10,30.9613987927,31.0575762372,30.8892649450,31.0014724731,14480000
2017-05-11,30.9373593185,30.9854495807,30.7930915895,30.9774360657,12279700
2017-05-12,31.1297176267,31.3140590473,31.1217041116,31.3060455322,21065800
2017-05-15,31.4903885734,31.7789240491,31.4743584850,31.7148036957,25140700
2017-05-16,31.5865525697,31.6666999199,31.4903751379,31.6426563263,18317100
2017-05-17,31.4102224522,31.4743427736,31.1136736090,31.1938209534,24698500
2017-05-18,31.0335370991,31.3942033322,30.9854468412,31.2900123596,16276700
2017-05-19,31.4102299589,31.6506781644,31.4022164455,31.6106014252,17488400
2017-05-22,31.7228161750,31.8189936354,31.6907560024,31.7628898621,11969000
2017-05-23,31.7789164197,31.7949434468,31.6827359126,31.7228126526,10345300
2017-05-24,31.7228119108,31.8029592741,31.7067818267,31.7308254242,10143000
2017-05-25,32.1876763774,32.2918704094,32.1636327767,32.2517967224,16892800
2017-05-26,32.1315782919,32.2758460364,32.1315782919,32.2437858582,8001900
2017-05-30,32.1716430734,32.3640010319,32.1556129888,32.3399543762,7431200
2017-05-31,32.2437799772,32.2838536640,32.1075288309,32.1716461182,12266700
2017-06-01,32.2998843825,32.4762122764,32.2117204355,32.4601821899,12789100
2017-06-02,32.3800302851,32.5082679017,32.3319400323,32.4762077332,8567300
2017-06-05,32.2998874472,32.3800378872,32.2838573592,32.2918739319,8676200
2017-06-06,32.3800307227,32.5563555369,32.3720141517,32.5002517700,9516500
2017-06-07,32.4441512017,32.4842248881,32.2918699704,32.3960609436,12541300
2017-06-08,32.5162853789,32.6204794105,32.4681951203,32.5403289795,14290400
2017-06-09,32.3880478695,32.4601817290,32.0995124316,32.2517967224,18812700
2017-06-12,31.9472267519,32.0193606013,31.8189891371,31.9632568359,19774400
2017-06-13,32.1395931371,32.2117270123,32.1235661048,32.1476097107,13999500
2017-06-14,32.1957004730,32.2357772306,31.9231980893,32.0033454895,16006200
2017-06-15,31.5705308410,31.6667082982,31.5545007552,31.6346511841,19571300
2017-06-16,31.7147960816,31.7468562507,31.5865584629,31.7228126526,15349400
2017-06-19,32.1075288309,32.2197363767,32.0674520867,32.1716461182,22387700
2017-06-20,31.9188637599,31.9269125632,31.7900614110,31.8142108917,14856200
2017-06-21,31.8866734733,31.9349724516,31.7417703966,31.7820205688,15594600
2017-06-22,32.1040270855,32.1362253797,31.9913253784,31.9913253784,12203700
2017-06-23,31.9752184343,32.0879201193,31.9269163961,32.0154685974,11980400
2017-06-26,32.3535789704,32.4340823806,32.2891793130,32.3857803345,14790400
2017-06-27,32.2167259735,32.3052781844,32.0637741089,32.0637741089,13550900
2017-06-28,32.1040229098,32.2811242532,32.0798703537,32.2247734070,10066700
2017-06-29,32.1120727572,32.1281734382,31.6934642641,31.8947181702,20701900
2017-06-30,32.0637728912,32.1201237377,31.9269186421,31.9671688080,14919900
2017-07-03,32.3294273141,32.4018788430,32.2569757852,32.2972259521,9279900
2017-07-05,32.0798666873,32.1925714377,31.9349636505,32.1684188843,13577100
2017-07-06,31.9430139917,31.9832641509,31.7578608027,31.7981109619,14944200
2017-07-07,31.7900724458,31.8544721072,31.6532181752,31.7820205688,9304300
2017-07-10,31.7015124812,31.8786138098,31.6773599270,31.8383636475,6867500
2017-07-11,32.4582317245,32.5065337704,32.3294293395,32.4421310425,19779100
2017-07-12,32.9573329635,33.1585868354,32.9009821250,33.1263885498,26412300
2017-07-13,33.0458977771,33.2230022347,33.0458977771,33.2069015503,11607800
2017-07-14,33.4242482056,33.7462526043,33.4081475251,33.7221031189,19829700
2017-07-17,33.4966986497,33.5932996591,33.4805979696,33.5852508545,13113900
2017-07-18,33.4001017814,33.5450017780,33.3437478588,33.5369529724,11065300
2017-07-19,33.8992069809,33.9877591871,33.8750574959,33.9475059509,9424000
2017-07-20,33.9475056749,33.9636063551,33.8428558601,33.8750572205,9289300
2017-07-21,33.8106598101,33.8509099814,33.7382082734,33.8428611755,5945000
2017-07-24,33.9233576214,33.9716596640,33.8670067739,33.9636077881,9356000
2017-07-25,34.0119049820,34.0360544643,33.8911514282,33.8911514282,8493100
2017-07-26,34.0280094079,34.2695134710,33.9877592425,34.2292633057,15950700
2017-07-27,34.3500169638,34.3580688402,33.8750606694,34.1085128784,12416400
2017-07-28,34.0441119278,34.1568136253,33.9636085218,34.1487617493,10639200
2017-07-31,34.3097647954,34.3339173522,34.1890142952,34.2453651428,9103600
2017-08-01,34.7605736666,34.7605736666,34.6398200989,34.6398200989,13283800
2017-08-02,34.7042206355,34.7283701191,34.4546647110,34.5512657166,15039300
2017-08-03,34.4868662043,34.5190675632,34.3822133232,34.4949150085,9678300
2017-08-04,34.4224708950,34.5190749926,34.3580712341,34.4868736267,6915100
2017-08-07,34.5593222152,34.6156730652,34.5190720467,34.6156730652,5443100
2017-08-08,34.8169247041,35.0181786041,34.7766745383,34.8652267456,9746700
2017-08-09,34.5754177229,34.6076190813,34.4546641648,34.5915184021,8046700
2017-08-10,34.1246148663,34.1487643545,33.5611032648,33.6013565063,27962200
2017-08-11,33.6496553377,33.7623570434,33.5289048264,33.6577072144,14693100
2017-08-14,33.9394657219,34.0682681260,33.8670141776,33.9555664062,12472200
2017-08-15,33.8589565403,33.8911548297,33.7543036546,33.8750572205,7723000
2017-08-16,34.3097668240,34.4385692077,34.2695166549,34.3902702332,14537800
2017-08-17,34.0441158118,34.1246161561,33.7140594868,33.7462577820,18729000
2017-08-18,33.7945570253,33.9716614532,33.6577058372,33.8187065125,17464500
2017-08-21,34.1648544618,34.2695073297,34.0682534680,34.1970558167,12946900
2017-08-22,34.5673743306,34.8330309955,34.5673743306,34.7203292847,16046500
2017-08-23,34.6639781938,34.9457324689,34.6559263168,34.8974304199,11180500
2017-08-24,35.0020803714,35.1469834352,34.9457295211,35.0262298584,9634100
2017-08-25,35.6541396569,35.7185393044,35.5655874545,35.5897369385,12501100
2017-08-28,35.6943948051,35.7265961688,35.5736412266,35.6058425903,7999800
2017-08-29,35.3804339059,35.6621881190,35.3321318675,35.6380386353,9511900
2017-08-30,35.6380386353,35.6863406736,35.5736359175,35.6380386353,6990400
2017-08-31,35.5736345543,35.6621867525,35.5414362676,35.6138877869,8921000
2017-09-01,35.5575380961,35.6782916662,35.5414404863,35.6299896240,8502700
2017-09-05,35.2596894244,35.3643423323,34.9618344552,35.1389389038,12808000
2017-09-06,35.2435831267,35.3482360180,35.1872322786,35.2838363647,8349800
2017-09-07,35.3804370999,35.4287360717,35.2999336954,35.3965377808,7032600
2017-09-08,35.4609430630,35.4609430630,35.2033382695,35.2516403198,8018600
2017-09-11,35.6541414218,35.8795448056,35.6541414218,35.8473434448,10591300
2017-09-12,35.7909928752,35.8151454314,35.7024406678,35.7346420288,8050600
2017-09-13,35.5575444477,35.5897458150,35.4206932433,35.4850959778,12223700
2017-09-14,35.2999352584,35.4367895166,35.2757857714,35.4287376404,8464700
2017-09-15,35.4689897642,35.7909941737,35.4206877209,35.6943931580,15142000
2017-09-18,36.0727579256,36.1371575907,36.0003063832,36.0808067322,10424800
2017-09-19,36.0244479123,36.1371496043,35.9761458710,36.1291007996,10579000
2017-09-20,36.2257095159,36.3142617416,35.7990521421,36.1935081482,14036100
2017-09-21,36.3706032895,36.3786520939,36.2015507587,36.2820510864,9855700
2017-09-22,35.9197944198,35.9439469755,35.7990439250,35.8875961304,9639300
2017-09-25,35.1389322410,35.1791824069,34.7766746060,34.9296264648,22702400
2017-09-26,35.3321343175,35.3965370397,35.1711305827,35.2113838196,13819100
2017-09-27,35.3884898647,35.4528925955,35.1228362773,35.3401908875,13425900
2017-09-28,34.9135293091,35.1067344242,34.8974286270,35.0423316956,11649400
2017-09-29,35.1711273961,35.5655863569,35.1389291088,35.4528846741,14519500
2017-10-02,35.5977874481,35.7587880961,35.5494854111,35.5655860901,14422200
2017-10-03,36.4108511552,36.6523551941,36.3545003152,36.6523551941,20223900
2017-10-04,36.6523611792,36.8133649217,36.6523611792,36.7409133911,9561900
2017-10-05,36.8294625234,37.3688214841,36.8294625234,37.3285713196,15722000
2017-10-06,36.8294676291,36.9502212103,36.7570160945,36.8858184814,13133300
2017-10-09,36.7489688775,36.7892190494,36.6684654629,36.7328681946,8151600
2017-10-10,36.9019225314,37.0548744202,36.8697211640,37.0548744202,11875500
2017-10-11,36.6926139968,36.9421668774,36.6845621208,36.9099655151,11028500
2017-10-12,36.9341192286,37.0065707606,36.8697165019,36.9260673523,9086100
2017-10-13,37.1514702540,37.3044221087,37.1273176984,37.2158699036,10270300
2017-10-16,37.2722167969,37.3446683142,37.2319666363,37.2722167969,9567200
2017-10-17,37.1675759296,37.2158779805,37.0226759190,37.0468254089,8633700
2017-10-18,37.3607708384,37.5137226844,37.2883193174,37.4090728760,9757500
2017-10-19,36.6765060425,36.7167562019,36.5396518153,36.6765060425,14566900
2017-10-20,37.0790215187,37.1434211731,36.9663167494,37.1434211731,20456100
2017-10-23,36.8858074197,36.9260575777,36.6926054327,36.7167549133,8990800
2017-10-24,36.7409170006,36.9502228077,36.7006668287,36.7328681946,6841000
2017-10-25,36.9824209551,37.0468236865,36.4833120701,36.7892189026,16762100
2017-10-26,36.9099634763,37.0226682381,36.7650604248,36.7650604248,13029900
2017-10-27,37.1595181045,37.4654248769,37.0629170972,37.4251747131,18430100
2017-10-30,37.1595175534,37.1595175534,36.7248084207,36.8455619812,10827100
2017-10-31,36.8858130307,36.9824140389,36.8053127023,36.9743652344,9119700
2017-11-01,37.3688217583,37.4251756741,37.1917204188,37.2158699036,11075000
2017-11-02,37.2561244068,37.4090793502,37.1836728733,37.3929786682,10012900
2017-11-03,37.3124696174,37.3849211399,37.0709655659,37.2561187744,7551400
2017-11-06,37.1836728733,37.4332288377,37.1434227038,37.3929786682,6754000
2017-11-07,37.7391386991,37.7713369948,37.5459335706,37.6103363037,8287900
2017-11-08,37.6022728543,37.6988769243,37.5217725335,37.6666755676,6695800
2017-11-09,37.7310891883,37.8357421007,37.3849321532,37.7069396973,17162000
2017-11-10,37.8357300810,37.9484317644,37.7471778810,37.9323310852,11132200
2017-11-13,37.7149870514,37.8357406435,37.6586361939,37.8035392761,5657800
2017-11-14,37.5539726349,37.5942227939,37.2561147021,37.3688163757,11236500
2017-11-15,36.9824170449,37.0870699369,36.8375139854,36.9099655151,15793100
2017-11-16,37.5056786465,37.7632834046,37.4573766028,37.6022796631,14690600
2017-11-17,37.4815255566,37.5378764001,37.4090740334,37.4251747131,16068000
2017-11-20,37.5137226990,37.9001328581,37.5137226990,37.8115806580,15238400
2017-11-21,38.7454045087,38.9064082546,38.7293038270,38.8259048462,15622300
2017-11-22,38.8500439152,38.9305473020,38.7212415672,38.8983459473,11919600
2017-11-24,38.6166055630,38.7293072739,38.5280533414,38.5924530029,8620300
2017-11-27,38.2060428662,38.2221435480,37.9484380981,37.9725875854,16619500
2017-11-28,38.0772390145,38.3267949675,37.9403878302,38.2865447998,18360200
2017-11-29,37.8679362316,37.8759850367,37.3929768838,37.5378799438,19229700
2017-11-30,37.3607694645,37.4090715003,37.1595155882,37.1675643921,16466800
2017-12-01,36.9743666674,37.0548669989,36.5396575074,36.8777656555,19688300
2017-12-04,37.2802750399,37.3688241799,36.8938679049,36.9099655151,11231100
2017-12-05,36.9099676197,37.2239263137,36.8938700085,36.9341201782,13160300
2017-12-06,35.9439502266,36.1693536273,35.8312454553,36.1130027771,20421700
2017-12-07,35.8714988362,36.1532530882,35.8070961095,36.0566520691,11554400
2017-12-08,36.6523675866,36.7087184457,36.5396658684,36.6604194641,17972700
2017-12-11,36.9421638747,37.0468167582,36.8536116710,36.9743652344,9184800
2017-12-12,36.5960157254,36.6523665829,36.4913658876,36.5879669189,13611800
2017-12-13,37.1917238051,37.5217801002,37.1756231236,37.3849258423,19507700
2017-12-14,37.1595261715,37.2641790768,37.0307237769,37.0387725830,14408500
2017-12-15,36.7087141917,36.8938705026,36.5960124866,36.8294677734,19573700
2017-12-18,36.9099612253,37.1514683437,36.8938636169,37.0146141052,10465300
2017-12-19,37.1031727336,37.1273222213,36.8777693264,36.9341201782,12220200
2017-12-20,36.9421735102,36.9985243689,36.7972704247,36.8375205994,8882900
2017-12-21,37.3481901913,37.5944954925,37.3235574688,37.5288124084,14701600
2017-12-22,37.5616579074,37.7587040483,37.4959748165,37.7504920959,6126900
2017-12-26,37.7258625028,37.7997544141,37.6930209574,37.7504920959,6279200
2017-12-27,37.6191235780,37.6519651187,37.4713397768,37.5123901367,6717700
2017-12-28,37.9311047589,37.9475255262,37.7094290992,37.8243713379,8987800
2017-12-29,38.0378450434,38.0624746327,37.8736404734,37.9064788818,7854300
2018-01-02,39.0641192298,39.2283206660,38.9409650208,39.2201118469,14290900
2018-01-03,39.2857941544,39.5567321777,39.2529557443,39.5567321777,13556300
2018-01-04,39.6963000968,39.8194543010,39.6141993819,39.6880912781,11832300
2018-01-05,39.6963029823,39.8605075559,39.6306230320,39.8522987366,8112400
2018-01-08,39.7866121495,40.0411293727,39.7866121495,39.9918670654,7095100
2018-01-09,39.9754517329,39.9836636846,39.7948295121,39.8769302368,13166600
2018-01-10,39.9097713745,40.0000840500,39.7866171567,39.9179801941,13534400
2018-01-11,39.8933632072,40.1971397400,39.8769424308,40.1971397400,8336300
2018-01-12,40.4516474976,40.8949989585,40.3284932700,40.8785781860,17121000
2018-01-16,41.1659227633,41.3465480798,40.7800425442,40.8867759705,16052700
2018-01-17,41.3465527670,41.7406418488,41.3219231781,41.6421203613,16127900
2018-01-18,41.7899058398,41.9869488226,41.7078019870,41.9294776917,13353200
2018-01-19,42.2989400016,42.6355579906,42.2414688668,42.6273460388,17866200
2018-01-22,42.5370305626,42.8654365540,42.5041890238,42.8654365540,12913700
2018-01-23,43.3252134543,43.5468891671,43.2184800077,43.5386772156,21382800
2018-01-24,43.8506691779,44.0805537290,43.5715223092,43.8014068604,21686400
2018-01-25,43.2020583857,43.4976259969,42.9557530869,43.2184791565,19170800
2018-01-26,44.0805504919,44.3350677490,43.9902409476,44.3350677490,22540100
2018-01-29,43.4565751114,43.5797293252,43.3252120782,43.3908920288,21337700
2018-01-30,42.8736436734,42.9803739643,42.5288138196,42.6765975952,22685800
2018-01-31,43.4647787064,43.5304617811,42.9064850995,43.2431030273,19683000
2018-02-01,42.7422948563,42.9557586409,42.5124071667,42.6191406250,20077800
2018-02-02,42.7176558870,42.7504974281,41.8966361505,41.9294776917,31571700
2018-02-05,42.4138791763,42.7012348293,40.7472101246,40.9524650574,59647100
2018-02-06,40.1150264966,42.2086262854,40.0657641828,41.6831741333,75745400
2018-02-07,39.9015621301,40.4598558601,39.4253722616,39.4582138062,52692900
2018-02-08,39.4007408992,39.4089497190,37.8079605103,37.8079605103,56718900
2018-02-09,37.7012205547,38.1609926829,36.6174748750,37.8654251099,50911800
2018-02-12,38.0706860929,38.6207709708,37.7669096531,38.3334121704,29448100
2018-02-13,37.9885853682,38.4401456181,37.8982726918,38.3334121704,18771700
2018-02-14,38.3826800218,39.5321091255,38.3826800218,39.4992675781,33366300
2018-02-15,40.3449026399,40.7800420256,39.9261840220,40.5255279541,30228000
2018-02-16,40.4598452926,41.0099300587,40.3613238165,40.5337371826,22746800
2018-02-20,39.6552440304,39.9343908054,39.6059848614,39.7127151489,26476800
2018-02-21,40.6733188122,41.1987709465,40.2381762188,40.2956504822,24299600
2018-02-22,40.2053388688,40.5501656666,40.0247135184,40.0493431091,19719200
2018-02-23,40.6651086941,40.8457340479,40.4352241580,40.8046836853,12658800
2018-02-26,40.9278305026,41.3465523005,40.7472082996,41.3301315308,14402200
2018-02-27,40.3120664943,40.4680622436,39.5731506348,39.5731506348,33989100
2018-02-28,39.4910459470,39.4992578978,38.7521301031,38.7685508728,28171000
2018-03-01,39.3761137893,39.6060014919,38.3908892795,38.8013992310,40822800
2018-03-02,38.1117423873,38.9081326953,37.8900697696,38.8013992310,25770000
2018-03-05,38.1199464427,38.9081246345,38.1199464427,38.7931823730,27696300
2018-03-06,39.4089503759,39.4582126913,38.9163397489,39.0969619751,18763800
2018-03-07,38.7931810479,39.0476982839,38.4976134531,38.9984359741,21611800
2018-03-08,39.3186345533,39.3514760944,38.9738077684,39.1462211609,17840400
2018-03-09,39.6798839194,40.2710159784,39.6059920206,40.2381744385,21872000
2018-03-12,40.3284835815,40.4680585481,40.0985990860,40.3284835815,17269800
2018-03-13,40.5501639680,40.5912143281,39.6716731074,39.7619857788,25050500
2018-03-14,40.2874346455,40.3695353590,39.6962994854,39.9918670654,22768200
2018-03-15,40.3449078773,40.5173212640,40.0329195118,40.2381744385,21361000
2018-03-16,40.1478662824,40.4270131175,40.1314455119,40.3859596252,19484400
2018-03-19,40.0986059520,40.1560770857,39.6552545216,39.8769302368,23984700
2018-03-20,40.3120631091,40.5747891436,40.2545919848,40.4187965393,20329000
2018-03-21,39.9590272062,40.4598497232,39.8769264892,40.2299652100,23878200
2018-03-22,39.0723312551,39.3350573328,38.6618213672,38.6864509583,43079000
2018-03-23,38.5140364932,38.6043491671,37.7176463304,37.7422790527,45993000
2018-03-26,38.8342334677,39.2611641126,38.3416228715,39.1954841614,37099800
2018-03-27,39.2693734985,39.3843157546,38.4237210833,38.6371879578,29273500
2018-03-28,38.2677299010,38.5140351922,37.9064792174,38.3005714417,27992100
2018-03-29,38.3662551049,38.9738111385,38.3416255129,38.7849769592,24670000
2018-04-02,38.4401421290,38.7028681827,37.5370217112,37.9393196106,30455100
2018-04-03,38.5058269531,38.5961364934,38.1692089859,38.5304565430,25914100
2018-04-04,37.3646039728,38.5468743074,37.3235536155,38.4976119995,29038000
2018-04-05,38.6289787242,38.8424456137,38.4729860987,38.5797195435,18442200
2018-04-06,38.0378466650,38.4565653610,37.4713410309,37.7422790527,32534000
2018-04-09,38.2759373386,38.6700264167,37.9885816978,38.2020454407,27123200
2018-04-10,39.2119046736,39.4992634857,39.0641239894,39.4089508057,28169700
2018-04-11,39.2775884429,39.6552568097,39.2529588505,39.4582138062,20761300
2018-04-12,39.4007364403,39.7045128497,39.3104237730,39.6059913635,15856300
2018-04-13,39.4582150285,39.4664238489,38.9409716472,39.0805435181,20740700
2018-04-16,38.3908830580,38.6125587717,38.2677319717,38.5961380005,19320700
2018-04-17,38.3416253663,38.7110849034,38.3005750026,38.6125602722,20758400
2018-04-18,38.3005709330,38.6946600201,38.2513086226,38.5222434998,25368600
2018-04-19,38.9655993161,38.9655993161,38.5058302283,38.6536140442,30350200
2018-04-20,38.3169874053,38.3744616649,37.9639518202,38.1117324829,22290800
2018-04-23,38.1117305699,38.3087766635,37.9557379642,38.0871009827,12030000
2018-04-24,38.9573863617,39.0969582109,38.3580423416,38.5632972717,38221100
2018-04-25,38.3005779821,38.3662579427,38.0542695168,38.2431068420,26896600
2018-04-26,38.0788979183,38.4894078044,37.9967940619,38.4155158997,22187600
2018-04-27,38.3498343137,38.5468804449,38.2102624503,38.4811973572,13886000
2018-04-30,39.0148583135,39.0394879034,38.5058269531,38.5304565430,21743900
2018-05-01,38.4073065385,38.5633023102,37.9639582118,38.4894104004,25586500
2018-05-02,38.6864439264,38.6946558765,38.3087756498,38.3826675415,17749600
2018-05-03,37.9967966133,38.2841554320,37.4795563770,38.1363716125,33630500
2018-05-04,37.6437528732,38.3990926435,37.5862817434,38.2102584839,21877000
2018-05-07,37.9639545218,38.1938390490,37.9393217996,38.0050048828,13757300
2018-05-08,38.5879268611,38.6043476314,38.2595177202,38.5632972717,20170600
2018-05-09,38.8834915268,38.9820130089,38.6371862557,38.9327507019,25218500
2018-05-10,39.0887437220,39.5403038764,39.0641141362,39.4253616333,28428200
2018-05-11,39.6059891664,39.6388275720,39.3925223042,39.5403060913,24765300
2018-05-14,40.0575562783,40.1724985477,39.8687221026,39.9261932373,17785500
2018-05-15,39.2857909831,39.3514740617,39.0723272413,39.2529525757,21923100
2018-05-16,39.6224072988,39.9836579526,39.5895688928,39.9015541077,18166900
2018-05-17,39.4582136605,39.5977855265,39.1544340722,39.2365379333,17962000
2018-05-18,39.3843209354,39.4089505273,39.1954867567,39.3186378479,12264800
2018-05-21,39.6306309007,39.7537820064,39.4828470684,39.6388397217,11223700
2018-05-22,39.6142038426,39.8605091468,39.4007400807,39.4335784912,15770100
2018-05-23,38.6864480155,39.0641194640,38.6125561161,39.0066452026,18342300
2018-05-24,38.8342308196,38.8917019475,38.3990913849,38.7685508728,14216600
2018-05-25,38.5797206424,38.7192925009,38.4811960143,38.6864509583,10649900
2018-05-29,38.3169925947,38.3744668621,37.6848101043,37.8572235107,30148600
2018-05-30,37.7915323109,38.1527829501,37.6765900646,38.0296287537,17373700
2018-05-31,38.2677294991,38.5715059174,38.1445752888,38.3416213989,19915800
2018-06-01,38.5797129367,38.9245396704,38.5797129367,38.8178062439,23839200
2018-06-04,39.2693732354,39.4417866184,39.2365316961,39.3843154907,13899900
2018-06-05,39.4664226263,39.5321057155,39.3186388077,39.4582138062,10884200
2018-06-06,39.6716743640,40.0411338806,39.5649409187,40.0411338806,15472200
2018-06-07,40.1560779033,40.1724986749,39.5895753743,39.7948303223,21809100
2018-06-08,39.3925295004,39.6470467651,39.2940080017,39.5813636780,15994300
2018-06-11,39.3925200976,39.5156742906,39.3596785619,39.4253616333,13100400
2018-06-12,39.4828358811,39.4910446997,39.1626387123,39.3761024475,15549300
2018-06-13,39.1133776402,39.2118991264,38.6782382055,38.7685508728,26708700
2018-06-14,38.8096017533,38.8834936519,38.6043468275,38.6453971863,17693100
2018-06-15,38.1938378854,38.4401431759,37.9721621844,38.4319343567,26379400
2018-06-18,37.8490099365,38.0706856490,37.5862838620,37.9721641541,27192300
2018-06-19,37.1693769610,37.4522237326,36.9863575284,37.4106292725,30211300
2018-06-20,37.3274353517,37.3607121876,37.0612270120,37.2026519775,16730500
2018-06-21,36.7451075254,36.7700667418,36.3042005084,36.3208389282,34309900
2018-06-22,36.8116559497,36.8199735717,36.5953628704,36.7700614929,18928400
2018-06-25,36.1128672297,36.1627824943,35.6636393690,35.9797630310,39162100
2018-06-26,35.9464890114,36.1295084891,35.7967463794,35.9381713867,23681100
2018-06-27,35.5471661160,35.6469934506,34.8566892220,34.9315605164,35819400
2018-06-28,34.8650043641,35.2476784310,34.8067714919,35.2393608093,26722800
2018-06-29,35.7468261719,35.9048863927,35.6054011966,35.7468261719,29799300
2018-07-02,35.0563458950,35.1811324506,34.7818199156,35.0147514343,29289100
2018-07-03,35.4057518056,35.4140694296,34.9898007874,35.0064392090,12393500
2018-07-05,35.0397067101,35.0813011699,34.6653502250,34.8982849121,22029500
2018-07-06,34.7984601306,35.3724713343,34.7568624943,35.2227287292,22655300
2018-07-09,35.6885973099,35.9797617425,35.6303644234,35.9631233215,20980500
2018-07-10,35.6885889058,35.8133722732,35.5055694922,35.7967338562,20659700
2018-07-11,35.1478464378,35.3475042399,34.8733173566,35.0729751587,21451600
2018-07-12,35.6636413452,35.7967455513,35.5554963595,35.7218742371,23003100
2018-07-13,35.4722947430,35.7218646659,35.4140618668,35.6885910034,16474200
2018-07-16,35.3308715202,35.3974220160,35.2144057725,35.2809562683,14458700
2018-07-17,34.8733282597,35.3059176550,34.8400545934,35.2227287292,14437600
2018-07-18,34.8982765652,35.0979311939,34.7318955924,35.0729751587,19164800
2018-07-19,34.5405660138,34.7568591036,34.2993137099,34.4407386780,33097800
2018-07-20,34.8816538149,35.2726488007,34.8566977685,35.2643280029,29879700
2018-07-23,35.1644948509,35.2227277319,35.0896235505,35.1811332703,13400900
2018-07-24,36.2043753871,36.4622661494,36.2043753871,36.3291587830,43350200
2018-07-25,36.4622622537,36.8698924127,36.3707525358,36.8449363708,25671200
2018-07-26,36.1960502619,36.3125191936,36.0546284622,36.1378173828,22324400
2018-07-27,36.1794204214,36.3208422422,35.9215296515,36.1295051575,15788700
2018-07-30,36.1877347578,36.2709236833,35.9464824311,36.0296745300,9826500
2018-07-31,36.0463141626,36.4373059336,35.8965715530,36.2875633240,30969900
2018-08-01,35.5887548333,35.6885853254,35.2975904985,35.4806098938,28691400
2018-08-02,34.6320785941,35.0896240256,34.5821633353,35.0313911438,30635100
2018-08-03,34.9398811306,35.1395389906,34.8816482493,35.0563468933,18099300
2018-08-06,34.7651781623,34.9315591627,34.6819860755,34.8650054932,13923500
2018-08-07,35.6054026649,35.7634660657,35.5638082023,35.6386795044,22857000
2018-08-08,35.3558278153,35.5305264381,35.1561699795,35.4972496033,15574800
2018-08-09,36.0712677010,36.2792431807,35.9714403593,36.0130348206,22012900
2018-08-10,35.5305290799,35.6636332558,35.3475128215,35.5804443359,29327000
2018-08-13,35.3059158899,35.4223848229,34.9981130720,35.0646667480,20513200
2018-08-14,34.7152703144,35.0563500098,34.6819934725,34.9897994995,27870100
2018-08-15,33.5506097960,33.8251358108,33.3093574499,33.7669029236,54101500
2018-08-16,34.1162989700,34.3825105245,34.0331100410,34.0913429260,33838700
2018-08-17,33.7918525499,34.6487136207,33.7086636335,34.5405654907,51126700
2018-08-20,34.5239414604,34.6820017367,34.4573877608,34.6653633118,22424400
2018-08-21,35.0979466600,35.3641550645,35.0813082381,35.2892837524,29165800
2018-08-22,35.5055758517,35.6802745014,35.4390221717,35.5388526917,18041000
2018-08-23,35.2227296946,35.3142394195,34.8400555483,34.9232444763,37892100
2018-08-24,35.3142310723,35.5471625544,35.2393597854,35.4390144348,24170700
2018-08-27,36.1211868408,36.3957160508,36.0296802776,36.0629539490,28313800
2018-08-28,36.1461468663,36.1544644910,35.8050671324,35.8882560730,20369200
2018-08-29,35.8965683572,36.2542864291,35.7884202213,36.2376480103,17135700
2018-08-30,35.5138866898,35.5305251066,35.0147468793,35.1894454956,43466600
2018-08-31,35.1395445973,35.3891145820,34.9149306591,35.2643280029,29493900
2018-09-04,35.1228995709,35.1228995709,34.8483704180,35.0147514343,22628300
2018-09-05,34.3991476254,34.4906573563,34.1662160728,34.3492355347,26749500
2018-09-06,34.4906571095,34.5738492159,34.1495774071,34.4241065979,20572600
2018-09-07,33.9416018421,34.3325968078,33.8334536908,34.0331115723,25440500
2018-09-10,33.9665607528,33.9748783766,33.6421163017,33.7169876099,15888700
2018-09-11,33.2095185937,33.6171518752,33.1263296824,33.6005134583,31613500
2018-09-12,33.2927135358,34.1246154137,33.2511190766,33.9000015259,60841000
2018-09-13,34.6903101414,34.9232416597,34.4573754496,34.6736717224,55438900
2018-09-14,34.5572033052,34.6570306378,34.1246139662,34.2993125916,45780500
2018-09-17,34.1662130473,34.3991445793,34.0996625411,34.1745338440,32388700
2018-09-18,34.4906583963,34.8566973311,34.4906583963,34.7818260193,22287900
2018-09-19,35.2643201991,35.5055725060,35.2476817806,35.3891067505,27435500
2018-09-20,35.5887632490,35.6636345491,35.3724701454,35.5970840454,31091900
2018-09-21,36.1045472616,36.1461417259,35.8632949253,35.8716125488,51637800
2018-09-24,35.4889360878,35.5305305495,35.2393661443,35.4722976685,24839700
2018-09-25,35.6469971275,35.7135508065,35.5305313628,35.6386795044,19372500
2018-09-26,35.8632875242,36.2958768461,35.7884162344,35.7967338562,24249200
2018-09-27,35.7801059355,35.9964022466,35.7135554214,35.8050651550,26354500
2018-09-28,35.7052287172,35.8632921122,35.4972532381,35.6220397949,20767200
2018-10-01,35.8466545124,35.9631202756,35.6802734907,35.7884216309,18814200
2018-10-02,34.8899676357,35.1312199698,34.8566939686,34.9232444763,35665700
2018-10-03,35.1312249129,35.1561809601,34.6154465052,34.7235946655,20062900
2018-10-04,34.2826797835,34.2826797835,33.6753917198,33.8750495911,53172700
2018-10-05,34.1079701146,34.1329261504,33.6587424295,34.0164604187,26649000
2018-10-08,33.4757384876,33.8667302768,33.4175024270,33.7669029236,23282400
2018-10-09,33.6254718499,33.8334473161,33.4674116380,33.7086639404,23741100
2018-10-10,33.6837084607,33.7086645015,32.8018913269,32.8018913269,45927900
2018-10-11,32.6687909764,33.1180188050,32.1446918430,32.5107307434,77242900
2018-10-12,33.2677594105,33.4091812147,32.8850821128,33.3509483337,48716500
2018-10-15,32.8434941176,33.1013849078,32.7020722856,32.8684501648,24447000
2018-10-16,32.9932338328,33.5006945704,32.9765954116,33.4757385254,30376800
2018-10-17,33.2677578246,33.3176699067,32.9266781782,33.0680999756,24026000
2018-10-18,32.6271922590,32.6604659219,32.0199042765,32.1446876526,42239500
2018-10-19,32.8351691632,33.1180159374,32.7020649855,32.8434867859,38725900
2018-10-22,33.7752271937,33.8667369411,33.5090187503,33.7253150940,32968400
2018-10-23,32.6771095841,33.4424610753,32.5606438117,33.1845703125,51149000
2018-10-24,33.0181915598,33.1097012939,32.2195663452,32.2195663452,31928000
2018-10-25,32.5772791851,33.1679287889,32.5523231429,32.9599533081,33292100
2018-10-26,32.2861180076,32.7852579420,32.1363753926,32.4275398254,51478700
2018-10-29,32.4857688664,32.5440017460,31.4874859423,31.8285655975,36120400
2018-10-30,31.9699901298,32.3193874030,31.9034364549,32.2861137390,33135700
2018-10-31,32.5939112884,32.9100348465,32.5356784190,32.6854209900,27443300
2018-11-01,33.2594458750,34.1246248283,33.1346624629,34.0580711365,68068500
2018-11-02,34.6487177046,34.8982876565,33.7253060265,34.1745338440,49165900
2018-11-05,34.0663866928,34.3242742754,34.0247922285,34.2161293030,23627500
2018-11-06,34.1246195775,34.2910006081,34.0331098520,34.2161293030,18042800
2018-11-07,34.6487124753,34.9648328857,34.4074601830,34.9149208069,38296400
2018-11-08,34.4240985898,34.5904795904,33.8999995487,34.1079750061,36277900
2018-11-09,33.2677624167,33.3509513474,32.9266827232,33.1845703125,47290600
2018-11-12,33.1928872933,33.2427993766,32.8102100050,32.8934020996,22649600
2018-11-13,33.4923719477,33.9748766141,33.3259940923,33.5589256287,48354100
2018-11-14,33.9000070684,33.9998344215,33.4175023771,33.7169876099,40206300
2018-11-15,33.7918566990,34.6903123383,33.7003469757,34.3409118652,62021000
2018-11-16,34.1412604730,34.7901430485,34.0497507408,34.4906578064,47186200
2018-11-19,34.2410885753,34.3242775118,33.7502662343,33.9249649048,32064200
2018-11-20,33.4840563950,33.7086703218,33.2344864230,33.4008674622,31192000
2018-11-21,34.1412574851,34.3159561366,33.9166435733,34.0247917175,32956100
2018-11-23,33.4507701668,33.7585761136,33.4507701668,33.5339622498,23611900
2018-11-26,34.1412579979,34.3159566519,34.0580658959,34.2161293030,32289100
2018-11-27,33.9415995433,34.2910000189,33.8417721961,34.2660408020,23974700
2018-11-28,34.5072920339,35.1062624452,34.3492318080,35.0313911438,58090600
2018-11-29,34.5655201760,34.7568572148,34.3159502633,34.4740104675,51899100
2018-11-30,34.6237542551,35.0313875596,34.4573732497,34.9565162659,45521300
2018-12-03,35.7967302649,35.8216894746,35.3059081195,35.4806098938,62609100
2018-12-04,35.5887589627,35.6386742145,34.7984547698,34.9398765564,51088700
2018-12-06,33.9665596089,34.4823379517,33.7669017360,34.4823379517,60013400
2018-12-07,34.2993135631,34.5156098255,33.6254719090,33.7585792542,51981600
2018-12-10,33.5838861824,33.7835440785,33.1097022493,33.6254806519,41488500
2018-12-11,33.9748714665,34.0081483019,33.5422821264,33.8334465027,33732400
2018-12-12,34.5322514756,34.7818246205,34.2910023015,34.3242759705,43596100
2018-12-13,34.6986280001,34.7734992991,34.5239293601,34.5988006592,31964100
2018-12-14,34.1578964183,34.4241047978,34.0913427367,34.2161293030,39195100
2018-12-17,33.9499159500,34.1911650769,33.5755594794,33.7336196899,48713100
2018-12-18,33.7554912631,33.9573663087,33.5367895536,33.6209068298,32287600
2018-12-19,33.6040879282,33.8396099161,32.6283498524,33.0657501221,60141400
2018-12-20,33.0909773485,33.2339718969,32.7713381342,33.0320968628,54806800
2018-12-21,32.9648113625,33.2508037403,32.6535854012,32.7881698608,36337600
2018-12-24,32.7208767541,32.9984557772,32.4685281038,32.5274085999,17081200
2018-12-26,32.7377012695,33.2087485083,32.3087142838,33.1919250488,32870100
2018-12-27,32.4769344522,32.9059212897,32.2834695483,32.8806877136,35999800
2018-12-28,32.9059295684,33.0825742718,32.7376981983,32.8638725281,24800300
2018-12-31,33.2592138180,33.2844473990,32.7629330701,32.8722839355,18322700
2019-01-02,32.1909515773,32.6199385404,32.1657179938,32.6031150818,30521500
2019-01-03,32.1993611927,32.2750651507,31.9638391938,32.0395431519,30627000
2019-01-04,32.7713475645,33.3517456744,32.6872334776,33.1246337891,45264800
2019-01-07,32.9648074586,33.3012701722,32.8891035085,33.2003326416,28189800
2019-01-08,33.2928574870,33.4694989541,33.1078026879,33.3517379761,32023400
2019-01-09,33.7639114892,34.2013118304,33.7218544429,33.9237327576,40136400
2019-01-10,33.7554962778,34.1592496377,33.7302594868,34.1256027222,25310200
2019-01-11,33.8816661631,34.0498975258,33.8143755433,33.9741935730,18580500
2019-01-14,33.4358539440,33.7386697384,33.3937969079,33.5704383850,18481900
2019-01-15,33.9237276968,34.0919558571,33.7891400346,33.8984909058,26199300
2019-01-16,34.2097167523,34.5461794893,34.2013066278,34.3527145386,28645700
2019-01-17,34.1087804429,34.6891785248,34.1003703181,34.4620666504,34536700
2019-01-18,34.7396348384,34.9919802171,34.6471074509,34.7985153198,33319800
2019-01-22,34.2854207604,34.3274810091,33.8648439428,34.0835456848,32566100
2019-01-23,34.5125351009,34.5209484347,34.1928990069,34.4704780579,19691900
2019-01-24,34.5630034835,34.8826427678,34.5461800255,34.8321723938,26067900
2019-01-25,35.3284479769,35.6396738821,35.3284479769,35.4882659912,33704900
2019-01-28,35.1013393204,35.2191003109,34.9499314158,35.1938667297,22483700
2019-01-29,35.2863941391,35.3452746343,35.1181627774,35.1938667297,16812400
2019-01-30,35.4125619976,35.8920192486,35.2948010180,35.8163185120,37140400
2019-01-31,35.8836191705,36.3126061750,35.8752090448,36.2873725891,48172500
2019-02-01,35.9088407906,36.0686620049,35.7742563626,35.9509010315,30566400
2019-02-04,35.8667875651,36.1191329933,35.8079070721,35.9929618835,24325800
2019-02-05,36.1780178402,36.6322415909,36.0770802985,36.5144805908,29621900
2019-02-06,36.5060686359,36.5817725905,35.9929644108,36.0686683655,25501600
2019-02-07,35.8415444512,36.0602429085,35.2947934948,35.6733131409,33289500
2019-02-08,35.6480922854,35.9004377365,35.3705100430,35.6817359924,23090000
2019-02-11,35.9256636158,35.9929574330,35.7406120360,35.7826690674,20631300
2019-02-12,35.9340814238,35.9929619168,35.7994969814,35.8499641418,19397600
2019-02-13,36.4051304308,36.4387773483,36.0602575486,36.1864318848,25797500
2019-02-14,35.9340845542,36.2032534625,35.8079102247,36.0518455505,25409200
2019-02-15,35.8079051828,35.9424896180,35.7237911141,35.8583755493,34904600
2019-02-19,35.9172679373,36.4640159826,35.9172679373,36.3799018860,28315600
2019-02-20,36.5144793023,36.7920615431,36.4892457199,36.5901832581,23291200
2019-02-21,36.6827145104,36.6995379700,36.4640127447,36.5060729980,25068500
2019-02-22,37.0696328505,37.2042172762,36.9686953334,37.1285133362,34023600
2019-02-25,37.8182620852,38.0621973800,37.7762050503,37.8687324524,40374900
2019-02-26,37.4145201925,37.6416321009,37.3472295579,37.5575180054,33462400
2019-02-27,37.1201166185,37.1789971254,36.9014148422,36.9518852234,29161200
2019-02-28,36.8845793267,36.9098161134,36.6658808307,36.6995277405,24482700
2019-03-01,37.3051592715,37.3388061841,37.0107568076,37.1537513733,33528500
2019-03-04,37.6332163138,37.6332163138,37.0107611910,37.3640441895,37436500
2019-03-05,37.5743305773,37.8687362689,37.4565695842,37.8266792297,28049100
2019-03-06,37.7341467697,37.7509702248,37.4397411175,37.4481544495,34864000
2019-03-07,37.0780506936,37.0780506936,36.5481230491,36.6154136658,47114400
2019-03-08,35.9004357586,36.0518436627,35.7574379786,35.9593162537,41134500
2019-03-11,36.3714885016,36.7584184453,36.3714885016,36.6743011475,26769200
2019-03-12,37.0275827889,37.1453437825,36.9098217953,37.1032867432,28194500
2019-03-13,37.0275758012,37.1201031955,36.9434585297,37.0023422241,17247100
2019-03-14,36.9266465838,36.9518801665,36.7331784203,36.8845863342,19441300
2019-03-15,37.2294546532,37.4649798287,37.2126344059,37.3976860046,28235900
2019-03-18,37.8519121689,37.9360262457,37.7089175964,37.8435020447,31178300
2019-03-19,38.0117270202,38.1126677545,37.8434988805,37.9949035645,28020500
2019-03-20,37.6163876675,38.1715488805,37.3976859483,37.7677955627,41491100
2019-03-21,37.3219801328,37.7593803406,37.3135700096,37.7593803406,30397700
2019-03-22,37.1201173679,37.1874080021,36.6574834287,36.6658935547,41672200
2019-03-25,36.4555988043,36.6911207962,36.4303652220,36.5901832581,20566200
2019-03-26,36.6490669250,36.7331810126,36.4892488751,36.6490669250,25424700
2019-03-27,36.6827093852,36.7331765481,36.4219506114,36.5817718506,21763300
2019-03-28,36.6995359562,36.8845875839,36.6070085380,36.8677673340,25520900
2019-03-29,37.2042223495,37.3388067936,37.0359909922,37.2378692627,36710700
2019-04-01,37.7173296401,37.8435039706,37.6163921009,37.8350906372,28289300
2019-04-02,37.7257372428,37.7341505756,37.4818051403,37.6332130432,21593400
2019-04-03,38.0201428861,38.2808984452,37.8014411559,37.9023818970,40989600
2019-04-04,38.0706062167,38.3145415032,38.0369625152,38.2977180481,46986000
2019-04-05,38.4743703228,38.6594219485,38.3986663640,38.5668945312,29393800
2019-04-08,38.4238936181,38.5332444758,38.2977193047,38.4491271973,27106300
2019-04-09,38.4154802809,38.4407170688,38.2977192998,38.3650131226,14427900
2019-04-10,38.2472534191,38.3481909479,38.1463126815,38.2893104553,18675500
2019-04-11,37.8519077396,37.8771413179,37.6500294864,37.7593803406,25167200
2019-04-12,38.2724857480,38.3229561151,38.1799583460,38.2220153809,22395100
2019-04-15,38.0033143397,38.0117244626,37.7089119063,37.7930259705,28410000
2019-04-16,38.3566093445,38.3734328044,38.2136147486,38.3566093445,29140900
2019-04-17,38.6089484195,38.6510054544,38.3650131250,38.4070701599,26867000
2019-04-18,38.3397789097,38.5500672893,38.2472515093,38.4659500122,29563800
2019-04-22,37.9276122828,38.1631342413,37.8771419166,38.1126670837,21838600
2019-04-23,38.0537923258,38.2136103633,38.0033219520,38.1042594910,18240100
2019-04-24,37.8771490326,37.8771490326,37.4481620694,37.5322761536,33678400
2019-04-25,37.2210451660,37.2967491150,37.0528138116,37.2967491150,25357700
2019-04-26,37.4649861708,37.5322767975,37.3219883747,37.5154533386,19653900
2019-04-29,37.6416219197,37.6920922886,37.5827414270,37.6500320435,15550900
2019-04-30,37.4481538050,37.5659147803,37.2462755553,37.4229202271,23224800
2019-05-01,37.5827433963,37.8350888365,37.2210470888,37.2462806702,30447700
2019-05-02,37.2883390230,37.3808632197,37.0275802631,37.1116943359,22893500
2019-05-03,37.5827420328,37.8182640073,37.5575084523,37.7762069702,24973100
2019-05-06,36.3294313262,36.8930060386,36.2873742782,36.7920684814,47513900
2019-05-07,36.1527824948,36.2032528675,35.5723876474,35.7994995117,50557800
2019-05-08,35.7069727837,35.9509081102,35.5555648712,35.6817359924,40245500
2019-05-09,34.8742287420,35.3452759301,34.5545926728,35.0761070251,52472200
2019-05-10,35.1265703452,35.4714431675,34.7144069083,35.3032150269,42922800
2019-05-13,34.2349574127,34.3274848363,33.9153180973,34.1676635742,69409600
2019-05-14,34.7312323313,34.8826402334,34.6050580099,34.7144088745,42386100
2019-05-15,34.6975822253,34.9667510913,34.6723486468,34.8826370239,35234600
2019-05-16,35.0424537659,35.3116226221,35.0256303113,35.0424537659,28764600
2019-05-17,34.3527157756,34.6723550664,34.3190688589,34.4620666504,49660700
2019-05-20,34.0078360282,34.1760673688,33.8900750524,33.9910125732,27478600
2019-05-21,34.3106587797,34.3863627380,34.1760743216,34.3611259460,24565400
2019-05-22,34.1340198637,34.2517808724,34.0414924401,34.1676635742,21527300
2019-05-23,33.6629638743,33.7975483077,33.5704364748,33.7470779419,34501700
2019-05-24,33.8311964973,33.8648402004,33.5620276205,33.5872612000,20955200
2019-05-28,33.9741916772,34.0667190819,33.7386697079,33.7554931641,20314100
2019-05-29,33.7639001145,34.0667158802,33.7302532052,34.0498924255,27176400
2019-05-30,33.9741903699,34.1255982612,33.9237232120,34.0583076477,17860400
2019-05-31,33.7470899351,34.0330823586,33.6882094251,33.9573783875,21758300
2019-06-03,34.0583190805,34.2265472750,33.9826151095,34.1003761292,21418800
2019-06-04,33.8059622103,34.0162506115,33.7302582576,33.9741935730,25653400
2019-06-05,33.8480205688,33.8732541487,33.5956719345,33.7554931641,23303000
2019-06-06,33.6713828503,33.8816712832,33.6377391397,33.7723236084,17135300
2019-06-07,34.1424261826,34.4620654624,34.0583121026,34.0835456848,27213800
2019-06-10,34.4368343155,34.6471227588,34.3443100958,34.4452476501,23519300
2019-06-11,34.9499333910,35.0088138896,34.7228215212,34.8321723938,30216800
2019-06-12,34.3358898376,34.3779468760,34.1171913126,34.2013053894,26626800
2019-06-13,34.4704704212,34.4957039997,34.2517719206,34.3863563538,12770400
2019-06-14,34.2181256623,34.2349491179,34.0583076477,34.0583076477,15674800
2019-06-17,34.2936782909,34.4296293120,34.2426954425,34.3446578979,15054800
2019-06-18,34.7780037842,35.4152747992,34.7610095015,35.3472976685,50380900
2019-06-19,35.4832544326,35.8146381368,35.3897907247,35.6192054749,29200500
2019-06-20,36.3924205482,36.4518989097,36.1205152996,36.2904548645,32829700
2019-06-21,36.1205141046,36.2904536638,36.0950243051,36.1120185852,22462600
2019-06-24,36.1545026724,36.2649638721,36.1120185929,36.1375083923,16782600
2019-06-25,35.7211631350,35.7296586551,35.5172349970,35.5342292786,20895500
2019-06-26,35.9165880350,36.0695333091,35.8825994760,35.9590721130,16910100
2019-06-27,36.2224855636,36.3584365845,36.1375141498,36.3584365845,16984200
2019-06-28,36.3329357185,36.3499299977,36.1969847270,36.3414344788,16461200
2019-07-01,37.2930995302,37.4035607478,36.7323011628,36.8767509460,39612400
2019-07-02,36.8172679803,36.8937373814,36.7068067765,36.7832794189,25164200
2019-07-03,36.5878490630,36.6813127422,36.5368662223,36.6473274231,9901700
2019-07-05,36.2734603742,36.3329387353,36.1375093713,36.2224807739,20530700
2019-07-08,35.9250875542,36.0440442826,35.8656091900,35.9505805969,15809300
2019-07-09,35.5512215193,35.7976337266,35.5512215193,35.7381553650,15903600
2019-07-10,35.9420846780,36.0440471330,35.7976381367,35.8401222229,14595000
2019-07-11,35.8231267622,35.8486165648,35.5767145327,35.6616859436,15358900
2019-07-12,35.8571201291,35.8741144135,35.7211690948,35.7976417542,12679000
2019-07-15,35.8741073670,35.9505800113,35.8401188047,35.8995971680,12611500
2019-07-16,35.9930675261,36.0525458950,35.8316234609,35.8401222229,9220300
2019-07-17,35.9420883100,35.9760768789,35.7806474697,35.7976417542,9761000
2019-07-18,35.7891361500,35.9760700018,35.7381565477,35.8911018372,24543200
2019-07-19,36.2904498198,36.3159428579,36.0185478503,36.0865249634,18948200
2019-07-22,35.8741103925,35.9335887607,35.7551536560,35.7551536560,16661300
2019-07-23,35.8486109170,35.9675708734,35.7466484813,35.9590721130,21277300
2019-07-24,35.9420748346,36.1035188556,35.9420748346,36.0780258179,12970900
2019-07-25,36.1035206696,36.1035206696,35.8146244104,35.8316154480,18571200
2019-07-26,35.9590753356,35.9675740967,35.8231243288,35.8826026917,9446300
2019-07-29,35.6956781387,35.7126724241,35.5512315744,35.6192054749,11395400
2019-07-30,35.4152715639,35.4577556460,35.3048103571,35.3982772827,15269400
2019-07-31,35.2963110522,35.2963110522,34.5910630465,34.9224433899,29673900
2019-08-01,35.0583999677,35.2708236311,34.0387689769,34.1322326660,65438400
2019-08-02,34.0727527120,34.1577241181,33.7838564137,33.8688278198,34907400
2019-08-05,33.0021403322,33.0616186984,32.3563738245,32.5433044434,61676600
2019-08-06,33.1041013084,33.1550841520,32.6792540023,32.8491935730,36838500
2019-08-07,32.5772887723,33.0106315613,32.4243434959,33.0106315613,30388700
2019-08-08,33.0871065682,33.2910346985,33.0021384047,33.2910346985,21648200
2019-08-09,32.9936403013,33.0616141785,32.7047440301,32.9171676636,26814300
2019-08-12,32.4583320781,32.6112773546,32.3903549590,32.5093116760,25082300
2019-08-13,32.3648690683,33.2995318786,32.2968919410,33.0276298523,48402500
2019-08-14,32.1949294639,32.3053906749,31.9995000852,32.0079956055,52108500
2019-08-15,32.4668271958,32.5687928731,32.2544035634,32.4498329163,34699000
2019-08-16,32.6877521802,32.8831815485,32.6877521802,32.7982101440,26003900
2019-08-19,33.5034583422,33.5374469041,33.1720779667,33.2655448914,27115300
2019-08-20,33.3080275989,33.3165231184,33.1125982379,33.1465835571,15842500
2019-08-21,33.5459470607,33.5459470607,33.2825405314,33.4354858398,21895700
2019-08-22,33.2400470492,33.3080241632,33.0531164683,33.1805686951,16315700
2019-08-23,33.0361292903,33.3250256044,32.5263105495,32.5772933960,43687500
2019-08-26,33.0701103132,33.1040988731,32.9001739963,33.0446205139,22760600
2019-08-27,33.1720802076,33.2740426589,33.0106361482,33.0531234741,18018100
2019-08-28,32.8746805646,33.0701099197,32.7982079264,33.0106315613,14281900
2019-08-29,33.1890758606,33.3080325989,33.0616203601,33.2485542297,21518000
2019-08-30,33.3335105417,33.3335105417,33.1295857032,33.2400436401,15521100
2019-09-03,33.1380930121,33.2485542297,33.0616203601,33.2485542297,16931700
2019-09-04,33.9368026940,34.0387683843,33.8518345266,34.0302696228,30073900
2019-09-05,34.4296262757,34.5655772848,34.3956377131,34.4381217957,27680200
2019-09-06,34.5655742449,34.5910640439,34.4891016064,34.5060958862,16063300
2019-09-09,34.5570795097,34.6505464389,34.4806101037,34.5740737915,13899500
2019-09-10,34.6080549166,34.7185161038,34.5230867672,34.5910606384,15215100
2019-09-11,35.0074205618,35.1603658595,34.9394434333,35.1178817749,27800500
2019-09-12,35.2198333865,35.5087296110,35.1008766896,35.2453231812,24678300
2019-09-13,35.5597122379,35.6616779080,35.5172281627,35.6021995544,19035000
2019-09-16,35.2793191757,35.3642873367,35.1518636928,35.2283363342,31500600
2019-09-17,34.8119977956,35.0838998785,34.7610149395,35.0584068298,14354700
2019-09-18,34.9139549105,34.9564389967,34.5825745003,34.8204879761,20237400
2019-09-19,34.7015292842,34.7780019316,34.5485839895,34.5740737915,18116400
2019-09-20,34.6080579208,34.6675362787,34.3191616501,34.4466171265,31171100
2019-09-23,34.2256981414,34.4466205570,34.2172026214,34.4381217957,14254800
2019-09-24,34.2681865164,34.2766820367,33.9707914465,34.0217742920,25221300
2019-09-25,34.0387731629,34.1832197158,33.8603348003,34.1407356262,18516200
2019-09-26,34.0047790299,34.0472631126,33.8178451766,33.9113121033,25691000
2019-09-27,33.9028137872,34.0217705054,33.3505110340,33.5204505920,55202700
2019-09-30,33.8943132111,34.0132699229,33.8008462972,33.8178405762,20914600
2019-10-01,33.9028149894,33.9283047896,33.5629358614,33.6733970642,25507600
2019-10-02,33.7243802992,33.7753631463,33.5629394787,33.7073860168,23096600
2019-10-03,34.0897461385,34.2681844664,33.9368008526,34.2511901855,23918500
2019-10-04,33.9962712337,34.2171935909,33.8858132963,34.1917037964,22922600
2019-10-07,33.9792894295,34.1917130855,33.9198078239,33.9537963867,22609800
2019-10-08,33.9368080007,34.0132806598,33.7158887863,33.7243843079,29351300
2019-10-09,34.2426908372,34.3446532790,34.1492239150,34.2002067566,27639400
2019-10-10,34.3616469246,34.7100215654,34.3446526444,34.6250534058,33355400
2019-10-11,35.2623283109,35.4237691291,35.0244148439,35.1178817749,48627500
2019-10-14,35.1263761155,35.1603646786,34.9649353027,34.9649353027,12156600
2019-10-15,35.1348701921,35.4322652450,35.1178791525,35.2963142395,21666000
2019-10-16,35.2283369209,35.3557924059,35.1773573200,35.2793197632,15713800
2019-10-17,35.4917442144,35.5172340155,35.3727874877,35.4237670898,16158500
2019-10-18,35.2283353213,35.3387965206,35.0414047241,35.0414047241,25353200
2019-10-21,35.3897823474,35.4492607117,35.2793211388,35.4492607117,18633300
2019-10-22,35.1858520435,35.2623246846,35.1433679633,35.1603622437,15966400
2019-10-23,34.9479488370,35.0923954005,34.8884704590,35.0584068298,16021700
2019-10-24,35.1433667766,35.1518622959,34.9904214998,35.0329055786,14110000
2019-10-25,35.0074253232,35.3048171974,34.9989265603,35.2538375854,18287800
2019-10-28,35.5767101321,35.6701770518,35.5682146128,35.5852088928,22893700
2019-10-29,35.1603624537,35.3133077366,35.1518636928,35.2283363342,16516700
2019-10-30,34.9904262797,35.1773601417,34.8374809819,35.1178817749,22948500
2019-10-31,35.0923875524,35.1008863138,34.8034912487,34.9649353027,24679500
2019-11-01,35.5427216157,35.7296521970,35.5172285773,35.6871681213,31607900
2019-11-04,36.2394738758,36.2904534744,36.0695343174,36.1205139160,30078400
2019-11-05,36.3414344788,36.3924173161,36.2309732852,36.3414344788,22267100
2019-11-06,36.4519025465,36.4943866317,36.2394788796,36.2734642029,22244500
2019-11-07,36.5963437977,36.7662833550,36.5028768791,36.5793495178,32368200
2019-11-08,36.3669319077,36.4349090384,36.1884968016,36.3159523010,33877000
2019-11-11,35.5002426592,35.7636491766,35.4917471386,35.7551536560,22985500
2019-11-12,35.5937106871,35.6446935363,35.3727914899,35.4407653809,26734500
2019-11-13,34.8799638950,35.0753932708,34.8544740933,34.9649353027,29682600
2019-11-14,34.8204847468,34.9054561527,34.6845337388,34.8714675903,25866000
2019-11-15,34.8884624620,34.9904249094,34.8374796176,34.9479408264,23753900
2019-11-18,35.1348794932,35.1858623493,35.0499113078,35.0584068298,14649400
2019-11-19,35.5427234192,35.5682132176,35.3302997886,35.4152679443,27542600
2019-11-20,35.3218034455,35.4152703679,35.0838900002,35.2198410034,24386100
2019-11-21,35.0244072550,35.1688537598,34.9309403443,35.1688537598,20579800
2019-11-22,35.2028495594,35.2113450797,35.0074201791,35.1093826294,14729600
2019-11-25,35.5172359817,35.7381584074,35.4492620946,35.6956710815,26550000
2019-11-26,35.6531803625,35.8231199104,35.5257281326,35.7806358337,21044700
2019-11-27,35.6956678542,35.7891347765,35.6361894929,35.7466506958,12302000
2019-11-29,34.8034894894,34.8629678512,34.7100225663,34.7864952087,26282400
2019-12-02,34.9309491896,34.9479434723,34.7270210380,34.7949981689,27332400
2019-12-03,34.4806026925,34.5910606384,34.2936688744,34.5910606384,30119700
2019-12-04,34.7610015773,34.8119844138,34.7100187409,34.7355117798,14378100
2019-12-05,34.7779998713,34.8459737531,34.7015272285,34.7525100708,16240300
2019-12-06,35.1348684021,35.1688569620,35.0244104441,35.0414047241,17498500
2019-12-09,35.0668929365,35.1263712931,34.8799591064,34.8799591064,15160000
2019-12-10,35.0159149170,35.0838920432,34.9564365522,35.0159149170,11648000
2019-12-11,35.4407633283,35.7466539231,35.4152735258,35.6701812744,38229300
2019-12-12,35.6701748553,36.3924171278,35.6531805763,36.3499298096,62280200
2019-12-13,36.4858795885,36.8682427506,36.1884878188,36.1969833374,55179100
2019-12-16,36.6627350648,36.7233343649,36.5848212072,36.6540794373,26704900
2019-12-17,37.0349901693,37.2081324438,36.9917054263,37.1215629578,27125300
2019-12-18,37.2514226122,37.2773961037,37.1821676738,37.2254524231,11471800
2019-12-19,37.0263462212,37.1648594240,37.0176872884,37.1475448608,10954900
2019-12-20,37.2773975058,37.4072517586,37.2600829449,37.2947120667,26124800
2019-12-23,37.2254531238,37.3293371846,37.1735094422,37.2600822449,8697800
2019-12-24,37.3120196999,37.3726190058,37.2514203939,37.3293342590,4769900
2019-12-26,37.4851606487,37.7189022356,37.4505315315,37.7015876770,10652800
2019-12-27,37.8747322686,37.9699606953,37.7535336538,37.8401031494,20219100
2019-12-30,38.0132464278,38.0219020566,37.6236770824,37.6496505737,13119600
2019-12-31,37.7188998335,37.8314428057,37.5717310488,37.7708435059,13648100
2020-01-02,38.4374382899,38.8529777527,38.4028091757,38.8529777527,25552300
2020-01-03,38.0825028659,38.3075855312,38.0045890005,38.0132446289,20949400
2020-01-06,38.0218955731,38.2036967716,37.9959253887,38.1950378418,12687700
2020-01-07,38.1084781153,38.1777330591,38.0045940485,38.0998191833,16114600
2020-01-08,37.8314363077,38.2729458885,37.7794926442,38.0738334656,27640100
2020-01-09,38.3941543790,38.4460980559,38.2989292584,38.4201278687,24049100
2020-01-10,38.4807291220,38.6278979269,38.4028152540,38.5413284302,21284000
2020-01-13,38.7837212306,39.2079196418,38.7404364871,39.1992607117,30778500
2020-01-14,38.7231267805,38.8529843295,38.6538718429,38.8010406494,40042300
2020-01-15,38.6192429203,38.6971567895,38.5672992399,38.5846138000,19116400
2020-01-16,38.7144687502,38.8702964783,38.6711807016,38.8702964783,18411900
2020-01-17,38.9914980109,39.0520973206,38.8789550206,39.0520973206,18061600
2020-01-21,37.4332200876,37.5371041360,37.2081341299,37.2167930603,61518300
2020-01-22,37.8660734295,37.8660734295,37.4938186854,37.6323318481,42871500
2020-01-23,36.8099191355,37.2427733069,36.6540913696,37.1475448608,60680300
2020-01-24,37.0696226870,37.0955928747,36.4463117627,36.6627388000,49822700
2020-01-27,34.6716092159,35.4507478375,34.4638411185,35.2083473206,101480800
2020-01-28,35.2429770402,35.5719470529,35.0525234980,35.4507484436,45049200
2020-01-29,35.8662916008,35.9355465407,35.6152354259,35.6671791077,34216700
2020-01-30,34.8793809647,35.3208906531,34.6802684933,35.2256622314,52579300
2020-01-31,34.5590761144,34.5850496108,34.2127947522,34.4032516479,49332700
2020-02-03,34.6369802631,34.9399800851,34.6283246350,34.7408676147,31424200
2020-02-04,35.6498606542,35.8403174974,35.5892613500,35.6758308411,40812700
2020-02-05,36.2298816255,36.2471961833,35.7277726591,35.7970275879,29440600
2020-02-06,36.3251145083,36.3251145083,35.9701742859,36.0394325256,32571500
2020-02-07,35.9268876165,35.9442021755,35.6238910901,35.7191162109,27022800
2020-02-10,35.7450971877,35.9528653343,35.7450971877,35.9268951416,19858200
2020-02-11,36.5328877434,36.7579704287,36.4982586218,36.6194572449,30499200
2020-02-12,36.9224538626,37.1821656467,36.8272254379,37.1129074097,23667400
2020-02-13,36.6454311687,36.7925999834,36.5675172954,36.6281166077,28958100
2020-02-14,36.7666252573,36.7925954444,36.4809399899,36.5934829712,20948600
2020-02-18,36.4809386631,36.6107961986,36.4549684770,36.5155677795,18917200
2020-02-19,36.8272237541,36.8531939406,36.7146807753,36.7666244507,16643500
2020-02-20,36.6194533421,36.6800526472,36.3337713757,36.3770561218,33181100
2020-02-21,36.4982547320,36.5242249192,36.3077978861,36.3770561218,36464900
2020-02-24,34.9140115841,35.3468656630,34.8707235343,35.0871505737,54703500
2020-02-25,35.4247783237,35.4594074447,34.7148978566,34.7495269775,54366400
2020-02-26,35.3901496754,35.5979177796,35.2256630153,35.2516365051,45905500
2020-02-27,35.3555235334,35.4767221548,34.8101264348,34.9832687378,49675900
2020-02-28,34.4032344362,35.2343132527,34.0656055710,35.1996841431,59172700
2020-03-02,35.1910424519,35.5632972717,35.0352146993,35.5632972717,48122500
2020-03-03,35.4767242497,36.0048068189,35.1304429256,35.3382110596,60878800
2020-03-04,35.6325467184,35.7624042596,35.4940335488,35.7191162109,30524200
2020-03-05,35.8489792832,35.9615222828,35.4680688338,35.5632972717,40896600
2020-03-06,34.8534126282,34.9919258158,34.5244458715,34.8534126282,46723400
2020-03-09,33.1046807914,33.8318757625,32.9055650127,33.4509620667,57639400
2020-03-10,34.6110064711,34.8274334775,34.0396393063,34.7754898071,46744500
2020-03-11,33.8405375531,34.0309944358,33.4769383502,33.5894813538,49439900
2020-03-12,31.2953475181,31.6156585738,30.5594936897,30.9923477173,78653600
2020-03-13,33.3297626723,33.3557328592,31.4252041449,32.7237663269,66179500
2020-03-16,29.3301928374,30.7672682240,29.1310803606,29.3561630249,48274800
2020-03-17,30.2132153016,31.2693769830,29.7890168614,31.1741485596,41580100
2020-03-18,29.0791377264,29.9188757128,28.7588266264,29.4081077576,56158300
2020-03-19,29.0877917375,29.9275296773,28.6549376742,29.4340763092,39366100
2020-03-20,30.7759201749,30.8711485877,29.5725865272,29.8322982788,51232800
2020-03-23,30.1785882496,30.2391875592,29.3821349918,29.8149890900,37971800
2020-03-24,31.4944647138,31.8494049378,31.1914648675,31.8320903778,39464800
2020-03-25,31.9273213417,32.6718309687,31.6589505940,32.3168907166,33129400
2020-03-26,32.0398600530,33.2431972635,31.9706051121,33.1999092102,34047500
2020-03-27,31.3905788427,31.7628336443,31.1828107177,31.2520656586,39483000
2020-03-30,31.7801464262,32.3947984401,31.6070041301,32.3774871826,22500100
2020-03-31,32.4727104400,32.8103393840,32.3082270844,32.4986839294,17072800
2020-04-01,31.9359726448,32.0398566965,31.1568373030,31.1741485596,28408000
2020-04-02,31.9705953202,32.4294194836,31.8753669160,32.3688201904,33081500
2020-04-03,32.2995732727,32.4121129580,31.8320900645,31.9359741211,18891300
2020-04-06,32.7410829881,33.1479668880,32.6545134913,33.0787086487,23613500
2020-04-07,33.7885874562,33.8491867614,32.8276508978,32.9748229980,28960800
2020-04-08,32.8103323260,33.0960142297,32.6112165932,33.0007858276,14731500
2020-04-09,33.1219961106,33.3384231726,32.7584002317,32.7843704224,21931400
2020-04-13,32.7757079514,32.8882509248,32.4727081464,32.8103370667,21073000
2020-04-14,33.3470760632,33.4596190397,33.2345330867,33.3297615051,35863600
2020-04-15,32.6285391453,32.7497410609,32.4380855970,32.5592842102,25453800
2020-04-16,32.7410840009,32.7583985613,32.4986867606,32.6891403198,20821300
2020-04-17,33.2605095724,33.3037976270,32.9748275655,33.2518539429,29405600
2020-04-20,33.0007931853,33.3124486423,32.9228793211,32.9748229980,18007300
2020-04-21,32.3255499702,32.4467486110,32.0831526886,32.0918083191,25719000
2020-04-22,32.8882557223,32.9142259113,32.7843683613,32.8709411621,16924500
2020-04-23,33.0008007893,33.3124563181,32.7237743864,32.7324333191,19569100
2020-04-24,33.0267641102,33.0613899231,32.8016781632,33.0613899231,12783200
2020-04-27,33.4942513850,33.7539665049,33.4423110030,33.7279930115,16911700
2020-04-28,34.3080160966,34.3166717253,33.7626190186,33.7626190186,23640100
2020-04-29,34.2820404266,34.4551827121,34.1954709351,34.3080139160,20305900
2020-04-30,34.2041226815,34.4032384337,33.3124444708,33.4076728821,45489100
2020-05-01,32.7497399074,32.7930246531,32.2043428647,32.2649421692,54503300
2020-05-04,32.3255501051,32.5766063206,32.2216660272,32.5679473877,28110200
2020-05-05,32.8969116211,33.0440804300,32.8363123112,32.8969116211,25316400
2020-05-06,33.2605048845,33.3124485614,32.9488527307,32.9834785461,17373600
2020-05-07,33.1739409841,33.2345402994,32.9834841059,33.0700569153,16027000
2020-05-08,33.5981441977,33.9097964478,33.5721707001,33.8232269287,27801600
2020-05-11,33.6500781697,33.7885913552,33.5721642965,33.6673927307,16171700
2020-05-12,33.6847061723,33.8838186635,33.3730506897,33.3730506897,39072800
2020-05-13,33.8232132519,33.8664979940,33.2258758863,33.4769287109,42658000
2020-05-14,32.9055667739,33.4163347369,32.8189972761,33.3384208679,33644600
2020-05-15,32.7670496467,32.9575064819,32.7237649030,32.8536224365,25440300
2020-05-18,33.7626141678,34.2300973104,33.7452996104,34.1608390808,27716900
2020-05-19,34.0136758085,34.1781591768,33.7972487595,33.8059043884,21572400
2020-05-20,34.3339874889,34.4898152310,34.0915902468,34.2993583679,23698400
2020-05-21,33.6067923832,33.7453055644,33.2864812708,33.3643951416,33185600
2020-05-22,32.6285374596,32.6458520181,32.3255409422,32.4640541077,40136900
2020-05-26,33.4423021542,33.5461861932,33.0613885071,33.1912460327,40417300
2020-05-27,33.1739400138,33.1825989457,32.7237713257,33.0094566345,28403500
2020-05-28,33.3211098904,33.5461925681,33.0613947899,33.1133384705,28223200
2020-05-29,33.5202224010,33.8491891377,33.1739378017,33.8059043884,49138300
2020-06-01,34.0483040698,34.4551846660,33.9617312710,34.4292144775,22559300
2020-06-02,34.6975839284,35.1477492563,34.6283256918,35.0438652039,25647000
2020-06-03,35.3814930357,35.7018074459,35.3382082864,35.6412048340,23526000
2020-06-04,35.1650651438,35.3641776277,35.0092374081,35.1217803955,18989400
2020-06-05,35.8836100382,36.0480934279,35.7710670335,35.9095802307,19373700
2020-06-08,35.4767118431,35.7450824998,35.3728278124,35.7277679443,16914400
2020-06-09,35.3814918006,35.6758327090,35.2602931859,35.5546340942,17031200
2020-06-10,35.7970234310,36.0567384653,35.5199971433,35.9788246155,16102100
2020-06-11,34.9832681672,35.1823806566,34.4811591294,34.4898147583,32089200
2020-06-12,35.0265448629,35.0525183485,34.4898068279,34.9226608276,24896800
2020-06-15,34.1658502447,34.7856183278,34.1309328888,34.6110382080,25936600
2020-06-16,35.4490329228,35.5014056240,34.7332438132,34.8816375732,26454500
2020-06-17,34.9863872477,35.1784260224,34.9252802173,35.0213012695,11592100
2020-06-18,35.0125814371,35.1958925798,34.9689364026,35.1435165405,11701000
2020-06-19,35.6585356900,35.6585356900,35.0125811925,35.1958923340,25652900
2020-06-22,35.0736827331,35.4664946761,35.0387653760,35.4577636719,13539500
2020-06-23,35.8156506926,35.9204027419,35.6672569510,35.6934432983,12502700
2020-06-24,35.5188629688,35.6148840240,35.0736783753,35.3268241882,17669400
2020-06-25,35.1435076182,35.4926744651,35.1260522727,35.4141120911,13560800
2020-06-26,35.2482685121,35.2744548667,34.9340189370,35.0824127197,13594800
2020-06-29,34.8729150100,35.0125811170,34.7419765778,34.9602050781,12826500
2020-06-30,34.7856172452,34.8467209512,34.4713710414,34.6546821594,17857800
2020-07-01,34.8990962448,35.3180945042,34.8816375677,35.0562210083,22455400
2020-07-02,36.1124471372,36.3568652937,36.0338847530,36.1910095215,28379800
2020-07-06,38.8708497799,39.6564735184,38.8533911047,39.6302871704,67366900
2020-07-07,38.5653380232,38.9319602786,38.5042343140,38.5042343140,24840700
2020-07-08,39.2287512419,39.7612292777,39.1501888541,39.7437705994,30425200
2020-07-09,39.9794518836,40.0929316115,39.2549351520,39.4731636047,33856300
2020-07-10,38.9843420028,39.0454457209,38.7137374439,38.8883209229,18271000
2020-07-13,38.8446701041,39.1501886493,38.3907544583,38.4431304932,22275000
2020-07-14,37.7709823830,38.3034603599,37.7360650301,38.1463356018,25200700
2020-07-15,38.1288792035,38.1725242323,37.8844643785,37.9455680847,22362500
2020-07-16,36.8107744519,37.1424826382,36.7845881027,37.0813789368,22561000
2020-07-17,37.1948596261,37.2821496790,37.0202761903,37.1512145996,14745400
2020-07-20,37.4916510539,37.7360658698,37.3694436459,37.6313171387,17641000
2020-07-21,38.1637963274,38.1812550047,37.7884430883,37.8233604431,20675400
2020-07-22,37.4829247347,37.5440284463,37.1075714606,37.2908859253,24486000
2020-07-23,37.2734244088,37.3956318227,36.9679025441,37.0115509033,21651700
2020-07-24,36.4877957226,36.7409415207,36.4092333484,36.7060241699,20134500
2020-07-27,36.4965368172,36.7147653248,36.3655983806,36.6274719238,17328500
2020-07-28,36.5489039615,36.6100076680,36.2870304582,36.3044891357,12109100
2020-07-29,36.7671339464,36.9329897249,36.6623852067,36.8544273376,14436900
2020-07-30,36.4005169649,36.5314520760,36.1211847321,36.4703483582,14497800
2020-07-31,36.3219427882,36.3568601385,35.8680272246,36.1124420166,21669900
2020-08-03,36.5401767450,36.6885705111,36.4703420340,36.5489044189,18647500
2020-08-04,37.2123251797,37.3956363226,37.1512214654,37.3781776428,24913500
2020-08-05,37.4567400369,37.6487821847,37.3345326083,37.3781776428,11875400
2020-08-06,37.3083325720,37.4567263009,37.1599355132,37.4043502808,17584500
2020-08-07,36.7322229191,36.8456993422,36.4441596992,36.6711158752,29968900
2020-08-10,36.8456976335,36.9591773812,36.6536588257,36.9329910278,14891400
2020-08-11,37.1861311471,37.2646935321,36.8631539336,36.8980712891,21032500
2020-08-12,37.3345251064,37.5352948888,37.2821490776,37.4392738342,25269800
2020-08-13,37.3869082951,37.3869082951,37.1686797947,37.3694496155,16505600
2020-08-14,37.4916585507,37.5876796276,37.4567411901,37.5702209473,13330100
2020-08-17,38.0241322218,38.3034644147,37.9979425394,38.2685470581,21376900
2020-08-18,38.4955049874,38.5478810247,38.2336314608,38.4169425964,23645800
2020-08-19,38.2947321163,38.2947321163,37.9804825775,38.0153999329,23971000
2020-08-20,37.7447987412,38.1987110418,37.6487776789,38.1899833679,17726200
2020-08-21,38.2074411905,38.5915221016,38.1550651586,38.5304183960,17511900
2020-08-24,39.0803555306,39.1327315632,38.8359407053,38.9494171143,15717500
2020-08-25,38.7486461267,39.1327303603,38.6875424222,39.1065406799,24043400
2020-08-26,38.9319605757,39.1152750347,38.9232329014,39.0367126465,13407300
2020-08-27,39.1501877533,39.1501877533,38.7399204776,38.9581489563,17841100
2020-08-28,39.0541714158,39.2898552510,38.9756090275,39.2723999023,10933600
2020-08-31,38.4518533932,38.5129570947,38.1026898605,38.3732910156,18271000
2020-09-01,38.5304137675,38.8708496094,38.4954964171,38.8708496094,17160200
2020-09-02,38.8533921198,38.8883094712,38.3732901914,38.7137260437,16435300
2020-09-03,38.2336297378,38.2685470944,37.6225893165,37.9193801880,35560600
2020-09-04,38.0415923499,38.2161724797,37.4305519059,38.0590476990,30022200
2020-09-08,37.0901225188,37.4654725279,37.0639328308,37.2734336853,24690300
2020-09-09,37.2996174750,37.5964083893,37.2123274007,37.5265769958,15489100
2020-09-10,37.2908833415,37.3432560450,36.7496743192,36.7845916748,25750000
2020-09-11,37.3083423479,37.3869047338,37.0028204785,37.1424865723,18697700
2020-09-14,37.4305472364,37.4654612600,37.3083398288,37.3956298828,11420600
2020-09-15,37.7971682586,37.8495442872,37.6313158292,37.7273368835,9936100
2020-09-16,37.7447995044,37.8495482428,37.6138610840,37.6138610840,17583200
2020-09-17,37.1861303998,37.4392762272,37.1424853713,37.2996101379,16547100
2020-09-18,37.5614887858,37.5614887858,37.3345326083,37.3781776428,18297900
2020-09-21,36.7322194214,37.0551966400,36.5052599370,37.0290069580,19798400
2020-09-22,36.9067925087,36.9067925087,36.5401703299,36.7409400940,14688600
2020-09-23,36.6623822568,36.6972996106,36.3219463830,36.3394050598,18059300
2020-09-24,35.7545520025,36.0600738608,35.7021793004,35.8854904175,20126600
2020-09-25,35.3093632591,35.5799644013,35.1173211609,35.5275917053,23398400
2020-09-28,36.0688027180,36.0949890699,35.9204089508,36.0775337219,16436800
2020-09-29,35.7982039101,36.0251634290,35.7720175540,35.9378700256,10397900
2020-09-30,36.3568692811,36.7147638864,36.3219519221,36.6623878479,20422000
2020-10-01,36.9940942319,37.1686776884,36.8282384498,37.1075706482,19912800
2020-10-02,36.5576368365,37.0901148741,36.5314471539,36.6885719299,20352900
2020-10-05,36.5925522679,36.8456981200,36.5663659142,36.8282394409,16323500
2020-10-06,37.0988372584,37.2908793639,36.9766298567,37.0726509094,24759500
2020-10-07,37.4392677563,37.5527474688,37.2821430252,37.4654541016,19884400
2020-10-08,37.4742011581,37.7011573503,37.4392837962,37.6487846375,11784100
2020-10-09,37.5091096113,37.8320868069,37.5091096113,37.7447967529,12990400
2020-10-12,38.6351630815,38.7922878309,38.5304143585,38.7573738098,19034700
2020-10-13,38.6875431537,38.7835642140,38.5478770652,38.7050018311,16626500
2020-10-14,38.5915283778,38.5915283778,38.1987163992,38.2161750793,12553600
2020-10-15,37.7797111263,37.9892119197,37.7186074219,37.9281082153,14441200
2020-10-16,38.5478793449,38.5740656974,38.3820268955,38.5042343140,21462300
2020-10-19,38.6002503594,38.7311854350,38.3994805795,38.4867706299,13715900
2020-10-20,38.5653435926,38.8010307893,38.5216985554,38.6526336670,13314600
2020-10-21,39.0716281090,39.2462115702,38.9581516896,39.0017967224,16028700
2020-10-22,39.3596838701,39.3858702188,39.1327277444,39.2985801697,11330400
2020-10-23,39.2374827664,39.4120662226,39.0803579888,39.3946075439,11240500
2020-10-26,38.9494142575,39.2811224461,38.6962717769,39.0192489624,19928900
2020-10-27,38.8708531839,39.1327300062,38.7573767794,39.0978126526,13677000
2020-10-28,38.6089818724,38.6526269019,38.2510873022,38.3121910095,15870700
2020-10-29,38.8446758856,39.0367180454,38.7050097684,38.8883209229,12835900
2020-10-30,38.6089860396,38.6264447193,38.3121951448,38.4955062866,15536800
2020-11-02,39.1851018666,39.2811229220,38.9843320823,39.2636642456,13727800
2020-11-03,39.3073190403,39.5691959221,39.1501942432,39.3509674072,20154000
2020-11-04,40.3460805071,41.0705972943,40.1976834163,40.9920349121,37695100
2020-11-05,41.8649566741,41.8911463598,41.3062922198,41.6380004883,25797700
2020-11-06,41.4721386288,41.8649505564,41.3673898914,41.6641807556,16735900
2020-11-09,43.0870330376,43.1568644219,42.0308079589,42.1006393433,25851100
2020-11-10,41.4895931444,41.6292592235,41.0356775546,41.1316986084,21437400
2020-11-11,40.9309293013,41.6554493847,40.9222016281,41.5506973267,19918400
2020-11-12,41.3935708892,41.6379890181,40.9658449910,41.1142387390,18036200
2020-11-13,41.3499281442,41.5245115801,41.1753447082,41.4372215271,14790100
2020-11-16,41.5856118245,41.7689229186,41.4110284031,41.6205291748,9051900
2020-11-17,41.2102671712,41.4895993715,41.1055184286,41.3412055969,10876500
2020-11-18,41.4023013006,41.4110289733,41.1578865051,41.1578865051,7891900
2020-11-19,41.0007635322,41.1928023099,40.9483875038,41.1316986084,10081300
2020-11-20,41.1928013639,41.4983231943,41.1578873423,41.4110298157,16892800
2020-11-23,41.6205352831,41.6205352831,40.8872874693,41.2451820374,10194600
2020-11-24,41.3150122142,41.4895923123,41.1055114347,41.4721336365,13026900
2020-11-25,41.1404321119,41.2888258732,41.0269523751,41.2277221680,8510000
2020-11-27,42.1355558276,42.5196367583,42.1355558276,42.4410743713,12164400
2020-11-30,41.5943500365,41.6030777107,41.0007682986,41.0269546509,16723600
2020-12-01,41.5594331134,41.6379955010,41.3499323032,41.4459533691,14410400
2020-12-02,41.1229691544,41.2800939029,41.0094894294,41.1578865051,9374800
2020-12-03,41.1055169089,41.3062867123,41.0356821965,41.1404342651,9781500
2020-12-04,41.2189959255,41.3062859847,41.0880575070,41.1928062439,9731300
2020-12-07,40.6777838481,40.8436396098,40.6341388218,40.7912635803,10088300
2020-12-08,40.5730459497,40.6865257122,40.4595661872,40.6603393555,10093300
2020-12-09,40.5730434369,40.5817744419,40.0231066694,40.1540451050,16174500
2020-12-10,40.2151429359,40.7650796229,40.1976842584,40.6515998840,12962400
2020-12-11,40.4333707207,40.4508293979,40.2587872785,40.2849769592,13570500
2020-12-14,40.4657323054,40.4745946611,40.2176404266,40.2442207336,11261400
2020-12-15,40.3151028715,40.3328242014,40.1201716221,40.3062438965,10793100
2020-12-16,40.4480134206,40.5366166953,40.3151051287,40.3505477905,10821900
2020-12-17,40.7581243976,40.7581243976,40.5277538773,40.6074981689,10497900
2020-12-18,40.5277544896,40.5809150982,40.3771248787,40.5366134644,12230700
2020-12-21,40.0847324514,40.3948472762,40.0049881565,40.2087783813,16399300
2020-12-22,40.2353552756,40.2353552756,40.0315650680,40.0758666992,10515300
2020-12-23,40.5188879100,40.5188879100,40.3682616948,40.4125633240,7815700
2020-12-24,40.0315669381,40.0847309261,39.5619635413,39.7391700745,12799400
2020-12-28,39.7834791009,39.8720823764,39.6151281454,39.8011970520,10736200
2020-12-29,40.1910633037,40.4745978676,40.1378993055,40.3151092529,16663400
2020-12-30,41.1036792482,41.1657022066,40.9441906751,40.9796333313,13806400
2020-12-31,41.4846833053,41.4846833053,40.8024273176,41.1391258240,13164300
2021-01-04,41.4049412011,41.5378494917,40.9087540802,41.0239410400,18623700
2021-01-05,41.4315220664,42.1492207614,41.4049417599,42.1403617859,30140700
2021-01-06,42.0694770442,42.2112443140,41.4049423330,41.6530342102,21916100
2021-01-07,41.7682170262,41.9720072451,41.5112628188,41.9454269409,18565200
2021-01-08,42.2466784412,42.8669113890,42.0428882432,42.8137474060,25334500
2021-01-11,42.3884492794,42.5036362290,42.2378196716,42.2378196716,9596200
2021-01-12,42.7428649669,42.9112125075,42.6631206834,42.7871665955,14361900
2021-01-13,42.6897089860,43.1238697597,42.6365449937,42.9112205505,12447400
2021-01-14,43.5668888027,43.6111938155,43.0884264370,43.1061477661,12323000
2021-01-15,43.2656430647,43.3365250121,43.0086888229,43.0795707703,11997600
2021-01-19,44.9402626535,45.0377282727,44.7630527442,44.9314002991,25097400
2021-01-20,46.0655449173,46.3579384152,45.8971939707,46.3136367798,18731700
2021-01-21,46.0832603233,46.1364243109,45.8617487784,46.0478210449,11494000
2021-01-22,45.4896153059,46.0035203812,45.4630349996,45.8174514771,14328100
2021-01-25,46.9781698428,47.0844944402,46.4376811210,46.8718452454,18919200
2021-01-26,46.3047771838,46.4111051712,46.1275706315,46.3845214844,13241300
2021-01-27,45.0377274600,45.2415176690,44.6567273448,44.6833076477,21406300
2021-01-28,44.2137125052,44.8250832462,44.1428271775,44.7719192505,17207400
2021-01-29,44.0276305842,44.1516798805,43.5491682472,43.7352371216,20255100
2021-02-01,44.6124231383,44.9579839825,44.5149608992,44.9314002991,18430500
2021-02-02,45.5516413083,45.6402445886,45.2946870636,45.5693626404,14469800
2021-02-03,45.8174493282,45.8794722933,45.5516361376,45.6756820679,10872200
2021-02-04,45.4010058070,45.5161893719,45.1617729431,45.4541664124,15567300
2021-02-05,45.6756786578,45.8351672363,45.4896097763,45.7997245789,11038200
2021-02-08,45.6313799275,45.7554258564,45.4896126687,45.6491012573,7221000
2021-02-09,45.8528921397,46.3402168874,45.8351708096,46.2516136169,11856300
2021-02-10,47.0313345577,47.1199378269,46.4022391783,46.7034950256,12619900
2021-02-11,47.3414477719,47.6781462675,47.2705624550,47.5186576843,21151900
2021-02-12,47.3148652147,47.6338389858,47.1642356134,47.4743537903,10001800
2021-02-16,47.7401674667,47.8199117554,47.4566329694,47.5009346008,9689100
2021-02-17,48.1300235576,48.3160924262,47.9085120341,48.2629318237,13661600
2021-02-18,47.0136081491,47.2262573242,46.6237456947,47.2262573242,17577100
2021-02-19,47.6072591923,47.7401674667,47.4034689836,47.5009346008,8680700
2021-02-22,46.1364207834,46.2427453704,45.7465617109,45.7554206848,21013600
2021-02-23,45.4364448841,46.1984451037,44.8959561990,45.9060516357,17886200
2021-02-24,44.5858410931,44.9845625285,44.1871196577,44.9136772156,25505700
2021-02-25,45.0377276700,45.2237965513,44.1959831469,44.2314224243,18494100
2021-02-26,43.5580348580,43.8061267341,43.1238706949,43.4782905579,22292800
2021-03-01,44.2137066121,44.6921689900,44.0807983305,44.6301460266,14926100
2021-03-02,44.1251035834,44.1782675764,43.7441034168,43.7706871033,14810000
2021-03-03,44.6301473203,44.7453342757,44.0276356180,44.1073799133,18773000
2021-03-04,43.5403093341,43.6732176149,42.6631254968,42.8403320312,27292500
2021-03-05,43.4605579691,43.5846038750,42.4859086685,43.2833480835,21488900
2021-03-08,42.2112395175,42.2998461635,41.7327737686,41.7593574524,24025800
2021-03-09,42.3352807853,42.9820940206,42.2643988562,42.6631202698,22518600
2021-03-10,42.8669123201,42.9466566063,42.2023777288,42.3264236450,15503400
2021-03-11,43.5225862091,43.8770060233,43.2124714067,43.8504257202,28000800
2021-03-12,42.4947742652,42.6808431530,42.2289610854,42.6188201904,26286300
2021-03-15,42.2378219072,42.6011041041,42.1049170015,42.5390777588,11332800
2021-03-16,42.7605858848,43.1061467239,42.7074252788,42.9200744629,19448600
2021-03-17,42.4593371072,43.0972915253,42.3352911659,42.8935012817,18425700
2021-03-18,42.7871686521,42.9466572267,42.5124931335,42.5124931335,19674400
2021-03-19,42.0694692625,42.5479349772,42.0340266066,42.5213546753,14442800
2021-03-22,42.4593391418,42.6099687778,42.2555488885,42.4593391418,14117800
2021-03-23,41.6530294877,41.8479607291,41.4669606008,41.5024032593,18525000
2021-03-24,40.7758492320,40.7847082074,39.9518259410,39.9695472717,37134400
2021-03-25,39.9872633357,40.3594010930,39.9518206789,40.1733322144,20548800
2021-03-26,40.6518059170,41.4138062895,40.4834549538,41.3517799377,39379200
2021-03-29,40.9441877907,41.2454435875,40.8910271900,41.1302566528,20909000
2021-03-30,41.0505226441,41.3783587963,40.8821717005,41.2986145020,15552900
2021-03-31,40.9796320019,41.4758190332,40.9796320019,41.3429107666,18459800
2021-04-01,42.2644001691,42.3441444543,41.9365640544,42.0428886414,19981500
2021-04-05,42.3707244506,42.3707244506,41.9897243552,42.0783309937,10611300
2021-04-06,42.0251765715,42.5036423880,41.8302453025,42.1580848694,20383300
2021-04-07,41.1036833624,41.2631719515,40.9087521135,41.2011489868,27399000
2021-04-08,41.8922567625,41.9897223702,41.7327682008,41.7416305542,20173200
2021-04-09,41.2100046542,41.2543096654,41.0682374064,41.2277259827,24017200
2021-04-12,41.0771025530,41.2543124698,40.8998926363,41.1745681763,16844700
2021-04-13,41.0062124953,41.2986093312,40.9441895386,41.1479797363,19135300
2021-04-14,41.5821434105,41.6618876941,41.2277236214,41.2808876038,17805100
2021-04-15,41.3251983133,41.5201295781,41.2543163679,41.3340606689,16239700
2021-04-16,41.7061975043,41.7061975043,41.4758269621,41.5644302368,16294500
2021-04-19,41.5112636805,41.6264506344,41.3517750919,41.5555686951,13209900
2021-04-20,41.6264489824,41.7947965392,41.2986128433,41.4403800964,11086900
2021-04-21,41.0770951802,41.5023968761,40.9264655949,41.4935379028,16469800
2021-04-22,41.4935497318,41.7505005892,41.3872217425,41.6175956726,23509300
2021-04-23,42.0163091702,42.2644044045,41.9542862066,42.1669387817,14121700
2021-04-26,41.3872130126,41.5555639368,41.2986097536,41.5289802551,19239100
2021-04-27,41.5555708382,41.7682200473,41.5555708382,41.6973381042,14398300
2021-04-28,41.8125172153,42.1226354003,41.7239139510,41.8922615051,11296000
2021-04-29,42.0517508284,42.0606131830,41.5112621187,41.8568229675,19172300
2021-04-30,41.0948246065,41.2011492064,40.8821720266,41.0062179565,27070000
2021-05-03,40.8112936177,41.0416641675,40.6872442970,40.7847099304,10627400
2021-05-04,40.6606592980,40.7669838949,40.1910558969,40.3771247864,20673300
2021-05-05,40.6340813499,40.7581272835,40.4923140859,40.5809173584,10551300
2021-05-06,40.5631900584,40.7403999574,40.4302851692,40.6960983276,13465000
2021-05-07,40.7404024231,40.9973566232,40.7049597652,40.8024253845,17933500
2021-05-10,40.2264987293,40.2530790337,39.6062657149,39.6417083740,28302700
2021-05-11,38.9683046689,39.7125834822,38.9151406893,39.6328392029,17486200
2021-05-12,39.5442484080,39.6062713803,39.0835039137,39.1455268860,17073700
2021-05-13,39.1189405315,39.2429864570,38.4632648656,38.5873107910,24901700
2021-05-14,38.8974317077,39.2695695101,38.7645234182,39.1721038818,19724200
2021-05-17,39.3581731424,39.5531044006,39.2695698686,39.5531044006,16472700
2021-05-18,39.8277801195,40.0847343465,39.7391734654,39.8720817566,18898200
2021-05-19,39.4290564799,40.0670108349,39.3670335154,39.9872665405,20449200
2021-05-20,40.1467572471,40.4745934168,40.1290359163,40.3859901428,19089400
2021-05-21,40.4302883856,40.4302883856,39.9606816090,39.9961242676,15642200
2021-05-24,39.9961270728,40.0758713703,39.8455008332,39.9429664612,12100900
2021-05-25,40.8467243484,40.9707736431,40.7403997615,40.8910293579,20917200
2021-05-26,41.1391258240,41.1834274585,41.0593815298,41.1391258240,13140200
2021-05-27,41.0328007203,41.1479842926,40.8290105000,41.1125450134,14877200
2021-05-28,40.8290121565,41.0682416657,40.8290121565,40.9707794189,13713700
2021-06-01,42.1492132283,42.1669345561,41.8479574153,42.0428886414,24186000
2021-06-02,41.9631488850,41.9631488850,41.7504963082,41.8745422363,13856700
2021-06-03,41.2365953901,41.2808970288,41.0062214605,41.0416641235,20710000
2021-06-04,41.3872204223,41.4846860527,41.3429187848,41.4669647217,9955000
2021-06-07,41.0593837015,41.0682426769,40.8112918311,41.0239410400,11943900
2021-06-08,40.9441974062,41.0150827303,40.7138268627,40.8290138245,11244500
2021-06-09,40.8644531065,41.0328040614,40.7581285003,40.8290138245,12670100
2021-06-10,40.9276855272,41.0965865674,40.8298994651,41.0521392822,13073500
2021-06-11,41.0432402572,41.0876909253,40.8476715600,40.9543457031,10257000
2021-06-14,40.9632379572,41.1499185589,40.8565604210,41.0788002014,14797700
2021-06-15,40.7143332261,40.7498924102,40.4743138202,40.5187644958,17225200
2021-06-16,40.2342902301,40.3231881811,39.7542548592,39.8964881897,24688500
2021-06-17,40.1987359350,40.5098702972,40.1276175716,40.4565315247,21106400
2021-06-18,40.5809906591,40.6698852267,40.4120862332,40.5009841919,16942900
2021-06-21,40.3409630907,40.5009759928,40.1365029139,40.4920845032,12181400
2021-06-22,40.0565071388,40.2342962853,40.0387275459,40.1631813049,12445900
2021-06-23,40.6698799133,40.9187873828,40.6432122248,40.6698799133,13061600
2021-06-24,40.8921241065,41.0965843201,40.8654564150,41.0965843201,11515600
2021-06-25,41.7366385696,41.8877600184,41.6032933221,41.8788719177,21358400
2021-06-28,41.8966475900,42.0566605155,41.8610884085,41.9766540527,9699400
2021-06-29,41.4343880045,41.6921869811,41.3188223613,41.6655158997,16193000
2021-06-30,41.1232555693,41.2832685139,41.0699201818,41.1854858398,13995700
2021-07-01,41.2299326433,41.2921595221,40.7321142223,40.9721336365,17653400
2021-07-02,40.3765285811,40.5009857280,40.3054136026,40.4387588501,16276500
2021-07-06,39.6031387606,39.6475860503,39.2475570517,39.3097839355,27165200
2021-07-07,39.6653565509,39.7186953210,39.2564361534,39.3808898926,17880100
2021-07-08,38.1007936441,38.2963657625,37.9763398929,38.1541290283,35008900
2021-07-09,38.9097455109,39.3364455300,38.7764002713,39.2475509644,20892100
2021-07-12,39.0697609358,39.1675469989,38.9719748726,39.1142082214,11539700
2021-07-13,39.3897842717,39.7631455165,39.3808927805,39.5586853027,17991300
2021-07-14,39.7098082495,39.7275878415,39.3897857666,39.3897857666,13427200
2021-07-15,39.7186987314,39.8875997646,39.6031330818,39.7720375061,13922200
2021-07-16,39.8787118468,39.9053795387,39.4431203293,39.4697914124,13862100
2021-07-19,38.9630844620,38.9986402538,38.6875058815,38.9453048706,19439900
2021-07-20,38.5363774702,38.8652947945,38.4208152233,38.7497291565,15981700
2021-07-21,38.4652706623,38.9008588355,38.4119318817,38.8653030396,11914100
2021-07-22,39.0253105164,39.0964254895,38.8830771790,39.0253105164,10301700
2021-07-23,38.2696939275,38.2874735189,37.8429939068,38.0296745300,23712400
2021-07-26,36.4473251945,36.6251177029,35.9228391597,35.9939575195,54676500
2021-07-27,34.4116093800,34.9005362555,33.9938008673,34.8116416931,71721000
2021-07-28,35.8517312962,36.9984862511,35.8339517027,36.9095916748,67904000
2021-07-29,36.7495707586,36.7495707586,36.1895255543,36.3939857483,31993600
2021-07-30,35.7806073931,36.1984192975,35.7539397026,36.0384063721,23611300
2021-08-02,36.4384386017,36.7051256798,36.3673202389,36.5540008545,18268600
2021-08-03,36.2339840700,36.2873228554,36.0561949009,36.2784347534,17385700
2021-08-04,36.6340116223,36.9362579173,36.6073439287,36.7673568726,25099600
2021-08-05,36.3673246853,36.5006699363,36.2517590273,36.3584365845,14741700
2021-08-06,36.2695338003,36.3228725718,35.8428338016,35.9317283630,17649400
2021-08-09,36.3673218004,36.6695680728,36.3317626175,36.5984497070,21931800
2021-08-10,37.1940538639,37.2118334552,36.8918075937,36.9984817505,19495000
2021-08-11,37.5051924626,37.5051924626,37.0873838884,37.3096237183,16984400
2021-08-12,36.8918059420,36.9006940417,36.6606780475,36.7406845093,19496300
2021-08-13,36.7406847990,36.7940201799,36.5451126928,36.7584609985,13864100
2021-08-16,36.2073112597,36.2162027516,35.9317326607,36.1450843811,20813900
2021-08-17,35.1316719055,35.4783654896,35.0694450259,35.1316719055,38465800
2021-08-18,35.5583710438,35.7272720855,35.3805785104,35.4161376953,29694400
2021-08-19,34.6960836353,34.9183234811,34.6071890535,34.7049751282,32988800
2021-08-20,34.1893646383,34.6605152461,34.1715850502,34.3760452271,33103600
2021-08-23,34.7049683280,35.0605499769,34.5894026813,35.0427703857,30171400
2021-08-24,35.7895000420,36.2962099644,35.7895000420,36.2695388794,37310300
2021-08-25,36.0028519718,36.0384111580,35.7983917379,35.9672927856,20181900
2021-08-26,35.5672545967,35.6828202373,35.3894654771,35.3983535767,29059100
2021-08-27,35.6561478655,35.7806015894,35.5050230644,35.6828155518,16713100
2021-08-30,35.5405919643,35.8161705647,35.3094640413,35.7361640930,15599500
2021-08-31,36.2784235024,36.4651041068,36.2073051439,36.3939857483,30038800
2021-09-01,36.8562445631,37.3007241263,36.8473564640,37.2029380798,29113000
2021-09-02,37.1140441945,37.1140441945,36.7673506715,36.8029098511,16794000
2021-09-03,36.7406852625,36.9362539800,36.6962345897,36.8651390076,10362700
2021-09-07,37.4607494835,37.8252227107,37.4340817860,37.7363281250,29194600
2021-09-08,37.6829818710,37.7007614629,37.2296141479,37.3274002075,21434300
2021-09-09,36.7495735461,37.0784875013,36.6428993914,36.9807014465,23933600
2021-09-10,37.4074039795,37.4696308509,36.9273652077,36.9540328979,18903800
2021-09-13,36.8740234375,37.0162567593,36.6251159721,36.8740234375,18022800
2021-09-14,36.3139815506,36.3406526323,36.0028471906,36.0384063721,28698800
2021-09-15,35.6117044453,35.8250527403,35.4161323489,35.7894935608,25411800
2021-09-16,35.1494447739,35.3539049666,34.9805403691,35.2650070190,25555500
2021-09-17,35.5494739057,35.6294803558,35.3183426536,35.4872436523,23903400
2021-09-20,34.3049333165,34.4560547424,33.6559935518,33.9404602051,52657800
2021-09-21,34.2782698990,34.4293913438,34.1538127555,34.3582763672,30514400
2021-09-22,34.7494109736,35.3627915251,34.7494109736,35.0160980225,42656000
2021-09-23,34.6694128384,34.7671989044,34.5360675864,34.7227516174,28138000
2021-09-24,34.1982651625,34.2427124491,33.9671338468,33.9938049316,25009800
2021-09-27,34.1627012067,34.5449539215,33.9493495136,34.4827270508,21780800
2021-09-28,34.6960730993,34.8116387335,34.3493795878,34.5271720886,22064800
2021-09-29,34.6427438870,34.7671976424,34.2604911291,34.2782707214,15947200
2021-09-30,34.5538465857,34.8560928793,34.5538465857,34.6071853638,23070000
2021-10-01,34.5271799532,34.6871929013,34.0293615157,34.3316078186,27433500
2021-10-04,33.8248925057,33.8248925057,33.3004065099,33.4781990051,29372500
2021-10-05,33.6915566612,34.0826975073,33.6737770694,33.9493522644,24316000
2021-10-06,33.3893087991,33.8426764993,33.3181904353,33.7982292175,19991300
2021-10-07,34.6694104466,35.3005706947,34.6249631627,35.1761169434,41061300
2021-10-08,35.2827961248,35.6028220401,35.1850134428,35.5139274597,22003400
2021-10-11,36.0561802929,36.1095156656,35.4694674555,35.4872436523,24026700
2021-10-12,35.5761460427,35.7183793728,35.2561202020,35.2916793823,22369000
2021-10-13,35.6739431660,36.0561959953,35.6739431660,36.0028572083,26702500
2021-10-14,35.9228407907,36.0472945350,35.5672557577,35.8339462280,26950800
2021-10-15,35.9939567557,36.3406502747,35.8783911190,36.1806373596,25678800
2021-10-18,36.1806374550,36.5273309749,36.1450782758,36.3939857483,17808000
2021-10-19,36.9362560032,37.4607420941,36.8651410268,37.4340744019,34020800
2021-10-20,37.7096405294,37.7363116063,37.3273912653,37.5051803589,20715800
2021-10-21,37.3629498469,37.5585219338,37.2829433923,37.4696273804,16639300
2021-10-22,37.6829810799,37.9585596610,37.3807348071,37.5140800476,16139000
2021-10-25,37.6474186854,37.6829778653,37.3985112083,37.6296424866,15178900
2021-10-26,37.4429567247,37.4429567247,36.8029084722,36.8740234375,30385600
2021-10-27,36.4562110901,36.8295756744,36.4295434023,36.4562110901,26347200
2021-10-28,36.3495399386,36.5628916316,36.1184120464,36.5362205505,23245600
2021-10-29,36.1361932076,36.2073081810,35.7094898031,35.8517265320,28991000
2021-11-01,35.7717250059,36.5184509803,35.7539454123,36.5006713867,26074900
2021-11-02,35.7983936151,35.8072817166,35.4605881109,35.5050354004,33320300
2021-11-03,35.6294809500,35.8517207162,35.4516884587,35.8072700500,24156900
2021-11-04,36.0206293251,36.0384089171,35.5405905148,35.5939292908,21496100
2021-11-05,35.4961428890,35.5317020726,34.9005384321,34.9716567993,27004600
2021-11-08,35.2738984125,35.3983521477,35.1316650879,35.3627929688,26559700
2021-11-09,35.1850008921,35.4161287534,34.9805373260,35.0783233643,29751900
2021-11-10,35.4072450673,35.7005998275,35.1850052767,35.3983535767,29855600
2021-11-11,36.2962034112,36.8117979504,36.2161969527,36.8029098511,56716600
2021-11-12,36.5539992737,36.8651370107,36.4828843052,36.8206863403,26606400
2021-11-15,36.8562469679,36.8651384588,36.5451126099,36.5451126099,24685600
2021-11-16,37.0518210932,37.1584952517,36.7851340016,37.0073738098,27896300
2021-11-17,37.1318271307,37.1318271307,36.5184464880,36.5895614624,23236700
2021-11-18,36.0117377560,36.0650765318,35.6205969064,35.7983894348,35991200
2021-11-19,36.0028497231,36.2784283121,35.9495109471,36.0117378235,18672800
2021-11-22,35.8783905477,35.9583970040,35.3716841217,35.5494766235,23948900
2021-11-23,35.5228058828,35.7183779758,35.2472307239,35.3627929688,22079600
2021-11-24,35.2116752368,35.4961419158,35.0694418973,35.4605827332,19579600
2021-11-26,34.6160720064,34.6871903742,34.2249311569,34.4649505615,33937200
2021-11-29,34.5271767611,34.5360648613,34.0293583696,34.1360359192,25197300
2021-11-30,34.0382502234,34.2693781344,33.6293297855,33.9493522644,39205300
2021-12-01,34.3227138768,34.6516278181,33.8693428040,33.8693428040,36357400
2021-12-02,34.2960512562,34.5627383667,33.8249005235,34.1004791260,49075500
2021-12-03,34.0382534759,34.0738126629,33.0070607913,33.3093070984,50425800
2021-12-06,33.1848462932,33.9582397948,33.0603891652,33.9404602051,40765000
2021-12-07,34.4916192233,34.5716256938,34.2960504886,34.3938331604,33573900
2021-12-08,34.3227126097,34.7138534068,34.1982588739,34.5449523926,30989100
2021-12-09,34.4827294766,34.8205315437,34.4293907018,34.5538444519,25096100
2021-12-10,34.5182847038,34.6871857180,34.3938275768,34.5449523926,20489700
2021-12-13,34.3327897845,34.3327897845,33.7933914545,33.9552116394,29845400
2021-12-14,33.4697476747,33.9102588952,33.4427787898,33.8742980957,30267000
2021-12-15,33.1730773241,33.1730773241,32.4628670158,32.8943862915,60296100
2021-12-16,33.4068177248,33.6405560610,33.0112592215,33.0651969910,37298800
2021-12-17,32.5707567072,32.8764167235,32.3909560924,32.6696472168,33069100
2021-12-20,32.1482237720,32.1841845786,31.8066063976,31.9774150848,35018200
2021-12-21,32.2740864616,32.9573246370,32.2740864616,32.9213638306,30001200
2021-12-22,32.5887346428,32.8764142329,32.4448948478,32.8494453430,20008300
2021-12-23,32.6516601895,32.9753005445,32.5168088984,32.9303512573,14961100
2021-12-27,32.7595401956,33.1461102508,32.7595401956,32.8404502869,22306500
2021-12-28,32.7056056642,32.7056056642,32.4179260731,32.4628753662,21858800
2021-12-29,32.2381206906,32.2830699770,31.8425587395,32.0852890015,23265500
2021-12-30,32.1841860489,33.4248064977,32.1751975615,33.2539978027,48073500
2021-12-31,33.0202543744,33.3349062870,32.8674260909,32.8854064941,23098000
2022-01-03,32.7775188680,32.9033782413,32.3909488332,32.8584289551,24485200
2022-01-04,32.6246959651,32.6246959651,32.1392353631,32.2650947571,35152700
2022-01-05,31.8695332448,32.3549938021,31.6717522556,31.6807441711,39640800
2022-01-06,31.9953945541,32.4269139324,31.8425628452,32.2381248474,40368500
2022-01-07,32.7415587639,33.1011599205,32.6516601895,32.9303512573,37717600
2022-01-10,33.0382361455,33.2000563520,32.6966153285,32.9483375549,35178200
2022-01-11,33.2000512251,34.0181406185,33.0472195295,34.0001602173,44663100
2022-01-12,34.6564310062,34.8991612895,34.4226926386,34.7553215027,44415400
2022-01-13,34.4766362820,34.4766362820,33.8922885489,33.9282493591,36251300
2022-01-14,34.1619765336,34.3417770960,34.0001563704,34.2698554993,33318000
2022-01-18,33.5686440002,34.0451126737,33.4697534990,33.8922843933,42130000
2022-01-19,34.0541055865,34.2339061912,33.9102657886,34.0361251831,31720000
2022-01-20,35.4026035632,35.7622013288,34.9890611600,35.0879516602,52575000
2022-01-21,35.0789513458,35.1149121391,34.3507607146,34.3957099915,39613300
2022-01-24,33.9911756121,34.0001640991,33.1730861253,33.8473358154,49727800
2022-01-25,33.7124768742,34.1170272826,33.6045979085,33.8832855225,37831000
2022-01-26,34.0361204848,34.0541008857,33.1820703023,33.2360115051,39073600
2022-01-27,33.0382320428,33.0562124446,32.6067126889,32.6426734924,37942900
2022-01-28,32.4089375869,32.5437889099,32.0133789647,32.5437889099,32211300
2022-01-31,33.1910599528,34.1260202575,33.0921728883,34.1080398560,45325300
2022-02-01,34.1979425046,34.3417822904,33.8563217274,34.3327903748,27685700
2022-02-02,34.4766330638,34.4946134672,33.7664259907,34.0361251831,24978000
2022-02-03,33.8023886379,34.1080486847,33.6495603292,33.8293609619,29765000
2022-02-04,33.7933879711,34.2518761614,33.7394467719,34.1439971924,34561500
2022-02-07,33.9731937762,34.1170335669,33.8023816671,33.9372329712,26002800
2022-02-08,33.6675275591,34.2698554993,33.6495471600,34.2698554993,28352700
2022-02-09,34.5395655879,34.8721979342,34.3957257783,34.8542175293,35321900
2022-02-10,34.3237997966,34.9710805078,34.2698585942,34.4316787720,29612300
2022-02-11,34.4496638925,34.6024956055,33.7574337991,33.8473358154,41388700
2022-02-14,33.6585447858,33.7034975106,33.3349078009,33.5236968994,32253900
2022-02-15,33.7034962935,34.0541055865,33.6405631669,34.0361251831,32642700
2022-02-16,34.0001580887,34.3957166023,33.9102595176,34.2518768311,26391300
2022-02-17,34.1799636091,34.4676431934,33.8832921089,33.9731941223,32792200
2022-02-18,33.4247967300,33.4337852147,32.9123673653,33.0022659302,43084400
2022-02-22,32.2740856763,32.4538828453,31.9953945772,32.1212539673,43295100
2022-02-23,32.3819660328,32.4179268399,31.7256967357,31.7436771393,28959300
2022-02-24,30.4760860491,31.5728631657,30.4491137307,31.5099334717,47219600
2022-02-25,31.3031586512,31.6987171503,31.0244676043,31.6627597809,37215400
2022-02-28,31.1593263229,31.4739748144,31.1053851117,31.3750877380,42867400
2022-03-01,31.2941762743,31.6897348506,31.1323560773,31.3121566772,38538900
2022-03-02,31.3121605695,31.3391294625,30.7637702148,31.0784187317,32643800
2022-03-03,30.9076043418,30.9885144354,30.2423431905,30.2872924805,37919400
2022-03-04,29.8198079673,30.1074909257,29.5321284383,29.6400108337,38165000
2022-03-07,28.9657634960,29.2894038480,28.5162620544,28.5162620544,52304600
2022-03-08,28.3993948879,28.6151545663,27.8689850356,28.1117153168,62576800
2022-03-09,28.3364609630,28.6241404912,28.1117111172,28.5791912079,40442000
2022-03-10,27.6981744965,27.6981744965,27.2037254505,27.2846355438,59032900
2022-03-11,27.4734239843,27.5363536743,26.1159345461,26.1339149475,54458400
2022-03-14,24.9652182850,25.3158275660,24.3269277034,24.3808689117,88118800
2022-03-15,23.7695494439,24.6955179166,23.4908583388,24.3359184265,116703800
2022-03-16,27.1857463184,29.6400164050,26.8441272422,29.5051651001,165327100
2022-03-17,28.5252564620,28.5342466637,27.7341375806,28.4173774719,80360700
2022-03-18,28.4443445907,30.1074957794,28.3364656073,29.8198127747,91834000
2022-03-21,28.6241490021,28.9477894249,28.0757586667,28.5702095032,79505500
2022-03-22,29.6310230265,30.0535538936,29.4692028403,29.8288040161,50885700
2022-03-23,29.3793001889,30.2693076600,29.1006091449,29.6400108337,46903400
2022-03-24,29.2174833328,29.4152643174,28.8668740815,29.3163738251,53219500
2022-03-25,28.6151550561,28.9747545262,28.4892956702,28.8758640289,34425100
2022-03-28,29.1365740845,29.4152651681,28.9387930942,29.3253631592,35459300
2022-03-29,30.0715313005,30.3232500409,29.8467814454,29.9546604156,44333700
2022-03-30,29.7658758830,30.2243641482,29.7209265911,29.7928447723,44718800
2022-03-31,29.4332462479,29.4602151365,28.7320242795,28.7410144806,42766000
2022-04-01,30.1074971982,30.3682044679,29.6310250926,29.8467864990,53655700
2022-04-04,30.5390152588,30.9165934169,30.3682031526,30.8626556396,40553900
2022-04-05,30.7008329878,30.7098214735,29.9906225900,30.0175914764,40696000
2022-04-06,29.6490045829,29.7119342767,29.1815244079,29.4332466125,43614200
2022-04-07,29.2534455964,29.3433441779,28.7949539146,28.9927349091,34133700
2022-04-08,29.0466752285,29.3073824785,28.9387928188,29.0197029114,26536000
2022-04-11,28.4982849801,28.7320233423,28.2465645015,28.3274745941,49128500
2022-04-12,28.7140418487,28.7410107338,28.1746418558,28.2195911407,41435800
2022-04-13,28.3993928445,28.8399040852,28.3094925563,28.7679824829,32892200
2022-04-14,28.7050542444,28.7679839349,28.4263648801,28.4443435669,24839600
2022-04-18,28.1296962198,28.3274754998,27.8510051299,28.1836357117,33395600
2022-04-19,27.7431251888,27.9498946628,27.4464554216,27.9049453735,29185400
2022-04-20,27.7611026236,27.7880732248,27.0868530273,27.0868530273,44591000
2022-04-21,27.0329145849,27.1318050782,26.2417957825,26.2867450714,51838700
2022-04-22,26.7272573654,27.2666574616,26.4935172665,26.5294780731,47891500
2022-04-25,25.7383563778,26.2777564511,25.6394675932,26.2328071594,54395300
2022-04-26,26.0889671648,26.1069475672,25.6664362820,25.6754264832,37826400
2022-04-27,26.1698744721,26.7002842835,26.1698744721,26.4935131073,61489600
2022-04-28,26.7452380666,26.8351383695,26.2867480655,26.7002887726,38035800
2022-04-29,28.3993956698,28.5791962641,27.7611051033,27.8150463104,66729000
2022-05-02,27.6981751983,28.0308057808,27.4015054203,27.9319152832,48913900
2022-05-03,28.3094971377,28.4892977432,28.0937374399,28.3364677429,37495400
2022-05-04,27.7341368833,28.4892966540,27.5813068889,28.4623260498,42018300
2022-05-05,27.5363549126,27.6532258120,26.7182654756,26.9699859619,52242800
2022-05-06,26.5744244926,26.6643247848,26.0709852574,26.1339149475,52125000
2022-05-09,25.5675450006,25.8102735505,25.0730942712,25.1809749603,57234900
2022-05-10,25.7833067174,25.8372462089,25.1629965635,25.4686565399,46312300
2022-05-11,26.0080576613,26.3047274489,25.4237082876,25.4776477814,42376600
2022-05-12,25.3967376834,25.8192668612,25.0191577980,25.4776477814,47234600
2022-05-13,26.0350241934,26.6373539154,26.0170455069,26.6193752289,39524800
2022-05-16,26.4935156886,26.7722067792,26.3766465035,26.5834159851,17894400
2022-05-17,27.5723119354,27.7161517037,27.0598825468,27.3925113678,38858300
2022-05-18,27.0688760283,27.2576651039,26.6013958675,26.6283664703,29222100
2022-05-19,26.7452341305,27.3745344430,26.7362439301,27.2396831512,31645700
2022-05-20,27.5992870980,27.7700957793,26.9340259166,27.3475666046,31331700
2022-05-23,27.3205946327,27.3565554362,27.0688758666,27.2846355438,23514100
2022-05-24,26.6733158520,26.6912962540,26.1339157966,26.2417964935,44341600
2022-05-25,26.4845244507,26.6823054381,26.3586650694,26.5744247437,28305100
2022-05-26,26.7182643014,27.6891836848,26.7002856147,27.6172637939,45761600
2022-05-27,27.7071656109,27.8150463104,27.4104958306,27.8150463104,20686100
2022-05-31,29.0556650515,29.1275866613,28.6061652785,28.6421260834,49882400
2022-06-01,28.8039451256,28.8758633031,28.1386839792,28.3454551697,36496000
2022-06-02,28.4623232993,29.1905141101,28.4443428982,29.1635417938,31535600
2022-06-03,28.8938439844,28.9747540782,28.6061644127,28.6511154175,32678700
2022-06-06,29.6669839175,29.8647649077,29.2804138527,29.4422340393,42953600
2022-06-07,29.3793018578,29.9187001479,29.2714228856,29.8917312622,30512100
2022-06-08,30.3322473383,30.8356849082,30.2243649195,30.7098255157,56216100
2022-06-09,30.1283807198,30.2999260022,29.5234673077,29.5415248871,49351400
2022-06-10,29.8936402865,30.0832397119,29.3428961462,29.5595836639,32614700
2022-06-13,28.7740955539,28.9998084129,28.1059788784,28.2684936523,48884100
2022-06-14,28.8102095069,29.2706657451,28.7018674704,29.1442661285,42078600
2022-06-15,29.5686112218,29.9116983622,29.2435816619,29.7220954895,47354200
2022-06-16,28.6657523345,28.8553517596,28.3768379409,28.5754661560,47397200
2022-06-17,29.6859822819,29.7852972474,28.8643796332,29.0991230011,52803400
2022-06-21,29.7311304758,29.9387875161,29.5595886019,29.8214149475,42013600
2022-06-22,29.2345536964,29.5866678941,29.1894114687,29.2887229919,33056300
2022-06-23,29.7130677110,30.0471243311,29.3699805789,29.7401523590,42129100
2022-06-24,30.2457547684,30.5978689743,30.1735244471,30.5527267456,44152600
2022-06-27,31.0854102197,31.1576370896,30.7062079589,30.8055229187,33253600
2022-06-28,31.1937549716,31.4465576489,30.7242682213,30.8145561218,28928700
2022-06-29,30.5256419877,30.6610686734,30.3992389259,30.6430110931,26596600
2022-06-30,30.3360394120,30.6249538107,30.0110132967,30.6159267426,42275600
2022-07-01,30.4534116666,30.8055258713,30.2276970796,30.6430110931,40276600
2022-07-05,30.0561555630,30.5436999029,29.8665561345,30.4985542297,44097000
2022-07-06,30.2457569069,30.2908991388,29.7672430490,30.1103267670,38022800
2022-07-07,30.4895286812,30.9319273700,30.4263288686,30.7603855133,35909200
2022-07-08,30.3992434163,30.6249580366,30.2006168924,30.3541011810,31902400
2022-07-11,29.3338683161,29.3790105432,28.9456389632,29.0449504852,49526000
2022-07-12,28.9366071679,29.0449491971,28.6657503729,28.8734073639,29610000
2022-07-13,28.3136357322,28.9185491164,28.2684917858,28.6567211151,33039500
2022-07-14,28.4310074080,28.4490649871,28.0698644356,28.2504367828,36673500
2022-07-15,27.9524902340,28.0247205462,27.4649476807,28.0156917572,35448500
2022-07-18,28.7650641765,29.0268938936,28.4942056703,28.5574054718,33670000
2022-07-19,28.7289523710,28.8914671492,28.5483817346,28.8463249207,26265400
2022-07-20,28.7740942553,28.9004921419,28.5032357370,28.6657505035,26856500
2022-07-21,28.5574100989,28.9004955292,28.5574100989,28.9004955292,23871100
2022-07-22,28.6838107055,28.7199241446,28.1782087805,28.2594661713,24651300
2022-07-25,28.4219787873,28.5122649614,28.2504369507,28.4942073822,25447100
2022-07-26,28.7831231942,28.8824381629,28.3316940231,28.3948955536,18563700
2022-07-27,28.4942084367,28.7650669692,28.2414092062,28.7199230194,24480000
2022-07-28,28.4851789205,28.5664363060,27.9163789444,28.3497505188,25356800
2022-07-29,27.3024353018,27.4830076541,27.1489493190,27.4288349152,42773700
2022-08-01,27.0406084635,27.2302078918,26.7426652748,27.0586643219,33022000
2022-08-02,26.5259771984,27.2753495497,26.4356927423,26.8690643311,54806900
2022-08-03,26.8329521025,27.1579816906,26.6523814485,27.0947818756,27209200
2022-08-04,27.6635821981,27.8531833670,27.3475831201,27.5191249847,30154000
2022-08-05,27.0225492496,27.2572926147,26.9593494440,27.2121486664,21419300
2022-08-08,27.0767239282,27.2121523474,26.9142091364,26.9683818817,18352500
2022-08-09,26.9232364745,27.0496360960,26.7516929010,26.7968368530,16900200
2022-08-10,26.4988945893,26.7065516096,26.2912375690,26.6614093781,23083700
2022-08-11,27.0767238792,27.6364968588,27.0586662975,27.1489524841,35109500
2022-08-12,26.8329500642,27.3024368286,26.8239212739,27.3024368286,19525000
2022-08-15,26.9774057060,27.2302066542,26.9322634790,27.1579780579,18439300
2022-08-16,26.7697494747,26.9412930417,26.7246072465,26.8419780731,20140400
2022-08-17,26.8058650450,26.9954644730,26.7426652357,26.7878074646,27302100
2022-08-18,26.6523778125,26.6704353921,26.3273482688,26.4988918304,25479100
2022-08-19,26.4356936673,26.5801508686,26.2822076757,26.3454074860,25977900
2022-08-22,26.4808351494,26.6884921551,26.4808351494,26.5440349579,25185800
2022-08-23,26.4266632343,26.5801492164,26.1467759174,26.4988918304,22461600
2022-08-24,26.1196910567,26.9142056079,26.0564912508,26.6162624359,30344400
2022-08-25,27.3566054281,27.9524917603,27.2302058189,27.9524917603,77117600
2022-08-26,28.5754668690,28.6386666789,27.6816372955,27.7177524567,39041400
2022-08-29,27.6545519054,27.9434680386,27.4468948877,27.4649524689,24128500
2022-08-30,27.2392364509,27.3024362598,26.6252924982,26.7246074677,50495600
2022-08-31,27.4468941434,27.6726087362,27.2121507602,27.2753505707,33956700
2022-09-01,26.9232379273,27.0586663465,26.6794657395,26.9683818817,31903100
2022-09-02,26.6975205643,26.7787779519,26.3724910142,26.4176349640,32560400
2022-09-06,26.1467754324,26.1738618012,25.8759186323,25.8939762115,28090700
2022-09-07,25.9300907797,26.2641491216,25.8217487438,26.2099781036,23371300
2022-09-08,25.7675792072,25.9752362231,25.6592354430,25.8759212494,29173500
2022-09-09,26.4356970207,26.6523828501,26.3905530633,26.5169544220,27717800
2022-09-12,26.6884932753,26.8780944309,26.5259784911,26.8600368500,25003300
2022-09-13,25.9932922217,26.2370626627,25.6953473187,25.7314624786,44055700
2022-09-14,25.7495218533,25.7946640843,25.5689494854,25.7585506439,26794500
2022-09-15,25.6682656990,25.9300937509,25.5689507196,25.6592369080,25181000
2022-09-16,25.3883781832,25.4064340419,25.1536347998,25.2710056305,28082200
2022-09-19,25.0633468056,25.3612899780,25.0452892262,25.3612899780,22361600
2022-09-20,25.2439200853,25.3793502232,25.0814070195,25.1626644135,23566800
2022-09-21,24.8827743284,24.9098606974,24.4764891256,24.4945449829,33565700
2022-09-22,24.5667739083,24.6751176638,24.3410593297,24.3500881195,19166200
2022-09-23,23.9889454940,24.0972892510,23.8535170892,24.0250606537,53997900
2022-09-26,24.2507787308,24.4403781803,24.1334061669,24.1695213318,34716700
2022-09-27,24.2598051592,24.4945468200,23.8083759742,23.9528331757,57383500
2022-09-28,23.6729452907,24.2598045952,23.6187742720,24.2146606445,28951300
2022-09-29,23.5284876688,23.5555740387,23.2215156979,23.4291744232,35587900
2022-09-30,23.2486006876,23.6097436549,23.2395718982,23.3479156494,30430900
2022-10-03,23.3027740910,23.5194598936,23.1583168893,23.4472312927,24684200
2022-10-04,23.9979731198,24.6209458179,23.9618596839,24.3952312469,62108200
2022-10-05,24.5306615279,24.7292897457,24.3500891684,24.5758037567,36720500
2022-10-06,24.3952325558,24.5848319791,24.3139751682,24.3862037659,23202100
2022-10-07,24.0431179764,24.1514617400,23.7722611504,23.8083763123,34014800
2022-10-10,23.3930582305,23.4020870201,23.0048288891,23.0860862732,32658300
2022-10-11,22.6346588501,22.7339738210,22.3006022207,22.4540882111,38691800
2022-10-12,22.3457446016,22.6075743548,22.2644872107,22.3096294403,26592400
2022-10-13,21.6144292585,22.3006018073,21.4699720611,22.1200294495,42197100
2022-10-14,22.4179740513,22.4360316327,21.7950012718,21.8130588531,28036100
2022-10-17,22.3276865733,22.6256297598,22.3006019250,22.4811725616,29210200
2022-10-18,22.7249486516,22.7791196797,22.1561485508,22.3006057739,30537000
2022-10-19,21.7498569294,21.8311143155,21.2984277723,21.3616275787,39803300
2022-10-20,21.4338587568,21.9033455500,21.4067723841,21.4609451294,30604700
2022-10-21,21.3164869876,21.6054013949,21.1539722031,21.5963726044,31666500
2022-10-24,19.6371715615,19.6462003528,18.9058566890,19.4385433197,101762200
2022-10-25,19.8719137259,20.0253997238,19.7274565186,19.8087139130,39349500
2022-10-26,19.8357980576,20.7296276502,19.8087134082,20.5490570068,65959400
2022-10-27,20.0976275665,20.3955707604,19.9892838042,20.0073413849,52382400
2022-10-28,19.3121387688,19.4565959611,19.1676815764,19.4475688934,35759000
2022-10-31,18.8877962901,19.1044820822,18.8426540626,18.9148826599,36103700
2022-11-01,19.9983113464,20.1066551020,19.6913393813,19.7184257507,52793400
2022-11-02,19.8899713073,20.2330567439,19.7545411687,19.8087139130,62052300
2022-11-03,19.5017411788,20.1156851472,19.4927123884,20.0073413849,45230100
2022-11-04,21.4428858297,21.5331720091,20.9553414937,21.5241432190,82292500
2022-11-07,21.8220855780,22.0026579301,21.5241424024,21.6324844360,37483900
2022-11-08,21.4790029606,21.7408310109,21.2713442121,21.6144313812,28763700
2022-11-09,21.0727147585,21.1359145697,20.7206005409,20.7296276093,49711100
2022-11-10,21.7318015981,22.0387735945,21.6415154129,21.9936313629,53806200
2022-11-11,22.8423149298,23.1222022504,22.7159153154,22.9777450562,66301300
2022-11-14,23.2034619340,23.3208327702,22.9777473305,23.1041469574,39972200
2022-11-15,24.3139750909,24.4945457235,24.0160319110,24.2959175110,65263900
2022-11-16,24.0611719232,24.1063158688,23.6729426017,23.7541999817,33901700
2022-11-17,23.2395743406,24.3591185177,23.2215167598,24.3139762878,51788600
2022-11-18,23.8174024423,23.8264312325,23.4833458182,23.5555744171,50705300
2022-11-21,23.2576311134,23.4201458906,23.1041451263,23.1944313049,42197100
2022-11-22,22.8242565819,23.0319135607,22.7249416260,22.9687137604,27663300
2022-11-23,23.1854051996,23.3479199957,23.1131765927,23.2666625977,23211100
2022-11-25,22.9867727595,23.0590030807,22.8603731416,22.8694019318,18347200
2022-11-28,22.7429996988,23.3569435816,22.7249421206,23.0680274963,31337800
2022-11-29,24.1424319335,24.3591177296,24.0792321249,24.2417469025,57973200
2022-11-30,25.0452894144,25.6140911163,24.9911183977,25.4244899750,85043200
2022-12-01,25.1084898012,25.2980909469,24.9098615875,25.0452899933,52796700
2022-12-02,24.8195770860,25.9120366400,24.7654060644,25.7585506439,63439100
2022-12-05,26.1558076348,26.1828940071,25.5599212193,25.6772937775,34671300
2022-12-06,26.0926055138,26.2370627095,25.8036911224,26.0023193359,42318600
2022-12-07,25.3161491330,25.6140923217,25.1716902117,25.4425487518,45339100
2022-12-08,26.1648343418,26.3724913472,26.0203771448,26.2731781006,58069000
2022-12-09,26.5259782800,26.6162644619,26.1196930448,26.1377506256,40721300
2022-12-12,25.9662065310,25.9842641114,25.5508907916,25.8307781219,43727900
2022-12-13,26.6540963451,26.8569286842,26.0087180028,26.1470146179,52967700
2022-12-14,26.2207720503,26.4512640647,26.0916953264,26.3129692078,43071400
2022-12-15,26.3959454286,26.6264374492,25.5846142898,25.6860313416,57039200
2022-12-16,25.8796435892,26.0916958245,25.7505686214,25.7597885132,31091900
2022-12-19,25.9072998187,25.9441776224,25.5846106836,25.6122703552,21400800
2022-12-20,25.2342660493,25.5569534567,25.2066063750,25.2250461578,29347600
2022-12-21,25.4463193620,25.9534011026,25.2988046098,25.9349613190,32659000
2022-12-22,26.0179368408,26.1470135592,25.5753926141,25.7782249451,25586100
2022-12-23,25.9165219580,25.9810594389,25.6030526863,25.6307106018,17315100
2022-12-27,26.1838934126,27.0228842341,26.0916962519,26.8477115631,59256500
2022-12-28,26.5618986538,26.6448759179,25.9626197815,25.9626197815,46898800
2022-12-29,26.3590692402,26.7555158214,26.2576521821,26.7462959290,44262100
2022-12-30,26.2760881829,26.5065801845,26.0363762902,26.0916938782,32770400
2023-01-03,26.7923887936,27.2349347569,26.7739507706,27.0321006775,41414500
2023-01-04,27.9817284750,28.7561817169,27.8434336300,28.7561817169,70109100
2023-01-05,28.2952000319,28.7930618659,28.2214426580,28.6916465759,37011500
2023-01-06,28.4427126937,28.8114995361,28.2030008065,28.7654018402,39044800
2023-01-09,29.0973091191,29.1434085734,28.7285222767,28.7654018402,36571700
2023-01-10,28.8944793729,29.1526310649,28.7193049477,29.1249713898,35854800
2023-01-11,29.2171658459,29.5306333420,29.0788710003,29.4199981689,40911100
2023-01-12,29.2724833246,29.2724833246,28.8852567032,29.1710662842,52925100
2023-01-13,29.2817052820,29.6320523649,29.2724853906,29.5859546661,51831500
2023-01-17,29.1710647210,29.1987243919,28.8852551553,28.9405727386,48179600
2023-01-18,29.2448231081,29.3185804747,28.6455442848,28.6547641754,33976600
2023-01-19,28.9590154532,29.3185824194,28.9405756707,29.2263870239,48123500
2023-01-20,29.6320534021,29.9731806055,29.5306363511,29.9547443390,59463200
2023-01-23,30.1944505007,30.4618220515,30.0192778555,30.2866458893,32347300
2023-01-24,30.0838161356,30.3050864810,30.0100570092,30.2313308716,24177600
2023-01-25,30.1483531861,30.3143077013,29.8625418505,30.2958679199,22232000
2023-01-26,30.6277785756,30.7384137526,30.4341626196,30.6923160553,34186800
2023-01-27,30.7568540516,30.7752938342,30.4710426961,30.6369972229,30644900
2023-01-30,29.6965898161,29.8164466465,29.3923404323,29.5029773712,60027600
2023-01-31,29.3001445107,29.4753171696,29.1157502021,29.3185825348,39135900
2023-02-01,29.7334687252,30.1299152562,29.5306346348,29.9731788635,43140700
2023-02-02,29.7611284103,29.7703500606,29.2632665630,29.3831233978,46926200
2023-02-03,28.9774554771,29.1249702213,28.6178885079,28.6639862061,45202600
2023-02-06,28.0278273035,28.2951988719,27.8710926706,28.2306613922,38468200
2023-02-07,28.4703712463,28.5717882897,28.1200241779,28.4703712463,26173500
2023-02-08,28.2490976642,28.2951971172,27.9356284178,28.0739250183,21434700
2023-02-09,28.8114994644,28.9036966144,28.5072501004,28.5994472504,42052600
2023-02-10,28.0647059988,28.1108036947,27.6313799197,27.7881145477,42700100
2023-02-13,28.1753423598,28.3689565595,28.0370475077,28.2490997314,25953400
2023-02-14,27.7973335381,28.0739249802,27.6774784775,27.9909477234,23639900
2023-02-15,27.5668421283,27.7696762085,27.4930847606,27.7696762085,29624100
2023-02-16,27.5668424420,27.9725088484,27.5023049643,27.7881145477,26926900
2023-02-17,27.2994730068,27.3732303763,27.0505412251,27.2257156372,35919100
2023-02-21,27.0044438568,27.2164960771,26.8845870307,26.9122467041,29086200
2023-02-22,26.8753694278,26.9675665883,26.5711200289,26.6817569733,28235900
2023-02-23,27.0874181906,27.1427375350,26.3498445179,26.5342388153,32680800
2023-02-24,25.8151034950,25.9902779040,25.5846114995,25.7321262360,47134000
2023-02-27,26.1009153627,26.1285750377,25.9349608301,26.0732574463,29314700
2023-02-28,25.8335442923,26.0179368408,25.7044675740,25.7782249451,29855600
2023-03-01,26.9767865330,27.0321041261,26.7278547266,26.8477115631,52401000
2023-03-02,26.8108317762,27.3640129775,26.7555141836,27.3363533020,33063200
2023-03-03,27.2625913403,27.3640083751,27.1888339764,27.2994709015,19891200
2023-03-06,27.1242970414,27.2810316625,26.9675624202,26.9952220917,22389700
2023-03-07,26.8384874687,26.8569254911,26.4696988835,26.5065784454,36243400
2023-03-08,26.1931121150,26.3314069706,26.1285746330,26.2207717896,22861200
2023-03-09,25.8058819102,25.8058819102,25.1789434423,25.2527008057,51528000
2023-03-10,25.2066047013,25.4370966962,25.0775297469,25.2342643738,36041000
2023-03-13,25.2711458157,25.5846151145,25.2066083292,25.3910026550,45574600
2023-03-14,25.3264595301,25.6030509765,25.2342641398,25.5569515228,24365000
2023-03-15,25.1328483083,25.2434834853,24.8839165221,25.1973857880,45984600
2023-03-16,25.0498709474,25.5569526504,25.0314311651,25.5200748444,30243900
2023-03-17,25.6491483158,25.7136857915,25.2711415936,25.4555358887,27744000
2023-03-20,25.2434833528,25.6583696609,25.1512879586,25.4370975494,25374700
2023-03-21,25.6768082224,25.8612007606,25.5938309647,25.7966632843,30148500
2023-03-22,26.0363809608,26.2576531110,25.8612065158,25.8796463013,21821700
2023-03-23,26.7462908674,27.0228805534,26.4696994228,26.6909732819,42660300
2023-03-24,26.3867250874,26.6725346767,26.3867250874,26.5803375244,19786700
2023-03-27,26.0732565184,26.1470138905,25.8980821003,26.0363769531,28465400
2023-03-28,26.8016084907,27.1242976305,26.6909733195,27.1058578491,45880000
2023-03-29,27.0044446999,27.2349367096,26.8200503887,27.1150798798,31586300
2023-03-30,27.3916669553,27.6682583955,27.3086914577,27.5760612488,38117000
2023-03-31,27.3640104853,27.4562076369,27.1519582676,27.2257156372,27696400
2023-04-03,27.1980549974,27.2625924737,27.0136607008,27.1058578491,27890700
2023-04-04,26.8569290577,27.0597631582,26.7462938743,26.9860057831,39701900
2023-04-05,26.9214686538,26.9214686538,26.5065823141,26.6725368500,34422400
2023-04-06,26.7001929879,27.1150792998,26.6356555079,27.0044441223,29216900
2023-04-10,26.7923898780,26.9214665952,26.7001927253,26.9122467041,23139700
2023-04-11,27.1611789722,27.2257182154,26.9030290336,26.9306869507,31524000
2023-04-12,26.7739503099,26.8108281137,26.1193521461,26.1931095123,44014100
2023-04-13,26.7370734645,26.8569285373,26.6633160908,26.8016109467,29611900
2023-04-14,26.6725358626,26.7186335615,26.3775063691,26.4697017670,21020200
2023-04-17,27.0966379956,27.1980550347,26.9675630429,27.1888351440,30774900
2023-04-18,27.2994734059,27.3455711031,27.0136620559,27.0782012939,17830500
2023-04-19,26.7094163593,26.8200533097,26.6264390861,26.7462959290,19982800
2023-04-20,26.7555136246,26.9306862905,26.4881420421,26.5711193085,23301800
2023-04-21,26.2115528793,26.2760903637,26.0455983430,26.1838932037,27016700
2023-04-24,26.0363742226,26.0548140033,25.8335419104,25.9165191650,24197800
2023-04-25,25.4463180426,25.4831958495,25.1512885536,25.2158260345,42267400
2023-04-26,25.8427645858,25.8888622840,25.5753930122,25.6307106018,30506600
2023-04-27,25.7136886778,26.0640375260,25.6768108697,25.9902801514,23274900
2023-04-28,25.9533978259,26.1377921220,25.8888603498,26.1193523407,20474700
2023-05-01,26.0363764889,26.2392088187,25.9902787916,26.0179367065,20397600
2023-05-02,25.7413471902,25.7505670814,25.3264608778,25.5292949677,32574500
2023-05-03,25.4555385447,25.5846135096,25.3449016045,25.4094390869,23905400
2023-05-04,25.9165212231,26.1746711394,25.9073013320,26.0916938782,32223000
2023-05-05,26.2576468704,26.4789189680,26.1377918103,26.4328212738,19259500
2023-05-08,26.7370695756,26.7462894658,26.5342372671,26.6356525421,21775100
2023-05-09,25.9902797774,26.2484297056,25.9441803199,26.2207717896,22820100
2023-05-10,25.9441797984,26.1377939991,25.8519844023,26.0363769531,22425600
2023-05-11,26.0179379522,26.3406271240,25.9718402527,26.3129692078,27595000
2023-05-12,25.9257417653,25.9349598981,25.5661730380,25.6214923859,30844600
2023-05-15,26.3314064925,26.7923905083,26.2023315307,26.7739524841,48130400
2023-05-16,26.2760881195,26.5711175995,26.2668682284,26.4973602295,26522600
2023-05-17,26.0455973680,26.2576495971,25.9626201029,26.2207717896,26237600
2023-05-18,26.1838913985,26.2115510721,25.7229073888,25.8612022400,34716900
2023-05-19,25.7136862219,25.7874435895,25.6307089636,25.7229061127,22347100
2023-05-22,26.1101329148,26.3867243639,26.1009130240,26.1377925873,23553200
2023-05-23,25.6491495012,25.7229068709,25.3356802402,25.3449001312,36146200
2023-05-24,25.0775300342,25.1328476212,24.7917186911,24.8378181458,37998100
2023-05-25,24.6349836138,24.6442035045,24.2846365577,24.3307342529,35351900
2023-05-26,24.4598128022,24.8193797761,24.3676156463,24.7364025116,25118900
2023-05-30,24.3491742726,24.4137117500,23.8881902814,24.0080471039,41485900
2023-05-31,23.8513127557,23.9527280391,23.5194037154,23.9435081482,37719400
2023-06-01,23.9435089208,24.6534247204,23.9342890295,24.5520076752,43154100
2023-06-02,25.1973879524,25.4647595439,25.1973879524,25.2895851135,58101800
2023-06-05,25.1328457496,25.2988002568,25.0314287155,25.2527008057,20666900
2023-06-06,25.2342661130,25.8704227966,25.1789467643,25.8058853149,39715000
2023-06-07,25.6705340443,25.9208412616,25.4851195880,25.4943904877,30327200
2023-06-08,25.6519898896,25.8837570546,25.6334480921,25.7632389069,31269800
2023-06-09,25.8837590916,25.9764663185,25.7539700348,25.7910518646,20194300
2023-06-12,25.7910526725,25.8559472029,25.7168872423,25.7261581421,18288700
2023-06-13,26.0413613184,26.2453158068,25.9579249895,26.0228195190,22651900
2023-06-14,26.0228178122,26.4863521566,25.9857359841,26.3751049042,35568800
2023-06-15,26.8200941962,26.9591541290,26.6624924675,26.9591541290,39549400
2023-06-16,27.1074901590,27.1167610588,26.6903102806,26.8015575409,31172900
2023-06-20,26.0413617499,26.1155271803,25.5963691671,25.6519927979,52582900
2023-06-21,25.5129322869,25.7076158746,25.4294959584,25.4943904877,21544700
2023-06-22,25.4109537810,25.5036610078,25.2440811265,25.4387664795,15063200
2023-06-23,25.0586702215,25.0772102536,24.8083612220,24.9103393555,28700500
2023-06-26,25.0308559010,25.2255394870,24.9937723027,25.0401268005,18872600
2023-06-27,25.4665810402,25.5963718835,25.4016865027,25.5871009827,26468300
2023-06-28,25.3831418885,25.3924127883,25.2070000971,25.3738727570,16775600
2023-06-29,24.9566893724,25.0586674948,24.9196057757,24.9752311707,24342100
2023-06-30,25.1884570264,25.3275169798,25.1142916000,25.2069988251,19670600
2023-07-03,25.7354280599,25.9301116437,25.6334499341,25.6890735626,26578800
2023-07-05,25.4387666835,25.4480375831,25.2904358268,25.3924121857,21147100
2023-07-06,24.7712737986,24.8825228151,24.5673193312,24.6600265503,36824200
2023-07-07,24.7898164859,25.3460580519,24.7898164859,25.1977272034,41733500
2023-07-10,24.9103387495,25.2440823060,24.8825260497,25.1791877747,16661500
2023-07-11,25.1977308366,25.3553326069,25.0030454648,25.3460617065,22158100
2023-07-12,25.8466747038,26.1618782048,25.7539692479,26.1062545776,47207200
2023-07-13,26.4121884221,26.7181210382,26.3936466227,26.6995792389,33461500
2023-07-14,26.3658360837,26.3658360837,26.1526089246,26.2267761230,28189200
2023-07-17,25.9115702811,26.1526065816,25.7539685350,26.0969829559,26913300
2023-07-18,25.7076154079,25.7817808354,25.3367882703,25.5129318237,33862400
2023-07-19,25.8466747299,26.0228182791,25.6705329490,25.6798038483,30152300
2023-07-20,25.5592882802,25.6890773552,25.4573101394,25.5871009827,16840400
2023-07-21,25.7910492636,25.8466728869,25.5407403066,25.6056365967,13657600
2023-07-24,25.3831400201,26.3751050063,25.3182454946,26.1526069641,43746400
2023-07-25,26.8571773856,26.9313428048,26.4399975660,26.4770793915,30971600
2023-07-26,26.3936452910,26.9128050369,26.3843743918,26.8571796417,27951900
2023-07-27,26.8571808710,26.8942644695,26.3658355685,26.4214591980,30760100
2023-07-28,27.4875868269,27.8862266541,27.4597758973,27.8862266541,61381000
2023-07-31,27.8954967728,28.3126783869,27.7935186520,28.2014293671,41714600
2023-08-01,27.7008126162,27.7564380126,27.4597763047,27.5153999329,34340600
2023-08-02,27.0240535332,27.0333244328,26.6346845900,26.6717681885,42678300
2023-08-03,27.1816530185,27.4968565066,27.1445711914,27.3948783875,40630500
2023-08-04,27.2836358539,27.4134249238,26.9869741122,27.0055141449,34826700
2023-08-07,27.1909247357,27.1909247357,26.6903085602,26.9035339355,20298900
2023-08-08,26.2823978025,26.4307286519,26.0877124575,26.4029159546,28574500
2023-08-09,26.6532258333,26.6995785623,26.2823986971,26.5141658783,23902600
2023-08-10,26.8293703258,27.2001974750,26.6161431678,26.7273921967,28872800
2023-08-11,26.0320893976,26.0413602969,25.6983440950,25.8837585449,55058200
2023-08-14,25.4943922157,25.7632430187,25.3553322482,25.6427230835,31447000
2023-08-15,25.4943870955,25.4943870955,25.1513709274,25.2255363464,32245600
2023-08-16,24.7805462704,24.9381480223,24.6600281158,24.7063808441,38493600
2023-08-17,25.2440795222,25.2440795222,24.8547106091,24.8917942047,32698300
2023-08-18,24.2892010141,24.4375318669,24.1779519904,24.2799301147,57397500
2023-08-21,24.0574328609,24.2521164342,23.9647256396,24.2428455353,32839200
2023-08-22,24.4282592493,24.4746119744,24.1408684633,24.2335739136,26940400
2023-08-23,24.4468044197,24.8361733767,24.4282626198,24.7527370453,42683100
2023-08-24,24.9937741285,25.0772104624,24.7620069273,24.8639850616,30726200
2023-08-25,24.8454436080,24.8732563091,24.5302400685,24.8176326752,36757700
2023-08-28,25.2255409635,25.5222044621,25.1421063991,25.4109554291,36505900
2023-08-29,25.7168861515,25.9950078292,25.5870970961,25.9115715027,55139700
2023-08-30,25.5685552041,25.8095932832,25.5592843047,25.7354278564,34461400
2023-08-31,25.5036600224,25.5407418507,25.2811637477,25.4016819000,38649400
2023-09-01,25.8374048154,26.3751045775,25.8281339164,25.9950065613,52021000
2023-09-05,25.7354300598,25.7910536926,25.5129337603,25.6149101257,44260000
2023-09-06,25.6612626325,25.9301116437,25.5963681046,25.6890735626,22802100
2023-09-07,25.0864788886,25.0957497880,24.8639826096,24.9566898346,41747200
2023-09-08,24.9381470530,25.0123124765,24.7434634797,24.9196052551,31705700
2023-09-11,25.3089767501,25.4109548808,25.1421058566,25.2533531189,27084000
2023-09-12,25.1328353310,25.3924134592,25.1235644310,25.3089771271,17904900
2023-09-13,25.0864818157,25.2070017527,25.0308581815,25.0957527161,23061800
2023-09-14,25.2626243951,25.4109552593,25.1606462629,25.3089771271,27622500
2023-09-15,25.2718926276,25.3275162538,25.1235617791,25.1977272034,28634700
2023-09-18,24.9937731421,25.1050221723,24.8547131805,25.0772094727,24987800
2023-09-19,25.0586683401,25.1699155972,24.9566902142,25.0123138428,16978200
2023-09-20,25.0030429898,25.1328338143,24.8361721039,24.8361721039,17849700
2023-09-21,24.3448259499,24.4468040798,24.2984714508,24.2984714508,32333000
2023-09-22,25.2904334375,25.2904334375,25.1050189999,25.1606426239,53787100
2023-09-25,24.6044036891,24.8083581627,24.6044036891,24.7712745667,29073300
2023-09-26,24.4653445423,24.6044062739,24.3633681789,24.4282627106,31122200
2023-09-27,24.5302375402,24.5487793390,24.3077412591,24.4838848114,23269800
2023-09-28,24.1964929894,24.3819056651,24.1315984645,24.3448238373,26391200
2023-09-29,24.8083620485,24.8176329490,24.4838876051,24.5951366425,25147100
2023-10-02,24.5302386085,24.6136749386,24.3540968167,24.4468040466,21818700
2023-10-03,23.8720188141,23.9461842387,23.7978533895,23.8720188141,34779900
2023-10-04,23.7978531672,24.9103362943,23.6402514204,23.6680641174,23401300
2023-10-05,23.6587968496,23.8256695210,23.6217132478,23.8163986206,22023600
2023-10-06,23.9369128649,24.4004472016,23.9091019363,24.3170108795,37514900
2023-10-09,24.0945157843,24.3355538633,24.0667030861,24.3077411652,14270000
2023-10-10,24.6229461593,24.9566914840,24.6044061277,24.9288787842,39316500
2023-10-11,25.1513743536,25.2904360804,25.0215852947,25.1699161530,33401000
2023-10-12,25.2533517914,25.2811644897,24.6600283748,24.7341938019,43058600
2023-10-13,24.5487785339,24.7341929796,24.4653422102,24.5487785339,23602800
2023-10-16,24.4375318369,24.7990880691,24.3262828133,24.7063808441,23863400
2023-10-17,24.3911766649,24.6229438367,24.3633657360,24.5209674835,22490300
2023-10-18,24.2799307460,24.3170125760,24.0388926619,24.1130580902,34008800
2023-10-19,23.8163950875,23.9276423398,23.6680642389,23.6958751678,36031400
2023-10-20,23.4084851979,23.5197342224,23.2045307159,23.2045307159,49214100
2023-10-23,23.2230690672,23.4733780281,23.0376563974,23.4084835052,25976600
2023-10-24,23.4733816856,24.2243069170,23.4641107854,24.1594123840,67500500
2023-10-25,23.6309805213,23.8071240663,23.5011914715,23.6680641174,37831600
2023-10-26,23.6309839834,23.8256693549,23.5568185486,23.7144203186,24399300
2023-10-27,24.0759753007,24.1594116314,23.7236899464,23.7978553772,28660400
2023-10-30,24.1686806127,24.2150351085,23.8905607113,24.0481624603,34728900
2023-10-31,23.6217127095,23.6866072429,23.3343218753,23.6587963104,50281100
2023-11-01,23.5011935694,23.6217117310,23.3899445395,23.6217117310,27122500
2023-11-02,23.8349352177,23.9461842387,23.7329588640,23.8720188141,38056400
2023-11-03,24.2335773473,24.4931572423,24.2335773473,24.4282627106,53456100
2023-11-06,24.6600278980,24.6971097267,24.4468025203,24.5024261475,24230400
2023-11-07,24.3170108009,24.4746125456,24.1501381573,24.3911762238,20525900
2023-11-08,24.2521182225,24.4097199799,24.1594109944,24.2150363922,25290600
2023-11-09,24.1779540743,24.2799322074,23.8163978105,23.8812923431,42983200
2023-11-10,23.7329577630,23.8442050107,23.6217087471,23.8071231842,28761800
2023-11-13,24.0110787834,24.2892004521,23.9276424596,24.1223278046,28339800
2023-11-14,24.3262817245,24.7156506372,24.2984690278,24.6414852142,52626700
2023-11-15,25.0401236831,25.4202216765,24.9752291625,25.2255363464,58100300
2023-11-16,24.2243078969,24.5487823430,24.0667061241,24.1964969635,77727600
2023-11-17,24.2057654926,24.4004490802,24.0852455655,24.2150363922,50450400
2023-11-20,24.4838836498,24.7805453439,24.4375309232,24.7434635162,38809300
2023-11-21,24.3540952803,24.5209679299,24.2057644291,24.2521171570,28713200
2023-11-22,24.4097205335,24.4746150642,24.2150369415,24.3726387024,23136600
2023-11-24,24.2335780629,24.4560743646,24.2243071627,24.4375343323,16130200
2023-11-27,24.1223278046,24.1872223301,24.0574332790,24.1223278046,24845900
2023-11-28,23.9369123524,23.9461832511,23.7236869864,23.8349342346,32291400
2023-11-29,23.3157800073,23.4455708419,23.2138036415,23.2323436737,43465200
2023-11-30,23.3157775474,23.3806720738,23.0747394722,23.3250484467,34792900
2023-12-01,22.9449523002,23.1025540635,22.7966214369,23.0747413635,49155300
2023-12-04,22.6390169223,22.7409950415,22.5184987736,22.5370388031,39855900
2023-12-05,22.0920488160,22.2403796784,22.0364251847,22.1940269470,39972900
2023-12-06,22.3701675465,22.4257929431,22.1940257619,22.2032966614,37869100
2023-12-07,22.2218366092,22.2960020362,22.1662129811,22.2774620056,21679500
2023-12-08,22.0642344628,22.1291307575,21.9437163093,21.9715290070,31181000
2023-12-11,21.8695496280,22.0827749934,21.8324660332,22.0549640656,28928500
2023-12-12,22.0827767370,22.2125657926,21.9437167819,22.2032966614,33847600
2023-12-13,21.9715314564,22.1291332245,21.6748679525,22.1291332245,37522600
2023-12-14,22.0827757802,22.4350628705,22.0735048811,22.4165210724,43377600
2023-12-15,22.5277704479,22.6575612783,22.3701686859,22.3701686859,37643600
2023-12-18,22.2867317385,22.2867317385,22.0456936715,22.1383991241,39194300
2023-12-19,22.2589226517,22.4814189570,22.2218390500,22.4350662231,35574000
2023-12-20,22.1088965368,22.1754606663,21.7855834961,21.7855834961,50314600
2023-12-21,22.2610445905,22.5558293824,22.1944804581,22.5463199615,49913000
2023-12-22,21.7570579826,22.0233163478,21.7000032663,21.9187145233,53062300
2023-12-26,22.0898793705,22.2230094533,21.9472416803,22.0803699493,26351200
2023-12-27,22.1088981628,22.2039905607,22.0233151861,22.1088981628,36421800
2023-12-28,22.5653396043,22.7935602720,22.5558301831,22.7079772949,45978300
2023-12-29,22.6604335528,22.8886542361,22.6509241309,22.8506183624,29996300
2024-01-02,22.2895729129,22.3180993619,22.0803692808,22.0993881226,45905700
2024-01-03,22.1374234019,22.5273005475,22.1184045622,22.5082817078,38481300
2024-01-04,22.2895726216,22.4131914641,22.2039896484,22.2134990692,40730000
2024-01-05,22.2515365268,22.2990836340,22.0803705682,22.0898799896,38718600
2024-01-08,21.6049080874,21.8426381572,21.5288345376,21.8141117096,45391400
2024-01-09,21.4052162656,21.4527615553,21.3386521345,21.3766880035,43389100
2024-01-10,21.4527621768,21.4812904397,21.3291433318,21.3861980438,35950600
2024-01-11,21.6809825407,21.7380390657,21.5098184069,21.7095108032,36648800
2024-01-12,21.7760764753,21.9092065627,21.6144199371,21.6144199371,35115400
2024-01-16,21.1960151305,21.1960151305,20.9107379418,20.9392662048,63424100
2024-01-17,20.1975454934,20.4542943911,20.1690172335,20.3972396851,58520900
2024-01-18,20.5303709069,20.5874256212,20.4067502433,20.4733161926,42409800
2024-01-19,20.2641121184,20.6920270008,20.1595121135,20.6159534454,54982200
2024-01-22,19.9027608526,20.1595097519,19.8361967262,20.1024532318,53020800
2024-01-23,20.7776113211,21.0723961403,20.7681018993,21.0248508453,104313600
2024-01-24,21.8616581026,21.8996957863,21.5573638881,21.6524562836,90702500
2024-01-25,21.8426380100,21.9662586612,21.5288343926,21.6334362030,49794700
2024-01-26,21.3861952397,21.5763800066,21.3386499548,21.4907970428,27056400
2024-01-29,21.4527634379,21.4812917025,21.0248503517,21.1960163116,57037700
2024-01-30,20.8156438834,20.9297551125,20.7300609150,20.8536815643,44870000
2024-01-31,20.5779168000,20.9773034391,20.5684073784,20.6920280457,45460100
2024-02-01,20.8251566925,20.9297585184,20.6635001496,20.7871208191,37141300
2024-02-02,20.3972429319,20.4828259114,20.2831316879,20.3592052460,46787000
2024-02-05,20.5493899612,20.8536841921,20.4828258249,20.8061370850,46742500
2024-02-06,21.6049081386,22.0233135702,21.4527610387,21.9947853088,120725700
2024-02-07,21.4717813463,21.7095114329,21.4147266334,21.5098190308,60542700
2024-02-08,21.1960142617,21.2530689716,21.0153388977,21.0153388977,57766100
2024-02-09,21.0628847536,21.2815959922,20.8536829359,21.2625789642,35134500
2024-02-12,21.3671798072,21.8616588290,21.3291439360,21.6049098969,55858200
2024-02-13,21.3291429078,21.5288353029,21.0153392771,21.1104316711,55166600
2024-02-14,21.4432503776,21.5668710227,21.3481598059,21.5573616028,57004800
2024-02-15,21.5193255886,21.6809821121,21.5098179817,21.6429462433,39066000
2024-02-16,22.0613514425,22.1659514410,21.9377307892,21.9377307892,70395800
2024-02-20,21.9472425613,22.0518443847,21.7095124634,21.7950954437,35470100
2024-02-21,22.3846656308,22.5653391892,22.2990826553,22.4322109222,52357600
2024-02-22,22.7269947517,22.8030683030,22.5368117804,22.7745418549,45473200
2024-02-23,22.9932558124,23.0503105291,22.7840521613,22.9362010956,32646200
2024-02-26,22.7840488893,22.9457054084,22.7174847603,22.7365036011,34789900
2024-02-27,23.0978544728,23.1549091818,23.0312885297,23.1263809204,40397500
2024-02-28,22.5938671208,22.6033765417,22.3085899353,22.3085899353,62236000
2024-02-29,22.4512289544,22.4987742441,22.2039894578,22.2705535889,31134000
2024-03-01,22.6319024073,22.7840495102,22.5843571179,22.7460136414,42913600
2024-03-04,22.5463195831,22.5463195831,22.1849706649,22.2420253754,51821200
2024-03-05,21.9852793268,22.1088981745,21.8901869289,21.8996963501,54550900
2024-03-06,22.5177940918,22.6033770681,22.3371187181,22.3751564026,54439600
2024-03-07,22.1374274688,22.2230104495,22.0518444880,22.1849727631,36302100
2024-03-08,22.2610433599,22.3941716172,22.1849698109,22.3180980682,41080300
2024-03-11,22.6794511178,22.9837453450,22.6794511178,22.8601264954,57837100
2024-03-12,23.2690217392,23.3926424080,23.1929481791,23.3546047211,47341300
2024-03-13,23.4496962567,23.6684075072,23.3926415422,23.4306774139,43978700
2024-03-14,23.1929436019,23.2214718615,22.8791400016,22.9552135468,56861000
2024-03-15,22.9171800166,22.9742347278,22.8030687805,22.8125782013,35398800
2024-03-18,22.9457089535,22.9837466409,22.7935618313,22.8506183624,25822800
2024-03-19,22.7079753399,22.7935583097,22.5463188208,22.7365036011,23460700
2024-03-20,22.7650337600,22.9647261635,22.7079772329,22.9457073212,33523100
2024-03-21,22.9932535202,23.0312893897,22.8411064148,22.8411064148,35387700
2024-03-22,22.5273030763,22.5938672091,22.4512295226,22.5177936554,38799800
2024-03-25,22.5177935127,22.6509217774,22.5082840918,22.5463199615,19439600
2024-03-26,22.7555220093,22.7840484561,22.6604296209,22.6699390411,21299100
2024-03-27,22.4797562050,22.6604315770,22.4227014926,22.6414127350,20691900
2024-03-28,22.7745395782,23.0027602092,22.7745395782,22.8886489868,33129900
2024-04-01,23.2404932041,23.3831308899,23.0788366767,23.2024555206,38572800
2024-04-02,23.3450920581,23.5638051001,23.3070561902,23.3926391602,36013000
2024-04-03,23.1358906741,23.2880377760,23.0693265437,23.2500019073,29445200
2024-04-04,23.4496939607,23.4782222221,23.0883450524,23.1263809204,41163300
2024-04-05,23.0027637482,23.0883467247,22.9647260636,23.0027637482,32450900
2024-04-08,23.1834381107,23.2975493546,23.1454022386,23.1644210815,24846600
2024-04-09,23.2690197897,23.3926404482,23.2500027616,23.3831310272,25836100
2024-04-10,23.3165671858,23.4116595826,23.1644200764,23.2690200806,36946100
2024-04-11,23.5733168193,23.6018432695,23.3260773057,23.4877338409,33454600
2024-04-12,23.0312879403,23.0312879403,22.6223937538,22.6699390411,73616000
2024-04-15,23.0312890058,23.0407984264,22.6889589312,22.7460136414,47202300
2024-04-16,22.5748458330,22.6794476378,22.4607364222,22.5082817078,47788300
2024-04-17,22.6414144698,22.6604333134,22.4607408977,22.4892673492,36308700
2024-04-18,22.7935591202,22.9647250658,22.7745420925,22.8981609344,40749000
2024-04-19,22.7745416650,22.8696322430,22.7269945622,22.8315963745,32792100
2024-04-22,22.9266907932,23.2309850226,22.8601266572,23.2214756012,42035500
2024-04-23,23.3926417192,23.5923341285,23.3641134548,23.5828247070,32627200
2024-04-24,23.9822094425,24.0487753874,23.8776094423,24.0297565460,44860500
2024-04-25,23.8776083581,24.2104289988,23.8776083581,24.1914119720,43059100
2024-04-26,24.6478565733,24.7524583965,24.4957094560,24.6003112793,47815200
2024-04-29,24.6193276245,24.8380406865,24.5622729106,24.8285312653,36479100
2024-04-30,24.4671790143,24.5242355385,24.2389583588,24.2389583588,51947300
2024-05-01,24.3625791546,24.6478545222,24.2769961815,24.4196338654,46174700
2024-05-02,25.1613502938,25.9411064641,25.1518426869,25.8174858093,98520800
2024-05-03,25.9220890485,26.0076720253,25.7319042523,25.9886531830,55429900
2024-05-06,26.0552160752,26.1217802066,25.8555236812,25.9696331024,39772500
2024-05-07,25.6748475060,25.7033757673,25.5797551154,25.5987739563,40352200
2024-05-08,25.2849718485,25.5131925112,25.2564435855,25.5036830902,27739900
2024-05-09,25.9886536073,26.0647271643,25.8365064934,26.0552177429,43598200
2024-05-10,26.5496983241,26.6162624636,26.3119682180,26.4070606232,46321500
2024-05-13,26.7493884442,27.0631920848,26.7398808368,26.9681015015,48230800
2024-05-14,26.6542975437,26.7684069678,26.5972410179,26.6352787018,42197500
2024-05-15,26.9015374173,26.9585921302,26.6828243596,26.9395732880,35736500
2024-05-16,27.3009230730,27.7668756525,27.1677948010,27.7288379669,65472500
2024-05-17,27.7383481812,28.0806801061,27.6242369350,27.8904953003,46272600
2024-05-20,27.5957101357,27.7573666744,27.5386536064,27.5862007141,30494200
2024-05-21,27.1773020749,27.2914133089,27.0441738134,27.1582832336,43743600
2024-05-22,27.0536842924,27.1107390048,26.7969353664,26.8159542084,41732700
2024-05-23,26.6257690056,26.7208614006,26.2073635563,26.2739276886,49548000
2024-05-24,26.1312889109,26.3214736928,26.0742342019,26.2263813019,24413800
2024-05-28,26.2929461013,26.3880384947,26.1312895767,26.2073631287,25480400
2024-05-29,25.7223935582,25.8460142137,25.6843576891,25.7889595032,38699400
2024-05-30,25.4941727619,25.8460140713,25.4656463136,25.8174858093,25910800
2024-05-31,25.2469359314,25.3705565993,25.1233170773,25.3230094910,43801200
2024-06-03,25.6463209718,25.7319039477,25.2944814609,25.4466285706,28674300
2024-06-04,25.6843580264,25.7699410001,25.5036826580,25.6463203430,25226600
2024-06-05,25.7509209650,25.8650321960,25.6558285748,25.8650321960,26237000
2024-06-06,25.8650334840,25.8935599328,25.6653392732,25.8555240631,20872800
2024-06-07,25.4941732957,25.5417204000,25.1993885040,25.1993885040,44844400
2024-06-10,25.3039883687,25.4941713299,25.1993865610,25.4371166229,26281600
2024-06-11,25.3846550138,25.3941947491,25.1557068269,25.2511005402,23488300
2024-06-12,25.3464931145,25.4132694338,25.1652418053,25.1938610077,29442200
2024-06-13,25.3274139077,25.4228094303,25.0793880962,25.1747817993,22070100
2024-06-14,25.0126111758,25.0698495838,24.9076777334,24.9649143219,27515600
2024-06-17,25.1557035887,25.2987959597,25.0889254507,25.2797164917,25548900
2024-06-18,25.2034014744,25.3941925232,25.1366251532,25.3369541168,21648100
2024-06-20,25.6994560409,25.7471528920,25.5086649973,25.6422176361,36649700
2024-06-21,25.3846528806,25.4418894676,25.2034015656,25.2034015656,33434400
2024-06-24,25.4037300876,25.7089961254,25.4037300876,25.4895858765,31018900
2024-06-25,25.3464917242,25.3751109250,25.2224788266,25.2892551422,25099700
2024-06-26,25.3083373420,25.3560341956,25.2129418154,25.2987976074,15806500
2024-06-27,24.9649144255,24.9839938950,24.6787296621,24.6978073120,41320500
2024-06-28,24.9172161714,24.9172161714,24.7359648610,24.7932014465,22894100
2024-07-01,24.9839921857,25.0603082387,24.8695171965,24.8790569305,24294500
2024-07-02,25.0507683768,25.2224799501,24.9839920582,25.2129402161,23659500
2024-07-03,25.4037313723,25.6994576908,25.4037313723,25.6612987518,29692800
2024-07-05,25.2129391330,25.2606359815,25.0126083663,25.2224788666,41917200
2024-07-08,25.0221500397,25.0412295084,24.9362942501,25.0221500397,23113200
2024-07-09,24.9362933458,25.3083356937,24.9267536118,25.2797164917,33067300
2024-07-10,25.1938604432,25.2701764948,25.0889251898,25.1652412415,21396400
2024-07-11,25.5659008070,25.8043886944,25.5468231588,25.6994552612,45860300
2024-07-12,26.1955104401,26.3290649033,25.9474846217,25.9665622711,41053600
2024-07-15,25.6517564521,25.6612961859,25.3751114503,25.3846511841,50976700
2024-07-16,25.1461632979,25.4132685659,25.0984646290,25.3846511841,28322000
2024-07-17,25.1843197045,25.2224786385,24.9839907591,25.0412273407,33746200
2024-07-18,25.0793877506,25.2129403887,24.8122806549,24.8122806549,31336900
2024-07-19,24.7168849155,24.7550438515,24.6214893950,24.6310291290,24608500
2024-07-22,25.0793895240,25.2129421715,25.0126113807,25.1461658478,35178400
2024-07-23,24.7645822440,24.8122809149,24.6691885412,24.7932014465,40600000
2024-07-24,24.6691898092,24.8218219249,24.4974782241,24.5165576935,36117700
2024-07-25,24.2780693243,24.3925424991,24.2112911829,24.2208309174,31514000
2024-07-26,24.1826748710,24.4211627852,24.1158985461,24.3448467255,24671800
2024-07-29,24.3734615936,24.4402397311,24.2971455417,24.3830013275,23127600
2024-07-30,24.2017541389,24.2017541389,24.0968188753,24.1635951996,27485400
2024-07-31,24.6787278853,24.7741215866,24.4593176416,24.4974765778,30820700
2024-08-01,24.5070175405,24.5356349245,24.1063577887,24.1540546417,34544900
2024-08-02,24.0014223611,24.0586589482,23.8583299835,24.0395812988,34152200
2024-08-05,23.4958268893,23.9441853016,23.4576697718,23.8774089813,37464500
2024-08-06,23.4862877294,23.7820121975,23.4672082619,23.6389198303,29317600
2024-08-07,24.0682001427,24.0968193477,23.6961595745,23.7438564301,30574800
2024-08-08,24.0586576939,24.3543839877,24.0109608437,24.3162250519,41361900
2024-08-09,24.2303698716,24.2876064571,24.1158967004,24.2780685425,18962400
2024-08-12,24.3925426620,24.5737939794,24.3639252778,24.4688587189,34283800
2024-08-13,24.5356338674,24.6310293888,24.4879370164,24.6119499207,24569200
2024-08-14,24.4307014839,24.4497791334,24.0014225286,24.1540546417,41761500
2024-08-15,24.4306999163,24.7455038568,24.4306999163,24.6501083374,40019200
2024-08-16,24.8695189984,25.1938627020,24.8695189984,25.1461658478,38538000
2024-08-19,25.2701772769,25.5086651733,25.2701772769,25.3751125336,33115000
2024-08-20,25.1270856992,25.1270856992,24.7741228009,24.8027420044,42300900
2024-08-21,24.8122827156,25.0793898335,24.8122827156,25.0603103638,25547000
2024-08-22,25.1461631928,25.1461631928,24.7645811210,24.8695163727,34897800
2024-08-23,25.0984654427,25.3464930707,25.0316891235,25.2606372833,29293900
2024-08-26,25.0221514243,25.1557058930,24.9458353648,25.0603103638,29550200
2024-08-27,25.3941925232,25.4514291100,25.2701777956,25.3369541168,24453700
2024-08-28,25.0984644827,25.2129394680,24.8695163317,24.9362926483,40469200
2024-08-29,25.0889268779,25.1747826693,25.0603094938,25.1175460815,22188800
2024-08-30,25.3941939214,25.4037318368,25.0889278627,25.2415599823,27286500
2024-09-03,24.8409009424,24.9076772644,24.7264259479,24.8027420044,36863500
2024-09-04,24.8027403564,24.9267532576,24.7645814209,24.7836608887,19391600
2024-09-05,24.6978060126,24.8313604721,24.6310296926,24.6596488953,22749800
2024-09-06,24.6310298282,24.6691887653,24.2876066727,24.3257656097,32987000
2024-09-09,24.2399114609,24.4307025202,24.2017543408,24.3448467255,23499200
2024-09-10,24.3543853343,24.3639250688,24.1254371655,24.2876071930,20723200
2024-09-11,24.3353041360,24.5547125547,24.2399086176,24.5356330872,31299700
2024-09-12,24.4974770535,24.5928725762,24.3734623282,24.5260944366,19723200
2024-09-13,24.7359657753,24.7455055099,24.5737939273,24.6691894531,20127700
2024-09-16,24.8313601231,24.8885967080,24.7645819845,24.8122806549,18257900
2024-09-17,25.1175449979,25.2987963074,25.0889257955,25.1270847321,29938500
2024-09-18,25.2320192445,25.2510968926,24.9553724214,24.9839916229,24625600
2024-09-19,25.7280746727,25.9188657255,25.5372854394,25.8807067871,55028200
2024-09-20,26.0238007244,26.1096565154,25.8616288770,25.8997859955,29824600
2024-09-23,26.2336686720,26.6057092092,26.2050494694,26.4053802490,44176400
2024-09-24,28.0461762083,29.0955233147,27.9317030371,29.0001277924,167712300
2024-09-25,28.0843354974,28.5136126240,28.0652560288,28.1988086700,77309300
2024-09-26,30.3928976924,30.6123061175,29.8205263848,30.4501342773,165220600
2024-09-27,30.2784238574,30.9461888922,30.2402667392,30.6886215210,100738300
2024-09-30,31.2705334495,31.2991544731,30.2879644293,30.3165836334,98506800
2024-10-01,30.5264526794,31.6044190586,30.3356616224,31.5757980347,96803000
2024-10-02,33.4932417719,33.9129791722,32.8636338518,33.8462028503,222092500
2024-10-03,32.5869874776,33.3406101373,32.5297490698,32.9113311768,113214100
2024-10-04,33.9511358112,34.1705442310,33.6935684560,34.0656089783,107027700
2024-10-07,34.8573939035,35.7731866073,34.3613386126,35.0004844666,218993700
2024-10-08,31.8524427432,32.2626422147,30.7840179902,31.7952079773,322806900
2024-10-09,30.7363210567,31.6044168485,30.6981621201,31.2800731659,100519700
2024-10-10,31.8715227787,32.0241548890,31.2228354002,31.6902732849,101466300
2024-10-11,31.1655938913,32.1004695677,31.0034238824,31.8333606720,80108800
2024-10-14,31.3850082047,32.0718508627,31.1083613752,31.2323760986,94628100
2024-10-15,30.4501343642,30.5169106834,29.5438796397,29.6678943634,130081500
2024-10-16,30.1067120356,30.4596749288,30.0399357146,30.1925678253,54401700
2024-10-17,29.6011167798,29.6201944277,29.2386141776,29.4294052124,68374500
2024-10-18,30.9557304461,30.9748099150,30.5836899008,30.6886215210,95862500
2024-10-21,30.2211867233,30.4310554185,30.0399354113,30.2784233093,42006300
2024-10-22,30.3165815963,30.7744760944,30.2975021282,30.5169105530,48538400
2024-10-23,30.8603319253,30.8794113934,30.3738182243,30.4501342773,33813200
2024-10-24,30.3356590700,30.4501340585,30.0113153920,30.2688827515,39802900
2024-10-25,30.5455306727,30.6218449084,30.2593441010,30.2593441010,29534300
2024-10-28,30.4119770980,30.8889547315,30.3833597137,30.7840194702,41390700
2024-10-29,30.9938884668,31.0034263815,30.5073711227,30.5646095276,42026100
2024-10-30,29.9636180237,30.3165808976,29.8968417064,30.1734867096,29217600
2024-10-31,30.1067104340,30.1448693694,29.7823667611,30.1067104340,28257800
2024-11-01,30.4119749043,30.5169101581,30.1734870145,30.2211856842,26861800
2024-11-04,30.5073706451,30.8126348551,30.3928974761,30.4024372101,49254600
2024-11-05,31.1465177949,31.2705288692,30.9461852151,31.1369762421,49509800
2024-11-06,30.0971709626,30.4692133079,29.8109862227,30.2211856842,89205700
2024-11-07,31.5662575216,32.0718506880,31.4422427988,31.8810596466,120391100
2024-11-08,30.4787550182,30.6600045161,29.8873042126,30.0208568573,154495900
2024-11-11,30.1925684402,30.2116479093,29.9636202695,30.0208568573,28330000
2024-11-12,29.1813813347,29.3053942495,28.8093407707,28.9142742157,91688500
2024-11-13,29.1623005554,29.2004594933,28.8284171265,28.8761157990,35393100
2024-11-14,28.7902587977,28.8379556486,28.4754548510,28.5708503723,42048600
2024-11-15,28.7711783751,28.8093373102,28.5994668064,28.7616386414,32416100
2024-11-18,29.1050642514,29.3149329536,29.0478276635,29.3053932190,38681500
2024-11-19,29.0287461701,29.0859827541,28.9524301184,28.9905872345,22523600
2024-11-20,29.0955243969,29.1813801882,29.0192083401,29.1241436005,35646500
2024-11-21,28.9333512569,29.0192070444,28.8474954694,28.9524307251,22478000
2024-11-22,28.3037431028,28.3705194214,28.2178873160,28.3228225708,53262300
2024-11-25,28.2178881366,28.3895997150,28.1511118160,28.3323631287,24744100
2024-11-26,28.3323618238,28.3609792059,28.0080181505,28.1606502533,22186000
2024-11-27,28.9142742157,29.0287492151,28.8093407707,28.9142742157,43782000
2024-11-29,28.6662465665,28.9238139506,28.5231541819,28.9142742157,23104600
2024-12-02,28.9333529022,29.0096689599,28.7330239330,28.9715118408,25058400
2024-12-03,29.0478269820,29.2576956792,29.0287475133,29.0955238342,34867900
2024-12-04,29.1718391952,29.1718391952,28.8188763106,28.8856544495,46481600
2024-12-05,28.9524323715,29.1050644869,28.9333529022,28.9715118408,27663000
2024-12-06,29.4771051053,29.5534211632,29.3340127243,29.3530921936,27635500
2024-12-09,31.4136271307,32.1958671678,31.3468508084,31.7665882111,181398000
2024-12-10,30.4978331341,30.6123081310,30.2879644293,30.3165836334,93050100
2024-12-11,30.0113179455,30.0685563544,29.8300684426,30.0303974152,36810600
2024-12-12,30.0399349821,30.2688831425,29.9159220775,30.0494747162,28552400
2024-12-13,29.7060514803,29.7155912144,29.4389462036,29.6678943634,45698900
2024-12-16,29.2576953727,29.4580243335,29.1813793182,29.1813793182,38044500
2024-12-17,29.3663098894,29.7342351495,29.3082168160,29.6955070496,45801800
2024-12-18,29.5502729396,29.6567765977,29.0467947212,29.0952053070,35935300
2024-12-19,29.3953589899,29.4631345537,29.2404428878,29.2791709900,24070600
2024-12-20,29.2210770107,29.5793197931,29.1726645761,29.4534511566,28389000
2024-12-23,29.5309099196,29.7923315326,29.4534518691,29.7245559692,24155100
2024-12-24,30.0247033629,30.1408895064,29.9472453184,30.1021614075,20218100
2024-12-26,29.9956573576,30.3635844720,29.9666117437,30.1312103271,23393200
2024-12-27,29.8697872162,29.9375627742,29.7632817126,29.8697872162,23765500
2024-12-30,29.7535991078,29.7923290532,29.4921775165,29.5212249756,26100700
2024-12-31,29.5405920298,29.6180500793,29.3953584178,29.4728164673,22893300
2025-01-02,29.0952065484,29.1726645971,28.9209273239,28.9402904510,40394200
2025-01-03,29.2985336067,29.4244022369,29.2113930754,29.4244022369,28060800
2025-01-06,29.5212264510,29.6567775732,28.9596551418,29.0371131897,48937300
2025-01-07,28.8531484632,28.9499714808,28.6498217881,28.6788692474,33611300
2025-01-08,28.4271311986,28.5917297807,28.3109432037,28.5723648071,27248500
2025-01-10,28.0979334911,28.1076159777,27.7203239001,27.7396888733,58206400
2025-01-13,27.7784192125,27.9623809206,27.7396892655,27.8752422333,28062300
2025-01-14,28.5530012417,28.6304592932,28.4174501133,28.4852256775,46306600
2025-01-15,28.8628322379,28.9112446722,28.6885511676,28.8725147247,31613300
2025-01-16,28.8918808210,28.9402914105,28.7950577952,28.8821983337,20134000
2025-01-17,29.0855266630,29.7342366834,29.0274317399,29.4437694550,59696000
2025-01-21,29.8891524686,29.9472455407,29.5599553152,29.7729644775,35805700
2025-01-22,29.5599575043,29.6277330679,27.5073163871,29.5599575043,27859600
2025-01-23,29.4631320721,29.6277306475,29.3566265684,29.5890007019,22683400
2025-01-24,30.0150217104,30.3635838438,29.9181986904,30.3248538971,54730900
2025-01-27,30.6443692975,30.7411923198,30.4023126651,30.5959587097,54333200
2025-01-28,30.5475463130,30.9445190430,30.2183491448,30.9445190430,48279000
2025-01-29,31.1672115037,31.3221276049,30.7605581231,30.8186511993,49031500
2025-01-30,30.9057906438,31.7965591176,30.3248543615,31.5545024872,77522000
2025-01-31,31.5060920358,31.5448219833,30.7992852685,30.8767433167,80091000
2025-02-03,30.3345370961,31.0703894802,30.2183491000,30.7121448517,50166400
2025-02-04,31.3318108369,31.6997379493,31.2059403548,31.4383163452,57845400
2025-02-05,31.0316600894,31.1284849602,30.8961089638,30.9154739380,43692700
2025-02-06,31.3705424176,31.4383179821,31.1768963644,31.2543525696,35769800
2025-02-07,31.8740137328,32.1741652692,31.5738658898,31.6900520325,85505200
2025-02-10,32.3871801387,32.9100233832,32.2128990573,32.5517768860,56515200
2025-02-11,32.2322633909,32.5130499826,32.0773472875,32.2806739807,44741600
2025-02-12,32.6776475976,33.2682664118,32.5420964652,33.0843009949,60657100
2025-02-13,32.4549548829,33.0939842677,32.3774949849,33.0746192932,40709500
2025-02-14,34.1009397019,34.1590309301,33.7136476110,33.9266586304,76123800
2025-02-18,34.4398159128,34.4398159128,33.9557026684,34.1783943176,85086500
2025-02-19,34.0912564345,34.1396670240,33.8007892040,33.9363403320,45952200
2025-02-20,34.4882286804,35.1078930815,34.1396665314,34.5947341919,79891700
2025-02-21,35.1950333112,35.6307359936,34.8948854471,35.0885314941,81843200
2025-02-24,34.6625118608,34.6915611706,33.8782506714,33.9169769287,83975400
2025-02-25,34.3429960955,34.3817223495,34.0137989285,34.2558555603,39151500
2025-02-26,35.4274124429,35.6501041240,35.1272608588,35.2821769714,72783000
2025-02-27,35.0207500474,35.2918559736,34.7012372292,34.9045639038,58708500
2025-02-28,33.9750712740,34.1783979720,33.7911095511,34.1106224060,60759700
2025-03-03,34.0718884102,34.1493483013,33.2876273274,33.4134941101,55795100
2025-03-04,33.6749176632,34.2364908257,33.4231803896,33.9266586304,66689400
2025-03-05,34.8271101288,35.7275611143,34.6915590030,35.6210556030,102267400
2025-03-06,36.1245348604,36.2988159395,35.6113722638,35.7953376770,64613500
2025-03-07,35.8824770311,36.2019898698,35.5629604989,35.7856521606,37635400
2025-03-10,35.0498019545,35.2724936184,34.5656886780,34.8271102905,80384700
2025-03-11,35.4564524798,35.6888284589,35.0110691877,35.2337608337,64643800
2025-03-12,35.2143990015,35.2724939249,34.8077456187,35.1950340271,33583300
2025-03-13,34.9142474693,35.5920030363,34.8948824969,35.4274063110,37666000
2025-03-14,36.4053145048,36.5311849826,36.2019878286,36.4634094238,51075900
2025-03-17,36.4053182788,37.3735448681,36.3859569973,37.3251342773,55266100
2025-03-18,37.4800475748,37.4994125483,37.0927591842,37.2670402527,42261700
2025-03-19,37.4897331599,37.4994138002,37.0056198854,37.1121253967,33290200
2025-03-20,36.0761189783,36.3084949713,35.9792978025,36.0470733643,67297600
2025-03-21,35.3209051216,35.5339161507,35.2047189665,35.3983650208,51625400
2025-03-24,35.7275590828,35.7662853354,35.4467725132,35.5048637390,38216100
2025-03-25,35.3015416300,35.5532826193,35.0982149266,35.1466255188,32355000
2025-03-26,35.1175765991,35.3693138712,34.8948849410,35.1175765991,31562800
2025-03-27,35.2143977028,35.6694653517,35.1756714488,35.5145492554,36416800
2025-03-28,34.9626621576,34.9820271323,34.6044193596,34.7012405396,52060200
2025-03-31,34.4107733062,34.7593354636,34.2461728681,34.7012405396,29370400
2025-04-01,34.5560075421,34.7496536093,34.3623651684,34.6237831116,28414000
2025-04-02,34.5753671470,34.6237777330,34.3042649112,34.4107704163,33888400
2025-04-03,33.8104697809,34.2074462172,33.8104697809,34.1009407043,41958000
2025-04-04,32.2225770569,32.4743180178,31.0800694802,31.6997375488,161349400
2025-04-07,29.6180506168,31.0413448419,28.6885521590,29.0467967987,210512100
2025-04-08,30.3732680892,30.4023137041,28.2818970144,28.6498241425,121952800
2025-04-09,29.7051896275,30.9154727652,29.2017113990,30.6734161377,158085000
2025-04-10,30.8283321756,31.0510238293,30.0343867341,30.5572280884,95454000
2025-04-11,31.3027641558,31.9417934907,31.0122932544,31.8933792114,84183900
2025-04-14,32.2419397157,32.6679617131,32.1451185491,32.3097152710,51602300
2025-04-15,32.1935308690,32.3097170139,32.0386147780,32.1257553101,33180000
2025-04-16,31.5157745121,31.7578311576,31.1962616606,31.3899040222,50834000
2025-04-17,31.8256045702,31.9417944115,31.3705406189,31.3705406189,42802600
2025-04-21,31.5157756986,31.5641862909,31.0994379571,31.3995895386,39561500
2025-04-22,32.1935315342,32.6776447903,32.1160716403,32.3968582153,64714600
2025-04-23,32.9681152216,33.3554073417,32.7551078796,32.7551078796,52320200
2025-04-24,32.7744660083,33.1133475042,32.6679641944,33.0262069702,36441900
2025-04-25,32.8325616573,32.9777971149,32.7357404811,32.9003372192,23063200
2025-04-28,32.8712900368,33.0068411543,32.7647845321,32.9197006226,17030000
2025-04-29,32.7744657318,32.8712905985,32.7260551453,32.7260551453,19920800
2025-04-30,32.8131986005,32.8616091913,32.5227313617,32.7841529846,29034700
2025-05-01,32.8035139740,32.8616051986,32.6292329132,32.7163734436,22206300
2025-05-02,33.8491994684,33.8782487767,33.5200022921,33.8007888794,59597600
2025-05-05,33.6749177221,33.9169743560,33.6555527482,33.7620582581,24651700
2025-05-06,34.0718931256,34.3429990883,34.0428475091,34.1493530273,36558800
2025-05-07,33.6361888912,33.6555501702,33.3747673035,33.3747673035,44470200
2025-05-08,33.8976086490,34.0331634636,33.6265064069,33.8879280090,37731300
2025-05-09,34.0137986686,34.0718898959,33.7233314514,33.7233314514,30396700
2025-05-12,34.9239316317,34.9723422208,34.6237800692,34.8948860168,55941100
2025-05-13,34.4785492183,34.8077464043,34.3623630625,34.6044197083,34713600
2025-05-14,35.2337634235,35.3015389863,35.0013911208,35.1563072205,35247800
2025-05-15,34.7012419528,34.7399719038,34.4398203241,34.6141014099,43594800
2025-05-16,34.5850549623,34.6237812188,34.4301388557,34.5075950623,26772900
2025-05-19,34.3720418013,34.7302845830,34.3333118536,34.7206039429,19353800
2025-05-20,35.0013892708,35.1078910828,34.9045644053,35.1078910828,26034500
2025-05-21,35.2724955334,35.3886816919,34.8561577976,34.9432983398,40126800
2025-05-22,34.7690124512,34.8658336209,34.6818719210,34.7690124512,24597700
2025-05-23,34.6528292155,34.8852015199,34.6237799074,34.8271102905,27095300
2025-05-27,34.4785487750,34.5463243395,34.3914082359,34.4688644409,32810800
2025-05-28,34.2945814828,34.2945814828,34.1203041077,34.1203041077,27161900
2025-05-29,34.6915582219,34.7206038358,34.3914066690,34.4882278442,34182200
2025-05-30,34.0331634636,34.0525247436,33.6846013274,33.8879280090,62721000
2025-06-02,34.0234799541,34.2364909744,33.9072938037,34.2268066406,33125300
2025-06-03,34.6431452914,34.6915595745,34.4882291889,34.5656890869,32666200
2025-06-04,34.9045652401,35.2337624040,34.8658352929,35.2143974304,41079500
2025-06-05,35.5435969530,35.6597868022,35.2724946919,35.4661407471,43461600
2025-06-06,35.1756690566,35.4370869505,35.0691635551,35.4274063110,32956700
2025-06-09,35.7178725775,35.9405642142,35.6791426336,35.8824729919,30061700
2025-06-10,35.9696161028,36.0470723025,35.7372401167,36.0373916626,37896300
2025-06-11,36.3569065656,36.4246821293,36.1729448490,36.2213554382,31361700
2025-06-12,36.0858028028,36.1535783636,35.9986622683,36.0761184692,36102200
2025-06-13,35.4564546784,35.6113707763,35.3305878882,35.4177284241,41925400
2025-06-16,36.0058746338,36.2808061527,35.9469636799,36.0058746338,35202000
2025-06-17,35.8389573098,35.8880510228,35.5836677551,35.5836677551,29832200
2025-06-18,35.2890966629,35.3283731301,35.0730835850,35.1025390625,28424300
2025-06-20,35.1909094171,35.2007266611,34.8668841800,34.8767051697,26191700
2025-06-23,35.2007292467,35.4363843224,35.0927245721,35.4265670776,33957600
2025-06-24,35.9666037481,36.4280891418,35.8978718013,36.4280891418,46304900
2025-06-25,36.4673660255,36.4968215043,36.3200848859,36.3888168335,18018400
2025-06-26,36.3593566788,36.6146499740,36.2611692549,36.4870033264,24517700
2025-06-27,36.1629831138,36.2709877857,36.0255154715,36.1433448792,27903600
2025-06-30,35.8487736068,36.1138841444,35.7309479497,36.0942459106,20096900
2025-07-01,36.0255152991,36.2513493775,36.0156980547,36.1629829407,22972800
2025-07-02,35.9567845597,36.0353375004,35.8291416495,36.0255165100,27680900
2025-07-03,35.6425765095,35.7604021625,35.5640273228,35.6131210327,19394200
2025-07-07,35.6229379336,35.9175076815,35.5934824571,35.6523971558,20175200
2025-07-08,36.0058782748,36.1237076859,35.8684143743,36.0255165100,25176800
2025-07-09,35.6916691135,35.6916691135,35.4265623391,35.5247497559,29920500
2025-07-10,35.7800400555,35.8684102307,35.6032997050,35.8585929871,17221100
2025-07-11,35.9175080295,35.9862399725,35.7800403978,35.8193168640,15148300
2025-07-14,36.0451527767,36.2513486163,35.9862418200,36.2415313721,23708600
2025-07-15,36.6735641897,36.9975894596,36.4379128532,36.9583129883,45494200
2025-07-16,36.6342873434,36.8012067092,36.4870024654,36.7913894653,22401600
2025-07-17,36.5262778431,36.9190312634,36.4968186210,36.9092140198,18014900
2025-07-18,37.4001601286,37.6652706645,37.3412454276,37.3707046509,43043500
2025-07-21,37.5081690534,37.7241821354,37.3510669277,37.5179862976,25259500
2025-07-22,37.7438213424,38.0678465921,37.6259956814,38.0383911133,26390500
2025-07-23,38.3133196401,38.4213280587,38.2347667008,38.3722343445,31806200
2025-07-24,38.3624111587,38.4311431038,38.1463943338,38.1954917908,17800200
2025-07-25,37.8518286671,37.9696543247,37.7340030095,37.9500198364,21767800
2025-07-28,37.9598366707,38.0089303821,37.6947261348,37.7830963135,15764600
2025-07-29,37.9303835944,37.9402008391,37.5081709082,37.5278091431,26410800
2025-07-30,37.2823331298,37.4099760255,37.0270398470,37.0957717896,37056800
2025-07-31,36.6539277013,36.9092172596,36.5655575185,36.7619323730,36901900
2025-08-01,36.3102640811,36.3593577945,35.9960598202,36.1629829407,33791100
2025-08-04,36.8699386535,36.9484915873,36.6539255768,36.7913894653,30243000
2025-08-05,37.0957768922,37.1546915992,36.9288575076,36.9583129883,16471100
2025-08-06,37.0172244551,37.1252328689,36.8012076275,37.1055946350,26247400
2025-08-07,37.1939633678,37.2823335442,36.9386700822,37.0564994812,16210100
2025-08-08,36.9092170736,36.9975872559,36.8404851257,36.9877662659,12053000
2025-08-11,36.8012079869,36.9092164018,36.5262802004,36.6539268494,27626800
2025-08-12,36.8601228345,37.3117909843,36.8404846003,37.2528762817,34365900
2025-08-13,38.1758537244,38.3820495605,38.1660327347,38.3820495605,60160700
2025-08-14,37.7241828892,37.8518295394,37.5474462715,37.6456336975,44954600
2025-08-15,37.6947274105,37.7830975921,37.5965399845,37.6456336975,27930600
2025-08-18,37.8812904358,37.9892951109,37.8125547398,37.8812904358,21745000
2025-08-19,37.8027369404,37.8714688897,37.4492562035,37.5278091431,28185100
2025-08-20,37.6947285046,37.7830986888,37.5081708916,37.7340049744,18023300
2025-08-21,37.5572651244,37.7438227400,37.5474478797,37.6750907898,17821400
2025-08-22,38.0089311832,38.5882459786,37.9500202266,38.5293350220,39558400
2025-08-25,38.5980678349,38.8631783823,38.4213274699,38.4311447144,31399800
2025-08-26,38.6177053755,38.7060718108,38.4704204921,38.5096969604,22671700
2025-08-27,37.5474473780,37.5670818672,37.3510687746,37.5278091431,51266700
2025-08-28,37.5179888754,37.9009250992,37.4590779152,37.8616523743,30254300
2025-08-29,37.9794767420,38.3133192390,37.9107447937,38.2053108215,43494000
2025-09-02,38.0187519347,38.5489692688,37.9303817548,38.5489692688,27069300
2025-09-03,38.1856725869,38.3034982489,38.0482086903,38.2053108215,25419300
2025-09-04,37.6456319106,37.7143638547,37.3903423678,37.6358146667,31584300
2025-09-05,38.2445855022,38.2838619696,37.9500194881,38.1954917908,26098800
2025-09-08,38.5293369632,38.7257118225,38.4213285432,38.7257118225,32508400
2025-09-09,39.0791897105,39.3443002460,39.0399132432,39.2461128235,37238800
2025-09-10,39.3541215863,39.3737560745,38.9908198794,39.0006408691,26132300
2025-09-11,39.4130309941,40.0021667480,39.3933927610,40.0021667480,45104200
2025-09-12,39.8647032829,39.9236179882,39.6683284233,39.7566986084,19860500
2025-09-15,40.1396340446,40.1592722793,39.9530726878,40.0414428711,31004200
2025-09-16,39.9236166795,40.3556466002,39.8156082629,40.3065528870,23170800
2025-09-17,40.8858682457,40.9742384290,40.5913022164,40.8662300110,34303200
2025-09-18,40.2083633350,40.4636528779,40.1396313909,40.3360099792,36182900
2025-09-19,40.4341968133,40.6207544095,40.1887245178,40.1887245178,33890200
2025-09-22,39.9628929990,40.0610804252,39.8156081141,39.9137992859,25541100
2025-09-23,39.5701350027,39.7075988949,39.3737564087,39.3737564087,23445400
2025-09-24,39.8254297952,40.0905403453,39.7566978466,39.8352470398,35307500
2025-09-25,39.9334335327,40.0218037140,39.7272376916,39.9334335327,21546900
2025-09-26,39.5308584247,39.6781433062,39.3737562990,39.5995941162,21841300
2025-09-29,40.2378234863,40.3458319098,40.1199978179,40.2378234863,24254300
2025-09-30,40.6109371678,40.6600308777,40.2869119398,40.3949203491,29827500
2025-10-01,40.4538367277,40.6796707994,40.4047430156,40.6305770874,26764900
2025-10-02,41.1706139497,41.2393458932,40.9055034195,40.9938735962,32022400
2025-10-03,40.8171342759,40.8760489771,40.5814829624,40.6698493958,24482200
2025-10-06,40.4538365561,40.7974962844,40.4243773325,40.6502151489,16610900
2025-10-07,40.7189455750,40.7385838081,40.1101715854,40.1887245178,26990100
2025-10-08,40.1887272260,40.3261911214,40.0021696172,40.3065528870,25431600
2025-10-09,40.3851069022,40.4047451371,39.6781454260,39.7763328552,45824800
2025-10-10,39.6977804793,39.9628910116,37.4296150890,37.6358146667,146013600
2025-10-13,39.0300961095,39.0791898209,38.7060708722,38.8140792847,71314400
2025-10-14,38.3722314574,39.0497336521,38.3133167574,38.6864356995,41027800
2025-10-15,39.1381040008,39.3050233664,38.8140787678,39.0791893005,29502800
2025-10-16,39.3246618400,39.5308576737,39.1479214838,39.2657508850,25051400
2025-10-17,38.6962551097,39.3344846191,38.6667996308,39.2755699158,43076800
2025-10-20,39.1872010279,39.8254305584,39.1184690779,39.7566986084,40080900
2025-10-21,39.3835750223,39.3933922659,39.1577409638,39.2166519165,35064300
2025-10-22,39.0595516525,39.2853857218,38.6766154591,39.0202789307,25768600
2025-10-23,39.4719467139,39.8548829038,39.4228530029,39.6781425476,30021800
2025-10-24,39.9236173968,39.9628938664,39.7763325087,39.8156089783,20969600
2025-10-27,40.3752827004,40.4341974006,40.2672742896,40.3360099792,27399000
2025-10-28,39.9334299666,40.1690850109,39.8254253064,40.1199913025,28787100
2025-10-29,40.3949238330,40.4931150071,40.0021703737,40.2280044556,32970500
2025-10-30,39.4523108565,39.6683276928,39.3443024383,39.4228553772,35664700
2025-10-31,38.8140814709,39.0791920221,38.6471620937,38.9908218384,32012200
2025-11-03,39.1577439204,39.1773821546,38.9220888548,39.1086502075,21839200
2025-11-04,38.6667995972,38.9515446322,38.5686084251,38.6569786072,23252400
2025-11-05,38.8337191888,39.1479234500,38.7846254753,39.0497360229,19156100
2025-11-06,39.5603174124,39.7468750150,39.2657513967,39.4130325317,31541500
2025-11-07,38.9417241488,39.2362901493,38.7649837994,39.2166519165,28679700
2025-11-10,39.8548854323,40.0610812791,39.6977832997,40.0218048096,35660200
2025-11-11,40.0905405041,40.1985451770,39.9825320856,40.0218048096,21097200
2025-11-12,40.2083667411,40.2181839858,39.9628944213,40.1690902710,20611900
2025-11-13,40.4440166312,40.4734758556,39.7665144010,39.9137992859,30309900
2025-11-14,39.4130327041,39.8352453685,39.1675603990,39.3933944702,44898700
2025-11-17,39.1184650086,39.3246608371,38.8140780150,38.9515419006,33870400
2025-11-18,38.5096999843,38.9122744520,38.4704235129,38.7944450378,32116600
2025-11-19,38.5391553406,38.6078872925,38.3035002586,38.4016914368,32477700
2025-11-20,38.5784309296,38.7355330655,37.8616522006,37.8812904358,38244300
2025-11-21,37.6063538447,38.2053068279,37.4590727190,38.0187492371,38856600
2025-11-24,38.4016892229,38.6766170147,38.3722337439,38.6373405457,34365500
2025-11-25,38.9613654373,39.0104591503,38.7257103710,38.8828125000,30123900
2025-11-26,38.7355315448,38.8926336745,38.1856722181,38.6569786072,30425300
2025-11-28,38.7158918619,38.9024494634,38.6962536282,38.8140792847,11699800
2025-12-01,38.7748074854,39.0988289848,38.7649864955,38.9220886230,20355200
2025-12-02,38.8140796985,38.8239006882,38.5587901492,38.7748069763,16635200
2025-12-03,38.2642228077,38.5096951044,38.2347635851,38.4998741150,27072600
2025-12-04,38.6569791958,38.6864384207,38.4998770637,38.5980682373,17482200
2025-12-05,39.1871988114,39.2853862356,39.0693731532,39.1675605774,30296800
2025-12-08,38.8042626269,38.8140798711,38.5784285546,38.7551689148,27835900
2025-12-09,38.0187521201,38.1758542468,37.9500201738,38.1169395447,40304100
2025-12-10,38.2642239035,38.5293344410,38.1856709684,38.3820495605,26145600
2025-12-11,38.2936784556,38.5391507534,38.1562145681,38.4802360535,17964700
2025-12-12,38.7158940896,38.8042642735,38.1954939768,38.3722343445,29147000
2025-12-15,38.3034979141,38.3231361485,38.0089318888,38.0383911133,39067000
2025-12-16,37.5778479025,37.6969525390,37.3991890546,37.6771011353,42610700
2025-12-17,38.0344192130,38.1138248290,37.5679206848,37.5679206848,36203400
2025-12-18,38.0542679722,38.2031515986,37.8954605375,37.9252357483,31528300
2025-12-19,38.1535209052,38.4215091590,38.1138218865,38.3123283386,30036600
2025-12-22,38.2627040655,38.4314391036,38.1932260457,38.3421096802,15893200
2025-12-23,38.0939714146,38.2527788519,37.9351639773,38.2428512573,19173600
2025-12-24,38.2329277304,38.3421085543,38.2031525189,38.2627029419,7330700
2025-12-26,38.4016604447,38.6597249085,38.3421100194,38.6398735046,19516000
2025-12-29,37.9550145687,38.2130752290,37.9351631662,38.1833000183,27921200
2025-12-30,38.4810662544,38.5306928711,38.3123312139,38.3818092346,18122600
2025-12-31,38.1138233111,38.1336709280,37.9053854705,38.0046424866,15517700
