Date,Open,High,Low,Close,Volume
2013-01-02,12.549234791211983,12.80361160011171,12.506839105640209,12.78947925567627,10226100.0
2013-01-03,12.90960092792447,12.930798095923608,12.725884501436521,12.7824125289917,13148600.0
2013-01-04,12.789479685473408,12.803612030383771,12.662291276749311,12.69055461883545,7464200.0
2013-01-07,12.61989678035136,12.61989678035136,12.485642186506105,12.506840705871582,9429900.0
2013-01-08,12.513901570157289,12.520967741042416,12.365516024772479,12.393780708312988,8112900.0
2013-01-09,12.549232424582927,12.669354634161516,12.294855663655492,12.393780708312988,12977400.0
2013-01-10,12.584561561944213,12.874267821060736,12.499770209279708,12.846004486083984,15772200.0
2013-01-11,12.775349115427126,12.860141848934873,12.662293035906647,12.824810981750488,12556600.0
2013-01-14,12.83187624346252,12.860140935201779,12.648159790361388,12.725886344909668,8392500.0
2013-01-15,12.634026128216414,12.676423161408167,12.556300929500612,12.641092300415039,12064700.0
2013-01-16,12.549234142624217,12.61282834156238,12.542167970771702,12.577497482299805,8976600.0
2013-01-17,12.789481268082596,12.966131558117619,12.711754709192064,12.90253734588623,11372400.0
2013-01-18,12.867204204545553,12.867204204545553,12.711752461980348,12.817742347717285,12608400.0
2013-01-22,12.789480112673804,12.831875801086426,12.711753560805132,12.831875801086426,11338900.0
2013-01-23,12.824811336716156,12.937867419365807,12.803614163553606,12.9096040725708,9210500.0
2013-01-24,12.74708443927871,12.768281609642678,12.570434164994259,12.584565162658691,8766400.0
2013-01-25,12.542170524597168,12.57043521776246,12.414982100822847,12.542170524597168,9410300.0
2013-01-28,12.506841404821149,12.506841404821149,12.372586803473025,12.379652976989746,13755500.0
2013-01-29,12.556302470673357,12.626962853597997,12.485642087748717,12.549236297607422,10022400.0
2013-01-30,12.5068384592436,12.61282834156238,12.45031043215795,12.577497482299805,8748500.0
2013-01-31,12.570437531896342,12.626965580898617,12.52804048434339,12.535106658935547,10751300.0
2013-02-01,12.641096352789296,12.81068049671652,12.62696535159659,12.768284797668457,8979400.0
2013-02-04,12.72588749602726,12.81067888344546,12.634028587300275,12.648160934448242,5769800.0
2013-02-05,12.704683767997473,12.874267821060736,12.697617597319722,12.846004486083984,6314500.0
2013-02-06,12.888405958872916,12.916670654295737,12.711755655684852,12.747086524963379,5810300.0
2013-02-07,12.761217265714063,12.97319843387456,12.732953918600227,12.930801391601562,8194200.0
2013-02-08,12.881336800762446,13.057987063025456,12.87427062854378,13.036789894104004,9341100.0
2013-02-11,13.029720065229194,13.121577582823896,12.994389214051102,13.0579833984375,4804300.0
2013-02-12,13.001458388207539,13.093317274759936,12.95906270473269,13.072118759155273,4868400.0
2013-02-13,13.086254317647489,13.10745149072495,12.966132061847572,13.008527755737305,6487300.0
2013-02-14,13.02266020285207,13.128650112256933,12.980264508637088,13.121583938598633,5087900.0
2013-02-15,13.107451846414454,13.14278271539366,13.065056151374254,13.093320846557617,5266400.0
2013-02-19,13.185177713351594,13.538478298056052,13.15691436739732,13.531412124633789,11089400.0
2013-02-20,13.559673598755417,13.602069281487914,13.326495322125004,13.347692489624023,9250100.0
2013-02-21,13.312364057685603,13.361825916171782,13.163977134492502,13.206374168395996,7048100.0
2013-02-22,13.192243186772975,13.425421506395724,13.185177013725655,13.354761123657227,8572300.0
2013-02-25,13.262903530164008,13.291166874534735,12.89547061920166,12.89547061920166,11474200.0
2013-02-26,12.761215436943143,12.768281609642678,12.49977378573355,12.584565162658691,18927900.0
2013-02-27,12.718816109352973,12.980259033492745,12.711749938675222,12.846004486083984,15507300.0
2013-02-28,12.9378663096251,13.072120901656477,12.803613065328422,12.89547061920166,9086700.0
2013-03-01,12.838942582725506,12.966131001730526,12.768282200196639,12.89547061920166,8703200.0
2013-03-04,12.641092088910884,12.838940863958479,12.634025916830486,12.817742347717285,10449900.0
2013-03-05,13.001456745026926,13.008522916002095,12.90253304684319,12.951994895935059,8628300.0
2013-03-06,12.923733026438269,13.022656735848512,12.775346114588444,12.803610801696777,9243600.0
2013-03-07,12.838940242729503,12.895468268902988,12.704685675167058,12.75414752960205,12116900.0
2013-03-08,12.83894413888151,12.853076486647147,12.570436270008713,12.655227661132812,9194700.0
2013-03-11,12.62696062037771,12.634025444459445,12.506838394971203,12.52096939086914,8261800.0
2013-03-12,12.577497974723332,12.648158348280447,12.506838948900745,12.528036117553711,6289800.0
2013-03-13,12.725884836648119,12.754148177302946,12.648158291311928,12.718818664550781,9987400.0
2013-03-14,12.75414752960205,12.82480789925252,12.61989430977406,12.75414752960205,7771400.0
2013-03-15,12.62696731766191,12.655230672183002,12.443250796201667,12.464447975158691,13988800.0
2013-03-18,12.330188715523564,12.330188715523564,12.15353845511626,12.181801795959473,13773100.0
2013-03-19,12.160606998294472,12.181805521210384,12.012221381087922,12.06874942779541,12270900.0
2013-03-20,12.11114102566068,12.245395596539627,12.082877685742975,12.188867568969727,10920000.0
2013-03-21,12.089948113569841,12.089948113569841,11.920363971162987,11.934494972229004,8847800.0
2013-03-22,11.94862283393191,12.075811229907396,11.927424318691177,12.061678886413574,5857700.0
2013-03-25,12.118209991605628,12.160605685124384,11.962758216880326,11.976890563964844,8533300.0
2013-03-26,12.005150860172742,12.089943573401218,11.976887520919554,12.061678886413574,8555300.0
2013-03-27,12.01928625735666,12.195936552706872,11.991021563187923,12.132342338562012,10581000.0
2013-03-28,12.089946796943932,12.160605837783953,12.033418755631027,12.146474838256836,11994500.0
2013-04-01,12.160606998294472,12.203004044126294,12.033419904003834,12.06874942779541,10849200.0
2013-04-02,12.104077746294708,12.174738134576627,12.061682052419481,12.089946746826172,10203600.0
2013-04-03,12.07581526522462,12.09701378754916,11.764910343139212,11.82850456237793,15742400.0
2013-04-04,11.821436139564524,11.899162692234249,11.7649081051869,11.892096519470215,11240200.0
2013-04-05,11.694248459747559,11.856767748058195,11.64478659502748,11.821436882019043,11192000.0
2013-04-08,11.73664624886964,11.913296547147704,11.701315380573137,11.899164199829102,9706100.0
2013-04-09,11.779041747985989,12.061681951002356,11.779041747985989,11.976890563964844,10358700.0
2013-04-10,12.047549755158142,12.188870532307812,11.983955540214273,12.146474838256836,12085500.0
2013-04-11,12.252466201782227,12.379654646768923,12.160607281409623,12.252466201782227,8494300.0
2013-04-12,12.181801305420784,12.27366019186493,12.082877594851219,12.231263160705566,7375800.0
2013-04-15,12.026353891700401,12.132343812237815,11.927428797828513,11.934494972229004,9138100.0
2013-04-16,12.111141422249645,12.217132656681652,12.097010425695306,12.181801795959473,9856000.0
2013-04-17,12.082881776406017,12.1323436488082,12.00515520678262,12.06874942779541,21226100.0
2013-04-18,12.817745365514405,12.951999971181703,12.641095065117636,12.67642593383789,24337500.0
2013-04-19,13.149847289942791,13.411288949918895,13.107450252323952,13.284100532531738,21119200.0
2013-04-22,13.163976297973194,13.262901356393813,12.96612887660091,13.072118759155273,20376200.0
2013-04-23,12.959060754303477,13.07918296251505,12.81067386287305,12.916665077209473,21663000.0
2013-04-24,12.888400537867483,13.093315450288864,12.867202025216699,13.0297212600708,10201900.0
2013-04-25,13.072119589837394,13.206374168395996,13.050921072885647,13.206374168395996,15245700.0
2013-04-26,13.213443105617223,13.291168321901782,13.065056151374254,13.093320846557617,7028200.0
2013-04-29,13.171042329293563,13.32649541326664,13.15691133344239,13.305296897888184,7825300.0
2013-04-30,13.32649521130764,13.573804481636067,13.29823052456471,13.48194694519043,12088600.0
2013-05-01,13.503149032592773,13.54554472618878,13.446620991886498,13.503149032592773,8604300.0
2013-05-02,13.517283232280295,13.80699102569197,13.517283232280295,13.799924850463867,11268200.0
2013-05-03,13.708060818673601,13.835249229975043,13.708060818673601,13.715126991271973,9254600.0
2013-05-06,13.771654986698698,13.870578707336385,13.764588814119634,13.814050674438477,5661100.0
2013-05-07,13.863516706573181,13.863516706573181,13.686866399315665,13.757525444030762,8522800.0
2013-05-08,13.990700621548154,14.329870158811698,13.934172589959994,14.280406951904297,14032800.0
2013-05-09,14.216814095635376,14.344001155907801,14.202681750804691,14.280406951904297,8912600.0
2013-05-10,14.202686751646254,14.259214803138242,14.132026350347505,14.252148628234863,7955300.0
2013-05-13,14.195614687981951,14.202680859954075,14.075492459924849,14.082558631896973,6519800.0
2013-05-14,14.110822616807026,14.167350647432412,14.03309741703122,14.05429458618164,8539100.0
2013-05-15,14.026030627987813,14.040162971956377,13.96243642786378,13.990699768066406,9222200.0
2013-05-16,13.849382847580058,13.884712366083185,13.743392944335938,13.743392944335938,10411800.0
2013-05-17,13.863517011599024,13.863517011599024,13.729262397763666,13.78579044342041,10542300.0
2013-05-20,13.891771709683566,13.89883787945718,13.665659667864215,13.686858177185059,8361000.0
2013-05-21,13.693929161219538,13.799920407783624,13.552609745358566,13.587939262390137,12950200.0
2013-05-22,13.56673977049991,13.616201624976897,13.305296806891526,13.347692489624023,12530800.0
2013-05-23,13.107453727772032,13.312368754059037,13.001463801091013,13.248774528503418,11028900.0
2013-05-24,13.248770526246167,13.333563250617381,13.178110147225928,13.326497077941895,5303600.0
2013-05-28,13.50314570336308,13.580870897836645,13.418352989342093,13.460748672485352,9106200.0
2013-05-29,13.439552335436504,13.637399767489676,13.439552335436504,13.595004081726074,13092900.0
2013-05-30,13.552608457173632,13.559674629455237,13.397155362447396,13.404221534729004,8189600.0
2013-05-31,13.36889136917653,13.36889136917653,13.16397642620544,13.185174942016602,5732400.0
2013-06-03,13.163983378844817,13.234643787800598,13.135720023903627,13.220511436462402,7736400.0
2013-06-04,13.21344012604308,13.446618417785745,13.206373953840632,13.383024215698242,10672000.0
2013-06-05,13.390089884987692,13.404220881127308,13.156911602002877,13.185174942016602,6480800.0
2013-06-06,13.178114599906765,13.241708827739021,13.072124669431366,13.14278507232666,6501100.0
2013-06-07,13.298231713051104,13.319430230002851,13.178109479127,13.206374168395996,9081200.0
2013-06-10,13.227573996984486,13.383027123748306,13.17811212855412,13.291168212890625,7479600.0
2013-06-11,13.171043586663894,13.248770136070577,13.072119867589636,13.086252212524414,6397300.0
2013-06-12,13.171041529562437,13.227569552738201,12.923732270502459,12.973194122314453,8052500.0
2013-06-13,12.838943683981066,12.937867419365807,12.711755254066507,12.9096040725708,10935400.0
2013-06-14,12.9095987677213,12.951994444359862,12.648155841692606,12.711750030517578,12849000.0
2013-06-17,12.874269823998688,12.980261052920474,12.740016603437489,12.803610801696777,9447900.0
2013-06-18,12.88840753853719,13.029728337502531,12.803616137346005,13.022662162780762,5406300.0
2013-06-19,12.930795932173451,13.04385196836579,12.711750030517578,12.711750030517578,8924900.0
2013-06-20,12.492708289189125,12.506840635353093,12.266596141504477,12.301925659179688,12639600.0
2013-06-21,12.436180651878196,12.443246825187238,12.118209591645144,12.139408111572266,23104500.0
2013-06-24,11.856766267508313,12.061679874008979,11.736644033444279,11.962756156921387,13192700.0
2013-06-25,12.146471443606128,12.414979227867162,12.11114058532544,12.38671588897705,11598600.0
2013-06-26,12.400853742817254,12.51390985637199,12.358458037168024,12.464447975158691,9187600.0
2013-06-27,12.64109356186398,12.803612843181014,12.591631699272366,12.669358253479004,12208300.0
2013-06-28,12.930799638439488,13.008526191000295,12.86014060636746,12.944931983947754,12464500.0
2013-07-01,13.142779781914902,13.192241639711016,13.015591377448006,13.036789894104004,11763500.0
2013-07-02,13.178108641709636,13.319429383605106,13.057986415418831,13.072118759155273,12477200.0
2013-07-03,13.088099125974928,13.189782025128535,13.022731152140294,13.160730361938477,6647800.0
2013-07-05,13.422202966386696,13.465782545960455,13.189784083296576,13.226099014282227,13475100.0
2013-07-08,12.979158354749707,13.015473295149752,12.761264556370909,12.78305435180664,12284200.0
2013-07-09,12.971888698120802,13.088098112533881,12.93557239028828,12.957362174987793,9364200.0
2013-07-10,13.05178180470136,13.153466081306926,12.93557239028828,12.957362174987793,8103100.0
2013-07-11,13.436727210065534,13.55293663186708,13.41493742398065,13.465780258178711,13715600.0
2013-07-12,13.494831315423435,13.538409500312168,13.298727405435844,13.393148422241211,8718400.0
2013-07-15,13.320518452523213,13.429464617729325,13.29872866535173,13.364096641540527,6033700.0
2013-07-16,13.247888867675899,13.400414626264743,13.247888867675899,13.38588809967041,5607100.0
2013-07-17,13.38588698779588,13.53841134838974,13.356833937020454,13.400413513183594,12115500.0
2013-07-18,12.732210575759016,12.753998981923456,12.15842520111273,12.209266662597656,43566600.0
2013-07-19,11.926004288362181,11.99863552908718,11.541060374910515,11.976845741271973,24303600.0
2013-07-22,11.998636833046792,12.093056486522423,11.940532111217362,12.071268081665039,18796700.0
2013-07-23,12.325473344684896,12.36178965567815,12.129370806623784,12.158422470092773,14272700.0
2013-07-24,12.398105585652782,12.507051756806485,12.318211080321396,12.361790657043457,17278700.0
2013-07-25,12.419894972104743,12.485262949746796,12.39810518444883,12.477999687194824,12460600.0
2013-07-26,12.427156265339262,12.448944664216707,12.201999317885589,12.274630546569824,14971300.0
2013-07-29,12.238317812907876,12.245581075607403,12.114845117667356,12.129371643066406,5983600.0
2013-07-30,12.361789141207923,12.441682251416879,12.267368121880672,12.325472831726074,8600400.0
2013-07-31,12.390841682963789,12.427157995023352,12.325473706582228,12.33273696899414,10546900.0
2013-08-01,12.376315720471727,12.54336658886029,12.318209625040334,12.528840065002441,15090600.0
2013-08-02,12.38357801637547,12.38357801637547,12.172948954607152,12.202000617980957,11401700.0
2013-08-05,12.158422273842739,12.245580033494113,12.064002637435543,12.216526985168457,7301600.0
2013-08-06,12.10031999032894,12.209266172757959,12.034952003806355,12.049478530883789,13470400.0
2013-08-07,11.911480510791275,11.911480510791275,11.700851387960899,11.744429588317871,17069600.0
2013-08-08,11.809792829672793,11.81705609103081,11.686320157237406,11.780739784240723,10922600.0
2013-08-09,11.729902218114084,11.817059997900303,11.715375690595396,11.773480415344238,10587800.0
2013-08-12,11.744426285700486,11.788004473802957,11.59916450425423,11.657268524169922,14971700.0
2013-08-13,11.817054748535156,11.882422708005626,11.700845350659941,11.817054748535156,16817700.0
2013-08-14,11.83158396746049,11.838845844323924,11.664531707763672,11.664531707763672,7870800.0
2013-08-15,11.584638892162388,11.68632249351458,11.533797437817725,11.620954513549805,10792600.0
2013-08-16,11.700848560131886,11.773478414731851,11.599164962768555,11.599164962768555,10987100.0
2013-08-19,11.620956392353305,11.642746184306311,11.48295783996582,11.48295783996582,6690600.0
2013-08-20,11.51200978091476,11.606429438595365,11.4829574187062,11.497483253479004,10514800.0
2013-08-21,11.453903356334195,11.5628495252791,11.40306121051877,11.439376831054688,10358700.0
2013-08-22,11.533796451674887,11.708111280897946,11.526533189485841,11.664531707763672,8432900.0
2013-08-23,11.758951385492125,11.831582613746846,11.722635078702037,11.780739784240723,7465700.0
2013-08-26,11.751688763589648,11.926002889690821,11.737162240083169,11.809793472290039,7273500.0
2013-08-27,11.671795168173924,11.737163143659858,11.57737483610122,11.606427192687988,8530100.0
2013-08-28,11.744425501836409,11.83884513397747,11.715372454823449,11.809793472290039,6967400.0
2013-08-29,11.955059168238014,12.16568968444765,11.955059168238014,12.107584953308105,9963200.0
2013-08-30,12.194739340332603,12.419894937513876,11.991372145420875,12.027687072753906,11490100.0
2013-09-03,12.390839958334412,12.514312631499973,12.21652584068753,12.274630546569824,11182100.0
2013-09-04,12.347264538611704,12.347264538611704,12.165687118926238,12.24558162689209,13726500.0
2013-09-05,12.318210681702837,12.536104402284906,12.31094880447655,12.477999687194824,7738300.0
2013-09-06,12.514315099811004,12.557894676812415,12.347264210616139,12.354527473449707,6338000.0
2013-09-09,12.427158151385488,12.594209032984397,12.412631626378884,12.565155982971191,9635300.0
2013-09-10,12.739471910365559,12.739471910365559,12.594209426413046,12.695892333984375,12162900.0
2013-09-11,12.674107632832529,12.724949101467407,12.637791308574673,12.666844367980957,7063000.0
2013-09-12,12.630524644344938,12.695892625089826,12.507051945751899,12.550631523132324,5454000.0
2013-09-13,12.536104082511205,12.59420879611914,12.507051033044416,12.586945533752441,4095700.0
2013-09-16,12.819364352336075,12.899258852820685,12.783049425929784,12.797575950622559,7962200.0
2013-09-17,12.928313356180222,12.942839884063293,12.797578761210428,12.841156959533691,5369100.0
2013-09-18,12.695890794635982,12.906521232296083,12.601471161243019,12.790311813354492,14262300.0
2013-09-19,12.841159087642419,12.884737293187708,12.768527821516154,12.78305435180664,8842600.0
2013-09-20,12.739472398787015,12.790313854521902,12.565156857230592,12.572420120239258,10964700.0
2013-09-23,12.870205042146905,12.891994827897173,12.732207221705227,12.819363594055176,10653800.0
2013-09-24,12.812103480696338,12.848419799204807,12.681367504717658,12.753998756408691,9132700.0
2013-09-25,12.659579730560532,12.688631401490873,12.528843748059064,12.57968521118164,8526900.0
2013-09-26,12.54337027618722,12.58694847524572,12.456212492744251,12.57968521118164,4675400.0
2013-09-27,12.528840617498265,12.536103879747483,12.369053003992322,12.398104667663574,7682900.0
2013-09-30,12.25284400991424,12.43442141655874,12.158422982676722,12.31821060180664,10700100.0
2013-10-01,12.419894383084145,12.659576494629382,12.412631120876638,12.652313232421875,9771900.0
2013-10-02,12.637786746434788,12.703154721175492,12.492525657819817,12.688628196716309,7562800.0
2013-10-03,12.906524788350476,12.964629513830504,12.724947348059644,12.855683326721191,10645800.0
2013-10-04,12.783052233327357,12.891998421798492,12.74673591361968,12.841156959533691,4444200.0
2013-10-07,12.783049425929784,12.899258852820685,12.695891663098788,12.797575950622559,6451300.0
2013-10-08,12.942836913706737,13.051783077174935,12.674103136173558,12.681365013122559,10981400.0
2013-10-09,12.819363535426387,12.833890059193463,12.456208753202832,12.536103248596191,16482600.0
2013-10-10,12.65957771478723,12.833891868591309,12.652314451879676,12.833891868591309,10695500.0
2013-10-11,13.00094254254227,13.160731553190605,12.950101088363521,13.138941764831543,11789100.0
2013-10-14,13.00820505771801,13.102626083188298,12.96462686883015,13.080836296081543,6662100.0
2013-10-15,13.07357468772814,13.240625587370912,13.05178489786463,13.182520866394043,11212900.0
2013-10-16,13.197040156686116,13.2914597570036,13.175250378770514,13.276934623718262,15598100.0
2013-10-17,13.255149815846254,13.589251557207195,13.204308366971814,13.545673370361328,11722200.0
2013-10-18,13.618303411884842,13.91609020233202,13.58198849025,13.857985496520996,18201700.0
2013-10-21,13.763566214859699,13.807144398981423,13.7054615075889,13.785354614257812,9149900.0
2013-10-22,13.843460681390773,13.981459894211833,13.814409017564337,13.916091918945312,9070100.0
2013-10-23,13.78535825773842,13.799884784726865,13.574729157709406,13.596517562866211,7310500.0
2013-10-24,13.65462121292403,13.67641100169511,13.494833584580027,13.567464828491211,10937800.0
2013-10-25,13.349571895472588,13.443992933804136,13.284205295899918,13.414939880371094,11326500.0
2013-10-28,13.502095065730217,13.581989562021997,13.47304201786936,13.516621589660645,4698300.0
2013-10-29,13.574729709519412,13.647360962088223,13.5020984569506,13.632834434509277,6290000.0
2013-10-30,13.618305686188178,13.734515117217594,13.4222017518289,13.494832992553711,6733800.0
2013-10-31,13.50209577674145,13.560200490197346,13.327781636373766,13.371359825134277,11222600.0
2013-11-01,13.458519460520655,13.531149323451586,13.364098422189109,13.414939880371094,6402000.0
2013-11-04,13.43672984559628,13.473044777535119,13.262415678703324,13.320520401000977,8109000.0
2013-11-05,13.167993510062837,13.197046561383463,13.102626915242903,13.131678581237793,9365500.0
2013-11-06,13.131680776996896,13.298731694046003,13.0953658420996,13.26968002319336,9934100.0
2013-11-07,13.32051833000409,13.327781592327778,13.146204190212483,13.16799259185791,10357600.0
2013-11-08,13.073573033712625,13.102626083188298,12.979153393567985,13.080836296081543,8990200.0
2013-11-11,12.957362603680208,12.964625865487017,12.862941585517243,12.87746810913086,6615000.0
2013-11-12,12.826629306316661,12.935575485229492,12.790314375120994,12.935575485229492,8571600.0
2013-11-13,12.710417318335068,12.891994708596997,12.608734423092562,12.790311813354492,12877300.0
2013-11-14,12.790313204883464,12.81936487011678,12.695892175892368,12.710418701171875,10754400.0
2013-11-15,12.804839848194376,12.906524151763511,12.739473247413601,12.826629638671875,12669700.0
2013-11-18,12.87020846909675,12.986417920056809,12.833893535168956,12.855683326721191,10210200.0
2013-11-19,12.957364934409881,12.964628197523183,12.746734460101523,12.761260986328125,8452000.0
2013-11-20,12.695891262297959,12.841153733988566,12.659576337038107,12.746732711791992,10457400.0
2013-11-21,12.579682999350862,12.601472787711893,12.245581223102745,12.361790657043457,19212800.0
2013-11-22,12.340000860923318,12.485263345920734,12.296422669554383,12.441683769226074,15826400.0
2013-11-25,12.477996903509753,12.528838344705774,12.441680598851613,12.470733642578125,9930300.0
2013-11-26,12.674103136173558,12.746732988268604,12.601471898752884,12.681365013122559,14337100.0
2013-11-27,12.826630805168884,12.870209004761168,12.717684613525178,12.768526077270508,13181100.0
2013-11-29,12.855679709035973,12.921047679971707,12.826626661808742,12.87746810913086,3991200.0
2013-12-02,12.84841828546461,12.891996477214693,12.60873615285055,12.637787818908691,12010000.0
2013-12-03,12.666837428404252,12.85567805510966,12.659574167531886,12.732205390930176,10074800.0
2013-12-04,12.688623848989321,12.819359753674382,12.674098714832763,12.739466667175293,6448500.0
2013-12-05,12.717682324888626,12.761260516638707,12.630524556062722,12.637787818908691,9852400.0
2013-12-06,12.724944712484334,12.812101089989689,12.71041818779156,12.797575950622559,6875100.0
2013-12-09,12.855682021475248,12.87020716237606,12.688629740520906,12.761260986328125,9100100.0
2013-12-10,12.666838760581337,12.703153683437057,12.579681006271896,12.615997314453125,9872100.0
2013-12-11,12.783050101421026,12.819365029746296,12.659577405659105,12.695892333984375,7899600.0
2013-12-12,12.666840400453845,12.695892065434402,12.412631751576956,12.43442153930664,10866900.0
2013-12-13,12.521578238464784,12.543368026749395,12.361790613688143,12.40536880493164,10409400.0
2013-12-16,12.427159309387205,12.521578960077097,12.419896046207091,12.427159309387207,7179800.0
2013-12-17,12.557894552272467,12.565156429708281,12.398105542170104,12.40536880493164,24563300.0
2013-12-18,12.354531369677394,12.38358304484791,12.114849161884408,12.347268104553223,16981600.0
2013-12-19,12.325469790271423,12.41262752619511,12.274628354868113,12.383574485778809,8418300.0
2013-12-20,12.29642481463978,12.448949203701472,12.252846615668721,12.34000301361084,7594000.0
2013-12-23,12.441682736965681,12.52884049779798,12.390841287032512,12.448945999145508,7667100.0
2013-12-24,12.456211723674683,12.507053183658215,12.405370263691152,12.485264778137207,2766700.0
2013-12-26,12.536104402284906,12.594209117374987,12.419894972104743,12.477999687194824,2839300.0
2013-12-27,12.507050201062041,12.550629772363267,12.470735276969908,12.536103248596191,4619200.0
2013-12-30,12.64505335732071,12.797579133882689,12.64505335732071,12.768526077270508,7808000.0
2013-12-31,12.68863277720955,12.75400077554757,12.630528043723102,12.666844367980957,7647200.0
2014-01-02,12.630524284998682,12.637787547688774,12.427158470978911,12.456210136413574,6029100.0
2014-01-03,12.405368972082272,12.46347368963175,12.289159536983316,12.310949325561523,11362700.0
2014-01-06,12.339998513853088,12.361788298055997,12.245578886291408,12.274630546569824,10370200.0
2014-01-07,12.274635234360282,12.33273996243328,12.223793770462157,12.281898498535156,13083100.0
2014-01-08,12.390842200379756,12.463473442206158,12.383578937664543,12.41263198852539,13428900.0
2014-01-09,12.325471254258002,12.339997776191574,12.100315705589162,12.17294692993164,9422200.0
2014-01-10,12.231052363489468,12.354525036655028,12.21652584068753,12.274630546569824,11148000.0
2014-01-13,12.354529754957902,12.448949418579277,12.274635234360282,12.281898498535156,10286100.0
2014-01-14,12.390842579034725,12.630524714658364,12.376317438486138,12.623261451721191,13334500.0
2014-01-15,12.695894032121045,12.8556830629065,12.659579098938478,12.753998756408691,15510900.0
2014-01-16,13.008206703463433,13.204310656257553,12.99368017688776,13.182520866394043,21768200.0
2014-01-17,13.051785777775441,13.051785777775441,12.855683197086519,12.906524658203125,14574800.0
2014-01-21,12.906518163060431,12.950096338469029,12.797572031876326,12.848413467407227,8371500.0
2014-01-22,12.906522544913484,13.059046903289254,12.870206231972332,13.044520378112793,12870700.0
2014-01-23,12.92831319457678,13.029997503161278,12.790315337390417,12.855683326721191,8872200.0
2014-01-24,12.87020716237606,12.906523477942565,12.71768279297411,12.761260986328125,12403200.0
2014-01-27,12.572419568803646,12.579682831493738,12.361790492093782,12.456210136413574,11006600.0
2014-01-28,12.485264063280937,12.53610552035349,12.383579763810026,12.46347427368164,7525700.0
2014-01-29,12.434421979293225,12.521578362644572,12.332737684949002,12.354527473449707,9378900.0
2014-01-30,12.434420860111468,12.536103759977806,12.419894335751815,12.448945999145508,7230000.0
2014-01-31,12.347265451637496,12.434423229074792,12.252845795962477,12.28916072845459,13590600.0
2014-02-03,12.361791352130595,12.427159335563516,12.114845944789735,12.180213928222656,14171700.0
2014-02-04,12.180212256688726,12.252843493349618,12.129370806623784,12.158422470092773,12321900.0
2014-02-05,12.071266046205617,12.107580971728387,11.940530097802663,11.955055236816406,14334100.0
2014-02-06,12.129373897479079,12.34000301361084,12.129373897479079,12.34000301361084,10142700.0
2014-02-07,12.427159343008618,12.543368783553255,12.405369553409322,12.46347427368164,9430700.0
2014-02-10,12.448945491319295,12.579681434571862,12.419893829110698,12.536103248596191,8003300.0
2014-02-11,12.565155705878114,12.674103255699393,12.485262590754989,12.630523681640625,9631800.0
2014-02-12,12.681366169892808,12.710419221641494,12.579683259423918,12.623261451721191,6962800.0
2014-02-13,12.528838426919476,12.724942317384134,12.528838426919476,12.674100875854492,6564600.0
2014-02-14,12.790310417319832,13.044517627679928,12.78304715626306,12.99367618560791,11269900.0
2014-02-18,13.008202618451415,13.029992401472201,12.841151771268212,12.921046257019043,6412700.0
2014-02-19,12.877468826951388,12.986414989475346,12.790312451062468,12.899258613586426,8702500.0
2014-02-20,12.783045511631721,12.906518163060431,12.6813612552447,12.848413467407227,11836500.0
2014-02-21,12.935577526925053,12.97915711362926,12.84842112416873,12.884736061096191,6013200.0
2014-02-24,12.862938602326615,12.921044683305036,12.819360426918017,12.848413467407227,5499200.0
2014-02-25,12.812101089989689,12.870205803435137,12.775786163583398,12.797575950622559,5944700.0
2014-02-26,12.81210356549754,12.979155861090382,12.797578423323916,12.950102806091309,9376100.0
2014-02-27,12.935573819354477,13.080836296081543,12.921048679942288,13.080836296081543,8659800.0
2014-02-28,13.0881023706708,13.182522031103245,13.059049314952542,13.124417304992676,11279600.0
2014-03-03,12.971888085769482,13.131675676713154,12.906520120082199,13.09536075592041,18168800.0
2014-03-04,13.117153850207583,13.167995311648841,13.080838916414091,13.102628707885742,12548700.0
2014-03-05,13.313258120360915,13.378626110937109,13.262416657762977,13.356836318969727,9863100.0
2014-03-06,13.611045222490544,13.719991413318063,13.5602037591261,13.705466270446777,14240300.0
2014-03-07,13.807148609478876,13.81441187326835,13.574729709519412,13.632834434509277,14153200.0
2014-03-10,13.581991807085402,13.770831108093262,13.560202017587972,13.770831108093262,10652100.0
2014-03-11,13.741780620699537,13.77083229053151,13.574729709519412,13.632834434509277,8748200.0
2014-03-12,13.632833578575449,14.155776070651438,13.632833578575449,14.112197875976562,21260500.0
2014-03-13,14.10493502838649,14.177566278535977,13.930620859223245,13.995988845825195,18414700.0
2014-03-14,13.901564223435097,14.010511763253026,13.7199868375059,13.727250099182129,13077400.0
2014-03-17,13.828936454281264,13.91609283683494,13.763568474703145,13.879777908325195,10786300.0
2014-03-18,13.857987998100928,13.94514576521351,13.828936332613875,13.930619239807129,11987400.0
2014-03-19,13.857983305191976,13.872509825679053,13.632827778943234,13.71272087097168,10596800.0
2014-03-20,13.473044256722929,13.690937995910645,13.414939536671364,13.690937995910645,13124200.0
2014-03-21,13.640097369996612,13.690938829973307,13.378625421172599,13.45851993560791,12885000.0
2014-03-24,13.5166227380207,13.560200928188776,13.364096994443903,13.538411140441895,7898200.0
2014-03-25,13.647357088845315,13.930617369613351,13.647357088845315,13.887039184570312,17129500.0
2014-03-26,13.988725201103914,14.046829922575053,13.857989231462389,13.865252494812012,10597800.0
2014-03-27,13.799884557282482,14.163039414053072,13.799884557282482,14.104934692382812,14222200.0
2014-03-28,14.126724971184773,14.453563522388956,14.126724971184773,14.26472282409668,11246400.0
2014-03-31,14.33735371914049,14.555247466527181,14.330090455695016,14.54072093963623,14482300.0
2014-04-01,14.577038036645641,14.787668551871525,14.569774772121363,14.758615493774414,16133600.0
2014-04-02,14.744083714888914,14.780400024579373,14.518928136110322,14.555244445800781,14875200.0
2014-04-03,14.497140611702624,14.591561646300976,14.38093117321679,14.48261547088623,14904400.0
2014-04-04,14.5479849136437,14.66419436379557,14.330091155614502,14.35914421081543,14585200.0
2014-04-07,14.271981923429713,14.388191336882512,14.242930262729255,14.337349891662598,9693500.0
2014-04-08,14.446298319382079,14.511666297912598,14.373668463526569,14.511666297912598,9181600.0
2014-04-09,14.497140241160155,14.678717657318929,14.497140241160155,14.635139465332031,9754100.0
2014-04-10,14.678715647532497,14.744083619225638,14.373666960065256,14.395455360412598,9776500.0
2014-04-11,14.39545619471109,14.497139096426606,14.337351481541418,14.446297645568848,8414400.0
2014-04-14,14.569771048480698,14.765874984539145,14.511666332462532,14.715033531188965,9819500.0
2014-04-15,14.765877144535963,14.932928054359186,14.569773179790838,14.896613121032715,22468600.0
2014-04-16,14.823980144376247,14.831243407261686,14.562508221803373,14.635139465332031,15121500.0
2014-04-17,14.954715564686213,15.19439768993243,14.940189039440819,15.049135208129883,20492800.0
2014-04-21,14.816714851039421,14.954714056300178,14.715031955229156,14.932924270629883,11525800.0
2014-04-22,14.802188327259225,14.947450794410079,14.780399926914486,14.932924270629883,11191200.0
2014-04-23,14.794930568448976,14.860297173001712,14.744087721067606,14.823982238769531,9031700.0
2014-04-24,14.845767898599815,14.961977318190277,14.715031955229156,14.932924270629883,12202800.0
2014-04-25,14.5770343991687,14.635139115537717,14.417246775485328,14.460824966430664,15474700.0
2014-04-28,14.62061261621931,14.751348574614457,14.569771162471355,14.744085311889648,14382700.0
2014-04-29,14.736820836809283,14.816713942047887,14.58429511712564,14.598821640014648,13771200.0
2014-04-30,14.497137365117062,14.598821640014648,14.38092795265594,14.598821640014648,12965700.0
2014-05-01,14.591563111119171,14.606089638719634,14.344617683214967,14.35914421081543,10276400.0
2014-05-02,14.344616105273975,14.380931034954488,14.25019645690918,14.25019645690918,11073200.0
2014-05-05,14.184828588491117,14.330089693698865,14.163038799313355,14.279248237609863,7061200.0
2014-05-06,14.366406930869106,14.591562558850818,14.330090613242463,14.52619457244873,10549900.0
2014-05-07,14.555248608552231,14.773140987709208,14.504405760444707,14.765877723693848,14637400.0
2014-05-08,14.780403671996915,14.954717845550613,14.765877144535963,14.896613121032715,13522200.0
2014-05-09,14.88935022864821,14.925665162880389,14.71503605074705,14.823982238769531,10384000.0
2014-05-12,14.613349761796753,14.954714775085451,14.606086499557552,14.95471477508545,19623700.0
2014-05-13,14.903872414807578,15.041870232950316,14.831241182175564,14.991028785705566,9547500.0
2014-05-14,15.041875069240685,15.150822645880496,14.925665613795806,14.947455406188965,10140100.0
2014-05-15,14.947452344421164,15.034610110814816,14.831242912780093,15.0055570602417,12943300.0
2014-05-16,15.012820836182549,15.121767008905277,14.809453631194575,15.08545207977295,9131200.0
2014-05-19,14.99103053495514,15.056398513418955,14.940189081777884,15.0055570602417,6459900.0
2014-05-20,14.911139648493666,15.041874239664509,14.860296802380335,14.896613121032715,4564200.0
2014-05-21,14.896612247069,14.976506758091025,14.874822457155949,14.889348983764648,5629400.0
2014-05-22,14.940187338460818,15.049133494746071,14.911135676603335,14.991028785705566,6156500.0
2014-05-23,15.049135250775675,15.049135250775675,14.925662556491325,15.0055570602417,7179700.0
2014-05-27,15.129028281908488,15.223447916429174,15.034608647387799,15.172606468200684,7520300.0
2014-05-28,15.216185842346498,15.26702728991518,15.114501561883586,15.15081787109375,7761100.0
2014-05-29,15.14355692190819,15.14355692190819,14.991031170583542,15.034610748291016,6114900.0
2014-05-30,14.816714851039421,14.983765718535015,14.816714851039421,14.932924270629883,6671500.0
2014-06-02,15.012820322884979,15.027346848171536,14.940189081777884,15.0055570602417,6475000.0
2014-06-03,15.03460579896176,15.470390349972,14.983762975040282,15.426812171936035,20116100.0
2014-06-04,15.412289702654476,15.44134275253327,15.310606798730037,15.325133323669434,10888700.0
2014-06-05,15.339659492848275,15.405026082908229,15.288816656739545,15.397764205932617,8404000.0
2014-06-06,15.412291701122184,15.41955496453369,15.303345520601306,15.317872047424316,7647900.0
2014-06-09,15.463128706507401,15.484917103189309,15.368707703134724,15.405022621154785,8131800.0
2014-06-10,15.390501019465376,15.543025372566198,15.346921445443163,15.470394134521484,7595600.0
2014-06-11,15.477656914442559,15.52123648710646,15.288816255542446,15.34692096710205,7507600.0
2014-06-12,15.32513324483085,15.412289623367528,15.245238743400847,15.332396507263184,5641600.0
2014-06-13,15.354186979155994,15.40502843771068,15.267030588869629,15.317872047424316,5705100.0
2014-06-16,15.317866263776509,15.412285881823863,15.303339742438355,15.405022621154785,4543500.0
2014-06-17,15.419552566974343,15.47039401762378,15.346921329478446,15.4413423538208,10287700.0
2014-06-18,15.419549447042243,15.572075153454726,15.34691822424227,15.506707191467285,8455000.0
2014-06-19,15.499449614321863,15.753658294677734,15.499449614321863,15.753658294677734,9709300.0
2014-06-20,15.601129440188444,15.615655964261245,15.35418407225315,15.36144733428955,8450400.0
2014-06-23,15.267028330251541,15.267028330251541,15.129029116500375,15.143555641174316,6105200.0
2014-06-24,15.296079148911351,15.361447121005783,15.0709235702114,15.092713356018066,8122200.0
2014-06-25,15.165340652120317,15.296076574303951,14.874817150226313,15.274288177490234,5486200.0
2014-06-26,15.296077607059035,15.361445572564342,15.187131459658662,15.2670259475708,5177100.0
2014-06-27,15.383242230215696,15.470398632951886,15.339664028847602,15.455873489379883,5816000.0
2014-06-30,15.506709217795516,15.579340450086526,15.448604509027815,15.535760879516602,6491200.0
2014-07-01,15.739129383290953,15.96428497563245,15.739129383290953,15.957021713256836,8655700.0
2014-07-02,16.24028519222754,16.43638775665226,16.167653945802257,16.254810333251953,10574100.0
2014-07-03,16.400073828103473,16.49449348449707,16.34923236809724,16.49449348449707,4317800.0
2014-07-07,16.57438884667409,16.61796704529025,16.429127722844893,16.465442657470703,12390700.0
2014-07-08,16.42186387646427,16.472705337267726,16.312916305798677,16.392810821533203,10319000.0
2014-07-09,16.305649036924525,16.334700696925527,16.218491286270623,16.283859252929688,12353400.0
2014-07-10,16.131339438148405,16.66880989074707,16.124077559485087,16.66880989074707,14431800.0
2014-07-11,16.70512071694235,16.755962167037467,16.516280055642188,16.567121505737305,13026000.0
2014-07-14,16.739417416744303,16.843388495991253,16.650298337032833,16.828535079956055,14313800.0
2014-07-15,16.76169891885591,16.776552337367512,16.516623179414285,16.68743324279785,10256800.0
2014-07-16,16.078457266756747,16.115590813077173,15.528893529714017,15.543746948242188,41814000.0
2014-07-17,15.469478199944113,15.469478199944113,14.942194695409377,15.001606941223145,25798200.0
2014-07-18,15.26896598244801,15.350658376472085,15.179848294876388,15.209553718566895,19052400.0
2014-07-21,15.239260428741826,15.268965852178896,15.150141325430429,15.1724214553833,17570900.0
2014-07-22,15.380358695983885,15.45462435531425,15.350653282151521,15.380358695983887,10489800.0
2014-07-23,15.410069274200362,15.439776111757364,15.328376887418584,15.358083724975586,11879700.0
2014-07-24,15.476906912356107,15.573451293120868,15.410067950095943,15.514039039611816,12694300.0
2014-07-25,15.328374511021728,15.328374511021728,15.075872096933212,15.113005638122559,12177800.0
2014-07-28,15.001603179470612,15.164986460364105,14.949616237982424,15.127854347229004,12681000.0
2014-07-29,15.350650872028266,15.447195222450086,15.246679815189472,15.254106521606445,9895500.0
2014-07-30,15.402642191001028,15.43234902783707,15.306097804283786,15.387788772583008,9957300.0
2014-07-31,14.98675389161035,15.061019554815992,14.793663733875563,14.853075981140137,16332100.0
2014-08-01,14.875355741806427,15.0758711861156,14.875355741806427,15.001606941223145,9833500.0
2014-08-04,15.268966546731516,15.31352680866421,15.113009879467553,15.231834411621094,9836300.0
2014-08-05,14.860503059324266,14.890208475446737,14.615427356189972,14.704545021057129,13411900.0
2014-08-06,14.82336832197344,14.934767518814626,14.771382785580688,14.882781982421875,9394300.0
2014-08-07,14.927341378932347,15.03131245567178,14.756531348146229,14.786236763000488,8653500.0
2014-08-08,14.830794285282826,14.875354528383006,14.645130855197413,14.697117805480957,19783100.0
2014-08-11,14.860506635749427,14.979331161835873,14.860506635749427,14.890212059020996,10054400.0
2014-08-12,14.927343051791256,14.934769760462029,14.778811711375486,14.845650672912598,9283800.0
2014-08-13,15.098150253295898,15.187269324032087,15.053591426177592,15.098150253295898,11932500.0
2014-08-14,15.261537984091952,15.298671531195573,15.19469901580542,15.246685981750488,6287000.0
2014-08-15,15.261533449959131,15.261533449959131,15.07587001910075,15.18726921081543,7212400.0
2014-08-18,15.172421080288034,15.216979922592095,15.105582108581915,15.202126502990723,4432100.0
2014-08-19,15.328373726957926,15.454624927544291,15.328373726957926,15.402639389038086,7677200.0
2014-08-20,15.402637309676686,15.521461786363721,15.387783895965933,15.476902961730957,10026700.0
2014-08-21,15.387786587411366,15.439773544491931,15.291242214404088,15.313522338867188,10642500.0
2014-08-22,15.402639651815251,15.59572980991801,15.402639651815251,15.469478607177734,11389900.0
2014-08-25,15.48433495159289,15.49918837037139,15.335803596807835,15.358083724975586,9991200.0
2014-08-26,15.380362759414846,15.484335276546338,15.328377209099104,15.4472017288208,7830700.0
2014-08-27,15.53631445521758,15.558594574715535,15.365504455231541,15.528887748718262,12153100.0
2014-08-28,15.387783158230068,15.543741161716898,15.291238806737786,15.528887748718262,7620800.0
2014-08-29,15.558603735713518,15.558603735713518,15.454631200002845,15.551177024841309,5322800.0
2014-09-02,15.610584901601396,15.788821662867555,15.588304775255677,15.655143737792969,8116900.0
2014-09-03,15.803672042534208,15.87793628307793,15.721979678136604,15.855657577514648,9850200.0
2014-09-04,15.833378897461287,15.877937729145591,15.72940781803134,15.736834526062012,8057900.0
2014-09-05,15.69227091726196,15.736831155903078,15.580873153657997,15.72940444946289,5969000.0
2014-09-08,15.721983149331251,15.729409858325255,15.603158638426992,15.647717475891113,6724200.0
2014-09-09,15.647717416344571,15.744263216399322,15.58087845215279,15.632863998413086,7312400.0
2014-09-10,15.447196234133607,15.655139777929454,15.41006411611626,15.61800765991211,6244800.0
2014-09-11,15.469481659212764,15.551174046662036,15.402642690663358,15.521467208862305,7389100.0
2014-09-12,15.402640632014169,15.417494048928793,15.061020541976633,15.105579376220703,15136400.0
2014-09-15,15.20212490784619,15.20212490784619,15.023888140832106,15.031314849853516,8072900.0
2014-09-16,15.023890216875891,15.291246112590969,14.957051242947122,15.209553718566895,8209000.0
2014-09-17,15.268962089940988,15.395213295565732,15.254110090131997,15.313522338867188,6456800.0
2014-09-18,15.37293544003522,15.566024196756594,15.335801897204323,15.5363187789917,8889700.0
2014-09-19,15.506610302724424,15.558597257182754,15.224402489591844,15.239255905151367,8952700.0
2014-09-22,15.172415525748907,15.187268939912524,15.001605512365915,15.120429992675781,12063100.0
2014-09-23,15.068447250433946,15.209550461623467,15.061020541976633,15.105579376220703,9091000.0
2014-09-24,15.224403640914527,15.328374724694502,15.18727151570733,15.291242599487305,9684500.0
2014-09-25,15.098153934374423,15.127860770695829,14.897637038704689,14.934770584106445,12835200.0
2014-09-26,14.912491482439702,15.001610581032974,14.905064772848593,14.957050323486328,11396400.0
2014-09-29,14.801093160310346,14.875358837156103,14.66741522528798,14.815946578979492,12150400.0
2014-09-30,14.778811776889828,14.994182079797445,14.711972815056418,14.98675537109375,15357400.0
2014-10-01,14.986752750247172,15.023884870772225,14.845648142552687,14.927340507507324,16100700.0
2014-10-02,14.927340597146651,15.1575628620836,14.801089403503884,15.068445205688477,22937000.0
2014-10-03,15.306095281013727,15.52146414657084,15.246683033635932,15.469478607177734,19548800.0
2014-10-06,15.521461722351424,15.528888429176172,15.372931835354933,15.46204948425293,19804800.0
2014-10-07,15.365508130881523,15.402640255761224,15.120432423776103,15.135284423828125,9473500.0
2014-10-08,14.979326560759443,15.34322673718547,14.942194438950528,15.298667907714844,12264600.0
2014-10-09,15.424923547511138,15.432350257311825,15.157567660686661,15.202126502990723,10846800.0
2014-10-10,14.986754679744553,15.016460096689155,14.400057467716003,14.437191009521484,28668600.0
2014-10-13,14.71197279771385,14.934769809062528,14.57086958200952,14.608001708984375,14696600.0
2014-10-14,14.771386833208693,15.135287104172857,14.741681411344281,14.957050323486328,21296600.0
2014-10-15,14.645129794190598,15.038736747395571,14.44461438076491,14.905058860778809,20760400.0
2014-10-16,15.023888520341174,15.662571347316609,14.994183100005078,15.387788772583008,30662100.0
2014-10-17,15.261537549029724,15.462054448173166,15.261537549029724,15.387788772583008,14809100.0
2014-10-20,15.43977616434037,15.588306103131295,15.320950230207657,15.499188423156738,11512400.0
2014-10-21,15.543749125834996,15.94478156677834,15.447203308376308,15.885369300842285,17393800.0
2014-10-22,16.04131679568589,16.115582433209745,15.73682895668739,15.773961067199707,14927700.0
2014-10-23,15.840811168293055,15.907650147541144,15.692279788519475,15.818531036376953,10095300.0
2014-10-24,15.603153272978556,15.736831155903078,15.514034212195737,15.72940444946289,8800200.0
2014-10-27,15.833384625940493,15.892796895181348,15.677427950370832,15.863091468811035,11136800.0
2014-10-28,15.929924414889067,16.041322200458282,15.84823204443845,16.03389549255371,11058800.0
2014-10-29,16.01904207674456,16.08588103138603,15.922497706984494,16.03389549255371,9201700.0
2014-10-30,15.959634233944193,15.996767783713777,15.603160655156723,15.6774263381958,12181300.0
2014-10-31,16.108165210248153,16.43493194131308,16.108165210248153,16.353240966796875,19615000.0
2014-11-03,16.32353044286212,16.32353044286212,16.152720406113723,16.264118194580078,10560900.0
2014-11-04,16.33095778215157,16.338384490536335,16.160147738801367,16.301252365112305,8881100.0
2014-11-05,16.382946895884388,16.47206599943004,16.219563525300806,16.360668182373047,8994500.0
2014-11-06,16.368091842088482,16.382943842828254,16.130441415754305,16.18985366821289,6782500.0
2014-11-07,16.2047061920166,16.24183973306828,16.048749569098817,16.2047061920166,7835600.0
2014-11-10,16.41264866940967,16.58345869726899,16.405221961698437,16.53147315979004,7833800.0
2014-11-11,16.605740087828504,16.63544550444102,16.412649922097966,16.486915588378906,6580400.0
2014-11-12,16.17500519570327,16.390374126656315,16.152725064983933,16.375520706176758,11788800.0
2014-11-13,16.531474818550567,16.65029932085373,16.457209150486136,16.59088706970215,10891000.0
2014-11-14,16.665157204947942,16.687435919789337,16.56861138563464,16.63545036315918,8233100.0
2014-11-17,16.464631717254644,16.486911837019335,16.17499724281088,16.271541595458984,16309900.0
2014-11-18,16.16015177522371,16.420080967615434,16.115592930285175,16.375520706176758,13347000.0
2014-11-19,16.590891867775092,16.813687519900903,16.516626178233082,16.731996536254883,14975100.0
2014-11-20,16.78397322509601,16.947356522554216,16.72456098815671,16.90279769897461,11797500.0
2014-11-21,17.043907939925266,17.15530574403263,16.99934768508237,17.125598907470703,11661000.0
2014-11-24,16.977069598491,17.08846740669501,16.895377211441396,17.036481857299805,9042000.0
2014-11-25,17.036476517131007,17.133020876245507,16.984490984030923,17.014196395874023,6605100.0
2014-11-26,17.073611333718375,17.25927479069639,17.029052500663585,17.2147159576416,7688400.0
2014-11-28,17.326113149482634,17.482071184531836,17.170156530933145,17.430084228515625,6019000.0
2014-12-01,17.22957205255342,17.244424054880632,16.962216179663802,17.036481857299805,7990200.0
2014-12-02,16.835965355928668,16.85081877511167,16.66515528482419,16.761699676513672,9853000.0
2014-12-03,16.895376709252197,17.140452446616518,16.76912548597361,17.029054641723633,16566400.0
2014-12-04,17.00677324504096,17.029053370956895,16.858243321767578,16.94736099243164,6130000.0
2014-12-05,16.902802407365375,16.93250782585994,16.74684435664437,16.887948989868164,7679900.0
2014-12-08,16.917654655922444,17.006772321748336,16.628018700738902,16.7097110748291,9404100.0
2014-12-09,16.54633126362233,16.783980311721027,16.390373190495026,16.769126892089844,9606600.0
2014-12-10,16.67258239198333,16.67258239198333,16.464638767962807,16.4794921875,10065400.0
2014-12-11,16.338386917138706,16.61316950218695,16.278974657736384,16.442358016967773,11096100.0
2014-12-12,16.43493131512456,16.501770284045765,16.31610679626465,16.31610679626465,11335100.0
2014-12-15,16.47948667479424,16.628016570979888,16.256689705766405,16.2938232421875,14120700.0
2014-12-16,16.19728468082372,16.22699152319672,15.915076760781261,15.922503471374512,11179200.0
2014-12-17,15.7888236831118,16.078458280166753,15.714558002290007,16.07103157043457,13146600.0
2014-12-18,16.375517117908686,16.501768331319994,16.130441399698483,16.18242835998535,10804900.0
2014-12-19,16.702284462443888,16.746843295612546,16.330957547538954,16.486915588378906,11708000.0
2014-12-22,16.53890304156532,16.76912535879795,16.501769495882684,16.613168716430664,4714700.0
2014-12-23,16.501767604891924,16.61316681267431,16.486915604820737,16.494340896606445,6055100.0
2014-12-24,16.516623804222746,16.717140712214885,16.501770385149253,16.598316192626953,1975600.0
2014-12-26,16.73199208717025,16.73941879579969,16.538901912304347,16.568607330322266,2634900.0
2014-12-29,16.828537631176243,16.895376596967758,16.620594024658203,16.620594024658203,3737200.0
2014-12-30,16.583463021142734,16.754273093538064,16.57603631149511,16.6651554107666,4791900.0
2014-12-31,16.694859699593213,16.813684212889253,16.583461895440664,16.620594024658203,3877200.0
2015-01-02,16.672574952980135,16.680000242935648,16.33838024500526,16.546323776245117,6074100.0
2015-01-05,16.442353497462978,16.464633619802218,16.123012159765253,16.145292282104492,9031800.0
2015-01-06,15.833384625940493,16.026474855098332,15.71456008745878,15.863091468811035,10169500.0
2015-01-07,16.033895249281716,16.160146448744552,15.84823180398341,16.093307495117188,10180200.0
2015-01-08,16.10816321056182,16.345812227834305,16.09330979285732,16.197280883789062,15825900.0
2015-01-09,16.056175433915026,16.071027433055804,15.610582880199129,15.744260787963867,17596000.0
2015-01-12,15.640286115756167,15.66256623611247,15.3655050471925,15.439770698547363,24695300.0
2015-01-13,15.61058528801576,15.818527473056948,15.588305161118532,15.632863998413086,11043200.0
2015-01-14,15.335807894570605,15.670002828242998,15.298675753718284,15.64029598236084,21760200.0
2015-01-15,16.776550196180075,17.177582529309998,16.27154536323888,16.999345779418945,36350200.0
2015-01-16,16.613171236689535,16.85824700937382,16.55375897108426,16.783981323242188,22402000.0
2015-01-20,16.783974672456857,17.222140488856585,16.687428893792738,17.14787483215332,23999700.0
2015-01-21,17.081037173659293,17.296407452725283,17.051330342133078,17.23699378967285,17966600.0
2015-01-22,17.2295736583584,17.615752668357725,16.999349894579826,17.608325958251953,25334400.0
2015-01-23,17.771704370706697,18.046485463522274,17.734570833502154,17.81626319885254,13027300.0
2015-01-26,17.786559703328855,17.964796451629258,17.74942616212059,17.942516326904297,14091400.0
2015-01-27,17.92023962302529,18.01678543209693,17.786563098656913,17.964799880981445,14735300.0
2015-01-28,18.15046313071058,18.18759526201174,17.712297182156803,17.771709442138672,16762900.0
2015-01-29,17.593468936588412,17.675159891452044,17.14044966484583,17.29640769958496,19411300.0
2015-01-30,17.073612850719492,17.17015865016608,16.83596383131233,16.86566925048828,17590300.0
2015-02-02,17.103320825522207,17.14045295609022,16.865670373787,17.036481857299805,12854500.0
2015-02-03,17.33354661435687,17.407812306830174,17.12560295873167,17.192441940307617,16676200.0
2015-02-04,17.519206494509366,17.638031011159285,17.41523539656568,17.51177978515625,11266500.0
2015-02-05,17.6157468023189,17.64545363284962,17.311258871877232,17.57118797302246,12016600.0
2015-02-06,17.41523308188987,17.548909582978975,17.118170413248,17.155303955078125,16529800.0
2015-02-09,17.02163346560019,17.03648688881416,16.702291949001825,16.835969924926758,12821100.0
2015-02-10,17.74942625707988,17.78655979848681,17.42265817519772,17.7197208404541,17077300.0
2015-02-11,17.734576871942927,18.083625158014936,17.652885895277215,18.039066314697266,14211100.0
2015-02-12,18.128180194968987,18.18016573734091,17.93509002580199,18.172739028930664,10136200.0
2015-02-13,18.157888547339738,18.536640792442608,18.120755002182655,18.44752311706543,11637500.0
2015-02-17,18.336126071872986,18.48465600913585,18.32869936253485,18.395538330078125,10525500.0
2015-02-18,18.336126848512983,18.45495136995616,18.276714587791396,18.35097885131836,7433100.0
2015-02-19,18.328695785333625,18.35097449249995,18.165311044782225,18.209871292114258,9929400.0
2015-02-20,18.343549447753418,18.350974739242236,18.04648679421108,18.15045928955078,7268000.0
2015-02-23,18.12817658969947,18.143030003565965,17.920233045067086,17.987071990966797,7827400.0
2015-02-24,18.105899349714267,18.625757585759686,18.083620641869288,18.596052169799805,15932700.0
2015-02-25,18.603477461414972,18.803994331018185,18.558918629225282,18.596052169799805,10388400.0
2015-02-26,18.417816789777753,18.558921432273213,18.306418984228685,18.328699111938477,7588500.0
2015-02-27,18.38068376075022,18.40296388736987,18.172740161799755,18.217300415039062,8541000.0
2015-03-02,18.120752994757183,18.291563034057617,18.120752994757183,18.291563034057617,7081200.0
2015-03-03,18.3509773158163,18.36583073387886,18.120755001846305,18.19502067565918,7485300.0
2015-03-04,18.24700044371513,18.26928056375305,17.920232432322948,18.068763732910156,9415000.0
2015-03-05,18.165313720703125,18.18016713866852,17.927664699256464,18.165313720703125,6882400.0
2015-03-06,18.009356043793165,18.105900422005128,17.853399413643118,17.890531539916992,6375000.0
2015-03-09,17.57861695158762,17.600897077363967,17.274128981809998,17.415233612060547,15598700.0
2015-03-10,17.095889171899557,17.2741258967791,17.01419680847576,17.118167877197266,12405600.0
2015-03-11,17.38552830954464,17.615750630185996,17.38552830954464,17.4449405670166,9485000.0
2015-03-12,17.45236358424924,17.63802702663487,17.430083461223088,17.47464370727539,10892000.0
2015-03-13,17.571191916518348,17.801414238801566,17.563765207218893,17.734575271606445,9748200.0
2015-03-16,17.801415346018402,18.113330073496197,17.749429794188778,18.031639099121094,18384800.0
2015-03-17,17.860822962378055,18.150458901743427,17.786558717078933,18.053913116455078,12558800.0
2015-03-18,18.202448907764403,18.49208350171964,17.935093026267243,18.35097885131836,14551700.0
2015-03-19,18.492077591285646,18.677741023761403,18.291560744251928,18.313840866088867,11699700.0
2015-03-20,18.41781704159257,18.492082718473988,18.32869936253485,18.395538330078125,7196900.0
2015-03-23,18.477228417477473,18.529215380361972,18.380684033691775,18.417816162109375,9110900.0
2015-03-24,18.276713058503336,18.343552023284932,18.1578885470027,18.19502067565918,9071500.0
2015-03-25,18.150459950790772,18.157886659049865,17.140450291550444,17.2147159576416,32339400.0
2015-03-26,17.12559788354357,17.45979269238434,17.051332213078968,17.229570388793945,36432500.0
2015-03-27,17.014201729059007,17.170159793744613,16.828538243218993,17.036481857299805,20264000.0
2015-03-30,16.917655839490415,17.303834779252817,16.917655839490415,17.26670265197754,14707100.0
2015-03-31,17.385529706386805,17.496927521034507,17.318690734298173,17.437515258789062,13621500.0
2015-04-01,17.4003814779691,17.430086898028193,17.18501116241595,17.251850128173828,13314800.0
2015-04-02,17.541482176606454,17.697438783994123,17.511775346723308,17.593467712402344,12443500.0
2015-04-06,17.229572280150926,17.630604678282886,17.22214557063922,17.482074737548828,11439200.0
2015-04-07,17.482071431058085,17.548908971022016,17.340966810023705,17.37067222595215,13305600.0
2015-04-08,17.177583427918833,17.340968186240918,17.14045130093646,17.229570388793945,10835200.0
2015-04-09,17.266705554119348,17.578620291756994,17.25927884411606,17.40781021118164,10183300.0
2015-04-10,17.6231739986852,17.675159537056004,17.3632448903315,17.452363967895508,10531900.0
2015-04-13,17.459794499259992,17.593472436630336,17.311263142959614,17.32611656188965,11125700.0
2015-04-14,17.25927479069639,17.30383362375118,16.954786834572428,17.2147159576416,13787000.0
2015-04-15,17.199860188605776,17.556333637286826,17.147874654402237,17.459789276123047,16883000.0
2015-04-16,17.45979038789126,17.489495802256418,16.821107689294326,17.259273529052734,28320800.0
2015-04-17,17.110748294070774,17.266704949175562,16.984497061438304,17.24442481994629,16113600.0
2015-04-20,17.37810146960829,17.54148623880243,17.222144826104724,17.281557083129883,15253500.0
2015-04-21,17.303836433494595,17.355823399749724,17.199865333984324,17.32611656188965,13191400.0
2015-04-22,17.378102090436965,17.704870223999023,17.37067538098101,17.704870223999023,15880200.0
2015-04-23,17.704873334285658,18.13561264290082,17.600902216637245,18.046493530273438,22973300.0
2015-04-24,18.707449570104725,18.796567232633773,18.33612267106771,18.4995059967041,28481800.0
2015-04-27,18.48465400585498,19.13819019178426,18.395536336455418,18.870834350585938,25744900.0
2015-04-28,18.737155762834934,18.78171601244793,18.417814389773977,18.573772430419922,14437100.0
2015-04-29,18.454951603209835,18.492083735442634,18.261861399299185,18.41039276123047,12642500.0
2015-04-30,18.195018120982247,18.28413720034489,18.091047042142257,18.15045928955078,16033300.0
2015-05-01,18.343553169217323,18.447524269150538,18.247007362279337,18.373258590698242,9732900.0
2015-05-04,18.239577075459223,18.276710615652377,18.03163491637645,18.06134033203125,9436900.0
2015-05-05,17.972227341470717,18.157890841211117,17.949947211561835,18.039066314697266,13233000.0
2015-05-06,18.10590335152959,18.202449161862425,18.009358957696804,18.15789031982422,8302200.0
2015-05-07,18.08362299175217,18.12818182973207,17.99450389929244,18.09847640991211,7299600.0
2015-05-08,18.165312073211695,18.373255656368165,18.11332653154752,18.23215103149414,11054400.0
2015-05-11,18.254433051091734,18.284139887411616,18.076196282672196,18.09847640991211,6256500.0
2015-05-12,17.95736989420974,18.1950188939396,17.92766306099362,18.105899810791016,10406900.0
2015-05-13,18.18016470500519,18.321269323787828,18.113325749608133,18.15045928955078,6596700.0
2015-05-14,18.098474134086295,18.2098719232781,18.053913885209784,18.1281795501709,9130500.0
2015-05-15,18.157885387591385,18.269283170677905,18.12817855663516,18.23957633972168,5952400.0
2015-05-18,18.180165090693755,18.180165090693755,18.098474134086295,18.1281795501709,9387100.0
2015-05-19,18.18016561100498,18.313843528460865,18.165312194287708,18.261857986450195,10063100.0
2015-05-20,18.2098719384601,18.321269727744777,18.12817956528479,18.254430770874023,9053200.0
2015-05-21,18.105897492060965,18.14303102882561,17.93508747244237,18.00192642211914,12175800.0
2015-05-22,18.09847448982589,18.254431114459912,17.97222328186035,17.97222328186035,8574500.0
2015-05-26,17.949943800096605,18.105900430318258,17.935090382980306,18.016782760620117,10911600.0
2015-05-27,17.9499456902467,18.343552786276923,17.897960141365346,18.269287109375,14361100.0
2015-05-28,18.187595742349675,18.306420265451585,18.09105134851689,18.15789031982422,10416600.0
2015-05-29,17.86082760760941,18.143036912541724,17.779136633234305,18.031639099121094,13170000.0
2015-06-01,17.957370637546404,18.001929472715304,17.77170717175953,17.927663803100586,10391300.0
2015-06-02,17.808841330522842,17.82369474944071,17.5563388749191,17.5786190032959,12267300.0
2015-06-03,17.66030704811498,17.675159046880697,17.437510068633507,17.57118797302246,10846500.0
2015-06-04,17.28155142943113,17.40037590460775,16.917651297140292,17.066181182861328,16981800.0
2015-06-05,16.947361112622435,17.110745870831668,16.89537556828308,16.977067947387695,9277100.0
2015-06-08,16.984494528712528,17.021626655390804,16.783977645050243,16.821109771728516,9155900.0
2015-06-09,16.984495043450607,17.155305097747036,16.865669118179312,16.954788208007812,14045900.0
2015-06-10,17.118172946369114,17.333543271354667,17.081040815544018,17.32611656188965,14611900.0
2015-06-11,17.57118705177343,17.60831917149037,17.422655739906542,17.459789276123047,12836500.0
2015-06-12,17.482074613329758,17.645457971926298,17.378102097404692,17.5786190032959,12115900.0
2015-06-15,17.3706704151845,17.40780395184882,17.251845930857854,17.274126052856445,12984800.0
2015-06-16,17.259277333150184,17.563765334128092,17.229571912237688,17.51177978515625,12381400.0
2015-06-17,17.49692737718008,17.600899897629827,17.41523640257677,17.526634216308594,12642300.0
2015-06-18,17.571190642975044,17.697441858915266,17.504351680624346,17.645456314086914,11225200.0
2015-06-19,17.54148226637387,17.586041094927,17.370670826670896,17.378097534179688,11609100.0
2015-06-22,17.571192286791817,17.74200235477881,17.52663344655608,17.704870223999023,13407100.0
2015-06-23,17.831121702120537,17.853401830801243,17.638031503054467,17.771709442138672,9339600.0
2015-06-24,17.79398280818676,17.8236896375024,17.69743844591011,17.74942398071289,9368200.0
2015-06-25,17.85340462000497,18.068773564898418,17.823697777122987,17.88311004638672,8369700.0
2015-06-26,17.76428237171155,17.853401468123973,17.407808819061813,17.548912048339844,14805800.0
2015-06-29,17.371138376610762,17.578029214624724,17.133597856035657,17.148921966552734,14494500.0
2015-06-30,17.51672904466038,17.72361842890343,17.37113902783768,17.40178871154785,15836800.0
2015-07-01,17.72361916104595,17.800245565777303,17.509066981630692,17.57036781311035,12403200.0
2015-07-02,17.62400802421171,17.876874167837133,17.585695547900425,17.73894691467285,7884900.0
2015-07-06,17.624006800604,17.82323487895061,17.52439349219429,17.578031539916992,7476100.0
2015-07-07,17.47841629944615,17.624006326150646,17.19490049439371,17.593355178833008,10131500.0
2015-07-08,17.30983380692881,17.363471835957515,16.995666955594956,17.033979415893555,13956700.0
2015-07-09,17.302170064853062,17.35580809091279,16.942027988790162,17.026315689086914,12147200.0
2015-07-10,17.118272102981695,17.371138192927045,17.118272102981695,17.294511795043945,9042600.0
2015-07-13,17.38646680151199,17.532055375238563,17.28685202840725,17.51673126220703,11501200.0
2015-07-14,17.447767722990488,17.547381035051973,17.386466885984827,17.470754623413086,8778400.0
2015-07-15,17.40178500801229,17.555037778528266,17.171907313765054,17.286846160888672,13861500.0
2015-07-16,16.89605648178455,17.49374065926256,16.627866268999913,17.4171142578125,29850800.0
2015-07-17,17.585692807622692,17.6929688937999,17.455428362324483,17.64699363708496,10314200.0
2015-07-20,17.646987544934447,17.65465032866274,17.332820719707122,17.547372817993164,12307200.0
2015-07-21,17.578029711205467,17.746606623871568,17.4937405241089,17.532052993774414,9372700.0
2015-07-22,17.217880903029716,17.271520390616043,16.942027988790162,17.026315689086914,17279900.0
2015-07-23,16.95735439436773,17.240871592516456,16.926704715974967,17.09528160095215,16251500.0
2015-07-24,16.903717889473842,17.018656751511394,16.558901303361186,16.58188819885254,15045700.0
2015-07-27,16.528254928320386,16.620206921390555,16.344352403707397,16.574230194091797,10167100.0
2015-07-28,16.63552839638781,16.850082038494172,16.551240666100437,16.765792846679688,13102700.0
2015-07-29,16.719817342195988,17.064635429520763,16.658516511285704,16.942033767700195,12780100.0
2015-07-30,17.0339869891443,17.45543154743501,17.003337299584015,17.39413070678711,17400600.0
2015-07-31,17.279187606943207,17.32516432627124,16.880732936789915,16.942033767700195,16313800.0
2015-08-03,16.781123383713926,16.781123383713926,16.489944711859682,16.64319610595703,11945800.0
2015-08-04,16.727476895521942,16.796440499657027,16.352009196079155,16.436298370361328,13832400.0
2015-08-05,16.51292792450449,16.758132730977003,16.48994102437038,16.55890464782715,7506500.0
2015-08-06,16.413315916728962,16.512929235448475,16.099148923385517,16.306039810180664,12945100.0
2015-08-07,16.290703424687045,16.405642242795487,16.08381267517603,16.114463806152344,16644500.0
2015-08-10,16.183436843188765,16.773456843890667,16.030184021834348,16.55890464782715,25398700.0
2015-08-11,16.091479435018243,16.168105819871297,15.746661433942876,15.961215019226074,18685200.0
2015-08-12,15.731341632610523,15.922906916420322,15.463149942971377,15.899918556213379,20957100.0
2015-08-13,15.74665878123223,15.85393628656503,15.639382737425912,15.738997459411621,7873400.0
2015-08-14,15.608735580936456,15.631722473155623,15.49379527373375,15.6163969039917,11355400.0
2015-08-17,15.248590193091388,15.562757015818143,15.087676120657632,15.539770126342773,18060200.0
2015-08-18,15.46314728565762,15.478472856495243,15.332882856591576,15.3482084274292,10410700.0
2015-08-19,15.325217793158338,15.371193037310347,15.041700620913177,15.256254196166992,12520400.0
2015-08-20,15.164304882584876,15.37885701293258,15.02637767791748,15.02637767791748,12865500.0
2015-08-21,14.750522917128224,14.949750934509009,14.459344406511224,14.467005729675293,20217500.0
2015-08-24,13.593470612444264,14.888452173387053,13.27164091864567,14.375057220458984,31876000.0
2015-08-25,15.118329899731647,15.332883516106357,14.329081967495455,14.375057220458984,25640300.0
2015-08-26,14.819488892592666,14.926764972401134,14.512984763477782,14.903778076171875,20952300.0
2015-08-27,15.034042080363268,15.279245376586912,15.003390937571847,15.279245376586914,17880000.0
2015-08-28,15.041702892961803,15.38652093000328,14.980402070990749,15.325220108032227,10980800.0
2015-08-31,15.44782138670762,15.470809742475781,15.133654498843645,15.233267784118652,9081400.0
2015-09-01,14.827147926593572,15.14131476212923,14.750521548322938,14.873123168945312,14185700.0
2015-09-02,15.09534290441918,15.37885866760517,15.057028975929903,15.279245376586914,14670900.0
2015-09-03,15.440154602557694,15.509118190474236,15.340541343081837,15.378853797912598,8174900.0
2015-09-04,15.09534362858212,15.194956924379085,15.018717229454529,15.072355270385742,8944000.0
2015-09-08,15.294572258788195,15.371198668129312,15.187296162626948,15.36353588104248,10390900.0
2015-09-09,15.662374989296586,15.83095188034923,15.187292534109176,15.233267784118652,10318700.0
2015-09-10,15.171967568671127,15.256256748322414,14.76585016459181,15.095342636108398,17806400.0
2015-09-11,15.125991689535086,15.286907256602644,15.02637840441848,15.2485933303833,9549900.0
2015-09-14,15.31755537090845,15.455482568151044,15.240928987826264,15.35586929321289,7790800.0
2015-09-15,15.447820016448214,15.754324091868472,15.355869524585495,15.624059677124023,11469800.0
2015-09-16,15.869267964992192,15.899919113008146,15.677702674474022,15.838618278503418,11471100.0
2015-09-17,15.769652770849682,16.106808051063478,15.761989984762208,15.830953598022461,11394200.0
2015-09-18,15.731339860582226,15.90757955106853,15.593412637931392,15.792640686035156,14057800.0
2015-09-21,15.731340408325197,15.87692896039074,15.631725650041387,15.731340408325195,12292100.0
2015-09-22,15.455488907116665,15.509126958815475,15.2332724511904,15.286911964416504,13482400.0
2015-09-23,15.057029388269477,15.547437455673613,15.018716920257937,15.332883834838867,22169600.0
2015-09-24,15.240931890896352,15.348209432256157,14.988065801628268,15.317558288574219,11088800.0
2015-09-25,15.447825077470428,15.555101173631675,15.294572258788195,15.36353588104248,10742300.0
2015-09-28,15.302234999254823,15.363535834235515,15.003393611414841,15.041706085205078,15576100.0
2015-09-29,15.034041201609483,15.286907268750726,14.934426454886871,15.240930557250977,10919600.0
2015-09-30,15.601077181158773,15.93056970315597,15.578088820951832,15.899918556213379,12400200.0
2015-10-01,16.053165980900268,16.09147844019484,15.78497438125836,15.98420238494873,14508200.0
2015-10-02,15.486134971591612,15.915242207807383,15.486134971591612,15.90757942199707,15271100.0
2015-10-05,16.137460349970226,16.428640422390114,15.93057093817711,16.39798927307129,10938100.0
2015-10-06,16.137460527858252,16.367339765701757,16.06083411524375,16.267724990844727,10577700.0
2015-10-07,16.61253671699611,16.934366356772852,16.574222794685372,16.804101943969727,13647100.0
2015-10-08,16.689164733693882,17.064632439931263,16.604875557886384,17.049306869506836,10343500.0
2015-10-09,17.09528430012814,17.187236272878323,16.78878016017257,16.81943130493164,11648800.0
2015-10-12,16.91138074268019,17.01099549529695,16.86540548998696,16.926706314086914,6779500.0
2015-10-13,16.719811816686743,16.880727358101826,16.612535763427765,16.811763763427734,12740800.0
2015-10-14,16.68916512282228,17.263860873396407,16.597213159658597,17.118270874023438,22801100.0
2015-10-15,17.27918678410148,17.463090729601845,16.696829648949414,16.81943130493164,17867300.0
2015-10-16,16.865405907000348,17.026320026168882,16.850080335214685,16.980344772338867,9598700.0
2015-10-19,16.91904057347109,17.08761744492226,16.82708862261711,17.033979415893555,8940900.0
2015-10-20,17.010993889226953,17.179570774204137,16.988005534287286,17.09528160095215,6718400.0
2015-10-21,17.110604850910256,17.202556796674507,16.96501487908628,17.026315689086914,8154300.0
2015-10-22,17.156586988227698,17.332828166646273,17.10294894061094,17.248538970947266,8214500.0
2015-10-23,17.43243959998815,17.43243959998815,17.16424792922139,17.217885971069336,11854100.0
2015-10-26,17.21788528890874,17.256199218372892,16.80410508138467,16.980344772338867,12350400.0
2015-10-27,16.903718324217394,17.087620800512617,16.765791101614237,17.010995864868164,6885400.0
2015-10-28,16.911379802003147,17.064632584491978,16.758128481041165,16.919042587280273,9913700.0
2015-10-29,16.712153421850932,16.719816207885742,16.48993847294938,16.719816207885742,7939100.0
2015-10-30,16.735142610462717,16.91138231342856,16.58955259163016,16.82709312438965,8791800.0
2015-11-02,16.750465671738212,16.965017813082618,16.68150206586984,16.934368133544922,5716700.0
2015-11-03,17.041646446951177,17.585692580230194,16.94203314843569,17.447765350341797,12846400.0
2015-11-04,17.70063355636949,18.129739408088874,17.662319620440034,18.04545021057129,14372000.0
2015-11-05,17.800240226657266,17.800240226657266,17.585688111596166,17.608675003051758,8345300.0
2015-11-06,17.309836670013812,17.493739140612966,17.187235022947714,17.48607635498047,8805900.0
2015-11-09,17.432441039996835,17.60868075249183,17.37880299371811,17.593355178833008,8629200.0
2015-11-10,17.248538970947266,17.371140640221903,17.110611727631504,17.248538970947266,7388700.0
2015-11-11,17.179573863181524,17.39412749661591,17.07229777722786,17.302175521850586,5255100.0
2015-11-12,17.19489591542316,17.37879836577466,17.041643142700195,17.041643142700195,5685100.0
2015-11-13,16.91138189514368,16.972682723421116,16.528251353027958,16.773454666137695,7883500.0
2015-11-16,16.727480370734167,17.148923406648166,16.704492010737596,17.12593650817871,7121500.0
2015-11-17,17.187237172614214,17.48607854202408,17.148923239659677,17.256200790405273,7148400.0
2015-11-18,17.148923239659677,17.286850475241803,16.97268353265012,17.256200790405273,8010400.0
2015-11-19,17.57803616827044,17.57803616827044,17.30984439751397,17.371145248413086,7115100.0
2015-11-20,17.47841641537527,17.539717248889996,17.40179000810008,17.493741989135742,6039900.0
2015-11-23,17.56270345687131,17.578029028753328,17.2715248987479,17.294511795043945,5502100.0
2015-11-24,17.18723529803295,17.302174161306176,16.98034446722498,17.240873336791992,8911500.0
2015-11-25,17.294508945567145,17.36347254614666,17.248533699023046,17.286846160888672,5442600.0
2015-11-27,17.15658180921156,17.34814704231674,17.118269347201217,17.202558517456055,3995600.0
2015-11-30,17.1948926804849,17.524385056781934,17.148915980401725,17.440095901489258,8612900.0
2015-12-01,17.501404789024946,17.892198151044475,17.493742002139015,17.838560104370117,10256000.0
2015-12-02,17.769596099853516,17.8998605510445,17.669981334016637,17.769596099853516,6829100.0
2015-12-03,17.838559498906534,17.861546397256962,17.486078621753155,17.57036781311035,5884700.0
2015-12-04,17.493734986832944,17.90751654357633,17.417108610229366,17.861539840698242,6355600.0
2015-12-07,17.968818840136798,18.00713130084707,17.761928044637255,17.807903289794922,4634000.0
2015-12-08,17.62400381734178,17.792580719010136,17.532051850005537,17.685304641723633,6133900.0
2015-12-09,17.58569263330804,17.631667889567257,17.355813428957862,17.4171142578125,8663600.0
2015-12-10,17.40944819787621,17.50906293948804,17.32516048750478,17.355810165405273,7171900.0
2015-12-11,17.179576651148775,17.286852754511614,16.980348558098292,16.99567413330078,11326300.0
2015-12-14,17.110604850910256,17.17190566091089,16.91137685302655,17.026315689086914,7898600.0
2015-12-15,17.179572237315217,17.547377178513518,17.179572237315217,17.48607635498047,9444200.0
2015-12-16,17.70829435667866,17.80024486953804,17.53971598055804,17.746606826782227,7384800.0
2015-12-17,17.69296994608819,17.846222759622098,17.585693853530742,17.593355178833008,8925700.0
2015-12-18,17.44776615015103,17.685306689443827,17.4094522170218,17.57036781311035,8648000.0
2015-12-21,17.570365880460407,17.662316386802264,17.43243865942068,17.585691452026367,4958700.0
2015-12-22,17.60867637025802,17.69296554287752,17.585689477017638,17.66997718811035,4553900.0
2015-12-23,17.777256609059876,17.784917933271537,17.601015460125986,17.685304641723633,6172900.0
2015-12-24,17.73894691467285,17.83856169152585,17.685308863226137,17.73894691467285,2009500.0
2015-12-28,17.738942258205164,17.769593400430107,17.509064537625726,17.63166618347168,3100100.0
2015-12-29,17.677641855985033,17.800243504748735,17.608678245864585,17.685304641723633,4136700.0
2015-12-30,17.662317436775,17.692968581729037,17.501403310347413,17.532052993774414,2574100.0
2015-12-31,17.516727075126575,17.624003148340915,17.294510681723285,17.432437896728516,3898300.0
2016-01-04,17.04164517658346,17.087620429276694,16.75046662749041,16.926706314086914,9145100.0
2016-01-05,16.995671002715216,17.179573486688554,16.81943130493164,16.81943130493164,7642100.0
2016-01-06,16.597215962080316,16.635528433976862,16.2907118023266,16.352012634277344,8063200.0
2016-01-07,15.99952962487809,16.38266013895735,15.953554372416116,16.168107986450195,11242800.0
2016-01-08,16.29837610771404,16.397989420843423,15.915245506939536,15.945895195007324,9290700.0
2016-01-11,16.221746177330175,16.283047001699025,15.861604016854061,16.037843704223633,9771200.0
2016-01-12,16.267723550361683,16.27538633709733,15.716016059139228,15.899918556213379,11629400.0
2016-01-13,16.014858200676766,16.145122658363068,15.670041550232222,15.693028450012207,12858400.0
2016-01-14,15.884591529942236,16.758130138059798,15.861604633364797,16.719816207885742,18687600.0
2016-01-15,15.75432632971167,16.306035205363038,15.75432632971167,16.168107986450195,12066200.0
2016-01-19,16.57422729284046,16.704491740996648,16.267723138804456,16.59721565246582,14807000.0
2016-01-20,15.968879013760182,16.252394759212546,15.892252623101465,16.160444259643555,10815300.0
2016-01-21,16.20641789562761,16.451621152097218,15.976540208069025,16.344345092773438,9105000.0
2016-01-22,16.6738375311666,16.81942751289402,16.566561471749917,16.804101943969727,8369200.0
2016-01-25,16.635526555607058,16.911380999001366,16.62786523131451,16.696828842163086,8463700.0
2016-01-26,16.689163363542274,16.750464178680446,16.474609779795323,16.5435733795166,7709700.0
2016-01-27,16.643192794188682,16.857746457064774,16.558905055741892,16.6125431060791,6432800.0
2016-01-28,16.689170550811344,16.758134180232133,16.459291298899597,16.574230194091797,7169000.0
2016-01-29,16.75813151739626,17.164248979979217,16.75813151739626,17.12593650817871,9010200.0
2016-02-01,16.995670088597073,17.279185854734344,16.97268173126421,17.210222244262695,5389200.0
2016-02-02,17.087618143828593,17.332822868959507,17.072294035998382,17.286846160888672,13487900.0
2016-02-03,17.43243396408709,17.700625548147585,17.309832347635414,17.562698364257812,13083200.0
2016-02-04,17.601017220485705,17.815570858044158,17.562704749487843,17.80024528503418,6473100.0
2016-02-05,17.63166593378864,17.899857578351376,17.3634742892259,17.432437896728516,9325400.0
2016-02-08,17.22555127539044,17.555043822368585,17.056974339006683,17.470754623413086,8355200.0
2016-02-09,17.03398011260602,17.378798115503606,16.911378480803933,17.286846160888672,8426600.0
2016-02-10,17.371136995662773,17.55503946099099,17.072295672195278,17.08761978149414,5761600.0
2016-02-11,16.980345876119827,17.13359868088446,16.696830087290436,16.857744216918945,10394600.0
2016-02-12,17.079957066644315,17.10294395948403,16.796439875564857,17.041643142700195,7326900.0
2016-02-16,17.33282365305097,18.152722650890045,17.309835297975617,17.884531021118164,13843800.0
2016-02-17,17.89985824595982,18.191036796198887,17.83089463588508,18.114410400390625,11956100.0
2016-02-18,18.374934324143673,18.535849858187984,18.206357467954607,18.23700714111328,12780200.0
2016-02-19,18.23701333526402,18.413254496510756,18.014798379427674,18.221689224243164,8950300.0
2016-02-22,18.405588220156023,18.48987593013268,18.275323801253812,18.35961151123047,7250300.0
2016-02-23,18.19103071967116,18.198693502845007,17.823225896485273,17.93050193786621,5802500.0
2016-02-24,17.68530434159349,18.007134029518298,17.493739085960314,17.945833206176758,5267500.0
2016-02-25,18.145058620530094,18.1603841895285,17.9151794701341,18.152721405029297,5076800.0
2016-02-26,18.152722771008126,18.45922686640695,17.945831958541362,18.21402359008789,9920900.0
2016-02-29,18.060775784943072,18.19870303123468,17.976486587425487,18.04545021057129,6614000.0
2016-03-01,18.505201469563335,18.911320295248803,18.382599835682203,18.834693908691406,9858800.0
2016-03-02,18.73508247703212,18.926647731555857,18.681442978082874,18.865346908569336,5841300.0
2016-03-03,18.873008307410327,19.0569122386257,18.735082551289167,18.81937026977539,7957500.0
2016-03-04,18.819363062484552,19.118205740115943,18.72741259361824,18.88832664489746,7264600.0
2016-03-07,18.696769894739855,18.941973204332193,18.436241012916245,18.92664909362793,8971500.0
2016-03-08,18.666111793865248,19.041579375043113,18.63546066322558,18.88832664489746,11734000.0
2016-03-09,18.94197270697972,18.995612208380784,18.788721373271876,18.957298278808594,5807300.0
2016-03-10,19.049250248254875,19.15652632800306,18.78105858735744,18.957298278808594,6483700.0
2016-03-11,19.15652718393108,19.447705754054937,19.148864397674263,19.424718856811523,7560000.0
2016-03-14,19.394067373346484,19.447705414681153,19.240816035465585,19.325103759765625,4109400.0
2016-03-15,19.07989885893212,19.30977803887521,18.949634428755765,19.064573287963867,8839800.0
2016-03-16,18.97262293135396,19.769533627992022,18.941971789181352,19.754209518432617,10874100.0
2016-03-17,19.723557436092314,19.807846611522248,19.631606937011323,19.746545791625977,6264700.0
2016-03-18,19.830834696493334,20.114351918994817,19.769533872915567,19.95343780517578,7208700.0
2016-03-21,19.830836230588805,19.938113776293978,19.73122293264154,19.869150161743164,5494100.0
2016-03-22,19.738890128015857,19.96876792018247,19.662263710117866,19.777202606201172,6247400.0
2016-03-23,19.784857854368507,19.784857854368507,19.570305719850246,19.677581787109375,5465900.0
2016-03-24,19.554986269892883,19.73122599598367,19.49368543205577,19.715900421142578,5549000.0
2016-03-28,19.708230568307595,19.738881707001326,19.570304828766012,19.639266967773438,2197200.0
2016-03-29,19.58563430419528,19.938115188139882,19.49368378596774,19.89980125427246,4550800.0
2016-03-30,20.167994362721835,20.397873597501775,20.167994362721835,20.275270462036133,5999600.0
2016-03-31,20.13734109401252,20.259942746148887,20.060714696045544,20.076040267944336,5369100.0
2016-04-01,19.830834155641195,20.08370022869385,19.746546438974896,20.014738082885742,5091200.0
2016-04-04,20.02240398636192,20.02240398636192,19.777200642654844,19.807851791381836,4302700.0
2016-04-05,19.547325134277344,19.639275668039467,19.340434241021498,19.547325134277344,8612600.0
2016-04-06,19.271467202477098,19.723561387865338,19.171853898259897,19.631610870361328,8333100.0
2016-04-07,19.531994914979744,19.554983273719152,19.348092429645565,19.440044403076172,7774400.0
2016-04-08,19.731218690114783,19.777193936087567,19.31743709177955,19.371076583862305,8214600.0
2016-04-11,19.692915184515982,19.80019129441425,19.539662346209273,19.547325134277344,5406300.0
2016-04-12,19.69291081226635,19.708234923472833,19.394067990070532,19.59329605102539,4766900.0
2016-04-13,19.884479770204408,20.083706406536436,19.754215300893566,20.053056716918945,9082700.0
2016-04-14,19.38640022277832,19.562641340878496,19.225486135000782,19.38640022277832,13870800.0
2016-04-15,19.547316609177532,19.600954640733708,19.44004054606518,19.509002685546875,8019100.0
2016-04-18,19.44770751822601,19.67758674220257,19.401732258041566,19.53965950012207,6507600.0
2016-04-19,19.554985424777872,19.669924308064193,19.271468148579565,19.279130935668945,9378700.0
2016-04-20,19.102887929206123,19.348091227753137,18.957297922621226,19.248477935791016,9391300.0
2016-04-21,19.386407031865886,19.42472096731279,19.156529265293244,19.279130935668945,6044400.0
2016-04-22,19.29445037877843,19.39406365623254,19.118210716306763,19.210161209106445,6447400.0
2016-04-25,19.271466378703185,19.40939361059052,19.11821503557164,19.1641902923584,7772500.0
2016-04-26,19.309780310631368,19.424719183361795,19.14120193320149,19.1641902923584,9920000.0
2016-04-27,19.07990135195752,19.417056649678102,19.018600521601694,19.348093032836914,7302200.0
2016-04-28,18.888334715484262,19.064574407386818,18.443903361997346,18.512866973876953,12170200.0
2016-04-29,18.390264388111405,18.397927173656345,17.94583305719312,18.07609748840332,14955900.0
2016-05-02,18.068432237064762,18.198696650497812,17.976480284601024,18.152721405029297,6112100.0
2016-05-03,17.892193829959467,17.96882021878583,17.746603837342057,17.869205474853516,9323900.0
2016-05-04,17.86154402600955,18.045446496034167,17.80024320266801,17.945833206176758,7789900.0
2016-05-05,17.96882101853175,18.152723482983966,17.93050709164991,18.00713348388672,7238400.0
2016-05-06,18.00713117002029,18.091420336802543,17.884529542806117,17.938167572021484,5373300.0
2016-05-09,17.930509098713372,17.9994727132933,17.77725775861234,17.907522201538086,5189800.0
2016-05-10,17.85387842767138,17.96115594776358,17.80790318278997,17.922842025756836,5374500.0
2016-05-11,17.899859102100912,17.968822715474147,17.723617944854304,17.79258155822754,6185400.0
2016-05-12,17.80023925171528,17.8462159551616,17.432434393304252,17.616336822509766,7674600.0
2016-05-13,17.509064711877958,17.624003573311562,17.447763888344905,17.48607635498047,4837700.0
2016-05-16,17.60101637043319,17.807907211494726,17.555041115150743,17.708293914794922,4654300.0
2016-05-17,17.77725671202,17.861544432578874,17.55504030889445,17.585691452026367,4017400.0
2016-05-18,17.624004825462194,18.11441144856902,17.54737842522,18.0224609375,10028100.0
2016-05-19,17.861540351920326,17.86920313595266,17.662312351659462,17.81556510925293,3868700.0
2016-05-20,18.007131736925327,18.405587768679027,17.953493706021316,18.321298599243164,8380600.0
2016-05-23,18.87301145173436,18.972626219532838,18.55118171077962,18.597158432006836,6840000.0
2016-05-24,18.627806516264314,18.82703457320362,18.58949404672973,18.750408172607422,7573600.0
2016-05-25,18.857684123005157,18.941971841157308,18.78872051445446,18.865346908569336,5151600.0
2016-05-26,19.003276331008763,19.095228313995015,18.84236218769181,18.995615005493164,8204700.0
2016-05-27,19.102891597569446,19.164192433977913,18.987952711994474,19.003276824951172,5381300.0
2016-05-31,19.026260000353474,19.041585570659834,18.796382291865356,18.941970825195312,7999900.0
2016-06-01,18.94197411827514,19.355755819322276,18.94197411827514,19.348093032836914,6126800.0
2016-06-02,19.31743956239929,19.348090704652446,19.21016348756705,19.294452667236328,4188200.0
2016-06-03,19.417053057910962,19.61628108509596,19.394064702707258,19.56264305114746,5041800.0
2016-06-06,19.61628115707494,19.669919191220256,19.486016733496257,19.516666412353516,7579500.0
2016-06-07,19.70823446711124,20.014740068576423,19.692910356259603,19.96876335144043,6624300.0
2016-06-08,20.313582601349623,20.367220646261135,20.145005679980986,20.175655364990234,6173600.0
2016-06-09,19.853820555508797,20.114349388317716,19.853820555508797,20.099023818969727,5760100.0
2016-06-10,19.846159475945136,19.899797511744758,19.570306511614667,19.815509796142578,6699400.0
2016-06-13,19.57796615191271,19.784856953515188,19.53965369007228,19.639266967773438,7414600.0
2016-06-14,19.570309153452136,19.70057213710606,19.455368819477638,19.59329605102539,7191500.0
2016-06-15,19.669923611721657,19.945778091064952,19.662260824903548,19.800188064575195,6926800.0
2016-06-16,19.547318155617603,19.85382226127749,19.44770340782385,19.815509796142578,4637700.0
2016-06-17,19.838501478581613,19.869152627308605,19.616286496419782,19.807851791381836,5813100.0
2016-06-20,20.167994428183526,20.413197776856226,20.137344740363062,20.206308364868164,10019300.0
2016-06-21,20.267609458064385,20.420860822157128,20.183320257820657,20.37488555908203,6095200.0
2016-06-22,20.382545997522758,20.627749321034422,20.321245166644843,20.336570739746094,8010400.0
2016-06-23,20.413194497849954,20.543458938598633,20.321243987631483,20.543458938598633,6708600.0
2016-06-24,19.608618183435134,20.07603783911015,19.547317364783233,19.677581787109375,9529800.0
2016-06-27,19.589329987118774,19.843736633748904,19.366724929509022,19.796035766601562,10314300.0
2016-06-28,20.05044328264753,20.169697730261774,19.947091146616255,20.082244873046875,14428100.0
2016-06-29,20.41616247667381,20.646718037370498,20.40821207576925,20.511564254760742,8758600.0
2016-06-30,20.72621500243913,21.004472894353007,20.53540998076823,20.853418350219727,9765900.0
2016-07-01,21.17142561829786,21.18732641503913,21.060123073875864,21.0919246673584,5939300.0
2016-07-05,20.79776917274443,20.90907173418238,20.76596909078373,20.87727165222168,5678400.0
2016-07-06,20.511559902970504,20.82956980614752,20.471809423265174,20.789817810058594,6062900.0
2016-07-07,20.869319919643424,21.091926544684373,20.861369520565148,20.917020797729492,5327900.0
2016-07-08,21.068078040458627,21.306583977759367,20.99652595599165,21.250932693481445,5780600.0
2016-07-11,21.59279023008603,21.75974558317817,21.56893903210612,21.624591827392578,6051600.0
2016-07-12,21.624592377712357,21.696144457089385,21.33838406020425,21.441736221313477,8538700.0
2016-07-13,21.40198497153414,21.47353704834182,21.274781616405726,21.37813377380371,10553300.0
2016-07-14,21.46558667537954,21.64844130905256,21.179378367798392,21.55303955078125,12145100.0
2016-07-15,21.616641601327593,21.672292880676487,21.441735847506916,21.47353744506836,5996500.0
2016-07-18,21.712042463155054,21.982349965711894,21.584839110938137,21.97439956665039,7767300.0
2016-07-19,21.767695811029697,21.878999892095877,21.6166427636417,21.68024444580078,4997300.0
2016-07-20,21.783598131908064,21.93465270622857,21.688196360198983,21.902851104736328,5805100.0
2016-07-21,21.998254971974053,22.11750794794187,21.799499506566402,21.847200393676758,6369300.0
2016-07-22,21.886953522740708,22.09365939936639,21.8472015177835,22.05390739440918,5116800.0
2016-07-25,21.855146643482957,22.197006221678834,21.855146643482957,22.14930534362793,7799700.0
2016-07-26,22.236761832461184,22.586571890458696,22.228811431553975,22.52297019958496,10178800.0
2016-07-27,22.65017070017861,22.65017070017861,22.212909320590313,22.340112686157227,7057700.0
2016-07-28,22.491166480530794,22.570667443997436,22.26060944060324,22.371912002563477,4746300.0
2016-07-29,22.340113450655274,22.340113450655274,21.990303425183598,22.08570671081543,7366600.0
2016-08-01,22.538870417836982,22.85687886397199,22.538870417836982,22.75352668762207,7328200.0
2016-08-02,22.650172628833214,22.650172628833214,22.308312986119002,22.387815475463867,6088500.0
2016-08-03,22.324213787264746,22.451417163662985,22.189060010293638,22.387815475463867,3872000.0
2016-08-04,22.43551673075178,22.60247211275462,22.356015756485924,22.57862091064453,3165000.0
2016-08-05,22.77737351756579,22.936378478889548,22.761472718156675,22.8886775970459,5573000.0
2016-08-08,22.86482489931585,23.16693248636969,22.825072903398507,23.127182006835938,8731700.0
2016-08-09,23.19873202833372,23.397487441165385,23.16693043441659,23.37363624572754,6660600.0
2016-08-10,23.389540467301824,23.41339166623188,23.198735425012423,23.23053550720215,8229100.0
2016-08-11,23.16693115234375,23.3497872902669,22.89662366120536,23.16693115234375,9134000.0
2016-08-12,23.19078388701721,23.27028636316456,23.103331011616767,23.246435165405273,3481800.0
2016-08-15,23.35773601795296,23.413388808664084,23.30208474362533,23.365686416625977,3187000.0
2016-08-16,23.18283768157845,23.214639284343797,23.03973350190216,23.11923599243164,5914400.0
2016-08-17,23.05562896237205,23.05562896237205,22.848923141433037,23.03972816467285,6996800.0
2016-08-18,22.984082965307902,23.214640043747057,22.92843167503195,23.182838439941406,4254200.0
2016-08-19,22.761472131628242,22.809174528626365,22.6660703703993,22.76942253112793,6241800.0
2016-08-22,22.49911841999479,22.642222599887546,22.43551673075178,22.57862091064453,6415400.0
2016-08-23,22.737623591615392,22.80917567432296,22.626319509412657,22.65812110900879,5501800.0
2016-08-24,22.713765667851128,22.737616860487442,22.530911073455897,22.570661544799805,5391500.0
2016-08-25,22.761469078941186,22.928424413275863,22.674017728940598,22.737619400024414,6388200.0
2016-08-26,22.737622449512834,22.97612836896884,22.602468690785454,22.76942253112793,5267500.0
2016-08-29,22.72171824243445,22.87277277750421,22.70581744582007,22.817121505737305,3143900.0
2016-08-30,22.729675485517987,22.80917797614771,22.681974597693706,22.75352668762207,5001800.0
2016-08-31,22.864829252932644,23.039733519121114,22.793277163041022,22.848928451538086,4674700.0
2016-09-01,22.809173792440944,23.0794813011713,22.761471396982454,23.023828506469727,6066600.0
2016-09-02,23.13513107382462,23.222582427039857,23.07947979912851,23.16693115234375,6050200.0
2016-09-06,23.461089319437605,23.62804313982393,23.29413398266781,23.445188522338867,6433000.0
2016-09-07,24.12890827005839,24.287911696088457,23.67574615547825,23.70754623413086,14429800.0
2016-09-08,23.77115192990253,23.78705273011101,23.564446076343614,23.683700561523438,6361600.0
2016-09-09,23.29414009052867,23.3179912924307,22.697873690432708,22.72967529296875,8325600.0
2016-09-12,22.69786615655757,23.087428076401356,22.41960980864539,23.04767608642578,5844500.0
2016-09-13,22.825075532942456,22.88072833363817,22.50706711088578,22.650171279907227,6857800.0
2016-09-14,22.674024196992345,22.86482926467335,22.546820818538343,22.75352668762207,5088700.0
2016-09-15,22.745568400579927,23.27028253386984,22.745568400579927,23.19873046875,6305100.0
2016-09-16,23.15898168344966,23.230533758469896,22.872774899752276,22.98407745361328,7329300.0
2016-09-19,23.77909927812622,23.946054626120162,23.74729919817435,23.795000076293945,7696400.0
2016-09-20,23.977858354822335,24.041460040788028,23.763202096044203,23.77115249633789,5763300.0
2016-09-21,23.922202547408116,24.29586219227993,23.890400952244462,24.24816131591797,8097200.0
2016-09-22,24.454872514648475,24.605927092136138,24.256117050306127,24.375370025634766,5329000.0
2016-09-23,24.367416933341186,24.383317732664214,23.86655388573535,23.946056365966797,7959800.0
2016-09-26,23.866555786919267,23.90630627200963,23.620097926930853,23.723451614379883,4363300.0
2016-09-27,23.691645890214915,24.192510406938826,23.572392939313257,24.168659210205078,5707200.0
2016-09-28,24.224311053743584,24.248162251036135,23.95400354996233,24.113008499145508,4125100.0
2016-09-29,24.097107136387375,24.367414633835686,23.98580458439697,24.168659210205078,5985800.0
2016-09-30,24.08120769233653,24.39126566586383,24.03350529919115,24.319713592529297,5725700.0
2016-10-03,24.359467317289745,24.494621083115803,24.303816034252613,24.42306900024414,4198500.0
2016-10-04,24.50256896043199,24.58207143503594,24.136859700190833,24.160709381103516,5104800.0
2016-10-05,24.38331526178628,24.415115340826194,24.248161514003705,24.27201271057129,6205000.0
2016-10-06,24.407164966198117,24.494616315499105,24.15275676751465,24.46281623840332,4099900.0
2016-10-07,24.550270871210387,24.812627986969495,24.367416233399055,24.78877830505371,5753400.0
2016-10-10,24.796728333322978,25.027283847898506,24.772877135380565,24.8682804107666,7810500.0
2016-10-11,24.637726596700187,24.637726596700187,24.2561164780973,24.431020736694336,10157600.0
2016-10-12,24.566170742757674,24.971632000240778,24.407167309247797,24.923931121826172,9587000.0
2016-10-13,24.590021082888075,24.590021082888075,23.4690406227317,24.27201271057129,17323000.0
2016-10-14,24.693378465305752,24.860333843872926,24.30381793716081,24.375370025634766,9822900.0
2016-10-17,24.26406535878718,24.454870406138475,24.152761277211138,24.303815841674805,7598400.0
2016-10-18,24.57412281169452,24.62977409302364,24.39921856803389,24.534372329711914,5487500.0
2016-10-19,24.60592631649295,24.677478402711394,24.37536925725934,24.629776000976562,6733000.0
2016-10-20,24.590024374942022,24.764928624036134,24.486670692362615,24.693376541137695,7329800.0
2016-10-21,24.58207473679117,24.75697899130536,24.454871366892892,24.709278106689453,3817100.0
2016-10-24,24.75697766726568,24.971633911132812,24.709276785200885,24.971633911132812,3768900.0
2016-10-25,24.963684273605605,25.138590040489742,24.947783473637273,25.082937240600586,3214700.0
2016-10-26,24.796730416126913,24.987535466542056,24.701327132727467,24.81262969970703,4121500.0
2016-10-27,24.82852546511375,24.852376660223168,24.44691544166371,24.46281623840332,6243200.0
2016-10-28,24.59796997792314,24.725173319073154,24.454865840033513,24.46281623840332,5210800.0
2016-10-31,24.59002400107084,24.749027447906954,24.518471919260293,24.725177764892578,3212300.0
2016-11-01,24.741079509836382,24.80468119427776,24.232264517921585,24.415119171142578,5815800.0
2016-11-02,24.383316006717855,24.431016884926795,24.04145642738938,24.160709381103516,5274700.0
2016-11-03,24.12891063401967,24.248163594321568,23.993756874641875,24.073259353637695,4890800.0
2016-11-04,24.017606930897536,24.208413490012394,23.866553886475163,24.041458129882812,4431900.0
2016-11-07,24.423066591130276,24.94778080284168,24.391266510981733,24.923931121826172,3981800.0
2016-11-08,24.80467873508294,25.043184648996125,24.65362418086666,24.91598129272461,4077100.0
2016-11-09,24.35946407043358,24.63772196491416,24.097106973668126,24.319713592529297,8996700.0
2016-11-10,24.287912436620616,24.287912436620616,23.34978810020456,23.405439376831055,10104300.0
2016-11-11,23.103330519833747,23.914253029784717,22.864824612852203,23.795000076293945,7506800.0
2016-11-14,23.27823614860603,23.53264285246234,22.904574975481452,22.936376571655273,8551400.0
2016-11-15,23.302083381827217,23.405437042152858,22.87277249325809,23.214632034301758,11135600.0
2016-11-16,23.12718041046626,23.771147536041,23.12718041046626,23.739347457885742,8802600.0
2016-11-17,23.850648967782632,23.866549764359846,23.333885210090695,23.42928695678711,7065100.0
2016-11-18,23.39748688001611,23.508789423289734,23.206681870239862,23.42928695678711,5136600.0
2016-11-21,23.5326448425118,23.6439474057654,23.421340762874507,23.57239532470703,4477100.0
2016-11-22,23.826805120846732,23.969909301406563,23.667801655189947,23.779104232788086,8937500.0
2016-11-23,23.77114925174758,23.954003884392627,23.64394589717854,23.763198852539062,4017500.0
2016-11-25,23.651895319999213,23.699596196897534,23.540592768441947,23.58034324645996,2101800.0
2016-11-28,23.62009372447797,23.802949865958027,23.484941492663314,23.58034324645996,5435000.0
2016-11-29,23.516746327807347,23.651900103338924,23.16693628824612,23.492895126342773,9254600.0
2016-11-30,23.492890572238764,23.707546794657244,23.373637620800793,23.60419464111328,6403400.0
2016-12-01,23.453147432641867,23.469048235511416,22.530922095584298,22.6978759765625,12499600.0
2016-12-02,22.674018905528108,22.952276799602803,22.570665236914078,22.944326400756836,5195800.0
2016-12-05,23.00792771503898,23.2861856047586,22.952276440371758,23.071529388427734,3953100.0
2016-12-06,23.302085144462094,23.540592559604892,23.21463379032157,23.461090087890625,4336200.0
2016-12-07,23.437239699438052,23.802950475377806,23.254385069659964,23.795000076293945,3911600.0
2016-12-08,24.065312399555612,24.065312399555612,23.73935355375018,23.882457733154297,4094600.0
2016-12-09,24.105059810046,24.351516134018162,23.818851487766274,23.946056365966797,4387400.0
2016-12-12,23.826803782009893,23.826803782009893,23.55649623755976,23.77115249633789,3428000.0
2016-12-13,23.898354356575094,24.359466929754554,23.874504673586454,24.13686180114746,5857700.0
2016-12-14,24.057359108890584,24.160711272498023,23.73140030224229,23.74730110168457,6108400.0
2016-12-15,23.977861404418945,24.08121510499799,23.874509220223896,23.977861404418945,5073300.0
2016-12-16,23.8904046953323,23.914255895441986,23.36569042398927,23.43724250793457,6662100.0
2016-12-19,23.445192717640428,23.484944717500525,23.190785984070775,23.270288467407227,6157000.0
2016-12-20,23.333889382654657,23.500843227419765,23.166934021505856,23.302087783813477,5570800.0
2016-12-21,23.238483224491176,23.278235218119473,22.984076530804106,23.16693115234375,6267500.0
2016-12-22,23.047683919818393,23.055634320515672,22.658123383955058,22.848928451538086,7455900.0
2016-12-23,22.880729846437646,23.15898628639479,22.80917775719613,23.09538459777832,4853500.0
2016-12-27,23.055625560857166,23.238480158269905,23.055625560857166,23.135128021240234,3083000.0
2016-12-28,23.262337874756774,23.310038757810048,23.08743362597228,23.15103530883789,3663300.0
2016-12-29,23.04768066929422,23.182834429318806,22.904576509693637,23.15898323059082,5323900.0
2016-12-30,23.214636783948187,23.23848646706952,22.75352420820323,22.856876373291016,4862800.0
2017-01-03,23.254386901935405,23.46109274525198,23.103332340207192,23.302087783813477,6280300.0
2017-01-04,23.365690037473602,23.421341320425192,23.214636988428918,23.294137954711914,4391800.0
2017-01-05,23.47699186464537,23.779099450099103,23.469041465504013,23.691646575927734,4775700.0
2017-01-06,23.643952380089857,23.731405278978546,23.421345690365936,23.556499481201172,4878700.0
2017-01-09,23.68370226540055,23.961958707148693,23.628049460667047,23.882457733154297,8371700.0
2017-01-10,23.882455629566287,24.089159963405667,23.771151546286916,23.90630531311035,7582000.0
2017-01-11,23.67575317194808,24.009662436866066,23.62805076525697,23.985811233520508,7467300.0
2017-01-12,23.310039717275433,23.739352231577044,23.03973217487452,23.286190032958984,13032200.0
2017-01-13,23.45314025445611,23.57239320671053,23.23053363156658,23.405439376831055,9811100.0
2017-01-17,23.540593530915892,23.57239361108359,23.421339060232157,23.54854393005371,7679800.0
2017-01-18,23.492889397251606,23.596243062009925,23.405438045975497,23.445188522338867,7692800.0
2017-01-19,23.445196894531218,23.604201889531737,23.365694397030957,23.556499481201172,8493200.0
2017-01-20,23.54854641249566,24.057359879885663,23.508794412615977,23.90630531311035,7399400.0
2017-01-23,24.097107700950474,24.240211851938618,24.017605226358885,24.113008499145508,6959800.0
2017-01-24,24.272009909234683,24.56616705103395,24.25610911335814,24.502565383911133,7213600.0
2017-01-25,24.725176062928128,24.908030696575477,24.59797270766183,24.89212989807129,8025800.0
2017-01-26,24.852380555465484,25.003435115400478,24.653625114218688,24.73312759399414,8308700.0
2017-01-27,24.78083114341903,24.92393531914591,24.645677368164066,24.844432830810547,5982200.0
2017-01-30,24.701324859535518,24.804678533405554,24.597972702049088,24.796728134155273,7253100.0
2017-01-31,24.67747897970856,24.772880752641253,24.431021114134108,24.574125289916992,6263100.0
2017-02-01,24.836481476587732,24.892132761370256,24.518473051842033,24.709278106689453,5036900.0
2017-02-02,24.415117086232573,24.558221243101347,24.343566524181824,24.47076988220215,5794800.0
2017-02-03,24.613873864668676,24.709277146577254,24.486670499713053,24.621824264526367,5249100.0
2017-02-06,24.60592766292031,24.60592766292031,24.407172193967426,24.542325973510742,3523700.0
2017-02-07,24.57412472565457,24.621825611025624,24.24816589558204,24.264066696166992,6209500.0
2017-02-08,24.399216801121796,24.40716720021931,24.08120841913902,24.113008499145508,7776600.0
2017-02-09,24.11301192893473,24.248165700049373,23.98580855804845,24.017608642578125,8547000.0
2017-02-10,24.200464433892783,24.494621655790244,24.128912349348262,24.415119171142578,6749400.0
2017-02-13,24.59797237434487,25.281690020540534,24.59797237434487,25.194238662719727,10203800.0
2017-02-14,25.019337855556135,25.019337855556135,24.733131011752036,24.908035278320312,5208600.0
2017-02-15,25.043184115192084,25.28169002402143,25.043184115192084,25.241939544677734,4577200.0
2017-02-16,25.21808746691138,25.83025604867284,25.146535393483646,25.695100784301758,13197100.0
2017-02-17,25.520197697286235,25.7428058559827,25.456597532492516,25.71100425720215,7518200.0
2017-02-21,25.750753791748842,25.81435698696955,25.575848037659174,25.703054428100586,5475400.0
2017-02-22,25.599697274480107,25.599697274480107,25.36914027227759,25.4963436126709,5296200.0
2017-02-23,25.559949444961646,25.559949444961646,25.22603874638682,25.241939544677734,5291200.0
2017-02-24,25.130634173740034,25.377090454101562,25.01933011455788,25.377090454101562,3687100.0
2017-02-27,25.297595037849266,25.297595037849266,25.027287487394624,25.067039489746094,5841900.0
2017-02-28,25.11473998822541,25.186292074968918,24.963685414390905,25.019336700439453,6040800.0
2017-03-01,24.979583369603244,25.122687526788937,24.852380011301214,25.106786727905273,4910300.0
2017-03-02,24.796732731149007,24.83648321838603,24.478724284101173,24.542325973510742,8561100.0
2017-03-03,24.54232330032678,24.582073783234122,24.279966170540636,24.52642250061035,6120700.0
2017-03-06,24.48667050131929,24.59797458295055,24.41511841897909,24.52642250061035,5467400.0
2017-03-07,24.653623986042884,24.96368197495653,24.61387198978241,24.89212989807129,7014000.0
2017-03-08,25.019336897256323,25.059088899306442,24.804682151721007,24.820581436157227,4528500.0
2017-03-09,24.55822391475812,24.69337768690587,24.423070142610367,24.629776000976562,6120700.0
2017-03-10,24.542323491804307,24.709277340978176,24.502571492203096,24.693376541137695,5655300.0
2017-03-13,24.860333434838502,25.09883938157157,24.836482233611665,25.043188095092773,3965700.0
2017-03-14,24.947783466632394,25.01933555008604,24.804680816108846,24.81262969970703,5967200.0
2017-03-15,24.947789860363258,25.464553860557494,24.9159897686694,25.369152069091797,4571400.0
2017-03-16,25.639453506655478,25.81435927625626,25.599703022500993,25.76665687561035,6489000.0
2017-03-17,25.917708404740925,26.04491176621721,25.790505043264634,25.909759521484375,6199800.0
2017-03-20,26.076717940772475,26.323175823717428,26.005165847838,26.11646842956543,5126700.0
2017-03-21,26.426519994429793,26.657073959424846,25.7905002719465,25.822301864624023,9159900.0
2017-03-22,25.893857959742423,26.116463077579336,25.82230588147095,25.989259719848633,6713500.0
2017-03-23,25.814357953261666,25.965410998414207,25.734853956259762,25.885910034179688,5909900.0
2017-03-24,26.02106019859915,26.31521738205914,25.925658442595104,26.08466339111328,5899900.0
2017-03-27,26.116461978110113,26.442420758120555,26.060810700993734,26.370868682861328,5661500.0
2017-03-28,26.521925151659755,26.577576429621388,26.339070519390503,26.513973236083984,4527000.0
2017-03-29,26.195965953162634,26.21186675129597,26.05286180272974,26.180065155029297,4083900.0
2017-03-30,26.108515743805395,26.35497359086883,26.060813344538047,26.291370391845703,3890600.0
2017-03-31,25.997206526675388,26.188010009391164,25.89385287109045,26.108509063720703,4853500.0
2017-04-03,26.188016321038653,26.235718719597823,26.005161675712937,26.148265838623047,4283100.0
2017-04-04,26.0767101446703,26.195964608163788,26.052860465078396,26.124412536621094,3756600.0
2017-04-05,26.283422854214223,26.498079112757733,26.13236676518308,26.156219482421875,5112900.0
2017-04-06,26.140313333938025,26.18801269312183,26.021058870444534,26.124412536621094,3990800.0
2017-04-07,26.124415389928142,26.26751954864336,26.052863310570533,26.13236427307129,3366300.0
2017-04-10,26.132369077802636,26.132369077802636,25.774608615236286,25.85411262512207,4937100.0
2017-04-11,25.98925721040937,25.98925721040937,25.424792554530224,25.758703231811523,6293800.0
2017-04-12,25.814359461992602,25.949511715643787,25.456599036493042,25.66330337524414,6136500.0
2017-04-13,25.520196710118206,25.798456139533357,25.297591592799897,25.3055419921875,8781700.0
2017-04-17,25.4725000275701,25.496349711859477,25.257843770662937,25.464548110961914,6918900.0
2017-04-18,25.24989338244537,25.329395868343287,25.146539695862945,25.273744583129883,5468600.0
2017-04-19,25.377094441646207,25.400945640158035,25.035234844894934,25.130638122558594,4739200.0
2017-04-20,25.257843782673543,25.33734626857146,25.154490096091113,25.273744583129883,4237700.0
2017-04-21,25.51225186277699,25.552002349619304,25.400949286511405,25.504302978515625,4530400.0
2017-04-24,25.90180969685074,26.07671241704436,25.83025761907286,25.997211456298828,5717000.0
2017-04-25,26.044912544782267,26.378823274118776,26.0369636612881,26.291370391845703,5614300.0
2017-04-26,26.28342017027634,26.323170651258394,26.092613615688276,26.2357177734375,6027700.0
2017-04-27,26.323169507406,26.474222541680824,26.24366551612938,26.251617431640625,5625600.0
2017-04-28,26.35497359086883,26.43447455688029,26.267520708595757,26.291370391845703,5250500.0
2017-05-01,26.36292722698369,26.561682710610757,26.347026424361363,26.553733825683594,4015100.0
2017-05-02,26.688877918220122,27.022788605403573,26.688877918220122,26.975086212158203,5989300.0
2017-05-03,26.935328998791686,27.261287689208984,26.903527411246994,27.261287689208984,6660700.0
2017-05-04,27.18179455126959,27.18179455126959,27.006891815614257,27.142044067382812,5697300.0
2017-05-05,27.15794070011936,27.380545801940706,27.054587031659285,27.36464500427246,5249800.0
2017-05-08,27.587262680076076,27.905269645124406,27.531611385373417,27.80986785888672,6906900.0
2017-05-09,27.92910925067646,28.191464797819272,27.92910925067646,28.151714324951172,7297900.0
2017-05-10,28.040411787813817,28.32662004489083,27.889358777808358,28.151714324951172,9936700.0
2017-05-11,28.31867638850807,28.461780558776383,28.119920933442916,28.270977020263672,6648900.0
2017-05-12,28.223272501295025,28.239173300439102,28.02451706114506,28.119918823242188,4905000.0
2017-05-15,28.111966663480906,28.135816343033568,27.730356626803374,27.87346076965332,9784700.0
2017-05-16,27.83370667069728,27.849607467651367,27.666752851829717,27.849607467651367,6046200.0
2017-05-17,27.66675409443504,27.67470600965269,27.340795324153618,27.36464500427246,8128100.0
2017-05-18,27.380551151737407,27.81781559113223,27.35670146695865,27.74626350402832,8303700.0
2017-05-19,27.88937184971213,28.008623324210262,27.77806622763853,27.984773635864258,7283300.0
2017-05-22,28.135812581883734,28.23121432010822,28.03245892969337,28.14376449584961,5914200.0
2017-05-23,28.135812581883734,28.21531655770962,28.064260520023723,28.14376449584961,6612800.0
2017-05-24,28.159669891782293,28.29482517094096,28.096069726647407,28.239173889160156,7812500.0
2017-05-25,28.350475112541943,28.453828787863742,28.215322872539577,28.27892303466797,4514900.0
2017-05-26,28.2630237518635,28.286876467612363,28.088121022053876,28.23122215270996,3109800.0
2017-05-30,28.3663742117575,28.469727880887092,28.207369266812066,28.44587516784668,4219300.0
2017-05-31,28.080167396922533,28.111968994140625,27.905261644990254,28.111968994140625,7663100.0
2017-06-01,28.382281666948007,28.557184417923246,28.247126370573547,28.533334732055664,6016100.0
2017-06-02,28.54923306022903,28.80363979666897,28.501530659858723,28.76388931274414,5779200.0
2017-06-05,29.065998638816993,29.153448490914037,28.85929126863387,28.930843353271484,4819600.0
2017-06-06,28.922892188628868,29.08189714559164,28.811589628585118,28.962642669677734,5028000.0
2017-06-07,29.08984391907941,29.185245673231552,28.92289009112139,28.98649024963379,6537700.0
2017-06-08,29.21704599667066,29.33630045874344,29.050092175982325,29.280649185180664,7593900.0
2017-06-09,29.08189671431231,29.177298473968264,27.984765863583462,28.453828811645508,12040100.0
2017-06-12,28.45382857720958,28.45382857720958,27.833709562637015,28.01656723022461,11057000.0
2017-06-13,28.191473018577074,28.29482670438587,28.02451916418656,28.270977020263672,4969400.0
2017-06-14,28.19941753476692,28.43792341170058,28.11991355394452,28.34252166748047,7016400.0
2017-06-15,27.913212046057822,28.19942033995602,27.833708057326618,28.175567626953125,4623300.0
2017-06-16,28.51743507385254,28.581038282406396,28.398183606965915,28.51743507385254,7432400.0
2017-06-19,28.72413292335242,28.906987538027117,28.676430532789368,28.78773307800293,4523700.0
2017-06-20,29.034198202171854,29.209103978911962,28.716188250420323,28.724140167236328,4987400.0
2017-06-21,28.78773466889041,29.240896789598235,28.78773466889041,29.185245513916016,6329400.0
2017-06-22,29.193197429166087,29.352199340962674,29.121645355750793,29.185245513916016,6273400.0
2017-06-23,29.193203917264054,29.24090328829724,29.050099738629015,29.201152801513672,5558600.0
2017-06-26,29.914538274608237,29.980213848903404,29.487656436440886,29.660053253173828,10127200.0
2017-06-27,29.380930641923392,29.380930641923392,28.707771839360287,28.80628204345703,8081100.0
2017-06-28,28.95404955786919,29.052559764151823,28.52716782186712,29.01972198486328,8306200.0
2017-06-29,28.921216713680458,28.921216713680458,28.346568004405214,28.57642936706543,7332200.0
2017-06-30,28.60105376518951,28.806285206348566,28.48612465919376,28.69956398010254,5177500.0
2017-07-03,28.765241974851058,28.871960078530584,28.59284830129164,28.633893966674805,4470600.0
2017-07-05,28.79807146790713,28.79807146790713,28.428654322658552,28.58462905883789,9222200.0
2017-07-06,28.32193374633789,28.43686283150168,28.165959006698845,28.32193374633789,6493700.0
2017-07-07,28.362981973354895,28.461492179346987,28.305517425560925,28.42865753173828,7937800.0
2017-07-10,28.412240356683366,28.86374888727504,28.362983684923428,28.73240089416504,7779700.0
2017-07-11,29.085391505511275,29.085391505511275,28.77343893019534,29.04434585571289,9300800.0
2017-07-12,29.266001107911933,29.389138078283153,29.142861005957833,29.29883575439453,9211200.0
2017-07-13,29.110023367014026,29.684671959574704,29.110023367014026,29.676464080810547,9943900.0
2017-07-14,29.660042357598112,29.840643857398618,29.53690226682189,29.75855255126953,7196600.0
2017-07-17,29.577958547548594,29.602588453503174,29.257797954392565,29.479448318481445,4649800.0
2017-07-18,29.454820509294606,29.58616852063082,29.32347249795839,29.446609497070312,6185300.0
2017-07-19,29.602588841572324,29.898119532647975,29.602588841572324,29.889911651611328,7033800.0
2017-07-20,29.889907968531304,29.889907968531304,29.619004085530538,29.635419845581055,6996600.0
2017-07-21,29.60258209631794,29.60258209631794,29.30704834099895,29.430185317993164,5023500.0
2017-07-24,29.64362445438122,29.73392677307129,29.56153001394357,29.73392677307129,6842100.0
2017-07-25,29.561536399020234,29.75855996704355,29.528701747335823,29.635419845581055,5276300.0
2017-07-26,29.63541344454611,29.758553539411235,29.504065471428568,29.73392677307129,4342200.0
2017-07-27,29.99662358999718,30.05408813418017,29.520485216386373,29.70108985900879,7243100.0
2017-07-28,29.59437504625506,29.61079393836828,29.307052263232407,29.438400268554688,3678400.0
2017-07-31,29.57795902323823,29.881703859421165,29.43019211146917,29.52049446105957,7757600.0
2017-08-01,29.512286066892457,29.545123853733273,29.31526247743128,29.42198371887207,5437300.0
2017-08-02,29.881701091056055,29.93916564791096,29.438400396818103,29.610794067382812,6064600.0
2017-08-03,29.64362783040075,29.64362783040075,29.266002756129122,29.380931854248047,3919800.0
2017-08-04,29.49587152772935,29.61901168076882,29.35631247884567,29.57796287536621,4071400.0
2017-08-07,29.766760112181,30.2264795637218,29.766760112181,30.201852798461914,4860200.0
2017-08-08,30.136179527682987,30.341410937920408,30.078714983343133,30.127971649169922,3301200.0
2017-08-09,29.717508967697448,29.939159267580557,29.577949979660165,29.93094825744629,3153700.0
2017-08-10,29.55333522089245,29.57796199813629,29.011524200439453,29.011524200439453,5605400.0
2017-08-11,29.15928366023806,29.71751343310213,29.085400215841837,29.668256759643555,4291100.0
2017-08-14,29.577962436796707,29.635427005607287,29.430195507974037,29.59438133239746,3875600.0
2017-08-15,29.709304501330205,29.955584754278966,29.627213171402953,29.898117065429688,3820400.0
2017-08-16,29.717512228129422,29.914532650808464,29.668255556668083,29.832441329956055,3232000.0
2017-08-17,29.79960258762171,29.832440367536563,29.364512964290622,29.380931854248047,3324000.0
2017-08-18,29.553329381763746,29.63542071074637,29.23316881451466,29.438400268554688,3692800.0
2017-08-21,29.47944454948601,29.561535874615842,29.249586333855838,29.536909103393555,3588100.0
2017-08-22,29.939169402813835,30.10335208208585,29.83244815601993,29.980215072631836,3202300.0
2017-08-23,29.939158587054923,30.045876663712203,29.857064145492313,30.029460906982422,2956400.0
2017-08-24,30.193646643760268,30.316786753024275,30.02946400685235,30.234695434570312,4544500.0
2017-08-25,30.31678754600038,30.423508768048414,30.16902066365176,30.25111198425293,2975200.0
2017-08-28,30.03766938261117,30.267527560391457,30.02125049397218,30.185436248779297,2199900.0
2017-08-29,29.9802021492724,30.349619281560074,29.963783262106002,30.27573585510254,2997700.0
2017-08-30,30.27574586872335,30.439931663108826,30.210070298335737,30.316791534423828,2838900.0
2017-08-31,30.33321527531102,30.3578420523508,30.12798378242202,30.349634170532227,4288600.0
2017-09-01,30.374248795736392,30.57127232798355,30.30036536259156,30.554853439331055,4100000.0
2017-09-05,30.579483529823893,30.70262364230879,30.086929343050592,30.25111198425293,7123000.0
2017-09-06,30.42350973889285,30.67799471982723,30.374253066010432,30.595903396606445,4187700.0
2017-09-07,30.57126790613363,30.81754493713379,30.52201124730066,30.81754493713379,3597500.0
2017-09-08,30.84217638267243,30.93247870511647,30.66157173778435,30.784711837768555,5581800.0
2017-09-11,30.694417875061042,31.096672930526626,30.661580088577388,31.06383514404297,6920100.0
2017-09-12,31.072046402466178,31.145929864293844,30.907863715368272,31.080257415771484,3524500.0
2017-09-13,30.9242781888667,31.02279155491698,30.77651440295906,30.809349060058594,4983400.0
2017-09-14,30.7847112948815,30.973523815033506,30.6779900855494,30.686201095581055,5799000.0
2017-09-15,30.801134762351232,30.92427174688701,30.702624548405964,30.907855987548828,7245600.0
2017-09-18,31.088459703415477,31.2936911569424,31.055625050854598,31.25264549255371,6179600.0
2017-09-19,31.342934218912387,31.548165583294168,31.30188857235245,31.441444396972656,6559400.0
2017-09-20,31.490709677689896,31.515336446055173,30.735456421464214,31.047409057617188,7961100.0
2017-09-21,31.022790814453785,31.466091556347525,30.924277450754854,31.392208099365234,8458000.0
2017-09-22,30.94890027251027,31.0556214929611,30.858597942250572,31.006364822387695,4529900.0
2017-09-25,30.78471716700224,30.78471716700224,30.25932516173874,30.431718826293945,5895000.0
2017-09-26,30.44813204826107,30.636944569270526,30.316784071403063,30.489177703857422,5995400.0
2017-09-27,30.61232463135962,30.669789188330515,30.38246327189255,30.579486846923828,4802700.0
2017-09-28,30.34142072717367,30.456349852933723,30.201864826346124,30.41530418395996,7618700.0
2017-09-29,30.587692572034012,30.86680745690487,30.587692572034012,30.825761795043945,3818500.0
2017-10-02,31.05563132536826,31.342954165723597,31.00637463919988,31.301908493041992,5096200.0
2017-10-03,31.490714511383,31.581016851360655,31.40041217140535,31.556386947631836,3727100.0
2017-10-04,31.400405452375544,31.47428888458562,31.301895253289697,31.416824340820312,2717200.0
2017-10-05,31.736998859467725,31.89297367123605,31.5153484649017,31.572813034057617,4456400.0
2017-10-06,31.531767360601126,31.58923192975704,31.367581535191015,31.572813034057617,3086100.0
2017-10-09,31.68773628163563,31.860133088639053,31.605644949983386,31.827295303344727,1963500.0
2017-10-10,32.10641090040529,32.14745656710742,31.868341649315827,31.99148178100586,4112000.0
2017-10-11,32.67283169433373,33.15717782636042,32.57432151895363,33.12434005737305,9015400.0
2017-10-12,33.23929098766671,33.37884688716545,33.0997319565842,33.1982421875,5524100.0
2017-10-13,33.41167123570926,33.54301920129369,33.354206696489975,33.51018142700195,3913100.0
2017-10-16,33.5594457763439,33.59228042657498,33.3706332282864,33.56765365600586,2707000.0
2017-10-17,33.5184023598717,33.863189697265625,33.28033312314726,33.863189697265625,7582200.0
2017-10-18,33.98633288899339,34.24902892164628,33.60049672096656,34.068424224853516,6653200.0
2017-10-19,33.674374108752254,33.896024433540276,33.247492349706775,33.71541976928711,5710500.0
2017-10-20,33.674363173361996,33.75645446777344,33.5183884613474,33.75645446777344,5251600.0
2017-10-23,33.96169313203624,34.05199545423952,33.748253841759876,33.830345153808594,5092400.0
2017-10-24,33.87139381163352,33.96990715272196,33.633327732960865,33.920650482177734,4251600.0
2017-10-25,33.904224271404495,33.99452658211263,33.411670198646846,33.7892951965332,3360000.0
2017-10-26,33.80571703722199,33.937065010207135,33.715414718622945,33.82213592529297,3651500.0
2017-10-27,34.051994650170826,34.626643215691146,34.002737985155,34.60201644897461,4822800.0
2017-10-30,34.77441818386341,35.020695303175685,34.54455995671642,34.58560562133789,5200800.0
2017-10-31,34.62664626934545,34.905761132550886,34.56097071019922,34.749786376953125,3704500.0
2017-11-01,34.87292679465956,34.889345686066534,34.36395368737675,34.56097412109375,4235700.0
2017-11-02,34.552759783958784,34.67589988070697,34.437830697171265,34.60201644897461,3255800.0
2017-11-03,34.396783507011605,34.66768732355153,34.14229544649491,34.634849548339844,6140900.0
2017-11-06,34.63485511077939,34.872924321924714,34.54455591181889,34.831878662109375,5650500.0
2017-11-07,35.00426606257206,35.06173060237035,34.69231346682234,34.897544860839844,2761600.0
2017-11-08,34.823667651196445,34.92218099265299,34.65127400102215,34.831878662109375,2378400.0
2017-11-09,34.59380864645164,34.659484205895325,33.896023051069214,34.183345794677734,4680100.0
2017-11-10,34.306484168619555,34.331110936374515,34.14229840989312,34.249019622802734,5333900.0
2017-11-13,34.249024965325766,34.487091064453125,34.076628169400166,34.487091064453125,2222000.0
2017-11-14,34.298273265692146,34.388575589853545,34.07662296045496,34.363948822021484,2799400.0
2017-11-15,33.97811720577186,34.19155966020203,33.88781486978858,34.10125732421875,3417300.0
2017-11-16,34.273651350430065,34.675906360942555,34.273651350430065,34.56097412109375,3304500.0
2017-11-17,34.67590544302014,34.8236691986047,34.45425511226842,34.536346435546875,3702000.0
2017-11-20,34.536350331275656,34.70874400855651,34.44604798653324,34.65127944946289,4455300.0
2017-11-21,34.987847918884405,35.19307931726385,34.93038337786477,34.955013275146484,3668500.0
2017-11-22,34.96322325663056,35.08636335569959,34.71694619007532,34.81545639038086,2768600.0
2017-11-24,35.02889636704309,35.31622222664833,34.97964283171518,35.291595458984375,1499700.0
2017-11-27,34.20796578216763,34.21617679126183,33.707203832806066,33.73183059692383,8188400.0
2017-11-28,33.682589538935225,33.83856746815007,33.50198796577932,33.60049819946289,4864800.0
2017-11-29,33.55944193125225,33.58406869899975,32.213124346952505,32.35268020629883,11796100.0
2017-11-30,32.50865173339844,32.62358394519154,32.15565348327603,32.50865173339844,9357100.0
2017-12-01,32.79598307755648,32.82882085787358,32.016103018732274,32.59075164794922,7192200.0
2017-12-04,32.878068689416466,32.94374423864997,32.2623745074739,32.33625793457031,7109000.0
2017-12-05,32.18029022216797,32.4429862132401,31.958639892529007,32.18029022216797,4504000.0
2017-12-06,31.98328008923105,32.09000135902404,31.622073732773025,31.753421783447266,8622000.0
2017-12-07,31.81087175566144,32.04072995591834,31.695942655532996,32.02431106567383,11285400.0
2017-12-08,32.32805832735791,32.46761420780855,31.975059988874886,32.01610565185547,5071600.0
2017-12-11,32.172061229609795,32.49222472564531,32.163853354543924,32.319828033447266,5272500.0
2017-12-12,32.19671388032116,32.3280618953055,32.081784758657825,32.262386322021484,5488100.0
2017-12-13,32.4019439956372,32.418362888272185,32.196712535075186,32.25417709350586,4227100.0
2017-12-14,32.42656611228338,32.549706223570865,32.27879923137164,32.34447479248047,4737600.0
2017-12-15,32.34447575538991,32.525077290649534,32.221335640436486,32.42656707763672,7156400.0
2017-12-18,32.32805590220326,32.401939342659134,32.18028902129152,32.34447479248047,5746900.0
2017-12-19,32.18849819608138,32.35268397387807,32.11461475265204,32.29521942138672,4454900.0
2017-12-20,32.32805435495452,32.51686688673098,32.15565758108647,32.3773078918457,6330100.0
2017-12-21,32.47582876450694,32.557920099429424,32.180294948252104,32.20492172241211,3563100.0
2017-12-22,32.50866095915749,32.53329086303711,32.26238384144546,32.53329086303711,2523600.0
2017-12-26,32.27060483870349,32.27060483870349,31.8601418049801,31.97507095336914,2861500.0
2017-12-27,32.01610391750259,32.106406250118084,31.917593705368947,32.08177947998047,3092900.0
2017-12-28,32.43477668861247,32.74672936665231,32.34447748195405,32.623592376708984,4279500.0
2017-12-29,32.7138919752931,33.01763677694239,32.54970932006836,32.54970932006836,3870900.0
2018-01-02,33.25570352039956,33.699004213847765,33.181820071491515,33.67437744140625,4984000.0
2018-01-03,34.142296382835774,34.322901019870486,34.01915628820616,34.240806579589844,6963200.0
2018-01-04,34.4131948149085,34.47887035684289,34.02736196658163,34.06019973754883,4876600.0
2018-01-05,34.38858268746941,34.94681250515283,34.30649135669742,34.856510162353516,5330800.0
2018-01-08,34.807257051553215,34.87292949067489,34.63486024424373,34.840091705322266,3538200.0
2018-01-09,34.88113605588207,34.88934393538203,34.58560228855258,34.62664794921875,5729900.0
2018-01-10,33.94528150464831,34.027375965840925,33.42810049126055,33.90423583984375,7102700.0
2018-01-11,33.83855692112598,33.98632379138632,33.616906615735466,33.682579040527344,5701800.0
2018-01-12,33.69079352793785,33.904232845018164,33.46093218848611,33.81393051147461,5028000.0
2018-01-16,34.48708183480689,34.7661966540078,34.32289922599197,34.667686462402344,9081600.0
2018-01-17,35.02069236830948,35.521457576842394,34.88934437357817,35.40652847290039,7117700.0
2018-01-18,36.00579714285289,36.8185117292346,35.71026342722949,36.588653564453125,11866200.0
2018-01-19,36.99911734941299,37.38495339194483,36.59686555031541,36.670745849609375,6543700.0
2018-01-22,37.762582722711734,38.09095425989028,37.71332605266004,38.07453536987305,8335800.0
2018-01-23,38.15662503147927,38.23050846755701,37.81183775083845,37.99243927001953,5659600.0
2018-01-24,37.46703983593951,37.491666599173,37.146879387574906,37.212554931640625,7400600.0
2018-01-25,37.52451551687796,37.58198006921265,36.974496764079326,37.02375030517578,7655700.0
2018-01-26,37.35212162075569,37.54914517862992,36.966285516192904,37.5327262878418,7057300.0
2018-01-29,37.32749934893128,37.50810090619958,37.10584899395404,37.27003479003906,11604400.0
2018-01-30,36.58866296500635,36.96628808462097,36.44910708098577,36.8431510925293,10224600.0
2018-01-31,37.294654309861976,37.59839593801443,37.04016621884707,37.196144104003906,6333300.0
2018-02-01,37.212563097090566,37.70511725933402,37.1879331968703,37.311073303222656,6706500.0
2018-02-02,36.94986486343693,37.204352961142604,36.49014846962417,36.53940200805664,12051800.0
2018-02-05,36.161775539330975,36.78568080915572,35.14382945089704,35.258758544921875,11748300.0
2018-02-06,34.7005275636247,35.87445149237711,34.56096857485311,35.784149169921875,13414100.0
2018-02-07,35.29159917218551,35.29159917218551,34.38037109375,34.38037109375,15239500.0
2018-02-08,34.569180660620276,34.5773885394703,33.13256072998047,33.13256072998047,11356000.0
2018-02-09,33.444513540037775,34.216182550920564,32.80418938094748,34.04378890991211,10588400.0
2018-02-12,34.503504304744766,35.12740955672302,34.44603975937609,34.91396713256836,6573300.0
2018-02-13,34.9221805080676,35.020690716574094,34.38036966390728,34.79083251953125,5831900.0
2018-02-14,34.61843533577547,35.37368860972439,34.41320391036087,35.340850830078125,6860100.0
2018-02-15,35.72669219970703,35.91550476324378,35.09457894008392,35.72669219970703,6116500.0
2018-02-16,35.587122639312774,36.08788774415115,35.5542879961165,35.693843841552734,4792100.0
2018-02-20,35.36548057687743,36.25207870239147,35.29980501787038,35.907291412353516,9291700.0
2018-02-21,35.84162799537962,35.97297602630734,35.193095722605946,35.20951461791992,6612600.0
2018-02-22,35.028903793896745,35.08637148326843,34.62665188937969,34.79904556274414,7984000.0
2018-02-23,35.619968983107505,36.03864288330078,35.39011076752426,36.03864288330078,7204900.0
2018-02-26,36.21103643144735,36.457313537597656,35.95654831386148,36.457313537597656,3897600.0
2018-02-27,36.16179055337175,36.367022058364306,35.80058423195518,35.80879211425781,5999100.0
2018-02-28,35.84982750071911,36.046851066867006,35.53787795739468,35.58713150024414,6400100.0
2018-03-01,35.58713495812927,35.75953176960367,34.733374439420196,35.06995391845703,7792400.0
2018-03-02,34.7990446050606,35.34085551471199,34.60202416423289,35.30801773071289,4819600.0
2018-03-05,35.340855156993086,35.92371172495197,35.193088262076266,35.702064514160156,5977200.0
2018-03-06,36.399850680952746,36.44910735711263,35.65280831623689,35.74311065673828,8632000.0
2018-03-07,35.55429630294315,36.35059217208821,35.44757507576909,36.28491973876953,4482900.0
2018-03-08,36.3670057951777,36.440889229198,35.784149333230246,35.95654296875,7092400.0
2018-03-09,36.16179029576452,36.61329897721487,35.72670051038673,36.6050910949707,8336200.0
2018-03-12,36.76926274687069,37.228979133310894,36.73642496738696,37.12226104736328,5176100.0
2018-03-13,37.35211952254135,37.55735094848938,36.86777323204068,36.933448791503906,5842300.0
2018-03-14,37.29466615571844,37.31108505050706,36.802111838395724,37.0648078918457,4300500.0
2018-03-15,37.02374732927356,37.475258963587585,36.85135368612619,37.196144104003906,3942200.0
2018-03-16,36.941649469284606,37.36853112783067,36.88418493174787,36.917022705078125,8125600.0
2018-03-19,36.711806053621444,36.83494305565798,36.27671321132471,36.6132926940918,5116500.0
2018-03-20,36.695391326863,36.867785028238416,36.547624402374346,36.8021125793457,6404200.0
2018-03-21,36.58865613802017,36.81851431896937,36.325960179340264,36.695377349853516,7036400.0
2018-03-22,36.20281700458374,36.4244672880709,35.86623764038086,35.86623764038086,6318500.0
2018-03-23,35.816984522023624,35.87444906304326,34.955013275146484,34.955013275146484,5923500.0
2018-03-26,35.964755459403634,36.35058840265161,35.44757139997238,36.34238052368164,5395200.0
2018-03-27,36.71180019094814,36.81031040316257,35.4065281356701,35.53787612915039,6995000.0
2018-03-28,35.283391659561474,35.439366439281144,34.84009096151587,35.04532241821289,8563100.0
2018-03-29,35.29981141830641,36.055061694328664,35.26697363284886,35.92371368408203,7758900.0
2018-04-02,35.57891710488475,35.784148513396644,34.82366389313795,34.889339447021484,6361200.0
2018-04-03,36.34237580131334,36.35058367921677,35.324426704247166,35.693843841552734,6174500.0
2018-04-04,34.782619139622334,36.07147216796875,34.76620025072573,36.07147216796875,5497100.0
2018-04-05,36.14536035504501,36.30954613401735,35.41473692678048,35.562503814697266,6115100.0
2018-04-06,35.201301521403174,35.439367639228976,34.69232523682093,34.823673248291016,5133100.0
2018-04-09,35.37369199320023,36.15357211068747,35.22592510224125,35.35727310180664,6696400.0
2018-04-10,36.014013670825314,36.30133957739522,35.32443587927427,35.77594757080078,5682300.0
2018-04-11,35.50504557015433,35.948346312668164,35.50504557015433,35.61176681518555,4788000.0
2018-04-12,35.570718060791094,35.997596740722656,35.34085669669307,35.997596740722656,7574700.0
2018-04-13,35.866245928873404,35.907294722828816,34.93860205924728,35.01248550415039,5749900.0
2018-04-16,35.1438273684834,35.308009989314435,35.03710615967703,35.19308090209961,5206900.0
2018-04-17,34.55276326160254,34.77441357910816,34.29006728491065,34.733367919921875,9831100.0
2018-04-18,34.560974902231706,34.692322904872846,33.830351441816404,34.4132080078125,8947400.0
2018-04-19,32.779570177895934,32.9027103107975,32.106411216290326,32.45119857788086,27527000.0
2018-04-20,32.31985839853627,32.459417458426124,31.868349687757423,31.97507095336914,15313300.0
2018-04-23,31.983270524094078,32.08178388132609,31.63027215630507,31.810876846313477,11178300.0
2018-04-24,32.04894609558208,32.18850198761868,31.44145958565247,31.810876846313477,13004000.0
2018-04-25,31.490715691364496,31.597436927299146,31.21160078078557,31.33473777770996,12359200.0
2018-04-26,31.26085745850546,31.654901485513903,31.26085745850546,31.33473777770996,7685800.0
2018-04-27,31.802668387090016,31.802668387090016,31.186974007717406,31.33473777770996,8276100.0
2018-04-30,31.761612766838738,31.884752868893738,31.507127815579963,31.564592361450195,7968000.0
2018-05-01,31.474290957075052,31.966845116520293,31.40861539897143,31.958637237548828,5507000.0
2018-05-02,31.687733934821395,31.687733934821395,30.907856947132572,30.989948272705078,11522200.0
2018-05-03,30.82575707421588,31.351148981374106,30.620525664758272,31.277265548706055,7021400.0
2018-05-04,31.195184683639614,31.736995660776316,31.14592800150579,31.67953109741211,9474000.0
2018-05-07,31.564592361450195,31.728778120329235,31.392198723839503,31.564592361450195,4590100.0
2018-05-08,31.999682190381613,32.328053710497294,31.966844412053465,32.16386795043945,8116600.0
2018-05-09,32.31984754152591,32.39373098804028,32.14745387685351,32.303428649902344,5861400.0
2018-05-10,32.484034272818896,32.73031139118261,32.37731303994735,32.64822006225586,7957900.0
2018-05-11,32.86987432174966,32.98480344856398,32.54150270377977,32.763153076171875,4184400.0
2018-05-14,32.94374540556953,33.288532656510654,32.73851400431906,32.79597854614258,5014000.0
2018-05-15,32.3116430019845,32.344480788626505,31.9832713987318,32.262386322021484,5622800.0
2018-05-16,32.34447040190479,32.697468665989454,32.24595707361418,32.66463088989258,7671500.0
2018-05-17,32.07356725228591,32.21312625146616,31.745195715518438,31.983264923095703,7964200.0
2018-05-18,31.581013467191486,31.64668589640297,31.425035576095897,31.53996467590332,7783900.0
2018-05-21,32.295225775182594,32.590759607043616,32.11462107091556,32.401947021484375,7902200.0
2018-05-22,32.40193280563447,32.66462873390516,32.385513918669744,32.54148864746094,5752000.0
2018-05-23,32.13103540712839,32.54970932006836,32.0899897433222,32.54970932006836,4815400.0
2018-05-24,32.319857617997506,32.38553320496768,31.83551112463771,32.23776626586914,7930800.0
2018-05-25,32.09820052039513,32.41836424277918,31.958644624542142,32.262386322021484,5403000.0
2018-05-29,31.597435567620913,31.6549001233629,31.219807317852037,31.326528549194336,7198200.0
2018-05-30,31.44144925812323,31.523543695517795,31.252636749489614,31.474287033081055,8413400.0
2018-05-31,31.466087130002006,31.90117679792471,31.433249346721666,31.76982879638672,8129400.0
2018-06-01,32.00789656519874,32.18029022216797,31.851918667536193,32.18029022216797,5970000.0
2018-06-04,32.713891283616306,32.8370314040147,32.566124391771574,32.81240463256836,8927200.0
2018-06-05,32.59074815260024,32.72209612819853,32.344471089801296,32.45940017700195,6345900.0
2018-06-06,32.713884683679794,32.77956023639797,32.4758186340332,32.4758186340332,9829700.0
2018-06-07,32.475827134319346,32.78777669663281,32.39373267193407,32.442989349365234,8216900.0
2018-06-08,32.14744976972227,32.14744976972227,31.622057831225217,31.958637237548828,8081300.0
2018-06-11,32.01610966605552,32.139249802020004,31.8190860748291,31.8190860748291,4511600.0
2018-06-12,32.12282566984489,32.311638217704036,31.99968555396217,32.18029022216797,6582600.0
2018-06-13,32.61536994437997,32.74671789994294,32.0571403503418,32.0571403503418,9616600.0
2018-06-14,32.04073101955057,32.07356880112968,31.6877326965332,31.687732696533203,7636000.0
2018-06-15,31.868335062459472,31.966845268500272,31.64668475018043,31.761613845825195,11235700.0
2018-06-18,31.449666370481353,31.49071203135228,31.063830268811632,31.400409698486328,8921400.0
2018-06-19,30.9489058661323,31.170556226398475,30.661579933231558,30.83397674560547,9848900.0
2018-06-20,31.47429601070186,31.67952746535391,31.203388987401084,31.48250389099121,8668600.0
2018-06-21,31.088457835851464,31.203386941869102,30.825761841644503,30.88322639465332,9246700.0
2018-06-22,31.416831761763042,31.449669546409165,31.170554640084134,31.293691635131836,10338500.0
2018-06-25,30.889490862369463,31.110739726834673,30.676753317523783,31.06818962097168,10528100.0
2018-06-26,30.915023110757975,31.229873783856366,30.727813023236912,31.025644302368164,8817000.0
2018-06-27,30.846938098342704,30.90650433980879,30.217233657836914,30.217233657836914,8798100.0
2018-06-28,30.20872826967809,30.583145141601562,30.081084457415752,30.583145141601562,7199000.0
2018-06-29,31.102221714438553,31.289431752375233,31.008616695470213,31.110733032226562,8088200.0
2018-07-02,30.81290437277748,31.119246948346916,30.668244404379266,31.093719482421875,7365500.0
2018-07-03,30.966068267822266,31.153278296224606,30.93202949063703,30.966068267822266,6512600.0
2018-07-05,30.97459114030133,31.14477859748332,30.838439226885143,31.13627052307129,9230900.0
2018-07-06,31.3319785456605,31.78298100410132,31.28092037737571,31.714906692504883,7251600.0
2018-07-09,32.22548375324189,32.36163565788213,31.97019933780611,32.19144821166992,7124100.0
2018-07-10,31.88510633465964,32.29356205780322,31.88510633465964,32.27654266357422,7211500.0
2018-07-11,31.76597164170676,31.782987788650754,31.400062806181978,31.45962905883789,7316200.0
2018-07-12,31.765977984105884,31.987223645842164,31.655353530178765,31.748958587646484,5275300.0
2018-07-13,31.944666546649884,32.16591213752656,31.893608373624378,32.140384674072266,4947500.0
2018-07-16,32.23399149401001,32.24249956692891,32.03827335570424,32.157405853271484,5399200.0
2018-07-17,31.910630038754675,32.438218213149284,31.782986220152797,32.37014389038086,6238500.0
2018-07-18,32.37013933272667,32.73604809867451,32.233987460242595,32.68498992919922,10532200.0
2018-07-19,33.56147361381582,34.369876926408885,32.863694732491446,33.87632751464844,17762300.0
2018-07-20,34.029501221541295,34.761315694657405,33.90185738823589,34.659202575683594,14481000.0
2018-07-23,34.735772205707136,34.871924050249156,34.57409290472475,34.66769790649414,6832800.0
2018-07-24,34.974050703461664,35.06765574158033,34.36136878816025,34.369876861572266,7018300.0
2018-07-25,34.488999003037456,34.80385280867111,34.30179222916796,34.79534149169922,7725700.0
2018-07-26,34.633665717305675,34.837891899881825,34.41241689904543,34.73577880859375,8476600.0
2018-07-27,34.837902284862814,35.6718331455582,34.837902284862814,35.271888732910156,9468500.0
2018-07-30,35.27188056526475,35.331446809655574,34.79534736402135,34.965538024902344,5174300.0
2018-07-31,35.110200512770156,35.38250753751925,34.965540550548134,35.06765365600586,4908300.0
2018-08-01,35.26336901178712,35.51014530611367,35.16125591438596,35.493125915527344,6115000.0
2018-08-02,34.974054912839605,35.44208015976313,34.88896118400861,35.35698318481445,4669300.0
2018-08-03,35.433561695188075,35.69735739516666,35.36548737507178,35.47610855102539,4575200.0
2018-08-06,35.059145083304195,35.24635189962173,34.88895441255612,34.94852066040039,7245800.0
2018-08-07,34.94852221210485,35.101693497967176,34.7528040681957,35.09318542480469,7494900.0
2018-08-08,35.36549270737316,35.83351468438459,35.27188766274737,35.71438217163086,5089600.0
2018-08-09,35.688849671173635,35.69736099086863,35.46760405086389,35.603755950927734,4513300.0
2018-08-10,35.14423903686873,35.14423903686873,34.71025590729325,34.91448211669922,7053200.0
2018-08-13,34.625165816002585,34.88045349757067,34.43795896126843,34.64218521118164,6708600.0
2018-08-14,34.88895594318367,35.05063530212306,34.778331515426615,34.81237030029297,5339100.0
2018-08-15,34.420936584472656,34.506030306879204,34.14012145751967,34.420936584472656,6052800.0
2018-08-16,34.420940646895666,34.65920569464842,34.352863064041834,34.38690185546875,5544000.0
2018-08-17,34.199683163068734,34.22521387328846,33.85930507260337,34.14862823486328,7897200.0
2018-08-20,34.05502214853001,34.24223220245431,33.95290904916989,34.12309646606445,4156700.0
2018-08-21,34.352847146534046,34.92298527734706,34.34433907567847,34.79534149169922,6075100.0
2018-08-22,34.76130960962834,34.93150027553754,34.4975171612802,34.80385971069336,5512700.0
2018-08-23,35.14423777010411,35.186784625020344,34.61664962768555,34.61664962768555,4126100.0
2018-08-24,34.829389711126865,35.23784539138733,34.74429599503321,35.09318542480469,4232000.0
2018-08-27,35.25485686454436,35.49312181297896,35.203798698687024,35.33995056152344,5733000.0
2018-08-28,36.07177376799347,36.38662439213869,35.952641274863765,36.03773498535156,10683500.0
2018-08-29,36.75253028622563,37.76516289004839,36.667436582461555,37.552425384521484,12278200.0
2018-08-30,37.73963727785121,37.85877302377072,36.93974531766601,36.98229217529297,7826200.0
2018-08-31,36.69296571650972,37.10993267463549,36.55681383661256,37.10142135620117,8782900.0
2018-09-04,36.81209851452702,37.54391609240836,36.752532269454534,37.53540802001953,8174900.0
2018-09-05,37.51839244720679,37.926848131892136,37.45882619607251,37.6290168762207,7262400.0
2018-09-06,37.39075468964259,37.501379136597706,37.08441531103402,37.48435974121094,10424900.0
2018-09-07,37.441806276111826,38.49698588127563,37.424786883724984,38.190643310546875,14256000.0
2018-09-10,38.29275664889695,38.34381482636434,37.884300967509446,37.96939468383789,6824900.0
2018-09-11,37.135459949696354,37.92684376200348,37.084405023816444,37.90982437133789,12509700.0
2018-09-12,37.37372767839387,37.69708963261361,37.28863396491783,37.3907470703125,10303700.0
2018-09-13,37.4332935963306,37.4332935963306,36.820608530271834,36.95676040649414,9624500.0
2018-09-14,37.45882137749852,37.91833518095322,37.39925513402663,37.79069137573242,5295400.0
2018-09-17,37.12695815684231,37.560941330807,36.99080625460659,37.237579345703125,6210300.0
2018-09-18,37.016328453831264,37.51838913052101,36.888684643474726,37.067386627197266,8814200.0
2018-09-19,37.61199543690154,37.773674788879916,37.22055916614312,37.458824157714844,6393200.0
2018-09-20,37.65454149357883,37.80771276951326,37.356710260438,37.586463928222656,4728000.0
2018-09-21,37.654542052360746,37.79069393897658,37.4588239182328,37.492862701416016,6668600.0
2018-09-24,37.30565311526811,38.241696941911734,37.26310625880559,38.19915008544922,8229100.0
2018-09-25,38.12256339399314,38.2161684232994,37.55242839166154,37.586463928222656,6678200.0
2018-09-26,37.654546615867226,38.06300232521712,37.654546615867226,37.671566009521484,4564300.0
2018-09-27,37.952371982819415,38.48847143808187,37.935355837930885,38.088523864746094,6711700.0
2018-09-28,37.86727263570617,37.96938572041795,37.416270202622435,37.57794952392578,7727700.0
2018-10-01,37.909828192501735,38.25871762102084,37.79920376508333,38.00343322753906,5029800.0
2018-10-02,37.22906313149223,37.43329256324777,36.97377877638534,37.118438720703125,5440300.0
2018-10-03,37.47583435552021,37.646024984654694,37.075886863971625,37.40775680541992,5631100.0
2018-10-04,36.65041960334836,36.65893092195468,35.71437581590376,36.105812072753906,7885000.0
2018-10-05,35.63779399984842,35.799473363416155,35.03361691258524,35.42505645751953,7921400.0
2018-10-08,34.684724948198635,35.033614362376554,34.37838563628297,34.854915618896484,7761800.0
2018-10-09,34.88895342058948,35.14423779639479,34.53155594368543,34.80385971069336,5678700.0
2018-10-10,34.33583629568214,34.412421936889196,33.484886169433594,33.484886169433594,12853500.0
2018-10-11,32.76158464528457,33.69762862241709,32.61692466083145,33.13600158691406,10209000.0
2018-10-12,34.157135764480934,34.531555877992254,33.3487325375379,33.748680114746094,7578600.0
2018-10-15,33.58700462604963,33.68911773868415,32.948791991378506,32.97431945800781,8209000.0
2018-10-16,33.901852642639554,34.08906270631707,33.5274357614016,34.046512603759766,10748100.0
2018-10-17,34.03800506659669,34.11459070784122,33.340226222420824,33.672096252441406,8173600.0
2018-10-18,33.86781573853349,33.99545956105485,32.727542393623615,32.79561996459961,9555600.0
2018-10-19,33.32319831467164,33.45935017029999,32.62541964881183,32.719024658203125,11266200.0
2018-10-22,33.34873587502326,33.382774660770274,32.79562021416194,32.94879150390625,8165700.0
2018-10-23,31.84254895046347,32.489272798928525,31.70639707385769,32.33610153198242,12350000.0
2018-10-24,31.961689404307847,31.961689404307847,31.00011480779258,31.042661666870117,13312400.0
2018-10-25,31.297940389773864,31.95317228827929,31.05116735344369,31.817020416259766,9927300.0
2018-10-26,31.102232576822498,31.731937222276393,30.753343086347677,31.204345703125,11973200.0
2018-10-29,31.62980718095399,31.834036591418485,30.608669866980573,30.91501235961914,8269300.0
2018-10-30,31.348992140991875,32.165903205862726,31.204328980647404,32.14888381958008,12106400.0
2018-10-31,32.92326052284464,33.178548167746555,32.36163354707147,32.421199798583984,12610900.0
2018-11-01,32.99984209463598,33.25512970803328,32.667972092559715,33.22959899902344,14348600.0
2018-11-02,33.340221079320045,33.60401674649491,32.702008582772756,32.999839782714844,9736200.0
2018-11-05,32.94878586038605,33.03387956406134,32.59989648153062,32.74455642700195,8591900.0
2018-11-06,32.7615801376502,33.05941138590925,32.693502568838326,32.957298278808594,8578100.0
2018-11-07,33.433822599408714,33.442330670181015,32.948781412480706,33.34021759033203,6568700.0
2018-11-08,33.00836361256227,33.2381205879444,32.92326663309601,32.93177795410156,7953700.0
2018-11-09,32.412695053661984,32.66797947866123,32.17443002314503,32.39567565917969,5975400.0
2018-11-12,32.21697432303221,32.268029256299464,31.493664722612074,31.53621482849121,11666700.0
2018-11-13,31.81701778127377,32.438210848799876,31.68937723776689,31.825529098510742,15057100.0
2018-11-14,32.50629757118418,32.625430077173846,31.800007362649232,32.199954986572266,10404900.0
2018-11-15,32.3956818952223,32.82115710082924,32.24251056151435,32.77861022949219,10840400.0
2018-11-16,31.54471571658816,31.655340123664175,31.19582635222528,31.37452507019043,16382400.0
2018-11-19,31.178824437439847,31.212863235020073,30.600177863049588,30.6767635345459,15191700.0
2018-11-20,30.123627996703956,30.625688571519564,29.970456753803173,30.32785415649414,11673500.0
2018-11-21,30.991603354797494,31.246891000397508,30.753338348095888,30.778865814208984,7013100.0
2018-11-23,30.489550840928878,30.804401543364857,30.42147325871689,30.60017204284668,2320500.0
2018-11-26,31.23837461137153,31.391545875426957,31.034148423375445,31.3489990234375,7077300.0
2018-11-27,30.96607675529778,31.33198559503968,30.96607675529778,31.314966201782227,6870200.0
2018-11-28,31.714910860562366,32.353123440473055,31.54472019002944,32.34461212158203,8380200.0
2018-11-29,32.29356205780322,32.65095959825979,32.2254844808872,32.27654266357422,7056600.0
2018-11-30,31.68938379947851,31.99572311499653,31.553231910542582,31.987215042114258,8734400.0
2018-12-03,33.03388392066337,33.187055204372925,32.65946703054954,32.957298278808594,7457600.0
2018-12-04,32.78710329566201,32.9998408010761,31.851059570286708,31.859567642211914,13321200.0
2018-12-06,30.37891455339099,31.366016387939453,30.302328926308935,31.366016387939453,12075700.0
2018-12-07,31.187326554343493,31.43409964866422,30.753340128591194,31.076702117919922,10802700.0
2018-12-10,30.898005133248702,31.34049965832719,30.7022869628305,31.000118255615234,12439100.0
2018-12-11,31.68937787705763,31.782979645737736,30.88948283869882,31.2298641204834,8635800.0
2018-12-12,32.004229843398605,32.08081547282215,31.714906715144828,31.80851173400879,8405400.0
2018-12-13,31.90212786899652,32.04678786047109,31.646840184553334,31.765975952148438,5825900.0
2018-12-14,31.314956222662218,31.578751864913126,31.0851993560791,31.0851993560791,5969600.0
2018-12-17,31.170304373230746,31.434096837728834,30.736317986286874,30.821414947509766,10733100.0
2018-12-18,31.15329467509847,31.48516481184441,31.15329467509847,31.280935287475586,7100400.0
2018-12-19,31.16178595827329,31.72341278998905,30.719291599025045,30.82991600036621,11786400.0
2018-12-20,30.98308979345419,31.27241292725166,30.24276419225233,30.532087326049805,12540400.0
2018-12-21,31.17881020518732,31.425586505819908,30.336371449395976,30.387426376342773,16981000.0
2018-12-24,30.259786209497953,30.540598049736918,30.013009905630675,30.030029296875,6288500.0
2018-12-26,30.06407920144653,31.28944660930496,30.06407920144653,31.280935287475586,10063400.0
2018-12-27,30.804405017104003,31.314973956798408,30.60017549355535,31.297954559326172,8688600.0
2018-12-28,31.595776214304188,32.06379809182376,31.50217118957691,31.604284286499023,7369000.0
2018-12-31,31.8510579927711,31.987209859648136,31.289431136138766,31.4085636138916,4600600.0
2019-01-02,30.804398309890715,31.272420277058576,30.634207618343098,31.076702117919922,5273100.0
2019-01-03,30.072576250595166,30.225747526179685,29.162059915796604,29.238645553588867,15998000.0
2019-01-04,29.32374217077813,29.808783509504657,29.11100462761325,29.757728576660156,14178200.0
2019-01-07,29.791761421515883,30.18320093257827,29.75772588473755,29.978971481323242,6850800.0
2019-01-08,29.87686193668408,29.936428190785957,29.476914305328012,29.73219871520996,11462600.0
2019-01-09,30.064063163513875,30.600159292525387,30.064063163513875,30.30232810974121,11770300.0
2019-01-10,30.17469246143878,31.042662030479825,30.123637528394624,30.99160385131836,7894600.0
2019-01-11,31.017120790928598,31.28942446663976,30.83842211238987,31.15327262878418,7232700.0
2019-01-14,30.74482168960492,30.79587660757458,30.395932350308033,30.429967880249023,6146200.0
2019-01-15,30.66824722290039,30.829926598813287,30.464017738378942,30.66824722290039,10165800.0
2019-01-16,30.549102950069173,30.65972410074041,30.327854156494144,30.32785415649414,8727400.0
2019-01-17,29.71517741307493,31.10222705403454,29.638595016535024,30.8809814453125,21916900.0
2019-01-18,30.83843030733056,31.493658969425,30.770352747254048,31.3489990234375,12905900.0
2019-01-22,31.059677227515284,31.280922815091092,30.71929590465741,30.949052810668945,13381700.0
2019-01-23,31.085211614139954,31.263913633806588,30.838438508527396,31.051176071166992,13918600.0
2019-01-24,31.383037862019474,32.02975845336914,31.29794091176509,32.02975845336914,14094100.0
2019-01-25,32.33610203945281,32.55734762511555,32.23398894192515,32.45523452758789,16763700.0
2019-01-28,31.417073241416603,32.04677768573366,31.40005709756619,31.859567642211914,14086500.0
2019-01-29,31.731923509244414,31.731923509244414,30.889481654488357,30.91501235961914,10100800.0
2019-01-30,31.32347049636519,31.868077973991923,30.880976109264317,31.80851173400879,9281600.0
2019-01-31,31.748944858416163,32.42119287421275,31.748944858416163,32.01273727416992,7633400.0
2019-02-01,32.123365135169436,32.2254782346334,31.859569444927548,31.97019386291504,6438300.0
2019-02-04,31.910632518857565,32.34461569282237,31.808519403710093,32.28504943847656,7283800.0
2019-02-05,32.268020711318755,32.565855143015774,32.23398518019274,32.54883575439453,7314000.0
2019-02-06,32.693498062117484,33.033879367021775,32.599896287079666,32.96580505371094,8795200.0
2019-02-07,32.65095852950603,32.72754417797094,32.19144788483398,32.4382209777832,7916200.0
2019-02-08,32.08932828545186,32.268027031802724,31.910629539101,32.157405853271484,7147200.0
2019-02-11,32.26801670219899,32.58287048339844,32.19143433209303,32.58287048339844,8860700.0
2019-02-12,32.880714416503906,32.99133884875177,32.71052373138043,32.880714416503906,8831200.0
2019-02-13,32.650961633322076,32.744566684357046,32.37865780092093,32.44673538208008,7155600.0
2019-02-14,32.268021716127045,32.51479798964481,32.13186984903388,32.38715744018555,7782800.0
2019-02-15,32.259514135710944,32.574364724510126,32.22547535689033,32.41268539428711,6257600.0
2019-02-19,32.52332423527182,32.89774123010381,32.421207853493776,32.7275505065918,8105700.0
2019-02-20,33.127479817802595,33.6210290710938,33.093441042784924,33.18704605102539,7178600.0
2019-02-21,33.24662960594573,33.340234662955005,33.016872624046044,33.1700439453125,4607300.0
2019-02-22,33.28916021406303,33.535936471803325,33.25512468405321,33.518917083740234,5117800.0
2019-02-25,33.92737606373292,33.96992291510232,33.59550607848827,33.68060302734375,5101500.0
2019-02-26,33.53594105233776,33.75718663514425,33.51041358981461,33.6976203918457,5587300.0
2019-02-27,33.621043188580664,33.6891207672018,33.23811817024841,33.56998825073242,8194900.0
2019-02-28,33.28916524318498,33.43382844051791,33.187052145496175,33.22959899902344,5705100.0
2019-03-01,33.493389624703774,33.62954148309215,33.3572377663154,33.518917083740234,5299200.0
2019-03-04,33.467864709019274,33.467864709019274,32.94027337731881,33.314693450927734,7081100.0
2019-03-05,33.14450480164153,33.3827697747629,32.89772851027051,33.204071044921875,7192400.0
2019-03-06,33.23811493803638,33.37426683592107,32.999846682150206,33.008358001708984,4433400.0
2019-03-07,32.991332495014774,33.084937516111346,32.650951190321194,32.87220001220703,4231300.0
2019-03-08,32.29355672691979,32.65946552714695,32.28504540815153,32.50629425048828,5066200.0
2019-03-11,32.531824972753576,32.923261276255445,32.50629750612612,32.880714416503906,6005400.0
2019-03-12,33.22961128036395,33.33172441579278,33.067931878758465,33.10197067260742,5580200.0
2019-03-13,33.374260677118976,33.561467473340436,33.20407002464035,33.36574935913086,6086400.0
2019-03-14,33.18704575180097,33.22959259713132,32.96580020841344,33.03387451171875,4935000.0
2019-03-15,33.53593630084956,34.09756311960319,33.53593630084956,33.74016571044922,8871300.0
2019-03-18,33.918869747339464,34.0209828451341,33.73165969628525,33.91035842895508,6290900.0
2019-03-19,34.02098079170778,34.10607773983111,33.69761888107246,33.833770751953125,8033600.0
2019-03-20,33.84228411246427,34.165646042616956,33.73165969628525,33.91035842895508,5394000.0
2019-03-21,34.25073761036735,35.0931795413733,34.22521014904242,34.92298889160156,6509600.0
2019-03-22,34.75280484282151,34.905976132097955,34.32732976063521,34.40391540527344,6759100.0
2019-03-25,34.03800248987366,34.429438739439156,33.84228436509091,33.96992492675781,4901800.0
2019-03-26,34.13160734062369,34.57410176025114,34.09756855924076,34.37838363647461,5573500.0
2019-03-27,34.19968722757283,34.25925348163642,33.86781717032787,34.20819854736328,7660300.0
2019-03-28,34.24223401531914,34.497518400293245,34.20819523169137,34.327327728271484,6632700.0
2019-03-29,34.73578312324311,34.931501258404666,34.548573060863774,34.854915618896484,6116300.0
2019-04-01,34.95703853506673,35.20381164550781,34.667715314371094,35.20381164550781,6834200.0
2019-04-02,35.04212392853148,35.19529519988649,34.88895265717648,35.118709564208984,5580200.0
2019-04-03,35.39952801228405,35.70587061223649,35.32294236229595,35.56121063232422,6821100.0
2019-04-04,35.51014156819693,35.893069700789,35.44206725913417,35.7739372253418,7610300.0
2019-04-05,36.02922437686651,36.02922437686651,35.79095940737715,35.93561935424805,4430600.0
2019-04-08,35.94414056656433,36.156878132486874,35.80798865421861,36.071781158447266,6830300.0
2019-04-09,35.94413269942886,35.99518762656052,35.76543071611724,35.918601989746094,5049900.0
2019-04-10,35.96114732590876,36.16537676416248,35.89307301056872,36.054752349853516,4040200.0
2019-04-11,35.81649268955377,35.91009772738271,35.697360185450485,35.82500076293945,5172200.0
2019-04-12,36.139846825729855,36.29301808239716,35.97816425140515,36.23345184326172,6555700.0
2019-04-15,36.23345614828851,36.39513549570634,36.131339800966444,36.25898361206055,5274400.0
2019-04-16,36.44619339209382,36.65893091155423,36.378115827730355,36.599361419677734,6639100.0
2019-04-17,37.356714057152836,37.83324407860986,37.32267527101525,37.773677825927734,15795700.0
2019-04-18,37.492870862749385,38.837370629982686,37.441812676860366,38.63314437866211,16569800.0
2019-04-22,38.1140599378814,38.42891060049703,37.94386924999388,38.42040252685547,10872000.0
2019-04-23,38.4204004306914,38.65015411376953,38.34381478762629,38.65015411376953,11437500.0
2019-04-24,38.36083925591415,38.79482245996194,38.241703492846845,38.64165115356445,10776800.0
2019-04-25,38.233182192363515,38.32678720790494,37.80770720980538,37.85025405883789,10149800.0
2019-04-26,37.14397400278513,37.441805246068384,36.863158905303415,37.3907470703125,12745000.0
2019-04-29,37.31415817312504,37.37372441658301,37.08440451756816,37.297142028808594,9272100.0
2019-04-30,36.93122263707256,37.390733062256245,36.81208693827514,37.28861999511719,11863900.0
2019-05-01,37.68856744007598,37.918324275725766,37.28861999511719,37.28861999511719,7319000.0
2019-05-02,37.32267078159789,37.84175084634718,37.229065754037606,37.78218460083008,10717200.0
2019-05-03,38.233184775175,38.4118835008533,37.91833417572512,38.04597473144531,5479900.0
2019-05-06,36.86316242608424,37.28863752633555,36.76955738465016,37.237579345703125,10756400.0
2019-05-07,37.29714884616632,37.48435568291706,36.837634958826726,37.237579345703125,10225200.0
2019-05-08,37.03335594471528,37.441811682628014,36.98229776018207,37.186527252197266,8112600.0
2019-05-09,36.52277379861974,36.84613571954471,35.9781662977672,36.8035888671875,11229400.0
2019-05-10,36.47171734148926,36.66743545100066,35.901579156289436,36.446189880371094,8313900.0
2019-05-13,35.2038022510413,35.32293473728006,34.6677060629669,34.88044357299805,11046000.0
2019-05-14,35.39102017550109,35.80798721625665,35.22934080049497,35.71438217163086,7107800.0
2019-05-15,35.35698138725217,36.02072477363617,35.28039573675084,35.71438217163086,5347700.0
2019-05-16,35.42504750461899,35.43355557587031,35.0761581532184,35.33995056152344,9214700.0
2019-05-17,34.36988402466197,34.846417387982505,34.11459956957231,34.25075149536133,11271000.0
2019-05-20,33.399788612881935,33.44233546507627,32.77859548171776,32.897727966308594,13979700.0
2019-05-21,33.314700273691074,33.476379636514054,32.89773326435555,33.44234085083008,11806400.0
2019-05-22,33.35725513423852,33.518934535844004,33.09345935108616,33.10197067260742,12217600.0
2019-05-23,32.319090007068155,32.48928070577352,31.834048625734304,32.39567565917969,14708800.0
2019-05-24,32.69350106386899,32.96580808046429,32.50629425048828,32.50629425048828,10540700.0
2019-05-28,32.446728519882974,32.50629476774063,32.038272857666016,32.038272857666016,12484600.0
2019-05-29,31.87658566492049,32.12336193968406,31.638320707833785,32.072303771972656,13043000.0
2019-05-30,32.29355824844316,32.65095574674098,32.19995321428407,32.37014389038086,7351600.0
2019-05-31,32.56585970309539,33.16152540378188,32.54884031209099,32.633934020996094,9302700.0
2019-06-03,33.15300697709021,33.26363137184209,32.8977226589919,33.03387451171875,9618300.0
2019-06-04,32.88070888537328,33.272145123028494,32.69349883861784,33.23810958862305,6985600.0
2019-06-05,33.3912797151001,33.40829585866361,32.42119398002973,32.53181838989258,8219800.0
2019-06-06,32.48927609337293,32.83816551543527,32.268027242630694,32.71052169799805,6234000.0
2019-06-07,32.96580020841344,33.18704575180097,32.81262896833121,33.03387451171875,4456900.0
2019-06-10,33.60402800119252,34.14863566126814,33.56998921090836,33.71464920043945,8351800.0
2019-06-11,34.4379575437617,34.548578738695674,33.986951705375006,34.003971099853516,6100600.0
2019-06-12,34.037997324491535,34.19967664318097,33.569975510503056,33.57848358154297,6163200.0
2019-06-13,33.71464823612592,33.71464823612592,33.21258745520668,33.56998825073242,6646800.0
2019-06-14,32.872206408790916,32.93177266178576,32.191446913051855,32.199954986572266,11281500.0
2019-06-17,32.268025223348275,32.37864964179669,32.04677963256836,32.04677963256836,6500700.0
2019-06-18,32.56585751243303,33.5444480834809,32.52331066084255,33.36574935913086,12303200.0
2019-06-19,33.986938156607266,34.00395754430106,33.44233073487085,33.527427673339844,10217600.0
2019-06-20,34.42092993814248,34.650686839617364,34.15713425583054,34.47198486328125,10400000.0
2019-06-21,34.48050308227539,34.633674380580125,34.39540611315196,34.48050308227539,12766200.0
2019-06-24,34.75814481726223,35.206238722748786,34.652708196954535,35.12716293334961,6571000.0
2019-06-25,34.722996676498646,34.722996676498646,34.187038960897496,34.195823669433594,6790500.0
2019-06-26,34.59999154228495,34.59999154228495,34.24854286181457,34.33640670776367,9133300.0
2019-06-27,34.77570778595765,34.93385596851957,34.52090771952293,34.78449249267578,11375200.0
2019-06-28,34.90750521515426,34.90750521515426,34.37154750731544,34.41547775268555,7040000.0
2019-07-01,36.4978061237537,36.814109257876474,36.15514551234166,36.35722732543945,11046800.0
2019-07-02,36.19029403321049,36.295730664149836,35.794918398010246,35.847633361816406,4445600.0
2019-07-03,35.452242723711755,35.46981548975976,35.15351240422053,35.43467330932617,3125000.0
2019-07-05,35.03051456919093,35.23259639841249,34.828432739969365,35.08323287963867,3149300.0
2019-07-08,34.76692630631731,34.87235956519651,34.47698400648378,34.547271728515625,6772300.0
2019-07-09,34.83722031564538,35.15352011893668,34.63513513757537,34.85478973388672,6577000.0
2019-07-10,35.87399513590088,36.146364727142846,35.627979675589394,35.768558502197266,7945000.0
2019-07-11,36.14635616869371,36.190286413170284,35.873986641941244,35.935489654541016,6126600.0
2019-07-12,36.1200000884578,36.260578887214216,35.865199968317135,36.225433349609375,4695800.0
2019-07-15,36.68231336397375,36.84046492325684,36.603237584332206,36.74381637573242,5784300.0
2019-07-16,36.72623998071405,36.85803405098804,36.52415819751304,36.69988250732422,6529500.0
2019-07-17,36.620815473407845,36.82289730482661,36.48023666234856,36.57688522338867,5514600.0
2019-07-18,37.358852343451275,37.98267056253026,37.17434329583575,37.94752502441406,11257600.0
2019-07-19,37.85087819016114,38.67677819030534,37.842090130179486,38.50984191894531,11438800.0
2019-07-22,38.83492179590423,39.432382389046,38.7734187952863,39.18636703491211,10035800.0
2019-07-23,39.13366920877712,39.16881475354853,38.870084326318796,39.02823257446289,6565800.0
2019-07-24,39.09850620432149,39.21272749799052,38.87006696864555,39.13365173339844,7130400.0
2019-07-25,38.84371375146985,38.87007457926999,38.3253288269043,38.3253288269043,6593900.0
2019-07-26,38.42198077921202,38.562559583838066,38.11446569148727,38.18475341796875,4399000.0
2019-07-29,38.23747297158232,38.615279149752936,38.13203970259567,38.60649108886719,4138600.0
2019-07-30,38.13203168339133,38.13203168339133,37.57850127220885,37.87723159790039,4938500.0
2019-07-31,37.806939187771235,37.929945196623606,36.94589377414229,37.45549392700195,7592300.0
2019-08-01,37.560931453979144,38.123246616673256,36.55051909174501,36.78774642944336,9662800.0
2019-08-02,36.155146542783704,36.70867369161147,36.032137158047846,36.59445571899414,9317000.0
2019-08-05,35.50496075882719,35.60160929554401,34.9514303632342,35.0305061340332,6668400.0
2019-08-06,36.18151279473591,36.471455178480205,35.92671260634643,36.251800537109375,8667700.0
2019-08-07,36.0672914427572,36.41874020961606,35.84763680138637,36.251800537109375,5484700.0
2019-08-08,36.77016858360743,37.06011418463973,36.682308108443735,36.81410217285156,7795900.0
2019-08-09,36.541742290930095,36.647175568834214,36.02335725971161,36.38359069824219,3480500.0
2019-08-12,36.067280737544074,36.26057783710987,35.89155640627179,35.98820495605469,3463500.0
2019-08-13,35.698267026363304,36.8931886032285,35.62797594458852,36.76139450073242,7697800.0
2019-08-14,35.891559153564025,36.102429037564214,35.36438947105821,35.52254104614258,9621800.0
2019-08-15,35.47861222996944,36.01456999476001,35.443466689273585,35.90034866333008,7690100.0
2019-08-16,36.18150341126352,36.664742826621115,36.15514593366712,36.497806549072266,4845700.0
2019-08-19,37.04255516169759,37.08648541557713,36.59446120946466,36.70867919921875,3797600.0
2019-08-20,36.901980559232456,37.095277720408504,36.65596842803669,36.84926223754883,7540300.0
2019-08-21,37.262197039187406,37.46427881925268,37.1567637956017,37.411563873291016,3914600.0
2019-08-22,37.24463269459044,37.3324965438305,36.66474469625864,37.01619338989258,3145600.0
2019-08-23,36.849246033009315,37.033758401930314,35.900340121634954,35.97941589355469,7526900.0
2019-08-26,36.348439997351385,36.50659156759821,36.13757347146429,36.32208251953125,5519000.0
2019-08-27,36.50659977558554,36.62082112459217,36.26058765618396,36.330875396728516,4192800.0
2019-08-28,36.304510053897,36.699888982819,36.067282696543806,36.59445571899414,3586000.0
2019-08-29,37.20070949996063,37.40279136403768,37.10406092330122,37.14799118041992,5171600.0
2019-08-30,37.52578163849086,37.68393317891887,37.21826661635994,37.45549392700195,5382200.0
2019-09-03,37.03376240255538,37.04254711075658,36.532950243516936,36.65595626831055,4748000.0
2019-09-04,37.437929308665616,37.912384033203125,37.244632194595575,37.912384033203125,4460900.0
2019-09-05,38.448339263948434,39.10730305631613,38.448339263948434,38.870079040527344,7698300.0
2019-09-06,38.65921530863965,38.69436085422861,38.386842357820754,38.404415130615234,4325300.0
2019-09-09,38.58013072092853,38.729497579834,38.255042877423115,38.52741241455078,4677000.0
2019-09-10,38.30777242442335,38.7470817565918,38.09690582191445,38.7470817565918,5001600.0
2019-09-11,38.580131833578776,38.89643497764154,38.51862881686246,38.85250473022461,4016800.0
2019-09-12,38.9140040318736,39.063367529164246,38.59770091800786,38.720706939697266,6577900.0
2019-09-13,39.03700673018217,39.38845534937111,38.82613688833632,39.30937957763672,6231100.0
2019-09-16,39.12486403429418,39.30937638781013,39.0897218565569,39.18636703491211,3716300.0
2019-09-17,38.90522609720663,39.66962660520281,38.84372307035594,39.65205383300781,6110900.0
2019-09-18,39.687193142164716,39.713553974373696,39.195168963108394,39.572975158691406,4044800.0
2019-09-19,39.64553895835429,40.01721764783322,39.61014034491866,39.73403549194336,6422700.0
2019-09-20,39.618984431278705,39.734028215979265,38.822532653808594,38.822532653808594,7249200.0
2019-09-23,39.09686764618738,39.19421212953296,38.804834196150644,38.9995231628418,4347000.0
2019-09-24,39.291560554257664,39.4243002828466,38.99067911000642,39.04377365112305,7592200.0
2019-09-25,39.11456804770756,39.91101648909112,38.93757837991217,39.83137130737305,6719500.0
2019-09-26,39.91102557999898,41.158798127267474,39.91102557999898,41.11455154418945,15832500.0
2019-09-27,40.70747406596703,41.1322473032988,39.99066732908351,40.27384948730469,9610400.0
2019-09-30,41.211881652743955,41.36232403360118,40.81365579258862,41.13223648071289,8396900.0
2019-10-01,41.55702210911504,42.34462272738141,41.55702210911504,41.76055908203125,11575200.0
2019-10-02,41.33577712349,41.53931405354201,40.99950047860252,41.08799362182617,5785200.0
2019-10-03,41.10568435137152,41.716295014159904,40.91984676388762,41.70744705200195,6091600.0
2019-10-04,41.61896422852294,41.99064290143041,41.39772796811055,41.96409225463867,5704200.0
2019-10-07,42.238420322194884,42.61009894133152,41.972937523266964,42.433109283447266,11059000.0
2019-10-08,42.70743814343936,42.83133326149637,42.12337466150063,42.35346221923828,13089700.0
2019-10-09,42.65434746311068,43.41540066377013,42.62779681894545,43.07912063598633,11033100.0
2019-10-10,43.28265088776386,43.70742399505719,42.91097568480591,43.300350189208984,9566500.0
2019-10-11,43.7605212817811,44.06140265050865,43.654328850405655,43.733970642089844,7499100.0
2019-10-14,43.733985580547255,44.36229917231012,43.62779311289906,44.16761016845703,7974000.0
2019-10-15,44.424234578862766,44.81360911890715,44.34458940296767,44.59237289428711,9323200.0
2019-10-16,44.548138542260006,45.24724601398724,44.30920294904445,44.362300872802734,13615700.0
2019-10-17,45.25607755082781,45.31802341815882,43.59238034414611,44.026004791259766,12410200.0
2019-10-18,43.937520427676134,44.326895010859154,43.477348624388604,43.61008834838867,9169200.0
2019-10-21,43.83132437674561,44.344594092526236,43.65433807897032,44.247249603271484,6538900.0
2019-10-22,44.51272866995712,44.981751771719956,44.406536225092516,44.8136100769043,10697300.0
2019-10-23,44.33574012892305,44.60122631147232,44.17644976971231,44.39768600463867,7118800.0
2019-10-24,44.68087774114062,45.1764448161866,44.45079013418569,45.08795166015625,7006600.0
2019-10-25,44.95520090282558,45.3357274854589,44.8578564222733,45.24723434448242,6303500.0
2019-10-28,45.48617747810623,45.55697132755967,45.17644468132956,45.406532287597656,7725500.0
2019-10-29,45.574669677018846,45.8755511264233,45.52157175919544,45.54812240600586,5303900.0
2019-10-30,45.83131133911607,46.070246941022205,45.63662232071894,45.937503814697266,5198100.0
2019-10-31,45.91980057916054,45.95519919325969,45.4419294162149,45.68971633911133,5140800.0
2019-11-01,45.91979894297724,46.10563659667969,45.75166059569372,46.10563659667969,5226600.0
2019-11-04,47.38879933764898,47.60118760176852,47.0082727556243,47.3357048034668,7233400.0
2019-11-05,47.459602611750896,47.760484055129226,47.33571084844171,47.3888053894043,5287100.0
2019-11-06,47.521546553508436,47.56579312777017,46.99057753497592,47.468448638916016,4545100.0
2019-11-07,47.69853160079092,48.114453409473924,47.36225159257745,47.494991302490234,7890900.0
2019-11-08,47.37110677480049,47.37110677480049,46.48616173734382,46.75164794921875,6558400.0
2019-11-11,46.36226570196186,46.680846426230495,46.15872876718959,46.54810333251953,4046500.0
2019-11-12,46.62775871481202,46.62775871481202,46.04369505113705,46.1498908996582,8625100.0
2019-11-13,46.53040799311995,46.848985345624286,46.149881387181765,46.79589080810547,5336200.0
2019-11-14,46.459609093837116,46.66314602381924,46.132180413065626,46.44190979003906,5308600.0
2019-11-15,46.91092742813571,47.24720743367056,46.79588702228702,47.158714294433594,5986400.0
2019-11-18,47.24720685358727,47.75162516779806,47.24720685358727,47.27375411987305,4774400.0
2019-11-19,47.83127320883051,47.91091838825756,47.503844527095744,47.57463836669922,4731100.0
2019-11-20,47.38880529179713,47.592342241928336,47.087923849038525,47.34455871582031,5264800.0
2019-11-21,47.34455594525758,47.353403909616226,46.84898554624454,46.88438415527344,6037000.0
2019-11-22,46.83129180259938,47.043680106195126,46.672004794649524,46.716251373291016,4172300.0
2019-11-25,46.98172687880662,47.733928725553326,46.72509203667533,47.57463836669922,5021500.0
2019-11-26,47.34455475271224,47.60118959801169,47.23836230409756,47.459598541259766,5672800.0
2019-11-27,47.813585231430025,47.84013588139326,47.37996399967201,47.689693450927734,2786100.0
2019-11-29,46.955184144355165,47.0436772963526,46.72509654788607,46.98173141479492,3391700.0
2019-12-02,47.38880251864512,47.42420112767402,46.70739448592613,46.88438415527344,4475800.0
2019-12-03,46.388820499657946,46.84014439089099,46.17643556620517,46.707401275634766,5468100.0
2019-12-04,47.14101984814413,47.40650266900336,46.9994287852994,47.06137466430664,3905200.0
2019-12-05,47.45075087548822,48.2649020467002,47.33571045383007,48.14101028442383,7624300.0
2019-12-06,48.22949903941699,48.69851877550857,48.22949903941699,48.618873596191406,5429100.0
2019-12-09,48.7162247749937,48.84011654300454,48.07021528765321,48.19410705566406,6541900.0
2019-12-10,48.38878342012904,48.725063399679534,48.079054080935556,48.2471923828125,4364800.0
2019-12-11,48.70736877151201,49.733904734502154,48.69851743194484,49.468421936035156,11028000.0
2019-12-12,50.663097279009854,51.875470888760375,50.459560350058815,51.86662292480469,15788700.0
2019-12-13,52.256001435006645,52.67192666414878,51.54804611206055,51.54804611206055,9886900.0
2019-12-16,51.58345502111807,51.94628240755604,51.58345502111807,51.804691314697266,5779400.0
2019-12-17,52.84006017279755,52.84006017279755,52.01706113009639,52.415287017822266,8407500.0
2019-12-18,52.742727378224856,52.77812599293211,51.963978109451574,52.300254821777344,10021200.0
2019-12-19,52.130924775827296,52.130924775827296,51.57842703772169,51.649715423583984,7228700.0
2019-12-20,51.48932304372422,51.952709546291466,51.07940539123862,51.62299346923828,8043800.0
2019-12-23,51.71211521996963,51.988365901878886,51.640826804903874,51.881431579589844,4022000.0
2019-12-24,51.67646262355813,51.765573974838716,51.2843645194112,51.471500396728516,2692200.0
2019-12-26,51.50714944460421,51.99726870535901,51.47150354216159,51.90815734863281,2490400.0
2019-12-27,52.157669764765565,52.318072919911984,51.979447058496405,52.09529113769531,2847800.0
2019-12-30,52.273518623961294,52.30025135073168,51.346745569611315,51.55170440673828,3519900.0
2019-12-31,51.40020340556996,51.8012112180764,51.204154386260235,51.77447509765625,2950200.0
2020-01-02,53.11115975554786,53.57454613293571,53.11115975554786,53.503257751464844,8432600.0
2020-01-03,52.54975593338996,52.558665706926284,51.72100761995414,51.73883056640625,10546400.0
2020-01-06,51.32892437522348,51.4091259576596,50.9100969108397,51.141788482666016,8897200.0
2020-01-07,51.19525184943525,52.22004596028577,50.56255243325188,51.97053146362305,7444300.0
2020-01-08,51.85468539770648,52.5586766316875,51.78339699645963,52.35371780395508,5381500.0
2020-01-09,53.19137363035434,53.209196579695295,52.309159733947,52.781455993652344,5112700.0
2020-01-10,53.20029101423952,53.20029101423952,52.371542500899515,52.451744079589844,4807700.0
2020-01-13,53.60129685149263,53.61020662683631,52.97750719665037,53.521095275878906,6613700.0
2020-01-14,53.61020072883287,54.03794128525417,53.39632875093234,53.75278091430664,6715200.0
2020-01-15,53.17355486044321,53.200290986246095,51.917065727876015,52.03291320800781,10075100.0
2020-01-16,52.75472568403162,53.1913760650415,51.952709923878544,52.35371780395508,11215700.0
2020-01-17,52.255697816573814,52.353722351260025,51.69428673570399,52.202232360839844,8125700.0
2020-01-21,51.676472027093766,52.5765090765754,51.213085437476224,51.899253845214844,9873700.0
2020-01-22,52.48739518727771,52.523037692935226,51.97053976236679,51.99727249145508,8124500.0
2020-01-23,51.56061411022004,51.74774998377302,50.45561501991562,51.22198486328125,9999200.0
2020-01-24,51.76556945922754,51.810125130981156,51.20415847686841,51.44476318359375,10402200.0
2020-01-27,49.5644891665127,49.89420864649694,49.065460157896844,49.243682861328125,9675500.0
2020-01-28,49.662509731023874,50.90117577770518,49.43972797012781,50.87444305419922,8124400.0
2020-01-29,51.25762026489605,51.25762026489605,50.66056346759133,50.96354675292969,7693400.0
2020-01-30,49.08327869460416,49.93875983191904,49.06545574598762,49.72488784790039,10295700.0
2020-01-31,49.395171203136115,49.439726874451914,47.76440711781537,48.06739044189453,13467200.0
2020-02-03,48.43275080395874,48.95851586682609,48.24561495091604,48.80702590942383,9594300.0
2020-02-04,50.722958663546436,51.36457133624945,50.70513911097624,51.25763702392578,12746600.0
2020-02-05,51.77448166708392,51.819040740311536,50.94573321587435,51.614078521728516,6594400.0
2020-02-06,51.9259716037398,51.934881378168136,51.04375436262301,51.703189849853516,4236300.0
2020-02-07,50.91900286984592,50.91900286984592,49.95658735213952,50.08134460449219,6808400.0
2020-02-10,50.29520224870844,50.83879021497301,50.206090916269424,50.81205749511719,4281200.0
2020-02-11,51.64081439005148,52.487385786487735,51.5160571441434,52.27351379394531,6523200.0
2020-02-12,52.799279692024776,53.244843233729625,52.4873865725834,53.137908935546875,5962900.0
2020-02-13,52.692352644785664,53.20029488027623,52.34481357833217,52.87057876586914,6460100.0
2020-02-14,52.594327759567925,52.72799479995905,51.569530119666815,51.85469055175781,6932400.0
2020-02-18,49.99223053690208,50.40215159944104,49.5734030981878,50.06352233886719,10989000.0
2020-02-19,51.01702398017734,51.631900425331956,50.79424221607176,51.36456298828125,7866300.0
2020-02-20,50.74077011233926,50.82988485189003,49.733799050763565,50.33085250854492,7192900.0
2020-02-21,50.48235775362468,50.48235775362468,49.475383055547894,49.53776168823242,6816600.0
2020-02-24,47.71985627884171,48.735740644986414,47.390140198460394,48.22779846191406,9968800.0
2020-02-25,49.30607093043016,49.43082819787613,47.96938009457093,47.99611282348633,12670700.0
2020-02-26,48.55751316649663,49.377348399120024,48.45948864968735,49.038719177246094,10969300.0
2020-02-27,48.2990846228283,48.65553338720747,47.47033623156158,47.4881591796875,11878900.0
2020-02-28,45.759382242845284,48.16542646170901,45.44748906976581,47.97829055786133,13604500.0
2020-03-02,48.45058065799352,49.91202859377091,47.96937459577477,49.88529586791992,13797700.0
2020-03-03,50.17045484487666,50.23283346967106,48.15650910284296,48.90505599975586,14661800.0
2020-03-04,49.8763841260328,50.87444551122298,49.50210898197394,50.865535736083984,9878200.0
2020-03-05,50.00114682929402,50.25066135296814,49.234776907288754,49.66251754760742,10004200.0
2020-03-06,48.65552914778236,49.08327306677506,48.09412162794096,49.07435989379883,12971200.0
2020-03-09,45.93759684035747,48.24561594000685,45.500946507639355,46.18711471557617,13781100.0
2020-03-10,47.862439218834396,48.673364803052145,46.775266389055446,48.575340270996094,11698700.0
2020-03-11,47.32775449710338,47.728762318364005,46.418804568705845,46.55247497558594,14498000.0
2020-03-12,44.253359749030786,45.43856010499897,43.22856249987603,43.38896560668945,15942200.0
2020-03-13,46.24949748447094,46.748526480926316,43.923655227939754,46.5435676574707,14948700.0
2020-03-16,41.29482598613015,43.08598978947105,40.01160430908203,40.01160430908203,16628200.0
2020-03-17,40.76906824017032,43.27313682470963,40.12745558662165,43.255313873291016,13415700.0
2020-03-18,39.03137202052638,41.07205419445814,38.550162500149526,39.53931427001953,15018500.0
2020-03-19,39.34770031831382,40.643096574560936,38.412134639652955,39.482635498046875,11182600.0
2020-03-20,43.19790183823382,43.431791506385224,40.0133826670874,40.0583610534668,14157700.0
2020-03-23,40.589116511510966,41.02991295851775,39.14978747734186,40.715057373046875,10508600.0
2020-03-24,43.179912351727744,44.007525691286254,42.73012159806391,43.962547302246094,12216200.0
2020-03-25,44.349368245969586,45.02405438591323,43.2248913460635,44.07949447631836,9796600.0
2020-03-26,44.169451032783094,45.39288244276857,44.007526085483185,44.86212921142578,10577500.0
2020-03-27,42.48723716594059,43.26087786568662,41.839537337012494,42.199371337890625,12158500.0
2020-03-30,42.44225846045448,43.32384798130403,42.07343015651099,43.01799011230469,8428300.0
2020-03-31,43.00001069630211,44.106495933055044,42.8740697894309,42.99101638793945,9595700.0
2020-04-01,42.12740400146885,42.78409809572967,41.6506234649323,41.839534759521484,8755200.0
2020-04-02,42.20836720716576,43.377826037523235,41.92949910620513,43.2968635559082,6174700.0
2020-04-03,42.99100661234992,43.31485654588373,42.082427250865464,42.334312438964844,5486200.0
2020-04-06,43.746651801021486,45.069034347936686,43.63869954408986,44.952091217041016,7370300.0
2020-04-07,46.13953456279259,46.16652090885426,44.6732158012945,44.72719192504883,6568700.0
2020-04-08,45.16799347052589,45.51882976222774,44.56527541691125,45.22196960449219,6325900.0
2020-04-09,45.23094938895657,45.57279126439326,42.92802331855491,43.476768493652344,12274000.0
2020-04-13,43.84560469376186,44.160456852384435,43.1439287762683,43.85459899902344,9873200.0
2020-04-14,44.97907718082501,46.12154615301372,44.934098789970434,45.545814514160156,11068800.0
2020-04-15,44.76317455203495,44.952089277699415,44.11547819654481,44.6732177734375,9398100.0
2020-04-16,46.607323505807706,47.80376523843442,46.490376938018755,47.13807678222656,18615900.0
2020-04-17,48.6943563356191,48.74832903910667,47.677828096478805,48.29853820800781,11288500.0
2020-04-20,47.67782643932647,48.415483102159115,47.28201175710434,47.308998107910156,9901700.0
2020-04-21,46.418409246359836,46.60732399063993,45.44686290157306,46.21150588989258,13102500.0
2020-04-22,47.21004237837246,47.77677975229722,47.14707194033987,47.63284683227539,8255500.0
2020-04-23,47.50690404032031,47.79476986875474,47.01213143054423,47.353973388671875,7619900.0
2020-04-24,47.3179899566338,47.57886943964536,46.77824237876219,47.4349365234375,5701800.0
2020-04-27,47.81276922040705,48.3525168733169,47.65084423820772,48.13661575317383,5812300.0
2020-04-28,48.13660399433783,48.33451302015433,47.389953142483755,47.461917877197266,8561100.0
2020-04-29,48.35251071220637,49.198116175786005,48.06464487645026,49.00920486450195,8565500.0
2020-04-30,48.757321282653976,48.946232586834206,47.64183863732205,47.794769287109375,6337900.0
2020-05-01,47.210040003094015,47.28200817529975,45.95962217988565,45.9686164855957,10238700.0
2020-05-04,46.589335171739236,46.940171471409144,46.13054660168496,46.913185119628906,7514000.0
2020-05-05,46.96715145800472,47.29999909913337,46.40041755763565,46.51736068725586,7780700.0
2020-05-06,46.87719152181753,47.3359765671888,46.77823700985111,46.89518356323242,8206700.0
2020-05-07,47.63285107496913,47.65983742749208,46.868204581044886,47.075111389160156,5493400.0
2020-05-08,47.33598330277791,47.983683159353376,47.20104812041236,47.59686279296875,6086000.0
2020-05-11,47.32698809291003,47.524897141224955,47.120084738595075,47.13807678222656,6459300.0
2020-05-12,47.35397291587416,47.35397291587416,45.9506278741756,45.9686164855957,8584500.0
2020-05-13,46.697273558733045,46.79622806862158,45.410871793443995,45.80668640136719,8611000.0
2020-05-14,45.36589512858426,46.91317640019366,44.7901635200685,46.868194580078125,13695600.0
2020-05-15,45.4828477686586,45.92364083905932,44.421341186587334,44.799163818359375,17777200.0
2020-05-18,45.82468567812685,46.94916268326805,45.67175845261076,46.66129684448242,12726500.0
2020-05-19,46.19351607844193,46.29247060841089,45.69874686022878,45.70774459838867,12940300.0
2020-05-20,46.40042196294796,46.85920708275166,45.4288721587073,46.63431167602539,8406200.0
2020-05-21,46.86819651474938,46.96715103247859,45.59978668999473,45.65376281738281,7842600.0
2020-05-22,45.7347295231733,45.75272156730028,44.628244546600335,44.799163818359375,12462300.0
2020-05-26,46.148542289969186,46.23850252239145,45.689757115327595,45.71674346923828,8872000.0
2020-05-27,45.905655465888465,46.54436111450195,45.6537736747706,46.54436111450195,11405700.0
2020-05-28,46.29246738726381,46.436400303122085,45.069035886652784,45.230960845947266,8178700.0
2020-05-29,45.28493043131146,45.635766648533355,44.853131746143674,45.275936126708984,10918500.0
2020-06-01,45.79769844826918,46.130542674539626,45.46485422199874,45.90564727783203,6187300.0
2020-06-02,46.283468010813635,46.814221223325674,46.13953511072381,46.7872314453125,6063600.0
2020-06-03,47.35397781414339,47.90272317326439,47.156068751737344,47.73180389404297,8380200.0
2020-06-04,47.73180125669567,48.91025096448306,47.70481147500233,48.829288482666016,13269500.0
2020-06-05,49.92676842141126,50.68241694559515,49.53095383507904,49.65689468383789,9776100.0
2020-06-08,50.14267291421363,50.17865356516532,49.21610166168007,49.989742279052734,6302100.0
2020-06-09,49.73786839773524,50.9433079010586,49.43201051087315,50.925315856933594,9355100.0
2020-06-10,51.114218118514856,52.211708594312135,51.114218118514856,51.770912170410156,9194300.0
2020-06-11,50.24162496846939,50.745391839506134,49.4859763777298,49.51296615600586,9877100.0
2020-06-12,50.82635862486703,51.15920284438549,49.791838448345516,50.37656784057617,9838800.0
2020-06-15,49.21611235878857,50.48452237665318,49.045193076818066,50.39456558227539,7509700.0
2020-06-16,50.90732173026371,51.27615004065934,49.96276175794627,50.196651458740234,8827200.0
2020-06-17,50.511504228620694,51.11422220589896,50.2776111093551,50.91631317138672,8248700.0
2020-06-18,50.78942772024521,51.24258106509261,50.56285104782151,50.889122009277344,6831500.0
2020-06-19,51.18820780510493,51.20633435603449,50.09157740351196,50.127830505371094,6965100.0
2020-06-22,50.30003561292376,50.75318908691406,50.13690008570432,50.75318908691406,4480400.0
2020-06-23,51.33321878729615,51.804498758262305,51.23352448188016,51.44197463989258,7836500.0
2020-06-24,51.39666032657514,51.713869796551066,50.898192253511525,51.27884292602539,7080200.0
2020-06-25,51.26072047020216,51.74106202988103,50.70787269766568,51.69574737548828,4509600.0
2020-06-26,51.65948908114896,51.89512733469917,50.94350585887208,51.05226516723633,6229300.0
2020-06-29,51.06132521355037,51.12476641292183,50.44503631341093,51.10663986206055,5016600.0
2020-06-30,50.979754621633035,51.65042313697231,50.92537497208038,51.45103454589844,7158700.0
2020-07-01,51.63230820463612,52.08546168101232,51.441981117020255,51.496360778808594,6866500.0
2020-07-02,52.52048825493881,53.53555106724539,52.52048825493881,53.12771224975586,10021200.0
2020-07-06,54.985630126300705,56.30884063923882,54.88593928563045,56.0822639465332,12725600.0
2020-07-07,55.520356815286895,55.7378719832568,54.994700633396285,55.021888732910156,6672300.0
2020-07-08,55.86475019485681,56.86168974201924,55.737867796940115,56.72574234008789,8721900.0
2020-07-09,57.052008895824116,58.8827488908862,56.99762924782932,58.710548400878906,16903300.0
2020-07-10,58.429599925035966,58.51116421723547,57.2695248815432,57.8676872253418,10700000.0
2020-07-13,59.09119461060707,60.79505564740057,58.89181294303702,58.9733772277832,16667700.0
2020-07-14,59.81625977131641,60.74975484020369,59.20903576343855,60.68631362915039,10482700.0
2020-07-15,60.885682881054514,60.91287097505259,59.05494643461451,59.8706169128418,12432500.0
2020-07-16,59.254325756220474,60.38720905855808,58.29364292850089,60.350955963134766,15709400.0
2020-07-17,61.003519153260086,61.62887316717875,60.151595314329555,60.17878341674805,11716600.0
2020-07-20,60.450667061711634,60.704438800263354,59.63499638880041,60.622867584228516,6357300.0
2020-07-21,62.390152239201434,62.76174131907409,61.36602811919735,61.45665740966797,10619700.0
2020-07-22,61.71949114154796,62.44453934085065,61.656049942701884,62.10920333862305,7366100.0
2020-07-23,61.864515942989264,62.082027680533926,60.49599047701663,61.05790328979492,8559500.0
2020-07-24,64.71029983676951,69.6859216893683,64.66498173588923,66.97606658935547,41226800.0
2020-07-27,73.73713830126556,75.58600541673371,72.89427251207528,75.45005798339844,39899200.0
2020-07-28,71.91544537408693,72.12389898680891,69.3234072944558,69.71311950683594,31500100.0
2020-07-29,69.88530700251904,75.55878862181709,69.83998890375756,74.92436981201172,28304000.0
2020-07-30,72.51359963895737,73.66460608389328,71.24476889991227,72.44109344482422,16820300.0
2020-07-31,72.16921558146178,72.29609799363439,70.2478493888065,71.49855041503906,12021200.0
2020-08-03,70.48347520400453,71.73418298512404,70.157211124769,71.55291748046875,10129800.0
2020-08-04,71.89730307832261,72.67672729492188,71.36257859736705,72.67672729492188,12569400.0
2020-08-05,73.39274042122214,76.1297843889853,73.02115124985212,73.9818344116211,14436300.0
2020-08-06,74.35340492038148,74.40778111149037,72.70392694921993,72.97581481933594,9838700.0
2020-08-07,72.94863861504354,73.22053344405238,71.96983244267176,72.53173828125,8705800.0
2020-08-10,73.00300758370459,73.27489544545664,71.79761801101348,72.38671875,7421400.0
2020-08-11,71.67979758553025,71.7794918812614,70.6375503540039,70.6375503540039,7056300.0
2020-08-12,70.8369447803289,72.09671071425696,70.44723256888965,71.95169830322266,8354400.0
2020-08-13,71.59823337137962,71.6888626636189,70.5378561315792,70.96382141113281,6551800.0
2020-08-14,71.0725804287362,71.80669366789958,70.73725132469956,71.06352233886719,5611200.0
2020-08-17,72.32326827978622,73.31113913886523,72.19638591099755,72.67672729492188,8663900.0
2020-08-18,72.70393974144542,73.24772249192738,71.82482095278941,71.96983337402344,6804800.0
2020-08-19,71.60730074285803,71.80668934112083,70.91850565283342,71.18133544921875,7976800.0
2020-08-20,69.16933779271636,69.87625602199867,68.86119678593072,69.6134262084961,11457100.0
2020-08-21,70.71006597273939,71.3535499991271,70.56506045472582,71.00008392333984,7942300.0
2020-08-24,72.25985821446001,72.4229937466678,71.13603258610709,71.50762176513672,6405600.0
2020-08-25,72.36859387437418,72.93957156221855,72.02419979257724,72.5407943725586,6113100.0
2020-08-26,73.63741521806162,74.47121567549526,73.41990355842046,74.09056854248047,7821600.0
2020-08-27,74.48029094705427,74.59810833840172,72.65861239564622,73.04832458496094,8018200.0
2020-08-28,72.55892690074116,73.30209826883713,72.42298639983616,72.90332794189453,5699500.0
2020-08-31,71.59822953762692,72.28702456799294,71.31727667235731,71.8248062133789,9812900.0
2020-09-01,72.61330560437777,73.95463583868748,72.49548129132097,73.9093246459961,10193300.0
2020-09-02,73.72807334578539,74.96065142361057,72.39580094441747,74.47124481201172,12567800.0
2020-09-03,73.51961367019047,74.14496069060431,71.03632793928473,73.57398986816406,20090100.0
2020-09-04,72.95771023230253,73.83682908925952,70.15722504672861,71.51668548583984,13638700.0
2020-09-08,70.7100497782196,71.73418083373411,69.98500852505924,70.07563781738281,11553500.0
2020-09-09,71.25383626472842,72.23264225968616,71.1903950714018,71.96075439453125,7867500.0
2020-09-10,73.1752232814176,73.61931867800035,71.3807393417055,71.50762176513672,11241800.0
2020-09-11,72.51359622593975,72.7764259813733,71.23570054413227,71.43508911132812,7853500.0
2020-09-14,72.95769500732422,73.51960769414205,72.45922351784293,72.95769500732422,7091100.0
2020-09-15,73.91837776780538,78.65836520572768,73.75524227302138,77.80643463134766,21048400.0
2020-09-16,78.38648520256606,78.38648520256606,75.25972902946216,75.34129333496094,14492600.0
2020-09-17,73.78987292229176,74.96504580656834,73.434588904984,74.6188735961914,10090200.0
2020-09-18,75.03791889675588,75.46607647610078,72.97908860235002,73.08840942382812,10528300.0
2020-09-21,72.69670122787434,73.47103810449391,72.04079005464781,73.41637420654297,8417100.0
2020-09-22,73.63501350699313,73.68967045289635,72.33230301087426,73.31616973876953,6375200.0
2020-09-23,72.60559354540521,72.8151234185173,70.95671083412009,70.98403930664062,9094700.0
2020-09-24,69.98195527078718,71.96790534177362,69.38981288741425,71.40309143066406,9940900.0
2020-09-25,71.21178224170735,71.89502182124336,70.5012141910335,71.85858154296875,6057500.0
2020-09-28,73.16129062215727,73.21595451371131,72.39606564312366,72.66935729980469,5999300.0
2020-09-29,72.60559470873886,74.00851423954484,72.25031065973371,73.34349822998047,6114600.0
2020-09-30,73.41634617126276,74.6461826265651,73.39812951241751,73.85362243652344,5878900.0
2020-10-01,74.75552901196579,75.35678326956665,74.46401369168844,75.26568603515625,6253800.0
2020-10-02,73.52568890947424,74.88305628216668,73.43459168753084,73.60768127441406,6145900.0
2020-10-05,74.29090176716043,77.09673301322103,74.29090176716043,77.0147476196289,10129100.0
2020-10-06,76.31329624461509,76.93276701953248,75.40231021975255,75.72116088867188,7795600.0
2020-10-07,77.23339748134607,79.25578765776004,77.23339748134607,79.18290710449219,11446400.0
2020-10-08,80.95022401906814,80.95022401906814,78.81851296734466,79.98458099365234,10920800.0
2020-10-09,80.4765289037755,80.89558873102371,79.8388412540919,80.87736511230469,7608800.0
2020-10-12,81.1870830834728,83.14569762255877,80.78624697859792,82.8177490234375,10022000.0
2020-10-13,82.44424575638332,82.58089506758103,81.4694908635729,81.66079711914062,8247000.0
2020-10-14,81.66990179200984,81.87942469397292,80.41273657914304,80.71336364746094,8159000.0
2020-10-15,79.51998002305275,81.52414672645665,79.42888280022032,80.30342864990234,10327900.0
2020-10-16,80.66784372825956,80.70427706586267,78.74566198194292,78.98251342773438,7457200.0
2020-10-19,80.47649043069983,81.64255821166604,79.5199594134594,79.76592254638672,7994500.0
2020-10-20,79.97546854935926,81.05954420528643,79.95724493566331,80.40363311767578,7357600.0
2020-10-21,80.1667769638248,80.95933737454249,79.7750526620134,79.83882141113281,7387600.0
2020-10-22,80.56760785089745,81.02310087230637,80.05745094073454,80.35807800292969,5656200.0
2020-10-23,80.39453128509729,80.57672574302795,79.6475228871447,80.44918823242188,4165400.0
2020-10-26,79.44708074805736,79.96634244117129,78.13525880744493,79.00981140136719,5568000.0
2020-10-27,79.21933889909964,79.45619719672362,78.32657654310913,78.99159240722656,5315800.0
2020-10-28,77.57046167957829,77.80731999295065,76.37706525663154,76.38617706298828,8727300.0
2020-10-29,76.76879664281576,77.73444664825809,76.5410501146891,77.33361053466797,5845600.0
2020-10-30,76.91456901892619,77.20608433960166,75.75761954475986,76.4044189453125,4963600.0
2020-11-02,77.0694246588938,78.30836634288923,77.00565590825899,78.08061981201172,6597100.0
2020-11-03,78.51789732126393,80.3854147307408,78.39946467535613,79.8843765258789,6274700.0
2020-11-04,80.82270060941633,81.77923199462016,80.58584224010579,81.48771667480469,7620800.0
2020-11-05,82.37136609768791,82.86329945321486,81.77922370953847,82.38047790527344,6670100.0
2020-11-06,81.81565587856163,83.35522454506575,81.12331147670014,83.27323913574219,6403000.0
2020-11-09,83.99291930460181,84.24800126196013,81.02310949322158,81.10509490966797,8978000.0
2020-11-10,80.53119891077162,80.89559485974381,78.98251786520844,79.85707092285156,8350100.0
2020-11-11,81.53326212117155,83.06371916302122,81.40572461354016,82.79042053222656,7707300.0
2020-11-12,82.79043422935048,83.71053235829213,81.78835066777023,81.82479095458984,7474600.0
2020-11-13,83.39166232659163,85.45959756416907,83.09103526752196,84.922119140625,9170900.0
2020-11-16,87.83727715345869,93.32141730889239,87.78262021213106,90.43358612060547,18436200.0
2020-11-17,89.25841772396683,89.35861979688575,87.17225880068341,87.19047546386719,10843700.0
2020-11-18,89.75037541352724,90.00545743905037,87.79176024989339,88.30191040039062,8526600.0
2020-11-19,88.15612251013617,88.23811487390212,87.10849404737701,88.01036834716797,5542800.0
2020-11-20,88.05592786779123,88.547854290834,86.81698610172327,86.84431457519531,5329800.0
2020-11-23,88.51142971884741,90.12387236572295,88.2290192477185,89.39508056640625,8802400.0
2020-11-24,89.72300419564985,89.8141014005207,87.47286778895662,88.03768157958984,7022800.0
2020-11-25,87.63684662499982,89.26751232842057,87.58218969145351,88.81201934814453,5194900.0
2020-11-27,89.76857307325078,90.43358904850865,89.3221918206543,89.95076751708984,4367100.0
2020-11-30,88.87579099588022,89.23107497610069,87.6368494929627,88.38385772705078,13840500.0
2020-12-01,89.90521905138762,95.01585154986715,89.75034613456077,91.8820571899414,16157300.0
2020-12-02,92.92059060434784,92.95703088567642,90.66134181388671,90.6795654296875,8676300.0
2020-12-03,92.06425594879623,92.18268859371001,90.57935106100915,90.64311981201172,7359000.0
2020-12-04,92.47421437200843,94.51482158595638,91.73631079777796,94.4966049194336,10824500.0
2020-12-07,96.58274768893536,98.03121926844047,95.62621641027414,96.91981506347656,11793000.0
2020-12-08,98.18608977221645,98.2407467191539,95.75375832967727,96.23657989501953,9876200.0
2020-12-09,96.57363937432878,97.11111784258127,94.29617410151837,95.12516784667969,8204100.0
2020-12-10,93.83156386479364,95.75374500095826,93.10277223913302,94.95207977294922,7135000.0
2020-12-11,94.75166553839684,95.76286065828245,94.03198569044307,94.76988220214844,7492600.0
2020-12-14,94.53302683266392,95.56244559881644,94.28706363781562,94.34172058105469,5878000.0
2020-12-15,96.2730201302639,96.91070767847204,95.12517559321624,95.73553466796875,7399900.0
2020-12-16,96.24567174479361,96.2638884065709,94.70610318942882,95.83572387695312,5986900.0
2020-12-17,95.96564921411465,96.34987606221087,95.00507511427652,95.05081939697266,7779300.0
2020-12-18,95.14233196090073,95.87419884474762,94.3738780145014,95.39848327636719,7417000.0
2020-12-21,94.73978108968988,96.0205443304572,94.52022387057491,95.90161895751953,6116400.0
2020-12-22,96.12117282864702,96.25839870316348,94.1451439662428,95.08741760253906,5597100.0
2020-12-23,95.75522856738658,95.93819870573716,94.77636101090157,94.92273712158203,3320800.0
2020-12-24,95.83758331889582,97.28300927209567,95.75524499761072,96.94452667236328,3172100.0
2020-12-28,98.43568467782308,98.95713738248708,96.92621411813337,97.10918426513672,5157000.0
2020-12-29,97.88679231509776,98.02401818622539,96.25839632603083,96.5694351196289,4602400.0
2020-12-30,98.52715441242897,100.35681378483876,98.25270969432546,99.62495422363281,9571800.0
2020-12-31,100.32022578231931,100.32936905378457,99.2041324590621,99.7530288696289,4909500.0
2021-01-04,101.97608595997654,104.38208598735648,101.04295559100781,102.18649291992188,11262100.0
2021-01-05,102.8360195660364,105.15968107978831,102.4700862558181,103.16535186767578,10583600.0
2021-01-06,104.15334857214704,106.4770165938785,102.9640742798125,105.7634506225586,10609300.0
2021-01-07,109.17580088240713,112.46919422574247,107.57484849924076,111.08779907226562,13556100.0
2021-01-08,115.18621821153923,115.53385100701948,107.01678819117751,108.58114624023438,18976800.0
2021-01-11,109.54172061864573,113.07296427983232,108.68178533455199,112.15813446044922,12006800.0
2021-01-12,114.5001065517242,114.53669360341463,111.31649562562542,112.5240707397461,14163200.0
2021-01-13,113.80483338831256,114.17076671989896,107.94992102172327,109.07516479492188,20650500.0
2021-01-14,112.93573224920779,123.18182287543064,111.30733637628711,115.68022155761719,37125400.0
2021-01-15,117.52819478040885,117.59222561267119,112.71618769908069,114.56414794921875,17343100.0
2021-01-19,119.46760649825511,122.6329233844282,117.50072823803788,120.11714172363281,20443800.0
2021-01-20,123.67584515717857,124.53578741837585,119.01936474023053,119.51336669921875,17360700.0
2021-01-21,121.90107541419718,123.8679539741627,121.06857691482014,122.73357391357422,15460100.0
2021-01-22,118.96446983717658,120.07142011898641,117.83923300863637,118.14112854003906,19163200.0
2021-01-25,120.6020121251289,120.91305090154744,116.50357162092611,119.4035873413086,20469300.0
2021-01-26,118.05879027594546,118.30579823427375,115.49726400517967,115.86319732666016,17084600.0
2021-01-27,114.30799447012673,114.44522035255535,111.1518340722599,111.37139129638672,16732700.0
2021-01-28,113.89628913604065,116.71396607651728,113.05464755005814,115.1130142211914,14148100.0
2021-01-29,113.43888576682794,113.76822502580906,110.2827260111219,111.17010498046875,15169200.0
2021-02-01,113.93291079792901,116.04616552614446,112.8717048176109,115.87235260009766,10179900.0
2021-02-02,118.44302130552455,119.15658746883258,116.59506110760589,117.50074768066406,9302400.0
2021-02-03,118.01305290670956,118.14112852979086,115.32345086280621,116.64080810546875,9676600.0
2021-02-04,116.64079409766434,117.28117213616561,115.24110568522792,117.23542785644531,7445100.0
2021-02-05,117.82093821257165,117.90328351363281,115.90894704689134,116.89696502685547,6226800.0
2021-02-08,117.73858858424597,121.90106682877474,117.73858858424597,121.26068878173828,11160000.0
2021-02-09,122.56891276909354,122.96229690630122,120.52884588955709,121.37963104248047,7929100.0
2021-02-10,122.69698191257079,124.41686659419817,121.22410521290396,122.3036117553711,12196300.0
2021-02-11,123.86796971015366,127.37177009556294,122.64210092672927,127.3077392578125,12347900.0
2021-02-12,127.08816108973697,127.90235909788734,125.47806557901144,126.30140686035156,11114100.0
2021-02-16,129.5490345664544,130.08878074004411,127.5455552870283,128.1219024658203,11833600.0
2021-02-17,127.35345046616663,127.74682054227387,124.50832950087397,124.66384887695312,12311200.0
2021-02-18,123.36480737923507,124.30708098144216,122.0382929667653,123.16354370117188,11614600.0
2021-02-19,124.55405780293407,126.20075405122446,124.16068773319455,125.0206298828125,10771900.0
2021-02-22,122.21209605262513,123.7581604763108,121.83701252609444,122.19380950927734,10363800.0
2021-02-23,118.10453033447266,120.51968039842941,114.701355452137,118.10453033447266,18444700.0
2021-02-24,118.4796293981008,121.10520101525084,116.80549578672208,121.03201293945312,12782900.0
2021-02-25,120.31841112351108,120.33669766766252,115.0123958480452,115.26854705810547,13581200.0
2021-02-26,114.7470960660668,116.54016154233395,112.36854010692049,115.21366119384766,17281000.0
2021-03-01,118.58940347179521,119.20233782487378,116.40295360675097,118.13198852539062,9714900.0
2021-03-02,117.49157662238437,117.57392190784189,115.26854705810547,115.26854705810547,8274500.0
2021-03-03,115.9272390052192,116.87866288099714,112.2587693746943,112.4234390258789,10660300.0
2021-03-04,111.56349658363165,112.66129658320308,103.8240369479035,105.74517822265625,24454200.0
2021-03-05,110.60294094850624,110.96887431978604,105.55307577996186,110.51145935058594,17448700.0
2021-03-08,110.27357207254451,110.69439289392851,104.0161333407206,104.22654724121094,17246900.0
2021-03-09,107.0991149889866,108.31584019109648,105.50731323125001,106.46788024902344,17717100.0
2021-03-10,107.76695387457227,107.97736082125256,103.75085158698761,104.13507843017578,15240300.0
2021-03-11,108.16946778824828,110.51143669659429,107.09911865483699,110.31017303466797,15091600.0
2021-03-12,108.86475095993,108.86475095993,107.29124251839538,108.22437286376953,8171000.0
2021-03-15,108.5445577800786,108.96537865290796,106.76978572456552,108.93793487548828,8935000.0
2021-03-16,109.52342606608978,110.923114559883,108.04139925993354,109.1849365234375,10793400.0
2021-03-17,108.12708868001776,109.75243546547996,105.95995496213769,109.05455017089844,9890400.0
2021-03-18,108.35663774648609,108.65967070295447,104.77535764012673,105.14266967773438,10283800.0
2021-03-19,105.0324803735108,105.50080342518383,103.95809837781512,104.3437728881836,11536000.0
2021-03-22,105.40897242658421,108.65967245201152,105.40897242658421,107.60365295410156,9376400.0
2021-03-23,106.61192267382744,107.2088039255556,105.25287709126302,105.50080871582031,8977400.0
2021-03-24,103.27858857802535,105.31716411129837,99.95442417633824,100.05543518066406,24196100.0
2021-03-25,99.1738851309486,103.53569952328199,99.07287413191767,101.42366027832031,16772400.0
2021-03-26,102.84699267274401,107.16289045575992,102.11236849415197,107.03433227539062,12910900.0
2021-03-29,107.02515279909666,107.21799006649145,103.20511834243224,105.04167175292969,10863600.0
2021-03-30,105.85894445787658,106.60274639641017,104.94985242123599,105.66610717773438,8206200.0
2021-03-31,106.32726245566735,108.68723335040733,106.11605572706387,108.61376953125,9806500.0
2021-04-01,112.77355367393255,114.6743860681186,111.69917166980456,114.6009292602539,17904000.0
2021-04-05,116.68542566549044,116.98845867264781,112.6541913168432,114.32545471191406,14113900.0
2021-04-06,113.86632458599132,113.875509315754,111.60736447120257,112.4338150024414,13042300.0
2021-04-07,112.43381758699266,112.58992296706619,110.04629221833189,110.09220886230469,11193200.0
2021-04-08,111.46041793212196,113.70101521362238,111.46041793212196,113.34288787841797,10226700.0
2021-04-09,112.71844951882005,113.3520625971053,111.75425631324637,112.76436614990234,8315200.0
2021-04-12,112.2226012554513,112.45217044393047,109.49531817537542,111.01966094970703,9868400.0
2021-04-13,112.39705490841986,112.85619319889062,110.51458511513204,111.3593978881836,8384800.0
2021-04-14,112.02058114849558,112.42462516895804,110.65235072360554,110.96456146240234,9521900.0
2021-04-15,111.75427275616224,112.02975857140085,107.03433102928139,108.67804718017578,18709100.0
2021-04-16,109.44939314603505,110.74415954386966,108.21889882580263,109.12799072265625,9512100.0
2021-04-19,108.35664946350613,109.16473042890833,105.78547192811573,105.96913146972656,12630300.0
2021-04-20,106.56601051697363,107.23634856378591,105.18859550989114,105.55590057373047,9299200.0
2021-04-21,105.14268309555595,107.88832849159708,104.47233801593359,107.8056869506836,8472200.0
2021-04-22,107.89751150214587,107.89751150214587,105.06003988164254,105.89566802978516,7411800.0
2021-04-23,107.05269586860582,109.01780738190837,106.45581463193469,108.94434356689453,8380300.0
2021-04-26,110.19319659145866,111.60734345508975,109.64223200968031,111.58897399902344,8444000.0
2021-04-27,111.57060458439364,111.70834747271373,110.09217872860626,111.3593978881836,5491800.0
2021-04-28,110.19321508005955,110.57888965142473,109.02700663638979,109.8810043334961,6476500.0
2021-04-29,110.85436338778946,110.95537438438892,107.99852231497614,109.36675262451172,8831800.0
2021-04-30,108.36583076166784,108.52193611267406,107.11697394182819,107.19961547851562,7950700.0
2021-05-03,107.8699662122196,107.94343003041239,106.27216669895056,106.46500396728516,10229500.0
2021-05-04,105.60182338295658,106.3548100172775,104.4447927477187,105.93240356445312,9638300.0
2021-05-05,106.520109287211,106.97006295961816,105.46408956120169,105.95077514648438,7059000.0
2021-05-06,105.87729470507922,108.02605858468152,105.1059387185771,107.43836212158203,8581700.0
2021-05-07,108.72395879672851,109.6605979146707,106.56601003000598,107.28226470947266,9614300.0
2021-05-10,105.58347254083189,105.9507776665315,103.0582112692181,103.13166809082031,12281200.0
2021-05-11,100.76251389642444,103.75609114738664,100.21154222510522,103.62753295898438,10007700.0
2021-05-12,100.41354928776151,101.09307204042113,99.22897158021615,99.36671447753906,15058900.0
2021-05-13,100.42272862710229,102.3235608916537,99.08204564395007,99.86257934570312,10552000.0
2021-05-14,101.57058347511878,103.60915881241239,101.23081858360484,103.26939392089844,8425200.0
2021-05-17,100.15645990384516,101.03800487570489,99.05453044049467,100.8268051147461,10688600.0
2021-05-18,103.76526505332454,104.20604094322455,101.68995779060742,101.78178405761719,7476600.0
2021-05-19,99.63300681697253,103.29692833181728,99.17386853670999,103.21428680419922,7280500.0
2021-05-20,103.20510379278235,104.42641332000024,102.93880274509539,104.02236938476562,6442500.0
2021-05-21,104.68355556119434,104.68355556119434,102.56233838776213,102.70925903320312,5979400.0
2021-05-24,103.08573836542527,105.17940799987677,102.95718019530246,104.3437728881836,6653600.0
2021-05-25,105.46406833274294,105.54671687155087,104.3162225585383,104.9406509399414,5331700.0
2021-05-26,104.68354244889885,106.52009582519531,104.68354244889885,106.52009582519531,6605100.0
2021-05-27,106.52011331071381,107.0067989143797,105.60183647182835,106.30890655517578,6513700.0
2021-05-28,106.79559550086668,108.20973561904619,106.4741930135662,107.76896667480469,5386500.0
2021-06-01,109.92688788826752,110.22992083925496,107.83321841943479,108.82495880126953,7596100.0
2021-06-02,109.18308665143904,109.68813456638559,108.28317252136654,109.22899627685547,5383400.0
2021-06-03,108.4025777099576,108.59541499487987,106.94251397283766,107.2730941772461,4912200.0
2021-06-04,108.56785495641103,110.05545869420278,108.40256487377916,109.74324798583984,5352100.0
2021-06-07,108.48522147671991,109.04537088976217,107.96180397668489,108.55868530273438,6266000.0
2021-06-08,107.94341240265294,108.06278583330041,105.656898724596,106.44661712646484,11564800.0
2021-06-09,106.52008163120145,108.03523936592755,106.49253445517094,107.55773162841797,6401600.0
2021-06-10,107.47510476959403,109.1371833386379,107.09860796340445,108.57703399658203,8566600.0
2021-06-11,108.62293643235863,108.74230986447556,107.58528642917355,108.5862045288086,6036600.0
2021-06-14,108.86170455904842,111.11147965043891,108.7790560137636,111.102294921875,7610300.0
2021-06-15,110.51459123896208,112.02974908265232,109.52285079517634,109.68814086914062,8196900.0
2021-06-16,109.77998452335748,110.10137997372462,107.89751444765722,108.37501525878906,8059400.0
2021-06-17,108.47732498217313,110.83712857154251,108.39435940107559,109.80471801757812,7608100.0
2021-06-18,108.32062606075937,108.67090722528428,106.20048508570233,106.7351303100586,12532800.0
2021-06-21,106.35720153505625,106.37564145955214,104.18175460739928,105.21417236328125,11116200.0
2021-06-22,104.62422523242861,105.53680461109509,103.25074618313468,105.38932037353516,11792400.0
2021-06-23,107.1130720030797,108.23766823396622,106.75357085160223,106.97480773925781,8913700.0
2021-06-24,107.59242948074382,108.46813611706742,107.17761552187622,108.07176208496094,6772200.0
2021-06-25,108.26532047864211,108.70778721869779,107.41726684570312,107.41726684570312,6712800.0
2021-06-28,108.1178496787165,110.569832362374,108.01645118471255,110.25642395019531,11026600.0
2021-06-29,110.06283914907834,110.8832399733147,109.15947272980438,110.82793426513672,7874900.0
2021-06-30,110.76339721679688,111.31647534007513,109.70332671139779,110.76339721679688,7936400.0
2021-07-01,110.70810042170442,110.80949891272833,108.79997605035501,109.15947723388672,8295600.0
2021-07-02,109.46365377345441,109.8600277063238,109.15024542469565,109.61114501953125,5144300.0
2021-07-06,110.47763849416788,111.50083622232809,108.97510825134538,110.66200256347656,7181500.0
2021-07-07,111.20584592918608,111.58378694634136,108.96587377308177,109.00274658203125,7391800.0
2021-07-08,106.80888256298543,109.03041511786486,106.35719586294242,108.65248107910156,7565400.0
2021-07-09,108.7723292688792,111.34415044044034,108.42204802845507,111.13213348388672,8374200.0
2021-07-12,111.71283623372508,113.13240770505392,110.17342637729315,113.04022216796875,10668700.0
2021-07-13,113.55644565340315,115.66736666449745,112.57933371950762,114.21092224121094,13460200.0
2021-07-14,115.3631823433596,115.94391336322174,114.3676374240784,114.66261291503906,10587700.0
2021-07-15,110.72652928446779,111.26116750863126,107.73068169916826,108.33906555175781,23734500.0
2021-07-16,109.46366662287488,109.68489648518958,106.16362344861086,106.68904876708984,12110000.0
2021-07-19,105.08511646318858,106.57843380788384,104.37533412184737,106.32954406738281,9230200.0
2021-07-20,106.81810000241347,107.73068637001988,105.48149383489857,107.29743957519531,7108000.0
2021-07-21,107.14073085850795,108.65248107910156,106.86418826798244,108.65248107910156,5564700.0
2021-07-22,108.85526746516376,108.85526746516376,107.1222874482195,107.44491577148438,5746500.0
2021-07-23,108.44967688782019,108.44967688782019,106.31110303299381,107.65692901611328,5773900.0
2021-07-26,106.7351304272012,107.0208859292912,105.88707684935554,106.6060791015625,6440600.0
2021-07-27,106.30188856565546,106.37563419306032,103.28760813137521,104.66108703613281,11127500.0
2021-07-28,105.02981100774782,106.47703557942016,104.97449826929906,106.07144165039062,6819700.0
2021-07-29,106.92869954853559,107.95189714994054,106.56919844888189,107.06697082519531,7162000.0
2021-07-30,106.46781849549961,108.23767145275468,106.18206296474284,107.51866912841797,6482600.0
2021-08-02,108.31139403648503,109.1225747110891,107.53708616974056,107.72144317626953,6028800.0
2021-08-03,108.13627604644134,109.36227083067416,107.70302924052667,109.15026092529297,5874700.0
2021-08-04,109.16868174855763,110.2010994052667,109.03041045920294,109.45443725585938,4254000.0
2021-08-05,109.75866318150501,109.91536740435345,108.99356792956705,109.89693450927734,4452300.0
2021-08-06,109.1133802334281,109.32539012350779,108.26531957479884,108.96588897705078,4338100.0
2021-08-09,109.15947760176878,109.50054589388691,108.14549972088336,108.9751205444336,4280200.0
2021-08-10,109.23320887375424,109.74020126391342,105.15885796058956,107.26055908203125,5132800.0
2021-08-11,107.38959123375382,108.11781334012956,106.19124963434692,106.91947174072266,4490400.0
2021-08-12,106.51390401541357,106.88261808180614,105.49070630580314,106.65216827392578,6338400.0
2021-08-13,106.07143763232789,106.48624447474378,105.53679238845447,106.46781158447266,4593200.0
2021-08-16,106.09908689974638,106.4493750979944,105.17728769639017,105.66584014892578,5435900.0
2021-08-17,104.83624417120002,104.94685559328308,102.08927898754482,102.42112731933594,13398800.0
2021-08-18,103.00185081120505,104.16331988708635,101.74820321277423,101.81272888183594,9167300.0
2021-08-19,100.47610384785335,102.29204923530074,99.25932929357545,101.87723541259766,12146900.0
2021-08-20,100.60517204395757,101.13059734800272,99.30543872669654,99.6649398803711,13042000.0
2021-08-23,101.47166373043723,102.62391279977967,100.72500155121959,102.28284454345703,9533500.0
2021-08-24,103.07559575943426,104.22784486559534,103.05716286815468,103.3429183959961,6719800.0
2021-08-25,106.66139900101538,109.86004378248519,106.56922047511343,107.878173828125,22106800.0
2021-08-26,108.75386766704358,109.19632732417378,107.2513305397499,108.8644790649414,9892100.0
2021-08-27,109.0765071707719,109.97065357040388,108.48655621214735,109.22399139404297,6827700.0
2021-08-30,109.58349988932837,110.15501799566397,109.20556582772288,109.68489837646484,6434200.0
2021-08-31,110.62512255252,111.35334475517949,109.41756083361315,109.70332336425781,8424900.0
2021-09-01,110.81869479504334,111.86954526206388,110.21030398110018,111.03992462158203,8603900.0
2021-09-02,111.48240276280984,111.89720960928958,111.03993603149738,111.34413146972656,6866400.0
2021-09-03,112.07234458092712,114.74556357581694,111.77736912835256,114.27544403076172,10361400.0
2021-09-07,114.8746180378352,115.48300184856886,114.20170153209084,114.94835662841797,9739900.0
2021-09-08,113.35366108208203,113.51036527526665,111.74973226875066,112.35811614990234,7983300.0
2021-09-09,112.63463935953025,113.8329740239161,112.34887684335887,113.08631896972656,5101300.0
2021-09-10,113.39975396114201,114.6165288327603,113.2799225763632,113.35366821289062,5163900.0
2021-09-13,113.32600367329879,114.39528716161747,112.64386715490608,113.95282745361328,6622800.0
2021-09-14,113.9620210187297,113.9620210187297,112.82821205594678,113.46424865722656,5110500.0
2021-09-15,112.83745984924926,112.92041841357823,111.42710096071956,111.99861907958984,5566500.0
2021-09-16,111.07023938006796,112.1161482587009,110.46860750442814,111.80145263671875,7301400.0
2021-09-17,111.24610911544231,111.50527189205542,108.93214566474524,108.98767852783203,10722700.0
2021-09-20,106.62741970771431,107.37714857432059,105.10020966972576,106.16462707519531,8991000.0
2021-09-21,107.0439525089472,107.24758242602582,106.02580998521032,106.4052963256836,8182200.0
2021-09-22,106.65519981111422,107.59003590237978,106.35901279040179,107.24757385253906,5345600.0
2021-09-23,108.26572531822981,108.26572531822981,106.98841294735544,107.54376983642578,5484700.0
2021-09-24,107.36790980583046,107.88623538654234,106.93288352416594,107.03469848632812,4455900.0
2021-09-27,107.09023432240232,107.8954962104755,106.45158516035755,107.50675201416016,5198800.0
2021-09-28,105.82217064231656,106.47933536784485,103.5267159565137,103.572998046875,9792300.0
2021-09-29,103.94324111500825,104.45230883758443,102.75848589549105,103.3138427734375,6522400.0
2021-09-30,104.06356926876266,104.91510616213016,103.34161376953125,103.34161376953125,6433400.0
2021-10-01,103.66556060048177,103.94323903389542,102.09206830888682,103.25830078125,5315200.0
2021-10-04,102.7399803309696,103.13798233904231,100.44452541104081,100.90731811523438,8514500.0
2021-10-05,101.62930316255327,102.1383710128613,101.09246181205432,101.12948608398438,8039600.0
2021-10-06,100.37047767415518,101.37010448589857,99.57447370774351,101.20349884033203,7553600.0
2021-10-07,102.73998944014164,103.39715429096354,102.26793886274734,102.5826416015625,7821900.0
2021-10-08,102.72147776563484,102.80477706768917,101.36086600549402,101.85142517089844,5143400.0
2021-10-11,101.88844043050453,103.39714205926768,101.72183477946609,102.05504608154297,5318500.0
2021-10-12,102.2494108788061,102.76773639548085,100.48153953754604,101.07391357421875,9294600.0
2021-10-13,101.18498585483138,101.86066623858098,100.8425167477726,101.7958755493164,7845100.0
2021-10-14,105.6463334092446,106.20168332321862,102.88809244312219,104.18390655517578,16930500.0
2021-10-15,106.23869561067112,106.39604344058075,104.55413039333101,106.312744140625,11558800.0
2021-10-18,104.97991173465685,106.76629213455259,104.97991173465685,106.75703430175781,6773800.0
2021-10-19,107.1827792054498,108.27497012806568,107.02542433958715,108.25645446777344,5406100.0
2021-10-20,108.18241694026433,108.32125615993957,106.95139374867261,106.98841094970703,8205800.0
2021-10-21,106.45158143971327,107.69186251650969,106.08134585830992,107.6363296508789,4640300.0
2021-10-22,107.59003566744897,108.43232169861875,105.7296142578125,105.7296142578125,6283000.0
2021-10-25,105.88698733286249,106.02582657638345,104.69298113723386,105.18354034423828,6667700.0
2021-10-26,106.38678118589624,106.71999247306134,105.25756594179848,105.68333435058594,4852300.0
2021-10-27,105.54448684151437,106.49783853643706,105.2482998386097,105.28532409667969,5394500.0
2021-10-28,105.20203494454904,107.38640988781943,105.09096215964139,107.37715911865234,5714300.0
2021-10-29,105.58152094167787,105.6925937262418,104.79477480390364,105.23905181884766,7118900.0
2021-11-01,105.12799825073976,105.83143811600816,104.91511048779233,105.62781524658203,4955700.0
2021-11-02,105.13724478723306,106.25720936308906,105.09096975308645,105.6185531616211,4479700.0
2021-11-03,104.9983947695528,105.6092773726727,104.3412300784996,105.5259780883789,6073000.0
2021-11-04,104.93361824883883,109.08023684318464,104.045057121479,109.02470397949219,14682800.0
2021-11-05,109.37644345950704,110.63524038062017,107.59932088675582,109.03398132324219,8668100.0
2021-11-08,109.58006487647943,113.1528254093472,108.33978371762052,111.91254425048828,15776300.0
2021-11-09,112.22722196877223,114.09690124001007,111.22758811128395,112.71778106689453,10874100.0
2021-11-10,110.6999955798027,111.81070212775363,108.92287357706735,109.4041748046875,9046100.0
2021-11-11,110.38531165747331,111.50526909208915,109.03395788359828,109.39493560791016,6994000.0
2021-11-12,109.58005623224145,109.97805824139732,108.54339802983034,109.85773468017578,6947200.0
2021-11-15,110.44084641237251,110.73703344923537,108.7655391471472,109.33014678955078,5157000.0
2021-11-16,108.93214361131898,109.57079270974641,108.44158449888346,109.29312133789062,5555100.0
2021-11-17,109.21909217252045,110.65375256385624,108.76555724161042,110.20021057128906,6391400.0
2021-11-18,111.04246963256573,114.36531747181748,110.88512182627561,114.20796966552734,13229700.0
2021-11-19,112.94919355704087,115.51306925853847,112.93993572509478,115.01325225830078,9071800.0
2021-11-22,114.30981494238476,118.55824920935238,114.04139428661915,115.466796875,16076100.0
2021-11-23,113.58782175963184,114.03209872021496,110.62594475523944,112.32902526855469,10984000.0
2021-11-24,111.07023701181055,111.87549877234216,109.58930193065083,111.72740173339844,6992600.0
2021-11-26,108.75628631765233,110.18168870487392,107.84920950336355,108.37679290771484,6766900.0
2021-11-29,109.55227942058465,110.95916600474203,109.12651101930471,110.40381622314453,7634000.0
2021-11-30,109.31163054542091,111.22759197466125,107.14576417395615,108.43232727050781,10561800.0
2021-12-01,110.34827924511406,114.31904098090743,110.34827924511406,111.65335083007812,12924400.0
2021-12-02,111.39419894372394,114.21723717416921,111.08875407387457,112.64373779296875,8425500.0
2021-12-03,111.99582963094906,112.78257578214107,109.20056492414821,110.45010375976562,7809000.0
2021-12-06,110.04284986115196,110.60745753147526,107.90474980374636,110.27424621582031,5681200.0
2021-12-07,111.57006471239188,113.45825977154263,111.31090193083993,113.21760559082031,7459200.0
2021-12-08,112.57893511350044,113.12503410100031,111.17204859441271,112.73628997802734,5795700.0
2021-12-09,112.16242836951717,113.00470733121779,110.5981869328018,110.6074447631836,6103900.0
2021-12-10,111.07023827112653,111.80145152047677,109.4412061325531,110.26497650146484,5973900.0
2021-12-13,110.01507572580705,110.17242354116739,107.72887877188559,107.75664520263672,5854300.0
2021-12-14,106.84958345393201,108.27498585225828,106.67371996389274,107.6363296508789,6267300.0
2021-12-15,108.09911184805397,111.54229041539158,107.81218265466106,111.44047546386719,6700700.0
2021-12-16,111.8457162717323,112.22677954793433,107.9421789498907,108.34182739257812,9116100.0
2021-12-17,108.08157763201716,109.19687183012998,107.7469879544098,108.10945892333984,11725600.0
2021-12-20,107.7376957530778,108.38828996807486,105.86957825770622,106.82687377929688,6980800.0
2021-12-21,107.87710587746506,109.20616846669442,106.9569878051886,109.15040588378906,6122900.0
2021-12-22,108.66710681308645,112.86806297767164,108.58346293850978,112.73794555664062,9300100.0
2021-12-23,112.42193985641056,113.1933553378738,111.38099340826014,112.16170501708984,6512500.0
2021-12-27,112.663586904045,114.55959266313086,112.64499464974573,114.03911590576172,6309900.0
2021-12-28,114.67112428125506,114.93136622002451,113.26771390994709,113.44429779052734,6321000.0
2021-12-29,113.2026427538204,114.45735039877171,112.43122733172083,112.84017181396484,5847700.0
2021-12-30,112.45912115607948,112.97030181586332,111.70629790336854,111.92005920410156,4187800.0
2021-12-31,112.78440928575755,113.15617637580226,111.73417381543364,111.81781768798828,3888200.0
2022-01-03,115.36820193803877,120.4428034920286,115.24738062396835,119.70857238769531,18592000.0
2022-01-04,121.63244675038834,125.93563956290774,121.10268796584465,123.9838638305664,25554900.0
2022-01-05,121.48374007268431,121.64173878975419,117.92407478410644,118.09136962890625,17891200.0
2022-01-06,118.03560778011762,119.89443624909585,116.00018833750873,119.40184783935547,16249000.0
2022-01-07,117.61735432199673,118.16570522400328,114.60604760603535,114.78263854980469,21248100.0
2022-01-10,116.27899803579466,116.98535473369904,114.55958337758106,116.1860580444336,11857700.0
2022-01-11,117.60807990671857,120.40561878135081,116.64148823695835,120.05243682861328,12113100.0
2022-01-12,121.28855596553126,123.53773668086158,121.02832111792185,122.89643859863281,16389200.0
2022-01-13,130.81504188904222,134.7650520348925,129.11421228913852,129.3651580810547,52020000.0
2022-01-14,126.4839847681643,133.72412988282352,126.4839847681643,130.73141479492188,28255300.0
2022-01-18,127.09739459572305,127.4970359031237,123.8816151542881,124.38350677490234,15191400.0
2022-01-19,125.11773621406424,126.30738526644296,121.69749873390924,121.7625503540039,11155100.0
2022-01-20,122.60832216072352,123.37973766488095,119.15090012890892,119.271728515625,11421900.0
2022-01-21,118.10995340742785,118.94642757139182,115.4982947904477,115.73994445800781,15573700.0
2022-01-24,115.03358107765017,117.17123636333484,111.65051429031519,117.06900024414062,17083400.0
2022-01-25,116.63218743333212,116.93889582498176,113.10970672031024,113.83465576171875,11370500.0
2022-01-26,116.52994413822701,117.72888924843329,113.28629072447238,114.39229583740234,13592100.0
2022-01-27,115.2473446749834,115.3774620775084,107.83991340286717,108.16520690917969,18599800.0
2022-01-28,110.33074950111457,111.1579275018959,106.12980079234428,109.30839538574219,14005900.0
2022-01-31,111.08356647614356,114.10416220227647,110.42368333764621,113.97404479980469,10189100.0
2022-02-01,114.22501210428585,114.54100954390177,111.6226493824943,114.36442565917969,6956300.0
2022-02-02,117.3199553568384,117.54301277515727,113.89971088219022,115.38677215576172,8562900.0
2022-02-03,112.87734643344922,115.13582311663603,110.8326381261687,111.38098907470703,9926800.0
2022-02-04,111.93865204524872,113.23053725669797,110.96276426814288,112.47770690917969,5743200.0
2022-02-07,113.90900455602123,115.34030330600052,113.27700260266502,113.67665100097656,6562900.0
2022-02-08,113.38853156016772,115.11724252663312,113.02606059212184,114.97782897949219,7036200.0
2022-02-09,116.06524018962236,116.68795307898083,114.0948866671293,116.66006469726562,10979700.0
2022-02-10,115.9908927849454,119.57843209581728,115.58194827566442,115.90724182128906,10474900.0
2022-02-11,116.64148999090412,117.64525909661825,111.94794512703444,112.46842193603516,9845700.0
2022-02-14,111.48322806358716,112.9702964244003,109.67087324878891,111.31593322753906,8081800.0
2022-02-15,113.40710142729604,115.81428755002814,112.88663181843141,115.73063659667969,9248700.0
2022-02-16,114.44807300750129,115.51690083960206,112.98889288255725,114.87560272216797,5749500.0
2022-02-17,113.8439450877357,114.08559476881935,111.20441212358483,111.30664825439453,7976700.0
2022-02-18,112.01299516626607,112.17100096777696,110.08910807475529,110.8884048461914,8389000.0
2022-02-22,109.20617265049765,110.93488369546859,107.5518164461609,108.65782165527344,9793500.0
2022-02-23,110.18206546518383,110.99994747690296,107.5889987793201,107.7191162109375,8114700.0
2022-02-24,100.37671752588848,104.07578856950896,97.01223610795697,103.98284149169922,27539100.0
2022-02-25,104.36391512732327,105.02379831895423,101.6407314005511,103.37873840332031,14258900.0
2022-02-28,101.65002182903537,102.02178179326732,97.5884796929135,99.45660400390625,26390800.0
2022-03-01,102.23556505179586,103.26721541186068,99.49379591629938,100.42321014404297,20377900.0
2022-03-02,100.7485098475374,102.20768999041653,100.2466252830552,101.87310028076172,13342400.0
2022-03-03,102.15190827034787,102.23555213666174,100.00495685368847,101.1109619140625,10841700.0
2022-03-04,99.44731469415902,100.48826110161384,96.48248126737712,97.64424896240234,22372100.0
2022-03-07,95.99919684381616,96.74272397466024,92.06777152371795,92.28153991699219,29422900.0
2022-03-08,93.13659764305339,95.83190028498181,91.65883244468016,92.94142150878906,25650000.0
2022-03-09,97.13307006203415,98.25766027775222,95.50659537890301,97.54200744628906,14348400.0
2022-03-10,96.83567850490074,98.08109026738433,95.28355122973053,96.62191009521484,11811000.0
2022-03-11,97.92308306222955,97.92308306222955,94.14966358748096,94.25189971923828,18116400.0
2022-03-14,94.35414167869932,94.67014624490646,92.07707935786823,92.29084777832031,17959400.0
2022-03-15,91.11049099991288,94.93038468839629,90.72943478942811,94.8839111328125,13415600.0
2022-03-16,96.18199694528361,98.79690995195428,96.01389529306815,98.70352172851562,20347100.0
2022-03-17,98.75955639178709,99.48799453296434,97.82565987744394,99.45063781738281,8042000.0
2022-03-18,98.72222100094802,99.96430534333955,97.95642597877176,99.66545867919922,10218200.0
2022-03-21,99.66545739593586,100.1324057479595,98.18055793146615,99.85223388671875,10366100.0
2022-03-22,99.35725262631833,100.82346991362729,99.20783288449245,99.96428680419922,10401200.0
2022-03-23,99.45998406046738,101.03827153356049,98.38600158691406,98.38600158691406,12905300.0
2022-03-24,99.72148356762003,100.84216382738671,98.83428459640417,100.78612518310547,10834000.0
2022-03-25,100.57132932927256,100.84216020419208,98.84361488150785,99.67478942871094,7432100.0
2022-03-28,98.63815046836415,99.66543518890767,97.69491301242597,99.30121612548828,8151200.0
2022-03-29,100.7861216553035,102.50449514343805,99.73082103831449,102.02820587158203,14076200.0
2022-03-30,100.6647175662979,102.11225305285505,99.46933103221573,99.67478942871094,15456300.0
2022-03-31,99.88957511062901,100.06701773688654,97.30268477683936,97.36805725097656,13021600.0
2022-04-01,98.77824733548981,98.94634902055574,95.45357748092604,95.9952392578125,12085100.0
2022-04-04,97.14392507920562,98.59146771708109,96.45284356260579,97.86302947998047,9077200.0
2022-04-05,97.57351404394636,97.68557706917522,95.36017666982896,95.72439575195312,12291000.0
2022-04-06,93.7818900676491,95.38819327754187,93.12816533109519,94.49165344238281,14902600.0
2022-04-07,93.78188643161123,94.538347454655,93.06278924928219,93.87527465820312,12431000.0
2022-04-08,93.96867718883081,94.04338350077272,92.5678323077365,92.72659301757812,11796200.0
2022-04-11,91.72732688982315,91.87674664355468,90.50392460119977,91.12029266357422,12480500.0
2022-04-12,93.3896591013726,93.52974501503778,90.99888610839844,90.99888610839844,13291500.0
2022-04-13,93.20289059464815,95.46291882793874,92.92271874338535,94.79051208496094,15776800.0
2022-04-14,97.12523857370968,97.59218683608329,91.83004698840861,91.85806274414062,17828500.0
2022-04-18,91.47515671493875,93.24022047957148,91.02689039776531,92.24095153808594,10277400.0
2022-04-19,91.9327918184294,92.87602233886719,91.25104410433647,92.87602233886719,10103000.0
2022-04-20,93.76321883639912,94.3235553640437,92.3623739547549,92.46510314941406,8596900.0
2022-04-21,93.15618618409356,93.99669455212106,90.97087155228768,91.204345703125,13038500.0
2022-04-22,90.61597582397064,91.32573915561278,89.05637038640454,89.35521697998047,11650100.0
2022-04-25,88.76687226695856,89.91556106369548,88.20652862213863,89.87820434570312,10654400.0
2022-04-26,88.66414963285467,88.73885594930051,86.63758850097656,86.63758850097656,14176000.0
2022-04-27,85.76905391022677,86.5628716609182,84.25614609140281,84.29350280761719,15846300.0
2022-04-28,86.06790756240301,89.84084327080909,85.71302232121877,88.92562866210938,15176200.0
2022-04-29,87.02047668991172,89.27116356371282,86.63757570252692,86.78700256347656,10629300.0
2022-05-02,86.38542225841628,88.0384158520084,85.20871072777005,87.5621337890625,8251900.0
2022-05-03,86.64692418945788,87.83297684481495,86.39477524603276,87.44073486328125,9511900.0
2022-05-04,87.70223016685,89.71944304975263,85.84377086550947,89.64472961425781,9082500.0
2022-05-05,87.82364260547166,88.14116404927617,85.19005431395041,86.05857849121094,11517200.0
2022-05-06,85.35815240876211,86.74031541496105,84.30284466916164,85.57294464111328,7944900.0
2022-05-09,83.99466122162734,84.22813536811834,81.25834393975006,81.5291748046875,11428600.0
2022-05-10,84.06936534574508,84.3215214074303,82.26694469673566,82.94869232177734,11690400.0
2022-05-11,82.99537727573939,84.58299833713733,81.99610839296355,82.02412414550781,11531300.0
2022-05-12,80.52056533933214,82.37901756324965,79.74542945759943,81.89339447021484,11592900.0
2022-05-13,82.99538715118035,85.32078751488308,82.33232147016733,84.94722747802734,11180600.0
2022-05-16,83.92928873861361,85.33013361744285,83.58374443681214,84.43359375,6729100.0
2022-05-17,87.13253980602975,87.30997528276137,86.26401584075832,87.15121459960938,7668800.0
2022-05-18,85.98384809272501,87.06717142280453,84.39622693664533,84.54564666748047,9610900.0
2022-05-19,83.90125901008452,86.01186711699118,83.63976912738306,84.2468032836914,7739000.0
2022-05-20,86.88971380218611,86.88971380218611,82.95801118011266,84.77910614013672,10469900.0
2022-05-23,85.00326458717915,85.83443910832125,84.65772740851294,85.4515380859375,6920500.0
2022-05-24,83.60242154705959,83.86391858339924,82.66852493532937,82.85530853271484,8788600.0
2022-05-25,83.42498372722721,84.90987587875478,83.15415286231237,84.43359375,9113500.0
2022-05-26,83.49969648362067,85.33013292203228,83.15415218463527,84.98458862304688,9762700.0
2022-05-27,86.49750442274095,87.61817747672318,86.41345002490625,87.57147979736328,6279000.0
2022-05-31,89.2244841464743,89.92490661317515,88.26257176554897,89.00035095214844,9621700.0
2022-06-01,89.28051264238259,89.99027604630493,87.62751881193768,88.48670196533203,6152400.0
2022-06-02,87.7769476044105,89.99962627921663,87.43141039030898,89.97160339355469,6335000.0
2022-06-03,88.12248248853483,88.32794087761353,86.7589943269991,87.57147979736328,9137100.0
2022-06-06,88.72016477394426,89.22446972345655,86.73096785508856,86.9551010131836,9440200.0
2022-06-07,86.54419120098873,87.65553037066208,85.70368288464188,87.63684844970703,7360200.0
2022-06-08,87.78628488405312,88.65480905141926,86.98313319702352,87.29132080078125,6446300.0
2022-06-09,86.85239224981149,87.31934059524059,84.79782237994999,84.84451293945312,8086700.0
2022-06-10,84.5549799838647,84.72308161902403,82.77123445939264,82.81793212890625,10460400.0
2022-06-13,80.37114146383107,81.09024585687473,79.39988811645033,79.89485931396484,14603700.0
2022-06-14,81.00617968169504,82.07082111205249,80.5859291105252,81.42643737792969,10449600.0
2022-06-15,81.72528197788469,83.87323958103805,81.59453704226078,83.23818969726562,11742500.0
2022-06-16,80.0058613932302,80.6724195665225,78.85111512852198,79.34868621826172,10505200.0
2022-06-17,79.79932403564453,80.3626119492596,78.81356481487232,79.79932403564453,9735500.0
2022-06-21,80.7381481146752,82.38107554724127,80.7381481146752,81.63002014160156,9604000.0
2022-06-22,79.46135189727724,80.90712878235851,79.3768619312309,79.71483612060547,7868700.0
2022-06-23,78.98255041795782,79.07643770395444,77.69637768589796,78.9731674194336,10370300.0
2022-06-24,79.00133958679156,81.25449861372833,79.00133958679156,80.66304016113281,10670100.0
2022-06-27,81.6018546390103,81.67696161008836,80.3438451051304,80.6067123413086,7358000.0
2022-06-28,80.87895603988082,81.49857053983419,79.17969512939453,79.17969512939453,8289200.0
2022-06-29,79.26420406274848,79.43319116294082,78.2315083005041,78.53192901611328,7981300.0
2022-06-30,76.47591918667376,77.18942106005078,75.21790969982496,76.74817657470703,14201600.0
2022-07-01,74.20397217140243,74.3729592346792,71.5189594785568,72.28878784179688,19531700.0
2022-07-05,69.98871962614945,71.4908234494019,69.22827396984975,71.4532699584961,22253100.0
2022-07-06,69.74459723665933,71.63161820460387,69.26579937499724,70.9368896484375,11530500.0
2022-07-07,73.7909022103585,76.00650752378831,73.54680815715844,75.7154769897461,15847800.0
2022-07-08,75.0301372134556,77.1330892074698,74.8799304496513,76.52285766601562,10004200.0
2022-07-11,74.88929825207101,75.35870593292606,73.99742652348357,74.26968383789062,9519600.0
2022-07-12,76.19427218274932,76.49469286714631,74.10071039024328,74.26030731201172,10363700.0
2022-07-13,74.42927860967937,76.71999031901342,74.0725313609276,76.31629943847656,14706500.0
2022-07-14,77.87474896763094,78.89806166743752,75.58404383853616,78.55069732666016,23377000.0
2022-07-15,80.34384110524981,80.77569542355644,78.83234740987923,80.39077758789062,14061000.0
2022-07-18,80.79446022818219,80.81324054937193,78.26905138529762,78.46620178222656,11352500.0
2022-07-19,79.79933541465692,81.17939565549037,79.38625420989167,80.87897491455078,10673100.0
2022-07-20,79.96830738233446,81.44224748254653,79.90259058153242,81.26387023925781,11664800.0
2022-07-21,81.3765238915234,82.42799977921284,81.11365671024943,82.41860961914062,7135000.0
2022-07-22,82.06187164626446,82.36229233935833,80.55037801965626,81.03855895996094,8612100.0
2022-07-25,81.01979064941406,81.39531116631105,80.39077874216267,81.01979064941406,5960900.0
2022-07-26,79.57400752811641,79.98708149698064,78.71968194489003,79.25480651855469,6977700.0
2022-07-27,80.0903503622253,82.52188630309728,80.0903503622253,82.26840209960938,9399500.0
2022-07-28,81.79899588628831,83.19783620590157,81.16060102895842,83.18844604492188,10668200.0
2022-07-29,82.44680724228033,83.75176069415316,82.41864391293863,83.0664291381836,10366200.0
2022-08-01,80.08096109438844,81.5736742282623,79.1421456403515,81.02915954589844,20102600.0
2022-08-02,79.34867117803446,82.15573426512292,79.02008723412908,80.78506469726562,15541600.0
2022-08-03,80.7005903740138,81.4610287392561,79.38624706472733,81.2169418334961,20779400.0
2022-08-04,81.67693189268181,83.01004791259766,81.32018465375278,83.01004791259766,13472500.0
2022-08-05,82.64392134453502,85.4134311668794,82.62514818743345,84.27745819091797,13293500.0
2022-08-08,83.53580191112688,83.64845518109213,81.59245421569825,82.55943298339844,12120300.0
2022-08-09,81.62062933497054,81.80838958712377,79.27359037008267,79.99647521972656,13075000.0
2022-08-10,81.49856141397518,83.24475860595703,81.02915372070248,83.24475860595703,10704600.0
2022-08-11,84.45583621302387,85.4322051311771,83.84560474385393,84.04275512695312,11158800.0
2022-08-12,84.19297861704179,85.76079886291657,84.15542513561677,85.30078125,12098800.0
2022-08-15,84.50278111476582,86.31469522952013,84.49339095468913,85.96733093261719,15949500.0
2022-08-16,85.56364971962364,85.76080012806769,83.15089401257833,84.44645690917969,10566100.0
2022-08-17,83.55458746442538,84.2774723167895,83.06640650943325,83.74234771728516,9093100.0
2022-08-18,83.28231770306192,84.18357967547574,83.01006036307335,83.80805206298828,10947700.0
2022-08-19,83.08517869320016,83.16966865721571,81.69572848554634,81.86471557617188,9602800.0
2022-08-22,80.18423940169085,80.76630045745564,79.74299494806644,80.0246353149414,8054000.0
2022-08-23,79.94953903733463,81.30142861560756,79.78993494355285,80.76630401611328,8462500.0
2022-08-24,80.55038652836022,80.86019025272383,79.98709140203715,80.32506561279297,7085800.0
2022-08-25,81.04794504787628,82.23084743852503,80.74752436988065,82.21207427978516,6602100.0
2022-08-26,82.14636215892243,82.4186195330176,79.47073922397925,79.55522918701172,9381500.0
2022-08-29,78.77601790488782,79.16092856398082,77.71515172688711,77.78086853027344,9639700.0
2022-08-30,78.65396610500046,78.84173351368382,76.72939851350735,77.72454071044922,8392300.0
2022-08-31,78.96378418067418,79.67728607375072,77.97802489204747,78.25028228759766,8887100.0
2022-09-01,76.4665278341171,76.82328234654695,75.21790852839649,76.64490509033203,11566000.0
2022-09-02,76.56040390806712,77.90291030728125,75.67791508040936,75.9501724243164,8850100.0
2022-09-06,76.07223087090199,76.07223087090199,74.65461723578703,75.13341522216797,12704400.0
2022-09-07,73.59376127975108,75.27424222239094,73.44355449407685,75.05831146240234,9843500.0
2022-09-08,74.17581213286313,75.7999588814651,73.95049126347374,75.33055114746094,8181700.0
2022-09-09,75.88445799668644,76.6636765746779,75.79996087779163,76.5416259765625,7084700.0
2022-09-12,76.954700683004,77.4522717067415,76.75755030544349,77.12368774414062,7903000.0
2022-09-13,75.49954600046502,76.17549435312063,73.71579499486698,73.98805236816406,12835100.0
2022-09-14,74.86114105126543,75.25544897895796,74.14764647516033,74.78604125976562,8849600.0
2022-09-15,74.18934496391878,74.82190699144262,73.33018774791601,73.62287139892578,10533100.0
2022-09-16,72.80148641284381,73.64175716838874,72.62210034038945,73.53790283203125,10604500.0
2022-09-19,72.27279408482232,73.85892486572266,72.27279408482232,73.85892486572266,10378600.0
2022-09-20,73.20745413933496,74.05716808895032,73.17913154153148,73.78337097167969,8202800.0
2022-09-21,73.24524379932757,74.87857656350225,72.82982635498047,72.82982635498047,10869000.0
2022-09-22,72.1783647682282,72.46160519420255,71.14927181318772,71.40418243408203,10817900.0
2022-09-23,70.14850494516455,70.23347275531617,69.00610711925508,69.7425308227539,12685500.0
2022-09-26,69.3648845270527,70.0446558718684,68.84561274890065,68.93058776855469,13441500.0
2022-09-27,69.402653840047,69.90303910390566,68.30746501845826,68.94947052001953,12430600.0
2022-09-28,67.13674971047122,68.25081783685137,66.74965488545153,68.0997543334961,12943600.0
2022-09-29,66.57969435068524,66.73075781389203,64.65368561651542,65.40898132324219,16120300.0
2022-09-30,64.02113121765052,65.7583254319516,63.9550427379442,64.7292251586914,10472400.0
2022-10-03,64.27603640905262,65.68278074461718,63.87006234136723,65.38066101074219,11945100.0
2022-10-04,66.84406618310852,68.85505024017453,66.76853443933331,68.74175262451172,14900700.0
2022-10-05,68.8456031880761,70.72441739494221,68.52460409932701,70.31844329833984,14037100.0
2022-10-06,69.8369366447587,70.73385263221624,69.73308230476637,70.1957015991211,11796800.0
2022-10-07,67.7976253186436,68.00533400598486,65.85272979736328,65.85272979736328,14758600.0
2022-10-10,65.94714434122021,65.97546694496494,63.26583220786635,63.67180633544922,16042200.0
2022-10-11,60.61282961591491,61.28316478755803,59.12111380421224,59.90473937988281,28699300.0
2022-10-12,60.046356716548004,60.641160157336124,59.829208369235,60.527862548828125,16468700.0
2022-10-13,59.53653065627004,66.2775797551646,58.837876491089666,62.89761734008789,36639300.0
2022-10-14,63.501862094819636,63.68124098224016,60.21630327467697,60.348480224609375,19440900.0
2022-10-17,61.34925341821128,61.69857510234774,60.46177350112359,61.264278411865234,11280100.0
2022-10-18,62.21785557128955,62.41612100991313,59.27218219080204,60.15021896362305,16656100.0
2022-10-19,59.234411081708885,60.527861476062576,58.696256454712746,60.103004455566406,12385200.0
2022-10-20,60.18798063204216,61.63249101471461,59.83865532151422,60.02748107910156,11300900.0
2022-10-21,58.554648222234874,60.21630707145212,58.554648222234874,60.187984466552734,13699000.0
2022-10-24,57.195100960041835,58.17698833842146,56.34538691941848,57.86542892456055,25010800.0
2022-10-25,56.609744118682954,57.93152079239698,56.18488707344975,57.723812103271484,21700600.0
2022-10-26,57.45945758130587,58.516876747791954,57.053483476024745,57.440574645996094,14006000.0
2022-10-27,58.39414027034268,58.96061753275435,57.50666390791495,57.544429779052734,12937600.0
2022-10-28,57.374487151152145,58.564083283532035,56.71359881025144,58.54520034790039,11972300.0
2022-10-31,58.14867056555607,58.79067598254229,57.65772503482825,58.110904693603516,10802800.0
2022-11-01,59.72536360659581,59.885866776945086,58.13923645019531,58.13923645019531,11561900.0
2022-11-02,59.007817860183025,59.37602606738235,57.138450622558594,57.138450622558594,16547200.0
2022-11-03,56.64751133397966,57.487782175852075,56.109360264431,56.911865234375,11040900.0
2022-11-04,58.07313860965554,59.007824128534295,57.610519285356816,58.98894119262695,14662800.0
2022-11-07,59.121118946839445,59.41379905505787,58.50743972848392,59.2532958984375,8507100.0
2022-11-08,60.77333691268643,62.07622699256926,60.631716703261475,61.38701248168945,14102800.0
2022-11-09,62.81265946151689,62.878747949027456,61.32093965415842,61.36814880371094,15086800.0
2022-11-10,63.95505610610974,66.91017338106519,63.55852514498718,66.88184356689453,21367900.0
2022-11-11,68.67564255483255,70.43171542834989,68.33575701782266,69.70474243164062,15524700.0
2022-11-14,69.14773291450086,69.56315033923482,68.2036076423631,68.7323226928711,11575300.0
2022-11-15,77.34273933276874,78.29630785930743,75.53946383732462,75.96431732177734,48742400.0
2022-11-16,76.05873717878112,76.06818044931035,74.4914928168601,75.01075744628906,24006600.0
2022-11-17,74.86913664442913,78.30575204419596,74.29321965461781,76.92733001708984,24278400.0
2022-11-18,78.15467015802072,78.21131535578984,76.47412872858041,77.67316436767578,18578400.0
2022-11-21,76.2947558132295,76.50246451164874,75.02963149100862,75.46392822265625,18659700.0
2022-11-22,76.80458169117087,78.54177576207657,76.69129127994239,77.92809295654297,16504700.0
2022-11-23,77.83367831978529,78.31517695169204,77.16335033929471,77.38993835449219,14683800.0
2022-11-25,77.5504573983011,77.76760940299899,76.851806640625,76.851806640625,5908300.0
2022-11-28,75.78494462196153,76.54969111358226,74.48205412984171,74.79361724853516,13214200.0
2022-11-29,75.44503996375185,75.7282731710089,74.5481167996808,74.89744567871094,11502300.0
2022-11-30,76.12479864498177,78.76835161262572,75.97374238565767,78.34349822998047,21667300.0
2022-12-01,78.40015786675492,78.95718828006724,76.6063185371105,78.06027221679688,15975100.0
2022-12-02,77.2388739928466,77.56932354831577,76.6157551573995,76.94619750976562,10519800.0
2022-12-05,77.36161376542371,77.58820177479974,76.42692472092956,77.05949401855469,11523300.0
2022-12-06,76.85180311318065,76.88956899066011,74.73696439606304,75.11460876464844,13992100.0
2022-12-07,74.58589669217983,75.25622477276235,74.19880187211014,74.81248474121094,14925300.0
2022-12-08,75.01075673165317,76.44583130801745,74.68031429732747,76.28533172607422,11197500.0
2022-12-09,76.3325290807384,77.59766072862382,76.18147277832031,76.18147277832031,13787900.0
2022-12-12,75.3317498340532,75.93598937988281,74.39706791208295,75.93598937988281,11516600.0
2022-12-13,77.50323269827733,77.50323269827733,75.180685615967,76.01152038574219,16938000.0
2022-12-14,76.30419213966812,76.95564077941953,75.0768265987371,75.54888916015625,17910000.0
2022-12-15,75.20803427411195,75.20803427411195,73.47998729760283,73.68887329101562,17080200.0
2022-12-16,73.68886488168881,74.11612636932458,72.37859004153303,72.44505310058594,11929100.0
2022-12-19,73.03373559312733,73.22363525236098,71.93234654529742,72.25516510009766,12561300.0
2022-12-20,71.31518054473726,72.35010645337931,71.11579134886854,71.7994155883789,12080600.0
2022-12-21,72.02729351918929,73.50847465731226,71.94183686064221,73.24262237548828,10806100.0
2022-12-22,72.42606183009661,72.56848474516964,70.28024304307267,71.4765853881836,13019700.0
2022-12-23,71.10629272460938,71.54305103439894,70.422668502702,71.10629272460938,7452600.0
2022-12-27,70.57459078754945,70.96387239014022,70.41318151925402,70.56509399414062,8974800.0
2022-12-28,70.44166461865562,70.7834767418851,69.1598655345797,69.3687515258789,10275700.0
2022-12-29,70.59357954004756,72.19819721615701,70.40368712897487,72.16021728515625,11142500.0
2022-12-30,70.5366014561686,70.80245368473344,69.92893714975469,70.72649383544922,7784100.0
2023-01-03,72.01779620890817,72.13173600484372,70.0428832096131,70.28974914550781,9276200.0
2023-01-04,71.20124473792859,72.73939936283,70.70752011730474,72.46405029296875,12316400.0
2023-01-05,72.16021747954353,72.57798947774624,71.5335594822395,71.90386199951172,10039200.0
2023-01-06,72.63495536066357,74.76178078344634,72.302640020218,74.1256332397461,13744100.0
2023-01-09,76.48983344713093,77.11649148733909,76.01509514173625,76.2524642944336,22247600.0
2023-01-10,76.4423511712633,77.45829068504564,76.39487445109582,77.16394805908203,10269000.0
2023-01-11,77.44879653754157,77.7526287227719,76.55628632420778,77.64818572998047,11771400.0
2023-01-12,80.66752859597608,84.34200553324652,80.15481037840826,82.60446166992188,36086800.0
2023-01-13,81.0947867302146,82.69939699808722,80.61055171445248,82.41455841064453,18719900.0
2023-01-17,81.86385763244463,85.19652187625992,81.8068913656217,84.49390411376953,21850000.0
2023-01-18,85.90863452155169,86.6112450837388,84.84521826326885,84.94966125488281,19209800.0
2023-01-19,84.53190640015585,85.46239672000311,83.80081255479392,83.9337387084961,13651100.0
2023-01-20,85.45288750334828,86.43084716796875,84.69330338352388,86.43084716796875,14287200.0
2023-01-23,87.12396731623174,90.8933902515585,87.08598738624165,90.8269271850586,22875100.0
2023-01-24,90.9503683057952,93.04871081302109,86.92458937647154,89.78250885009766,11370500.0
2023-01-25,87.99749013401888,88.30132235127675,86.5163089803781,87.74113464355469,14147300.0
2023-01-26,89.14634864119327,89.5166438993194,87.95950300772981,88.72857666015625,15759400.0
2023-01-27,88.13039926317502,89.36472148221668,87.57970121197611,88.58615112304688,13646600.0
2023-01-30,88.1588913919284,89.4881599379359,87.90253592479385,88.42474365234375,14079800.0
2023-01-31,86.40235498412208,88.07343552640118,85.45287855572514,88.04495239257812,13342100.0
2023-02-01,88.30131261183075,90.93135927326223,87.89303743580376,89.95339965820312,16788500.0
2023-02-02,91.71942238945215,92.57395263176217,90.99781826884254,91.76689910888672,14925300.0
2023-02-03,90.23823983808315,92.05173603368084,89.54511886406159,89.87744140625,12242200.0
2023-02-06,87.1619465512173,87.39931567881436,86.1554965243327,87.1904296875,12425200.0
2023-02-07,87.14295616687598,89.91542594055349,87.0480099611341,89.77301025390625,15258900.0
2023-02-08,90.21925795257371,91.09278187775418,89.46917785806322,89.51664733886719,12899700.0
2023-02-09,91.14972960586907,93.589883535769,90.78893120066053,91.80487060546875,16997400.0
2023-02-10,91.10227323706289,91.62448824379695,89.4881659790452,90.55158233642578,11511400.0
2023-02-13,90.64651656824653,91.52003315144285,90.11481208176707,91.25418090820312,7803500.0
2023-02-14,90.97884012014592,93.98867895871993,90.40915565528213,93.0107192993164,15345100.0
2023-02-15,87.66515778046671,88.94694947211823,86.1839696700887,88.07343292236328,30208300.0
2023-02-16,86.38338029741556,87.15245399012002,85.338950290124,86.23146057128906,15568400.0
2023-02-17,85.42439934077733,85.73772831506567,84.44643973369307,85.5478286743164,11235300.0
2023-02-21,83.91473063933498,84.90218707069127,83.06020758267567,83.21212005615234,14007600.0
2023-02-22,83.31656321484385,83.63938174907382,82.28163730270924,82.44304656982422,10106400.0
2023-02-23,85.73772508632071,87.34233533762401,84.94016111306998,85.52883911132812,15468300.0
2023-02-24,83.63937738599176,83.69635089912506,82.83232384858627,83.65837097167969,8817600.0
2023-02-27,84.21855872827008,84.36098164542005,82.83232397213328,82.88929748535156,10609400.0
2023-02-28,82.7373843931456,83.69635771846704,82.50951205383741,82.6709213256836,7520400.0
2023-03-01,84.54139875178257,85.49087536771374,83.81029770091382,83.95272064208984,8176700.0
2023-03-02,83.21213414618543,84.82624157533203,82.71840946887195,84.53190612792969,9761600.0
2023-03-03,84.19009306256653,85.31047580259234,83.44000563760645,85.25350952148438,10844000.0
2023-03-06,85.52884592191802,86.71569156167399,84.98764459994653,85.05410766601562,9960000.0
2023-03-07,85.40539977002841,85.68074879687205,83.83876949622818,84.36097717285156,8761100.0
2023-03-08,83.88623922866186,86.25043345714519,83.68685005218063,86.2409439086914,8813000.0
2023-03-09,85.17753253400923,86.10802265406875,84.09512994687849,84.38946533203125,10354700.0
2023-03-10,83.58241792829084,84.66482059493725,82.7943506684197,82.84182739257812,11928800.0
2023-03-13,82.0157867349793,84.50341805404871,81.94932366222214,83.30707550048828,11847600.0
2023-03-14,83.5824278465461,85.10158902878233,83.27859561009885,84.77877044677734,11100100.0
2023-03-15,82.79436419792971,82.83234413467657,81.12329044466087,82.31962585449219,12171500.0
2023-03-16,82.03231966975301,85.39187901786207,81.90824780672556,85.22962951660156,13184600.0
2023-03-17,85.00058368615913,85.92637160662035,84.94332085615672,85.39189910888672,13287700.0
2023-03-20,85.14373577465692,86.25086553945775,84.61880958477289,85.93590545654297,8217500.0
2023-03-21,86.85215404613598,88.76099259660052,86.66127310374601,88.28378295898438,12299700.0
2023-03-22,89.23820176609522,90.69846208447782,88.32196014047557,88.3983154296875,12812400.0
2023-03-23,90.1830858237966,91.45246535588993,89.17140360387003,90.27852630615234,11169700.0
2023-03-24,89.66767694071875,89.88719655088077,87.89245672511379,88.56055450439453,7653700.0
2023-03-27,87.84472932088428,87.97834740396148,86.42264699005447,86.52763366699219,9349800.0
2023-03-28,86.52764982733147,86.72807698938004,85.82137436299942,86.67080688476562,7521300.0
2023-03-29,87.57750979471123,88.97096098416134,87.28163488456087,88.53192901611328,9264000.0
2023-03-30,89.09503616590135,89.2572856919634,87.8352030381917,88.2551498413086,10232800.0
2023-03-31,87.08120998015217,89.00914093510045,86.97622328054405,88.78007507324219,8701800.0
2023-04-03,88.77052552431259,89.33362931712037,87.5297777398031,88.60826873779297,6863600.0
2023-04-04,88.79916601588145,89.02822459217786,87.53933292378991,87.96881866455078,6338400.0
2023-04-05,87.42479610673155,87.97836098299967,84.99103154792327,86.08860778808594,9171800.0
2023-04-06,85.57323526502218,86.7662593528238,85.32508421589992,86.12679290771484,5874500.0
2023-04-10,84.38974464573454,84.97194094529735,82.52863010230632,84.96239471435547,12232900.0
2023-04-11,84.59972082316162,85.74502099812744,84.43747130000897,85.17237091064453,11079200.0
2023-04-12,84.85741647622388,85.42052032170452,82.90085415955087,82.910400390625,11299100.0
2023-04-13,82.61452841874394,83.63575673077418,82.0514245532358,83.08219909667969,7910500.0
2023-04-14,83.94116380991855,84.34202539880874,82.59543655511143,83.22534942626953,7656400.0
2023-04-17,83.75028864933527,84.03661733515177,83.18718479064137,83.9793472290039,8163600.0
2023-04-18,84.17976800814961,84.37065621142139,83.51167750079938,84.12250518798828,8468200.0
2023-04-19,82.2995634296495,83.39713958577771,82.11822146780851,83.25398254394531,11191300.0
2023-04-20,84.29430496773604,87.69203505067765,84.08433157489974,85.2200927734375,19206300.0
2023-04-21,83.77891381478001,83.90299296748123,81.39286588302328,81.47876739501953,13175400.0
2023-04-24,81.50740411439338,82.04187655579659,80.16166949803629,80.78204345703125,10567600.0
2023-04-25,79.47448847805391,79.59856764195085,78.51053026942687,78.5391616821289,13423700.0
2023-04-26,78.4914379604281,78.62505607439365,77.5083872869782,78.50098419189453,11583500.0
2023-04-27,79.12136253961299,80.03760420670808,78.41509428653497,79.85626220703125,10013700.0
2023-04-28,80.62934581440588,80.65797722839528,79.90398510622849,80.45755004882812,8262600.0
2023-05-01,80.45754398924036,80.82976690635165,80.0757748409711,80.15213012695312,4931100.0
2023-05-02,79.69399129075543,80.21892468496713,78.78729609890566,79.17860412597656,6875000.0
2023-05-03,78.85411769554338,79.94215501163879,78.68232194659987,78.93046569824219,7151600.0
2023-05-04,79.21678492426484,79.94214547568353,78.87319346736335,79.6844482421875,7290600.0
2023-05-05,80.45754100934634,81.66965018244461,79.93260753971289,81.09700012207031,6865000.0
2023-05-08,80.64842485648506,81.64102172851562,80.5625306210563,81.64102172851562,6746600.0
2023-05-09,81.36423381718011,81.58375342905438,80.4575385230759,81.18289184570312,7287800.0
2023-05-10,80.65796661798049,81.2687943082056,80.33346031162567,81.03018951416016,7442300.0
2023-05-11,80.30483405036573,80.30483405036573,78.76821849565756,79.627197265625,8730900.0
2023-05-12,79.5794733910998,80.10440688431348,79.16907282776207,79.627197265625,5069800.0
2023-05-15,79.531748238482,81.76508551838988,79.43630778134442,81.75554656982422,8707300.0
2023-05-16,81.78418044717642,82.79586243032114,81.68873270551795,81.96551513671875,11283200.0
2023-05-17,84.27521398656141,87.61568101667092,84.04614814743007,86.73760986328125,23215600.0
2023-05-18,87.09075257285166,89.14275532267712,86.91895682445602,88.42694091796875,14879000.0
2023-05-19,87.93063730580629,88.56055746605345,87.38661865906582,88.3601303100586,9295200.0
2023-05-22,87.8733671314531,88.22650482340289,87.04301988469327,87.53932189941406,9259800.0
2023-05-23,86.85215281531737,87.17665186910995,86.21269365756768,86.31768035888672,7656700.0
2023-05-24,85.21054989935779,86.04089727238437,85.11510943021061,86.02180480957031,9443900.0
2023-05-25,92.63592736245153,97.70389838307484,92.5595793587342,96.34861755371094,60793200.0
2023-05-26,96.25317019041404,99.67953873851106,96.13864455222446,98.50559997558594,26135800.0
2023-05-30,99.05917684534957,100.44308187333047,96.90218725763458,97.33168029785156,25248000.0
2023-05-31,95.18422834481683,95.42283314061773,93.59034277482004,94.09618377685547,22206700.0
2023-06-01,94.18209741769161,96.00503450589832,94.10574212560928,94.33480072021484,14998500.0
2023-06-02,96.63494281115807,96.6826666832272,94.1248229674292,94.43023681640625,13085100.0
2023-06-05,93.54263290300803,94.30616393542448,89.95401447756352,93.580810546875,10568500.0
2023-06-06,93.16086073829717,96.01457217004261,92.97951875619388,95.27012634277344,13827600.0
2023-06-07,96.75902538812528,98.32427244749185,95.00289738264722,95.71871185302734,14367500.0
2023-06-08,94.47794863207552,96.11000448771904,94.13435715913582,95.38465118408203,9074200.0
2023-06-09,98.01884059288147,99.90859365211918,97.58935490205654,98.11428833007812,14902400.0
2023-06-12,99.5841008554914,102.49508247496753,99.55546944310983,102.18012237548828,20568100.0
2023-06-13,104.98610707297715,105.64465862019617,101.87469858813691,101.93196868896484,17858600.0
2023-06-14,101.1970721862254,102.79095059044379,100.42399492175896,102.51417541503906,12862600.0
2023-06-15,101.8509451654308,102.22473442642134,100.70084798621842,100.8062744140625,11987900.0
2023-06-16,101.04588824143484,101.35258133929034,100.01079629411991,100.22164916992188,11430800.0
2023-06-20,99.84784648102053,100.5187352084205,98.78400341890148,99.65616607666016,9295500.0
2023-06-21,98.86067859146344,99.41656200158604,97.39430229162934,97.41346740722656,9340400.0
2023-06-22,97.20263786474843,99.12905783401249,97.1163838556864,98.8415298461914,8575900.0
2023-06-23,97.29845960233199,97.94060434483332,96.8096723529071,97.67224884033203,8919000.0
2023-06-26,97.7776854487968,98.75527474688361,95.92794060499138,95.94711303710938,8560000.0
2023-06-27,96.94385433275583,98.51565719521264,95.8608387410393,97.8351821899414,9732000.0
2023-06-28,96.32087830117602,97.64349071413552,96.0525227952543,96.7234115600586,8160900.0
2023-06-29,97.12595936085673,97.29847468508423,95.86084942056848,96.45507049560547,7383900.0
2023-06-30,97.18345479316662,97.65307692852961,96.23462430804652,96.7234115600586,11704600.0
2023-07-03,97.99811829843868,99.3686546218951,97.82560298107563,98.8606948852539,5638400.0
2023-07-05,97.18345882851062,98.80317814569052,96.7617531233294,96.7905044555664,9010800.0
2023-07-06,94.97909282310141,95.41996362446756,94.49988447655484,95.27620697021484,9140800.0
2023-07-07,94.95994529602592,97.70101813097274,94.88327019146256,96.06212615966797,8036600.0
2023-07-10,96.08127431310403,96.56048266379283,95.2666215793609,95.62123107910156,8041600.0
2023-07-11,98.07479155816694,98.07479155816694,95.975856454976,97.04928588867188,7677800.0
2023-07-12,98.55398514618425,100.0874503124255,98.48689627366552,99.5794906616211,10202000.0
2023-07-13,100.63376405651084,101.25673643928866,98.25688717383456,101.18006134033203,9265900.0
2023-07-14,101.59217569812154,102.83812040040713,100.49958118596196,100.76793670654297,9518300.0
2023-07-17,100.32706868655957,100.66251309667582,98.32397381676874,100.4324951171875,10722600.0
2023-07-18,99.37824083734303,99.41657838699481,97.76810031266793,98.8606948852539,10343600.0
2023-07-19,99.5795032050628,100.432493539735,98.30480715450248,98.77442932128906,11204800.0
2023-07-20,94.45197457681387,96.27296057021454,93.01434943751465,93.79066467285156,22810200.0
2023-07-21,93.80984709562271,93.9152735435903,92.32430523159557,93.20604705810547,15381200.0
2023-07-24,93.22519990781372,94.18361671798289,92.75557771823001,94.1644515991211,9054900.0
2023-07-25,95.38162493591568,96.69465842208356,94.9886778987702,96.14836120605469,9202200.0
2023-07-26,95.3528747484366,95.96626084704508,94.4711331457043,95.27620697021484,8993500.0
2023-07-27,97.27930173261365,97.52849213913076,94.7970058189188,95.21870422363281,8049800.0
2023-07-28,95.94710386213121,96.79050799116239,95.63082457169213,96.6659164428711,6758700.0
2023-07-31,95.05576701661444,95.63081556461694,94.32736828933713,95.02701568603516,8647900.0
2023-08-01,95.01743864756136,95.06536241124745,94.01109810727115,94.30821228027344,6428500.0
2023-08-02,93.44562720879748,93.44562720879748,91.2508521127957,91.72047424316406,9820900.0
2023-08-03,90.89623333523164,91.82589867366508,90.64705026614926,91.0304183959961,8571700.0
2023-08-04,91.31794268292086,93.52230403411559,91.17417871442743,92.1613540649414,7562600.0
2023-08-07,92.70765549859374,92.9089221387537,91.2700303727602,92.34345245361328,6601400.0
2023-08-08,90.93458060074096,90.9537530309593,89.77489718527967,90.56079864501953,7659000.0
2023-08-09,91.84507568851724,91.86424080550417,89.81322961735717,90.07200622558594,6426900.0
2023-08-10,91.4808828711594,91.97926371413938,90.35953694266455,90.85791778564453,7459600.0
2023-08-11,89.6119603928338,89.6119603928338,88.14558402907512,88.16474914550781,10658400.0
2023-08-14,87.87722439510573,89.41068956249971,87.50344248905778,89.19983673095703,7489700.0
2023-08-15,88.67271179939253,88.85481331624618,87.68554374681821,87.86764526367188,6069500.0
2023-08-16,87.63763514272387,88.86440748533215,87.52262249355186,87.96349334716797,7439500.0
2023-08-17,89.05606431477811,89.05606431477811,87.55135061964616,87.82929229736328,7712500.0
2023-08-18,86.32459191720739,87.5321990071756,85.83579735257801,87.31175994873047,9066200.0
2023-08-21,86.7367306972027,89.04651896924307,86.7367306972027,88.71106719970703,8618300.0
2023-08-22,89.46820107484213,89.60237883325843,87.99223842012353,88.40435791015625,7059000.0
2023-08-23,89.88989776321912,91.14542122480984,89.36276568507259,90.30201721191406,10362600.0
2023-08-24,92.51597154118153,92.7555757386101,88.6248017148261,88.68230438232422,12254400.0
2023-08-25,88.41393163931271,89.5256984087771,87.60886520250473,89.22858428955078,10356000.0
2023-08-28,89.91866357814324,90.23494287598271,89.37236629648412,90.09117889404297,5174800.0
2023-08-29,89.87072051432851,91.64379705726286,89.62153746542583,91.12625122070312,8910300.0
2023-08-30,91.48088263229263,91.93133970806909,90.69498113162096,90.8387451171875,6073400.0
2023-08-31,89.4586151922432,90.47454191106108,89.39152631278594,89.6790542602539,8661200.0
2023-09-01,90.37870835933604,90.64706389694035,89.21901758132601,89.31486511230469,7094600.0
2023-09-05,89.51611692952534,91.09750587076157,89.00815727294119,90.66621398925781,6396500.0
2023-09-06,89.9474096870893,90.05283611357827,87.7813858048697,88.42353057861328,7933700.0
2023-09-07,86.32460029919278,86.53545316370793,84.75279734280333,86.30543518066406,14684400.0
2023-09-08,86.97632647119052,87.28301956130306,85.6057901252195,85.91248321533203,5820800.0
2023-09-11,86.35335391724465,86.6312956721721,85.45244707976744,85.8741455078125,7268600.0
2023-09-12,86.69837975494481,87.76222294993107,86.66004220685689,86.7175521850586,8242600.0
2023-09-13,86.83255965887389,88.06891819468034,86.71755432391316,87.4267807006836,5757800.0
2023-09-14,89.3834236355402,89.52793376821982,87.9287010400558,88.12138366699219,6506300.0
2023-09-15,87.19654100563596,87.80347482559561,85.60694402944641,85.982666015625,19940500.0
2023-09-18,85.29864154088543,86.38727074423774,85.1926679409912,85.5780258178711,6647400.0
2023-09-19,85.21194041138361,85.58766235482975,84.57610610327892,84.94219207763672,7172100.0
2023-09-20,85.2793730103036,86.05008879484356,84.09440612792969,84.09440612792969,6935300.0
2023-09-21,82.8901601715404,82.98649779879061,82.22541804836132,82.23505401611328,10652500.0
2023-09-22,83.09246794611958,83.59342799708868,82.32175225991688,82.50479888916016,7967200.0
2023-09-25,82.26395906431391,83.08283996582031,81.90750173891196,83.08283996582031,8758000.0
2023-09-26,81.84006552357364,82.10982118758253,80.94411156657819,81.20423126220703,8877600.0
2023-09-27,82.05200648383234,82.4277283710707,81.0211784483161,82.31212615966797,7860700.0
2023-09-28,82.12907555863835,83.94024783401662,81.86896324545384,83.24661254882812,6647700.0
2023-09-29,84.537569938676,84.8073182735769,83.52600633270677,83.71868896484375,7338300.0
2023-10-02,83.98842060722046,85.18302328868143,83.83427453214709,84.44121551513672,6305000.0
2023-10-03,83.81502966540002,84.12331453798174,81.94604849094699,82.28324127197266,8201700.0
2023-10-04,82.34102698232968,83.5838022096095,82.25431797340376,83.4970932006836,7658500.0
2023-10-05,83.65122736231908,84.72059176944526,83.36220717387302,83.84390258789062,6651700.0
2023-10-06,84.86511317076064,86.72445817164008,84.18110641449074,86.02118682861328,9777100.0
2023-10-09,85.54912318483505,86.06934785337965,84.81694397156159,85.73216247558594,4781300.0
2023-10-10,86.00192165098862,87.34104206368488,85.87668345200002,87.2928695678711,7182900.0
2023-10-11,87.91907354246676,88.64161686498846,87.31213244749044,88.6319808959961,8051700.0
2023-10-12,89.12330722126478,90.01926118299959,88.47782963801345,89.0365982055664,8897800.0
2023-10-13,89.35452778761979,89.53757445533246,86.89787745288331,87.14836120605469,7985100.0
2023-10-16,87.16762400379059,88.53563750825971,87.11945151204706,87.88053131103516,8791800.0
2023-10-17,86.52214901398479,88.34295753500511,85.27937366073289,87.66858673095703,7997100.0
2023-10-18,85.62619672248168,86.71483334920421,85.33718380793488,86.31983947753906,9982700.0
2023-10-19,89.68206268287993,91.29093120344432,88.97879138444992,89.50865936279297,22751600.0
2023-10-20,88.63197390681827,90.86704078089964,87.75528454991407,87.96723175048828,12197300.0
2023-10-23,86.6859222474016,88.88245247114793,85.89594195026321,87.77455139160156,8227900.0
2023-10-24,87.86124664556763,88.6319623012665,87.5336972694536,88.28514099121094,7374800.0
2023-10-25,87.47590632773446,87.52407146800404,83.50673273503554,84.43158721923828,13027100.0
2023-10-26,83.93061413002914,84.91326957038942,83.37184566880028,84.24852752685547,9377300.0
2023-10-27,84.33525432315712,84.56646611966542,82.74565760322022,82.84199523925781,12480700.0
2023-10-30,84.11367027069564,85.06743270279621,82.851630346516,82.90943145751953,9785500.0
2023-10-31,82.99612982841894,83.26587811195601,81.84005630600215,83.1502685546875,9004900.0
2023-11-01,83.30441973101406,84.65316858136048,83.17917419878316,84.58573150634766,9508800.0
2023-11-02,87.09054475658527,87.71675035421681,86.19459086461146,87.16761779785156,11032600.0
2023-11-03,88.29479045396708,89.06549887737887,87.51443871202132,88.4296646118164,9226700.0
2023-11-06,88.6319811535826,89.21965031228208,87.94797435495171,89.21001434326172,8402700.0
2023-11-07,88.87282381457491,89.64353958985942,88.3911282925447,89.02696990966797,6241300.0
2023-11-08,89.91329281862303,90.01926642726681,88.56454381323104,88.6319808959961,6537700.0
2023-11-09,89.23891171247584,89.95182639270139,88.24662009145626,88.2658920288086,8166000.0
2023-11-10,90.5972798785637,94.1714591866552,90.18302150322752,93.87281036376953,19281700.0
2023-11-13,93.45854877386405,93.6223234549689,92.21577369060162,92.89014434814453,9526300.0
2023-11-14,94.41231974003752,96.04045291207314,94.36414724911367,95.28900909423828,13873200.0
2023-11-15,96.29092289159513,97.01346610694003,94.81693590830588,95.18302917480469,10422900.0
2023-11-16,94.64352828747707,95.47204512240133,94.3256148485656,94.93254852294922,8459000.0
2023-11-17,95.31790909995925,96.06935291346764,94.7206040263574,95.93447875976562,7243000.0
2023-11-20,96.24275889167642,96.9074936595908,95.89593755620379,96.3005599975586,6448900.0
2023-11-21,96.33910017648158,96.48361029676431,94.6435299553503,94.80731201171875,10112600.0
2023-11-22,95.10596552180105,96.00191949126639,94.36415029811008,95.03852844238281,7413500.0
2023-11-24,94.8747560823705,95.11560385056792,93.90172904082752,94.24855041503906,4297600.0
2023-11-27,93.85354871418315,93.97879424725086,92.89015772179755,93.65123748779297,6856100.0
2023-11-28,94.28708517282752,94.6531711275938,93.68014410428735,94.39305877685547,6358100.0
2023-11-29,95.37571088667872,96.07898956463026,94.99035300903775,95.26010131835938,7091100.0
2023-11-30,95.30826988518533,95.35644237419083,93.35258737303536,93.74757385253906,9681400.0
2023-12-01,94.12328866787828,95.16375261139355,93.46818255715637,94.94217681884766,7500400.0
2023-12-04,93.4971089135902,93.64161169808258,91.76300199877392,93.45857238769531,10619400.0
2023-12-05,92.92869302469992,93.46818962133132,92.36992449242321,93.15027618408203,8009600.0
2023-12-06,94.21965711832883,94.96146506749204,93.88246433679984,94.267822265625,11262300.0
2023-12-07,94.37377857739104,95.99227570164979,94.30634150346732,95.65509033203125,11373700.0
2023-12-08,95.49131044743984,96.69554909505646,95.32752840529604,96.67627716064453,10572500.0
2023-12-11,95.92484130706437,97.50480195462764,95.73216604764056,97.25431823730469,9482800.0
2023-12-12,96.48361719858588,97.92870380460536,96.2909345743956,97.88053131103516,7378600.0
2023-12-13,97.6878499113377,98.92098922846814,97.21579037433091,98.3814926147461,8988800.0
2023-12-14,100.03568516636983,100.48093261939854,99.50332745251602,100.13247680664062,10074500.0
2023-12-15,100.18087624644507,101.4004715902128,99.10647205534258,99.25166320800781,16379200.0
2023-12-18,99.54204799528823,99.99697687252544,98.80642554906548,99.62916564941406,5660600.0
2023-12-19,99.92920775633868,100.64548210927698,99.78401660994695,100.53900909423828,8498500.0
2023-12-20,99.40652589813102,99.78401845489206,96.73504124793423,96.83183288574219,10814100.0
2023-12-21,98.0514309414113,99.42589143701595,97.91592116774486,99.26134490966797,9068200.0
2023-12-22,99.6291560109964,100.26798674562215,99.41620997121153,99.84210205078125,5566400.0
2023-12-26,100.28735180151105,101.5940574390763,100.2486336675062,101.10041046142578,6407500.0
2023-12-27,101.68117266435728,101.99091034428797,100.74227824511242,101.29399871826172,5889700.0
2023-12-28,101.63277427674139,102.13609524292644,101.34239196777344,101.34239196777344,5335100.0
2023-12-29,101.361752315402,101.603735105542,100.34542164292249,100.66484069824219,4409600.0
2024-01-02,98.97096714017556,99.32910434969874,97.36419777200737,98.27405548095703,9020900.0
2024-01-03,97.1222110179458,98.00303193606572,96.46402490514699,96.9576644897461,6650600.0
2024-01-04,96.33819325248702,97.21901420833936,95.94134529190357,95.95101928710938,7996700.0
2024-01-05,95.82518032592013,97.41258676276317,95.63159705693083,96.41561889648438,7347300.0
2024-01-08,97.40291855643078,99.49365359095732,97.27709015304383,98.96128845214844,12455600.0
2024-01-09,97.80944655919487,98.69994145303394,96.99638054567276,98.62250518798828,7764000.0
2024-01-10,99.23230217656588,99.48396635325135,96.77376345681236,97.56746673583984,6975700.0
2024-01-11,98.43860187242016,98.88385673106148,96.78344037655232,97.9739990234375,7862700.0
2024-01-12,97.65458794980147,99.09680351440406,97.63523257314527,97.99336242675781,6519700.0
2024-01-16,97.30611266053819,99.06774697365013,96.98669362402465,98.40955352783203,11185500.0
2024-01-17,97.635229991493,100.0163400326493,96.7931271269856,99.64852142333984,17649500.0
2024-01-18,107.63394988385431,109.75372164188371,105.96911437047181,109.40526580810547,58783700.0
2024-01-19,109.58918171641874,111.45728939948044,107.45972844989203,110.53775024414062,37812600.0
2024-01-22,111.0991454615772,111.40888315996571,108.9116188127981,109.40526580810547,17755500.0
2024-01-23,109.87955492366713,110.94428523235145,109.53110645914175,110.4699935913086,11667900.0
2024-01-24,111.63150734486402,115.03862192802322,110.93459569758102,112.78334045410156,21859200.0
2024-01-25,114.23523058878669,115.02893383302825,112.74462312267556,112.82205200195312,15485300.0
2024-01-26,113.15116269536651,114.25460371099535,112.57040543209806,113.49961853027344,10196400.0
2024-01-29,113.41250146207032,114.09005775997356,112.04772225561157,113.22859954833984,10042200.0
2024-01-30,112.62847129353456,114.22555919759914,111.85412340528241,112.33808898925781,11030800.0
2024-01-31,109.86018523165068,111.06041778672179,109.26006526175081,109.3375015258789,12853900.0
2024-02-01,110.15057849916232,110.37319854978958,108.99873795591824,109.75372314453125,8807600.0
2024-02-02,111.17657438425958,112.24129719055281,110.26671672456035,112.03803253173828,10044000.0
2024-02-05,113.373775750459,115.7064934244347,112.84141803560406,114.98054504394531,13267600.0
2024-02-06,116.26790254330749,117.10999799107161,114.48690523181936,115.55162811279297,11503800.0
2024-02-07,116.16141927625084,120.99139364274522,116.15173789703542,120.97203826904297,18172500.0
2024-02-08,122.92727834106503,130.42874611384656,122.06582005213046,129.4414520263672,33367000.0
2024-02-09,130.1867476426025,130.83525978045745,126.40213306980931,128.84132385253906,16984200.0
2024-02-12,128.99618256630964,129.22847657917902,126.08270048628265,126.27629852294922,14203800.0
2024-02-13,123.82743643487613,125.75361741974002,122.42393917457042,123.45962524414062,14494000.0
2024-02-14,125.47293705414303,126.5957261186418,123.85648619768756,125.12448120117188,13069700.0
2024-02-15,126.60540082596273,126.92481988650701,124.2339723976939,124.89215850830078,12554000.0
2024-02-16,123.05307428546689,124.51465226906734,121.77540556830162,122.62718963623047,13104400.0
2024-02-20,122.82077642405332,122.98532293836463,120.16864728348155,121.31080627441406,12038800.0
2024-02-21,120.4396744610679,121.35920610861815,118.96842234804176,121.32048797607422,11469700.0
2024-02-22,125.53099792426828,127.26358824932059,124.86312304255532,124.9308853149414,17014100.0
2024-02-23,126.31501592436598,126.8086554971807,123.6338498701179,125.3761215209961,10123300.0
2024-02-26,125.85042598303508,127.0216145313627,124.43723985135924,126.4505386352539,9526700.0
2024-02-27,126.57635264209416,127.73786699498562,124.46625518798828,124.46625518798828,8851800.0
2024-02-28,124.3791523765253,124.45658864061208,122.58848123170782,123.2950668334961,6519100.0
2024-02-29,123.92422581733354,125.0470295128954,123.0724490510212,124.543701171875,9369900.0
2024-03-01,125.9569122253698,132.26781403963625,125.9278754662137,129.6060028076172,24393000.0
2024-03-04,135.45228864211066,137.4365504703193,133.26475477211804,133.82615661621094,26544600.0
2024-03-05,132.72272407025207,133.02278038513543,129.4414378274535,130.6416778564453,13694700.0
2024-03-06,134.34885569392037,139.38209506170125,134.16494639982284,137.030029296875,22292700.0
2024-03-07,140.25322195513448,146.7383726711944,139.52727357075085,144.4153289794922,34675700.0
2024-03-08,148.96459120888264,153.32028118305413,140.28224801214427,141.6760711669922,43856900.0
2024-03-11,139.01425694191238,139.76924200253072,134.47465781495336,134.56178283691406,29227100.0
2024-03-12,139.8854489196587,141.99553226506404,136.06212287481281,139.769287109375,21218500.0
2024-03-13,138.46256227707727,138.636782805201,136.8364301672984,137.5817413330078,12923100.0
2024-03-14,138.03666717365752,138.51095877230887,134.56179775687633,135.14254760742188,14961900.0
2024-03-15,131.09661160342554,133.28413092377346,130.3125896496115,132.58721923828125,22751200.0
2024-03-18,136.2355808003143,137.5573134491992,132.76604186538785,132.79519653320312,14732900.0
2024-03-19,131.49288992842912,132.43559695627422,129.28675973476174,131.07498168945312,17341100.0
2024-03-20,132.68830406373976,133.4463551596311,131.21106982301797,132.90211486816406,12750200.0
2024-03-21,138.5389005142496,138.5874965694203,135.12765615568296,135.526123046875,17809400.0
2024-03-22,135.47754250815183,137.36295696101544,135.19570908297743,136.58546447753906,9944100.0
2024-03-25,136.2161570709961,137.69337636910382,135.34147253006523,136.2841796875,9922200.0
2024-03-26,136.65347265686594,136.99363017972271,134.73890394355402,134.9332733154297,10786400.0
2024-03-27,134.9527341657277,135.3609143543683,131.3471202552503,132.8437957763672,13842800.0
2024-03-28,131.8622028053443,132.95069811278452,131.62896546259122,132.2218017578125,10019400.0
2024-04-01,133.42692631621165,138.93739685908304,133.19368892904222,137.50875854492188,14222700.0
2024-04-02,136.42997655877332,137.0713941343691,135.4289600006649,136.27447509765625,9869200.0
2024-04-03,134.68061360754368,138.90820365238437,134.4959574879203,138.00437927246094,9707500.0
2024-04-04,139.94808559343534,142.62070528358774,135.50667048112706,135.73020935058594,15759500.0
2024-04-05,136.06063749484707,138.0043608876306,135.01102508321208,137.3823699951172,8263600.0
2024-04-08,141.15319826627118,141.8918078176853,138.74297057957378,138.77212524414062,16307400.0
2024-04-09,142.14450230727465,144.00076191449705,138.9276421043802,141.30870056152344,18443400.0
2024-04-10,142.50410350219613,144.2534429157555,141.1726427239381,142.1056365966797,18861300.0
2024-04-11,143.0580596923828,143.4079305474962,140.0744515588459,143.0580596923828,11818800.0
2024-04-12,140.9199635210886,142.3874695267463,138.15015140976237,138.50975036621094,12024000.0
2024-04-15,140.93940678599972,141.3864549234659,135.94403757130567,136.19671630859375,13458800.0
2024-04-16,134.00999747055013,136.5854248179775,133.20335055074065,135.8662567138672,14218200.0
2024-04-17,137.15886623538728,138.5583496578067,133.49494294605788,135.11795043945312,18823200.0
2024-04-18,129.15072160308222,131.32769750168802,126.633602952136,128.5481719970703,39306100.0
2024-04-19,125.72976566476493,127.84843225752913,123.07658690582336,124.10675811767578,28284000.0
2024-04-22,123.18347485492684,126.98345779610335,122.24076778605323,126.09906005859375,18556800.0
2024-04-23,127.66377549635048,129.94765681654158,126.98347515504949,129.67552185058594,12573800.0
2024-04-24,132.26067403926172,132.45504344107013,127.8386997083047,129.2284698486328,15558000.0
2024-04-25,126.34202545060518,133.96141788794694,125.23410366675412,132.73687744140625,18034300.0
2024-04-26,132.9603984932132,134.83609930934418,132.12459682741917,134.40847778320312,9453400.0
2024-04-29,134.11692859635886,134.74863283551005,132.08574099044924,134.6028594970703,9997100.0
2024-04-30,134.05860206380035,135.76907327628723,133.3977284123046,133.47547912597656,10980600.0
2024-05-01,133.55324904130342,135.50668595383405,129.46171909840118,131.14303588867188,12561800.0
2024-05-02,131.78446566724094,132.89238752316706,129.47142984386912,132.396728515625,9261900.0
2024-05-03,134.99159580563295,138.11127865583282,134.855535749111,137.57675170898438,13264300.0
2024-05-06,136.517425502153,138.81101989746094,135.87599316791673,138.81101989746094,8601600.0
2024-05-07,137.87802918703082,138.28620936458356,136.55629654234056,137.13941955566406,8682900.0
2024-05-08,137.13941553340138,140.20077418997528,136.83814075614643,139.55935668945312,10202300.0
2024-05-09,138.9179133964074,139.31638025139762,137.1588460968563,138.77212524414062,8012700.0
2024-05-10,143.07751258469935,146.26521848560552,142.79566432432932,145.0601043701172,23671400.0
2024-05-13,143.85498122289164,144.26316138073074,142.18337781682666,142.290283203125,8278700.0
2024-05-14,142.3680357507341,147.73270203357322,142.13478358778875,147.6743927001953,12316500.0
2024-05-15,149.04470590230017,151.61042011100136,148.4324283064336,151.20223999023438,14027100.0
2024-05-16,149.76389415159267,150.69687308066665,147.927076128706,147.94650268554688,13394100.0
2024-05-17,149.66671374679342,149.66671374679342,146.5956269705873,147.4119873046875,7711200.0
2024-05-20,147.4022653376143,149.89995707690036,146.57619177302334,149.2293701171875,9261200.0
2024-05-21,148.01454719259414,149.65699591949348,147.6743896490063,149.3459930419922,7919400.0
2024-05-22,151.49381832493054,152.80582282432144,150.19151227526558,151.75621032714844,13455200.0
2024-05-23,154.70094146395772,156.2559261476554,151.48408154362326,152.6697540283203,20873000.0
2024-05-24,152.776678171198,156.13932666010805,152.300475360782,155.49789428710938,11908200.0
2024-05-28,155.186906816023,155.8672220347443,153.16544703912933,154.9245147705078,13964400.0
2024-05-29,152.3393525998371,152.46569939206978,148.89896800387385,149.99716186523438,15780000.0
2024-05-30,149.26823814189993,149.7153010584283,147.6160761823901,148.65597534179688,9687800.0
2024-05-31,147.21764543850114,148.2089487892023,143.65091382749992,146.79002380371094,13782600.0
2024-06-03,150.75519580352332,152.7280740467351,148.1700547179095,150.58998107910156,12924400.0
2024-06-04,149.083618816706,149.46264438814333,146.74144276215063,148.17979431152344,10066700.0
2024-06-05,154.12754561826614,159.1229142335602,153.50555471466882,158.33570861816406,23192600.0
2024-06-06,159.8907019158173,160.06562991559238,155.84775340965575,157.5096435546875,14819100.0
2024-06-07,158.96742438405224,161.44565983986857,157.40272646374808,159.76434326171875,14023300.0
2024-06-10,159.38533504819276,165.06100439572273,157.8497916261232,163.42828369140625,12418900.0
2024-06-11,163.44772644948355,163.6712653626182,159.18125332187478,161.0472412109375,11508600.0
2024-06-12,168.48196788143082,171.10599186338814,166.7131722280886,168.11265563964844,20309500.0
2024-06-13,168.61374337022787,169.70567251413772,166.23491739313852,168.5747528076172,15591800.0
2024-06-14,167.6875761292066,169.28645707399454,166.08869518441867,168.18478393554688,9192500.0
2024-06-17,173.38116666101973,174.1903585681407,169.13048060595906,172.7962188720703,18593700.0
2024-06-18,175.5065271910058,180.22517472305853,174.50235262998441,175.18479919433594,27155100.0
2024-06-20,178.0023106996613,178.57751450290175,169.14996492862528,170.9828338623047,28403200.0
2024-06-21,168.37977478580035,173.0301693468025,167.8923109208236,169.5984344482422,20175600.0
2024-06-24,166.15692117629567,167.12210495709118,162.92991286160748,163.6026153564453,19741700.0
2024-06-25,165.688984767688,168.3115430586125,164.7725502105095,168.27255249023438,13346800.0
2024-06-26,167.80457860826672,169.33522249001356,165.93271890103657,167.75584411621094,11901500.0
2024-06-27,169.43269120527114,171.0803215226249,166.8588824783673,167.3268585205078,10864600.0
2024-06-28,168.47726643874458,172.3867363377653,168.47726643874458,169.4521942138672,11216100.0
2024-07-01,169.87143893871118,170.90486010992956,166.17645394778643,168.0093231201172,10717000.0
2024-07-02,166.8394026600265,172.27950168282808,166.7419039275025,171.29481506347656,10655500.0
2024-07-03,173.52740615638058,177.91458129882812,173.42016350229426,177.91458129882812,11808700.0
2024-07-05,179.52321687217147,180.43965144753963,177.72935316680585,179.37698364257812,11372900.0
2024-07-08,185.2362769831111,187.96607772442144,180.4883834860914,181.95077514648438,22582400.0
2024-07-09,183.37416117021294,183.71539184109525,177.92431849190376,179.8936767578125,19935200.0
2024-07-10,183.55939471041998,186.6206672358707,182.01900708757046,186.25994873046875,19293500.0
2024-07-11,188.24880211394995,188.619279432007,178.42152827278252,179.87417602539062,21584200.0
2024-07-12,178.4800355185918,185.60675519795475,178.16805148894338,182.65272521972656,19220300.0
2024-07-15,183.94936791471451,185.29477302265715,179.4647090152681,180.5761260986328,15683100.0
2024-07-16,183.54967976022624,184.83657685162393,180.38116408761044,181.37557983398438,16663300.0
2024-07-17,170.82686813906963,172.15277068053206,166.2349511761741,166.90765380859375,45052600.0
2024-07-18,171.0998294783442,174.20985155105137,160.3853675646893,167.5608367919922,52903600.0
2024-07-19,164.92853334352728,166.24469181765153,161.0775715273878,161.61378479003906,22585300.0
2024-07-22,162.43272680670106,166.59567281781221,162.0135001029924,165.10403442382812,21037200.0
2024-07-23,165.17226056789534,167.23910267439553,163.75861828040763,165.56224060058594,11690700.0
2024-07-24,160.9508340340854,161.3018086526218,155.58873089746854,155.79347229003906,19536600.0
2024-07-25,154.1945866277812,159.30319885220436,148.2962703780194,156.2614288330078,25731800.0
2024-07-26,160.18066762863756,160.46339019295755,155.19878513231765,157.8798370361328,13089200.0
2024-07-29,158.60123951616177,159.1374527548746,154.65279402249664,155.99818420410156,12663100.0
2024-07-30,156.41742751126563,157.1096179579646,148.72524732668245,150.66534423828125,22018000.0
2024-07-31,159.66393359979307,162.47171561177348,158.00655927737185,161.64303588867188,19860400.0
2024-08-01,159.3811856421195,163.46613532653038,152.90766592690676,154.2140655517578,21095600.0
2024-08-02,147.45780999824362,150.00237181045202,143.20712476456794,146.1026611328125,31095300.0
2024-08-05,130.5038542628977,146.23919057356443,130.2211317066588,144.24058532714844,31193100.0
2024-08-06,146.66814406510733,153.75587350331006,144.0163391965802,151.49403381347656,24528100.0
2024-08-07,157.49959109421292,158.57200276229753,150.64584976201783,151.15280151367188,22379000.0
2024-08-08,155.2767449186584,160.61934475487598,151.64025374686776,160.4243621826172,18889600.0
2024-08-09,162.15000128979932,163.59289029028827,159.14722183522326,162.929931640625,20519400.0
2024-08-12,161.83800233028091,165.27949600901425,161.3895290313003,163.42713928222656,14727300.0
2024-08-13,163.78787502631818,168.12630088361692,162.16949126231341,168.01905822753906,15243500.0
2024-08-14,167.5705965198716,168.184790923525,162.99818271687033,165.70848083496094,11510300.0
2024-08-15,168.1067813352941,171.0413233232327,166.53716197123694,169.5984344482422,15393500.0
2024-08-16,169.04271845587456,170.61235269572387,167.9313014390768,170.16387939453125,10710000.0
2024-08-19,170.3783534389258,171.05105590820312,166.8101294897148,171.05105590820312,11511000.0
2024-08-20,171.0023358710578,171.0023358710578,165.59149830162426,167.72657775878906,13555500.0
2024-08-21,166.08870822262747,168.7405131503806,165.6499936677443,167.14163208007812,9434800.0
2024-08-22,167.6875791405279,168.93548551612747,161.8965057132707,162.26698303222656,13546100.0
2024-08-23,164.7628071646465,168.94524110867448,163.70988329821142,166.9856414794922,12189100.0
2024-08-26,166.10819238238653,166.76139218021234,163.6123797589874,164.83103942871094,9611300.0
2024-08-27,162.2474844226713,166.30318768425383,160.90207928392093,166.27394104003906,9186000.0
2024-08-28,167.024635959261,168.14579696617233,162.03299556353804,164.95777893066406,10581400.0
2024-08-29,164.42156321237883,171.02182841082137,163.31014614454185,164.90902709960938,13213200.0
2024-08-30,165.7962148708397,167.91180635533226,164.51906186705907,167.3950958251953,9481400.0
2024-09-03,163.78788981384355,164.45083365583807,155.79348388150697,156.4661865234375,18464400.0
2024-09-04,155.30599529643092,159.77116622678122,154.96476462960752,156.8366241455078,11317400.0
2024-09-05,157.4898551736655,160.4633884091767,157.01214999689518,159.595703125,10260600.0
2024-09-06,160.7558271012966,161.2627936682509,152.09846440565642,152.88816833496094,14964400.0
2024-09-09,156.72938741074447,159.0107297634033,156.23217958933066,158.69874572753906,10339000.0
2024-09-10,158.80600205764904,158.80600205764904,153.7363800479703,158.35752868652344,11910800.0
2024-09-11,159.6931810513131,166.10820793866037,157.37284806246763,165.9619598388672,15059500.0
2024-09-12,166.93656994187484,168.45327355472804,165.3709221033578,167.7487335205078,13399900.0
2024-09-13,168.54134968425134,171.01701965268458,167.76830566325293,168.79576110839844,8787800.0
2024-09-16,166.26138198870976,166.89741801474992,163.1888104701731,165.44920349121094,12194300.0
2024-09-17,165.71341528363888,166.5843029904208,162.7876166173773,163.75636291503906,8629100.0
2024-09-18,164.8425502904869,167.91512233531287,163.41389529486005,163.68788146972656,9116000.0
2024-09-19,170.63539800219854,173.96238100189245,168.92297720771285,172.43588256835938,15855000.0
2024-09-20,171.11487177950718,172.24018586794188,169.92106862127207,170.3418426513672,18429800.0
2024-09-23,171.08551655344354,171.63348883431414,169.9699972870642,171.00723266601562,5794200.0
2024-09-24,175.64547771488967,178.8550429098415,173.248091172416,178.06243896484375,14576100.0
2024-09-25,177.62207137963298,179.8726845165713,177.31873066134276,178.4342498779297,8280900.0
2024-09-26,184.45220657866722,185.2643851951254,179.85313597911139,182.8180694580078,15103400.0
2024-09-27,181.84929619613214,181.947154783616,173.5905330982638,174.14830017089844,17908400.0
2024-09-30,170.52778031432425,173.0230253338352,168.23801745377082,169.94065856933594,13540200.0
2024-10-01,171.5454462284442,172.21085188812862,167.11272320733377,168.37503051757812,11850200.0
2024-10-02,169.2459066381689,173.16979152241427,167.12249153792848,172.02491760253906,11164400.0
2024-10-03,172.02490067505553,176.90773662236285,171.35949512686412,175.62586975097656,12555000.0
2024-10-04,175.84116625510242,177.33831024113115,173.73734076473218,177.2698211669922,9993800.0
2024-10-07,177.70036687908564,181.02735004255277,177.04474117467655,180.54786682128906,12054200.0
2024-10-08,180.9882195543381,182.53427787102325,178.1211299127469,182.0548095703125,10394200.0
2024-10-09,183.76722982401674,183.96293208469027,178.3461861234951,183.12139892578125,11925000.0
2024-10-10,181.86887226325538,183.06267537011234,180.44021750335102,181.79058837890625,6443800.0
2024-10-11,184.1292918761032,187.37800635545935,183.9727240848056,186.7126007080078,12163900.0
2024-10-14,186.5168868366693,190.0787217460163,186.40924835323608,188.08253479003906,11714400.0
2024-10-15,188.81642774977118,189.4622437133662,180.29345772403096,183.1116180419922,21812700.0
2024-10-16,185.70471497762105,185.92977183979536,182.65171778247048,183.4541015625,18689200.0
2024-10-17,198.98329455511822,208.03466125976385,197.6329237174385,201.41981506347656,62274700.0
2024-10-18,201.5274536461503,201.5274536461503,196.44890063846677,196.46847534179688,21030800.0
2024-10-21,196.49785347722914,199.07138228749915,195.37255426444887,197.61337280273438,14820000.0
2024-10-22,194.7952220673232,195.87159195222281,192.87730410362224,194.21788024902344,11165100.0
2024-10-23,192.45653595235694,198.76804221858893,192.01620212546595,196.54678344726562,16535700.0
2024-10-24,194.68758324293512,196.19450705159142,193.17086461616162,193.6796875,9935800.0
2024-10-25,195.94989454079777,200.7935968128843,195.70526296209513,199.07139587402344,13434900.0
2024-10-28,194.98113317128144,195.45083651680528,190.34292835045608,190.49948120117188,20135300.0
2024-10-29,190.21570795554868,194.52121727520372,189.44267882507023,192.71095275878906,13779100.0
2024-10-30,190.20592831093148,191.2529435850235,188.4739327491415,190.30377197265625,10007800.0
2024-10-31,188.71856751549404,188.71856751549404,183.6302341542396,186.44837951660156,13062700.0
2024-11-01,190.02979846129972,193.91454894387772,188.41523608983445,188.806640625,12691200.0
2024-11-04,189.54051759051845,190.1863484511213,186.5070953990233,187.44647216796875,10917300.0
2024-11-05,189.42312474432654,194.08090460134713,189.3350609599607,191.55630493164062,10339200.0
2024-11-06,187.91617779804568,190.08850730588915,184.45220138158297,189.0708465576172,19834900.0
2024-11-07,192.0944623854322,197.67205834584362,192.03575320655267,196.8696746826172,14865200.0
2024-11-08,199.51172418667662,202.17331688350754,195.72483223152713,196.87948608398438,13112100.0
2024-11-11,193.70906743114978,193.94390418057745,187.37800125497853,189.88302612304688,16610000.0
2024-11-12,189.66775458758178,189.83410226690523,185.6460108959193,187.65199279785156,11819000.0
2024-11-13,188.30758308537781,188.34671756342692,182.49513510641341,182.65170288085938,13882200.0
2024-11-14,184.35433561849194,188.52286691102262,183.5128024640908,184.4521942138672,11453900.0
2024-11-15,184.13905560820072,184.74575201346795,180.84142704812152,182.01565551757812,9834800.0
2024-11-18,180.39132447982044,183.96293940540045,179.54979128742306,183.4541015625,10681500.0
2024-11-19,185.06867879826873,185.9395665840305,183.98251403794782,185.59707641601562,9390100.0
2024-11-20,184.79469933081884,184.79469933081884,180.1075499517201,184.31521606445312,10624500.0
2024-11-21,185.34264190892864,188.17058188905855,182.72997887658363,187.1333465576172,18137300.0
2024-11-22,188.80662589310418,188.8555551889636,185.3622095141242,185.99826049804688,8838900.0
2024-11-25,184.05097966937458,184.2075474365886,179.76504529254024,181.10562133789062,14380000.0
2024-11-26,181.4187562130428,181.9080193257329,178.41468846531066,179.8922576904297,10186600.0
2024-11-27,178.09176764803271,178.5321014499485,174.22659216057787,177.29916381835938,9895200.0
2024-11-29,177.61227480478064,182.9354594106032,177.2893593859211,180.69464111328125,8045300.0
2024-12-02,185.27415401753422,191.09638213792144,184.88274949542222,190.22549438476562,16646900.0
2024-12-03,189.34483869866443,194.72673333867814,188.46417100274908,194.6190948486328,11217700.0
2024-12-04,195.55848887141522,198.24943622178878,194.01241551110178,196.3804473876953,12761100.0
2024-12-05,196.92837994682952,201.21432909332128,196.439116891061,199.9128875732422,12483700.0
2024-12-06,197.66231463243582,198.82676333038935,195.63675800366767,198.66041564941406,9672900.0
2024-12-09,196.61525179310772,198.7680212640713,194.70712879032098,194.89305114746094,9699700.0
2024-12-10,194.82458031790586,195.61718418316897,186.28203549398557,187.81832885742188,15307900.0
2024-12-11,190.48967741850288,191.79111894594234,189.1099520099629,190.4211883544922,9027600.0
2024-12-12,191.05534966877076,191.830833611285,187.77668210728348,187.94357299804688,7944900.0
2024-12-13,194.8640610798348,198.8200428944105,193.6468451236814,197.29852294921875,19477000.0
2024-12-16,199.46793234421185,201.72569248205457,197.18072439845048,198.5059356689453,15139300.0
2024-12-17,197.30834593239138,198.68262692756937,193.84318065733453,196.97459411621094,11169400.0
2024-12-18,199.27161799656997,201.4704826219099,190.3976569679699,191.96826171875,14721100.0
2024-12-19,194.75606070605062,194.92295156528098,190.38779506867476,191.06512451171875,10553400.0
2024-12-20,189.06263546886376,194.4419833493088,188.45401245751677,193.5879669189453,16170100.0
2024-12-23,197.30833909450243,204.22885846143532,197.2199956718468,203.55152893066406,17847000.0
2024-12-24,202.13799293014702,203.3944827635814,200.79315966589465,202.54046630859375,7634500.0
2024-12-26,201.7256936189015,204.3368424450223,199.16362946576803,199.33050537109375,8044900.0
2024-12-27,200.74405650390827,200.74405650390827,195.3941567712723,197.92677307128906,10664400.0
2024-12-30,196.1696322783135,198.26051639695535,194.83461013800152,196.70953369140625,11235200.0
2024-12-31,197.10218684350485,198.07400941541783,193.73519107748436,193.86280822753906,6427900.0
2025-01-02,193.381802255391,200.0274653390722,193.0774982626213,197.877685546875,10951400.0
2025-01-03,200.3514177018653,204.96509248684876,199.9587552865976,204.77857971191406,10261900.0
2025-01-06,214.75197648598242,218.1189723815399,211.72854334669486,215.9691925048828,24339900.0
2025-01-07,217.1766051332744,217.41218759156678,207.43880242233382,207.53695678710938,17010000.0
2025-01-08,206.11361026591754,206.43755115460453,202.1379911501737,203.31594848632812,13262700.0
2025-01-10,203.78712173530505,206.12339929301277,199.49737313081982,204.54296875,17265200.0
2025-01-13,196.83715933615204,199.85076647991917,196.3757903794567,197.66172790527344,16612400.0
2025-01-14,201.4214067172163,202.47174691133299,194.85427534309173,197.75009155273438,14182900.0
2025-01-15,198.77097770325372,205.2006653037942,195.6886490364736,203.00181579589844,18286500.0
2025-01-16,214.86978132640695,217.87357779087657,209.2548358519387,210.84507751464844,38539600.0
2025-01-17,211.2181025934703,211.7187303435454,207.18358784715863,207.61550903320312,21606100.0
2025-01-21,210.52114131980596,216.10662373274755,208.15540082904354,214.68325805664062,19061300.0
2025-01-22,217.873544108797,221.28962436591553,215.28203236571778,219.1005859375,17294500.0
2025-01-23,216.0575642074135,220.57306983997853,215.38023461789368,220.49453735351562,8986800.0
2025-01-24,222.06514132909007,222.2418281771578,216.90175428440878,217.8048553466797,13183800.0
2025-01-27,193.42106117398708,203.19813757237432,184.2231599330463,188.77793884277344,68667500.0
2025-01-28,192.05660571973516,199.11455362206786,188.92520715241875,198.68263244628906,31738800.0
2025-01-29,200.73425422629631,202.65824763651787,196.08130570979463,198.61392211914062,15199500.0
2025-01-30,202.7760736145129,205.77004431355874,201.64718591127007,204.32704162597656,13539000.0
2025-01-31,206.07432224223862,211.05121148890842,204.37610040890024,205.4755401611328,15746900.0
2025-02-03,195.9635104464069,201.22506687534135,194.34380610123142,196.13038635253906,17719800.0
2025-02-04,200.3219592520505,201.97109637295486,198.36850315852655,200.3023223876953,12692900.0
2025-02-05,202.21649833738684,206.61421216549073,200.08635546785933,204.7393035888672,10997800.0
2025-02-06,206.20194419143797,207.30136899070067,203.1981478802099,206.6338653564453,8491400.0
2025-02-07,209.09775944603237,209.26463535398537,201.9416573765679,202.3343048095703,11616200.0
2025-02-10,204.1797914634577,206.1234218228205,202.73678885435098,204.13070678710938,9296500.0
2025-02-11,201.36249131340278,205.98597686346253,197.30834003107458,204.90618896484375,9224500.0
2025-02-12,201.13671012324917,203.26686812607602,199.28142329702854,202.58953857421875,7373700.0
2025-02-13,198.17217732245865,198.5844615982573,195.57083953999808,198.1230926513672,15580900.0
2025-02-14,196.30707335044397,202.46191990968953,193.8333675862775,200.1550750732422,23220300.0
2025-02-18,200.99927689223017,202.06926882724875,196.837160297179,199.01638793945312,14988100.0
2025-02-19,198.29977592903938,198.87895107184727,196.34633487014077,197.25924682617188,13163100.0
2025-02-20,196.6015678322172,196.66046344914116,193.9806080293252,196.4248809814453,10639300.0
2025-02-21,197.63225795064412,198.9672799989903,192.40996097435146,194.59901428222656,13757300.0
2025-02-24,193.26403590020377,195.13894476953251,187.94358336707032,188.1300811767578,15114300.0
2025-02-25,187.14844234109964,189.975551939885,184.02685464122436,185.89195251464844,20581000.0
2025-02-26,187.5803367478158,192.47869317002252,187.5803367478158,191.04550170898438,14112300.0
2025-02-27,191.11424561319234,191.19277809764432,177.7542118835444,177.76402282714844,24219200.0
2025-02-28,176.01670036614271,178.8143618306144,172.29631599428447,177.21429443359375,27929400.0
2025-03-03,177.8229388534028,178.23523818872764,167.9280843335214,169.79318237304688,37403000.0
2025-03-04,171.8447736942675,180.2279329323339,170.98093134281226,176.6940460205078,29395200.0
2025-03-05,179.63894175809273,181.34698954741108,177.4008184361111,180.8954315185547,17334000.0
2025-03-06,175.30012523525366,178.21557814487267,172.56135917904692,172.62026977539062,17864300.0
2025-03-07,172.5613527831208,175.19213844966438,167.8789715987717,173.84730529785156,21012700.0
2025-03-10,169.30235803346096,171.6779096861499,164.82611095378,167.51577758789062,18265100.0
2025-03-11,167.51574985278916,170.1465354070113,165.01259642452865,167.8298797607422,16561100.0
2025-03-12,172.3748587282097,174.85839043097488,171.55027515602941,173.916015625,14737600.0
2025-03-13,170.69625190923483,170.69625190923483,167.36851488112123,168.43849182128906,14381600.0
2025-03-14,169.4790385738201,171.16744959922298,168.77226116883566,170.89259338378906,11449400.0
2025-03-17,170.7551784989413,173.90622925505187,170.62757630381313,173.0031280517578,9678100.0
2025-03-18,171.84420371703155,172.04129234734563,167.9516318430601,170.6123809814453,9986000.0
2025-03-19,170.4842573041488,173.17455380156494,169.24258546770236,171.2332000732422,10678500.0
2025-03-20,172.30737131018432,176.07181379370516,172.01173084447672,174.88926696777344,12209700.0
2025-03-21,172.36647776133975,174.62317016636848,171.2627544778152,174.16000366210938,9993200.0
2025-03-24,177.3726503233462,180.26988518407452,177.06714560988874,178.525634765625,11440000.0
2025-03-25,179.8165706128999,179.85598232721915,177.18539885277173,178.26939392089844,8718800.0
2025-03-26,176.62366075907707,176.93901458611813,168.97651089610858,170.97698974609375,14612400.0
2025-03-27,168.89769030683823,169.11449232663966,165.11353420341266,165.7935028076172,17559100.0
2025-03-28,165.5963758845333,166.17780760343155,161.6742567768864,162.84695434570312,16332000.0
2025-03-31,158.02807597915856,163.7141739468438,157.40723250753592,163.5860595703125,19408300.0
2025-04-01,163.97038692869847,166.41431901907504,162.6597257371973,166.1876678466797,9180000.0
2025-04-02,164.42371583931916,169.2524552734076,163.93098671188565,167.9122314453125,10072700.0
2025-04-03,157.7324516664803,159.44715450626663,154.92390455900468,155.0914306640625,28370500.0
2025-04-04,148.69578840627142,149.10967904921085,142.73376324038628,144.66526794433594,36085100.0
2025-04-07,132.55397250933532,151.51419303845535,132.29775879943173,144.04441833496094,46388300.0
2025-04-08,149.76993659588322,150.39078008849052,136.9589796904957,139.31422424316406,30479700.0
2025-04-09,138.16123071017083,158.28428448714374,135.89467393994977,156.4414825439453,45612500.0
2025-04-10,153.23875980669712,153.73148893790835,144.77367694134387,148.93231201171875,24503500.0
2025-04-11,153.73147970327543,155.71224527847636,151.0214696444036,154.7957763671875,19632200.0
2025-04-14,155.9980251220496,156.28380136376313,151.79011469295864,153.57379150390625,17509400.0
2025-04-15,154.21437865026277,155.94877988850308,153.78077458147752,155.0421600341797,14306600.0
2025-04-16,148.41001454104955,151.30724908845593,146.3306970870472,149.46444702148438,23806100.0
2025-04-17,153.78073873157808,155.20964996194354,149.24762547983548,149.53341674804688,27239900.0
2025-04-21,147.8088849624508,148.0946612322026,143.71922429600804,145.70985412597656,15170500.0
2025-04-22,145.84782733580928,150.38094149749315,145.29597309774,149.19837951660156,12668600.0
2025-04-23,157.05249514177993,158.0478177160972,153.7315052566969,155.5151824951172,17667900.0
2025-04-24,155.4855995387044,162.15715601815154,155.10127142748394,161.7925262451172,18761100.0
2025-04-25,161.54614321730784,163.49736113141967,158.81643503756047,162.6991424560547,14654800.0
2025-04-28,162.60060388947855,162.91595773291507,158.16604196522005,161.02386474609375,11415600.0
2025-04-29,161.9896284824502,163.58606600150046,161.1224204291887,162.08816528320312,9830100.0
2025-04-30,161.16181952822436,164.49267289309688,159.3978560527475,164.26602172851562,10073000.0
2025-05-01,170.28718196721312,172.23838501579615,168.46407826104326,170.20834350585938,22670600.0
2025-05-02,177.18540088745686,178.02303139923274,174.56407826658196,176.67295837402344,21691200.0
2025-05-05,176.3970364731782,177.4613332462712,173.68702613629975,173.8348388671875,14618900.0
2025-05-06,170.09008833321676,172.19896824252586,168.10930776255594,169.7747344970703,14565600.0
2025-05-07,171.56828783080934,173.42093912102015,168.87797597404165,172.0018768310547,9682500.0
2025-05-08,172.79024724939654,174.86956477405556,171.1346845946214,172.6719970703125,10343000.0
2025-05-09,177.18538079681753,177.83578679355426,173.90380330808037,173.9530792236328,11582800.0
2025-05-12,184.55661153839023,186.4191269454637,181.92543993391493,184.26097106933594,22064900.0
2025-05-13,184.99022466055303,191.45482840147343,184.99022466055303,191.16905212402344,19996000.0
2025-05-14,192.4402683815313,193.36660145831485,190.4200761451052,191.92782592773438,12359000.0
2025-05-15,190.29198255666944,191.66176883967435,188.84335781401475,191.39569091796875,10241800.0
2025-05-16,191.7011805510499,192.24318556308035,189.7696909187761,191.39569091796875,9146700.0
2025-05-19,186.25158052666242,190.68614196777344,186.06434108213418,190.68614196777344,10144400.0
2025-05-20,189.01088657449586,190.91281369090606,188.03527753904623,190.6368865966797,7054100.0
2025-05-21,190.29199152973158,192.4304340990348,187.7593566435917,188.97146606445312,7375700.0
2025-05-22,188.55757298996878,193.96774405354802,188.55757298996878,193.33705139160156,11825000.0
2025-05-23,189.22768968851528,189.99634588933893,187.266622437394,189.18826293945312,9403100.0
2025-05-27,191.27744694252618,195.42621763729747,190.88325463150926,194.8053741455078,12228200.0
2025-05-28,193.2384895868867,195.18970759652035,192.63735949971846,193.2877655029297,17787600.0
2025-05-29,196.5595021621241,196.89455434633763,193.22864858392163,194.2830810546875,14609900.0
2025-05-30,192.9231586783342,193.06112222675617,187.78891476946802,190.5087890625,11998300.0
2025-06-02,190.23285547810895,192.32203720983154,189.4050741503753,192.00668334960938,7447400.0
2025-06-03,191.52381595314938,195.28825863030664,190.8241339828809,194.7364044189453,9548300.0
2025-06-04,198.45158475693347,201.06304307256693,197.46612651904923,199.4567413330078,13531100.0
2025-06-05,201.90068598685608,202.76787899992377,199.33848858662626,200.38307189941406,12214300.0
2025-06-06,200.61958023853305,203.29016351428606,200.27466385707774,202.19630432128906,8532000.0
2025-06-09,203.39857195455645,206.22684728997706,202.87628029741273,203.98985290527344,11472300.0
2025-06-10,208.5328226054736,210.1292601718448,206.90682249431035,209.37046813964844,14514000.0
2025-06-11,211.87352445518428,214.26818079294267,209.8533320285805,210.9866180419922,13326400.0
2025-06-12,210.59097785383761,213.51860660495478,209.59203114779444,213.07351684570312,9796100.0
2025-06-13,207.8117020265518,210.92723955974915,207.1094617560725,208.79087829589844,10152500.0
2025-06-16,210.67010784160857,215.21979695850854,210.4030570003079,213.32078552246094,10932900.0
2025-06-17,211.55037177570432,213.57795094713933,211.16463837952938,211.5602569580078,8389700.0
2025-06-18,212.35149783897486,212.8163579443363,210.56129896559096,211.1646270751953,6932000.0
2025-06-20,212.84603953216853,213.14276101134945,205.87315268488268,207.21827697753906,16992000.0
2025-06-23,204.3698000357398,208.28647545892696,203.94449570662383,208.01943969726562,7535500.0
2025-06-24,212.0449082519412,217.95949218310867,211.5404922870226,217.68255615234375,14814700.0
2025-06-25,218.38479179951528,221.05525494829968,218.38479179951528,220.30357360839844,9168400.0
2025-06-26,222.51905273054368,222.75643292435288,220.26399371093933,221.55966186523438,7982200.0
2025-06-27,221.84649688161542,226.37640035066002,221.57944605159514,226.06979370117188,13133000.0
2025-06-30,224.95214812350093,225.65437333126886,222.34102638866386,224.01254272460938,9279800.0
2025-07-01,224.94225500455963,226.09947026769942,218.76062048380976,222.2223358154297,9990200.0
2025-07-02,222.02451826759608,231.26236402149354,221.5497729797945,231.04476928710938,12012500.0
2025-07-03,231.3118086321642,234.98123344483452,230.71838078612137,232.2316436767578,7779600.0
2025-07-07,229.09632120907986,230.00625598256093,224.95215108885353,226.66322326660156,13817500.0
2025-07-08,227.26656536489236,227.81055224441735,225.05106202459137,225.36756896972656,8854400.0
2025-07-09,227.92922122251156,230.71838191577604,227.72152675753793,229.30401611328125,9475300.0
2025-07-10,230.23373509678026,230.50078592789444,225.27854240766604,227.24676513671875,13124700.0
2025-07-11,228.47321897011915,229.72933136940466,226.89071444699337,227.87977600097656,8817800.0
2025-07-14,226.82148541214806,227.33580164011,223.83451532728643,226.168701171875,10673500.0
2025-07-15,231.89537025715035,235.1098201921258,231.29204212721817,234.35812377929688,14270100.0
2025-07-16,233.81414129393565,235.703252451527,231.58875283583902,234.96145629882812,15092800.0
2025-07-17,243.10142219353872,245.56419078946456,238.7495575810806,242.91351318359375,27395700.0
2025-07-18,242.62666590542452,243.27945009529316,236.07908382732455,237.77037048339844,16252000.0
2025-07-21,237.49344773010733,239.68916551534434,236.09888245452257,236.2373504638672,11971800.0
2025-07-22,235.22849308301156,235.39663172321676,229.22488266848907,232.03382873535156,11919500.0
2025-07-23,235.91097282581484,237.86931053295794,233.79438164345882,237.701171875,9885400.0
2025-07-24,237.58248044627922,239.3034378763647,235.42631842966208,238.957275390625,9081900.0
2025-07-25,238.6803311230758,243.5465119470764,238.30448291942392,242.91351318359375,11593400.0
2025-07-28,240.34194616284356,241.2815515759682,238.41327924287592,240.0946807861328,11892200.0
2025-07-29,238.8583547101592,241.30133784767156,237.1967386171479,238.69021606445312,9411500.0
2025-07-30,239.47157786964024,241.89479074280126,238.58142851060097,240.25294494628906,6823800.0
2025-07-31,243.28935981329397,244.70372570065214,237.17696657865446,238.97705078125,13490700.0
2025-08-01,233.04264971327174,234.5954834051798,229.30399870870758,232.63714599609375,13549800.0
2025-08-04,235.3076381969098,236.38571166992188,233.80426040742444,236.38571166992188,6450700.0
2025-08-05,235.72302491404122,236.01974637714062,227.65227959551606,229.9271240234375,11868900.0
2025-08-06,228.50287981260698,229.66007997012798,226.31706232347207,228.8391571044922,9457200.0
2025-08-07,241.79588014745394,245.12901276652462,238.16602604278384,239.9661102294922,17691000.0
2025-08-08,240.50020707383274,240.50020707383274,236.35603681712252,239.18475341796875,10552500.0
2025-08-11,239.39245369359006,242.66626013917926,238.8979229128637,239.44190979003906,8272900.0
2025-08-12,241.05407115917808,242.09258875760275,239.05616269373908,241.61782836914062,7295800.0
2025-08-13,243.73441846195115,243.73441846195115,237.31541897887973,238.79901123046875,7971900.0
2025-08-14,235.36696024782208,238.739663497255,234.22954558912295,238.3638153076172,11040500.0
2025-08-15,237.70116504327265,238.16602518092384,234.66473882890776,236.26702880859375,8155500.0
2025-08-18,237.36489774866786,240.20349969848863,237.36489774866786,238.7693634033203,6919800.0
2025-08-19,237.394555025528,237.54290821975607,230.03593475418785,230.1546173095703,14594700.0
2025-08-20,225.64451232924944,226.5247765476584,221.25307642010546,226.0994873046875,17165200.0
2025-08-21,225.65439116993508,227.81055324042055,223.78506540621768,224.84336853027344,7449100.0
2025-08-22,225.50601461121195,231.88545805881097,223.69603031449108,230.44143676757812,10299500.0
2025-08-25,231.7371177645495,234.6845168761834,229.70953862483458,233.01300048828125,7655000.0
2025-08-26,233.78446406541104,236.21756201810857,233.15146530329247,236.1087646484375,9793100.0
2025-08-27,234.27900399332705,236.7813285018608,232.8646532241043,236.6725311279297,9516400.0
2025-08-28,233.71524385677907,238.02755275522975,233.4185223777531,235.6636962890625,8466200.0
2025-08-29,233.2602721161098,233.36906949018532,228.05781380095644,228.34463500976562,15526000.0
2025-09-02,223.6762509693863,226.83135955189434,223.161949858343,225.89175415039062,13974900.0
2025-09-03,228.98753058273127,229.90735056526964,226.09947271440987,228.85894775390625,7198500.0
2025-09-04,228.81936826596615,232.73604308413823,227.7808507442806,232.63714599609375,6241900.0
2025-09-05,237.61214384880353,241.87499656468773,235.29772843336622,240.74746704101562,14056600.0
2025-09-08,239.34299772238555,245.16856935138122,238.97703470505294,244.48611450195312,12986600.0
2025-09-09,244.22893241782177,251.94361461395258,244.22893241782177,248.17529296875,13443400.0
2025-09-10,256.0383526818429,261.68588554992897,254.9306086009324,257.5911865234375,18822400.0
2025-09-11,257.5021623226766,258.7780600831707,255.40535681473955,256.0779113769531,10005000.0
2025-09-12,257.99667881681944,258.0955909960977,255.55369588906746,256.4932861328125,8496600.0
2025-09-15,257.15599481605153,259.92535499441186,255.91966791789744,258.5209045410156,8147700.0
2025-09-16,263.84097609726933,264.35689969082887,258.5724633115559,260.0111389160156,10381900.0
2025-09-17,262.2733433698033,262.7396700447274,257.6993996314724,260.7354736328125,10422000.0
2025-09-18,255.98290497700958,268.4248732551709,255.9630722413997,266.53973388671875,16917300.0
2025-09-19,264.28746706886636,264.48591554485137,260.7553022050341,262.7991943359375,17640200.0
2025-09-22,264.4561216538552,274.1993230411145,263.37464722264656,270.4985046386719,15630300.0
2025-09-23,280.19215138731926,283.7640121414001,277.8109209775945,280.4997253417969,17830300.0
2025-09-24,278.1184836694121,279.0114412520244,274.55655456745717,278.5153503417969,10231000.0
2025-09-25,270.9847074969126,274.97329799297,268.077621884693,274.4970397949219,11863400.0
2025-09-26,271.7486942723661,273.3460924748757,268.5042403297755,271.2228088378906,10451900.0
2025-09-29,274.32836448215124,277.68194415661844,271.0938720703125,271.0938720703125,8046200.0
2025-09-30,273.1675126962315,277.304894031587,271.68914115820706,277.1064758300781,8348800.0
2025-10-01,276.263079250509,288.2089555817036,275.00301937242045,286.21466064453125,14620100.0
2025-10-02,294.201735453789,294.40018392472103,284.7859398924857,285.85748291015625,10198000.0
2025-10-03,290.57035399568434,293.7453479391941,288.2188879210599,289.9056091308594,10572500.0
2025-10-06,297.66449814996815,304.89748231849245,297.59503815079455,300.0357971191406,15785000.0
2025-10-07,304.22276587496935,304.6990240193715,290.9870648531753,291.731201171875,13081000.0
2025-10-08,292.69366040684827,304.0045280074508,291.6816457696063,302.13922119140625,12821200.0
2025-10-09,299.9464865226407,300.46241017366395,295.0947331203456,297.5354919433594,10259900.0
2025-10-10,297.61482409111863,297.8529682966983,278.1382918317124,278.4657287597656,23398000.0
2025-10-13,295.9083028677765,302.24835937204824,290.0346033193896,300.52197265625,20318300.0
2025-10-14,293.31873829090944,299.39088664009864,289.06226948574704,293.6263122558594,16567900.0
2025-10-15,303.89536190204666,304.2128370554683,297.72399009995434,302.32769775390625,20788000.0
2025-10-16,308.49904950435075,308.9356118757877,294.37039174943067,297.4957580566406,26341500.0
2025-10-17,296.067061299752,300.9287463633989,292.61428780163743,292.77301025390625,17633300.0
2025-10-20,297.654564812383,301.2760226284694,294.7375476549026,295.37255859375,13391600.0
2025-10-21,296.66234488893014,297.0294472938208,291.3640979481377,292.20745849609375,11190500.0
2025-10-22,290.7092747532754,292.8920868800823,282.1765050016482,286.6214904785156,15409100.0
2025-10-23,287.53427914594323,291.7907476292175,287.36562519288015,288.45703125,10379900.0
2025-10-24,293.2592078783434,295.62060561622206,292.0884405175595,292.6539611816406,8747000.0
2025-10-27,296.3151101013185,298.13081988382834,291.3938964929148,295.9182434082031,13615000.0
2025-10-28,295.9876818048232,299.7678920400173,293.7651739833993,299.1725769042969,11804200.0
2025-10-29,303.4091524445637,305.55226855495886,300.01590797900826,302.7047119140625,16177300.0
2025-10-30,300.7104452490958,304.9073851443799,298.46813498103774,300.849365234375,14507100.0
2025-10-31,303.59767416941185,305.274463694973,294.3604647981282,298.0811462402344,12667900.0
2025-11-03,300.22429017475446,307.69541799091246,299.75796351301875,302.4765319824219,12466600.0
2025-11-04,294.5589289653047,299.6289632802758,291.2152812422831,291.75103759765625,16224300.0
2025-11-05,290.3322240172327,295.8884479721017,289.22098528205584,291.3442687988281,10502500.0
2025-11-06,291.8006567120239,292.3364433314327,285.1331941869922,286.9786376953125,11516900.0
2025-11-07,282.98017824791947,285.6392486300482,274.96336218619797,284.2601013183594,15715700.0
2025-11-10,292.05859781386835,294.8069605685671,289.46901804750956,292.96148681640625,10869200.0
2025-11-11,289.7766112533748,292.6142669187118,286.6512446697196,288.8935852050781,9666300.0
2025-11-12,291.40380677329665,292.5646425230715,287.3159923229249,288.3478698730469,9715900.0
2025-11-13,286.90925294088515,287.2366596446681,277.81093160796917,279.9937438964844,13827600.0
2025-11-14,273.75288761525394,284.61726029850365,271.09384762378875,282.5932312011719,11486800.0
2025-11-17,279.23962493544076,284.2898262429512,277.612432385179,279.80517578125,10227100.0
2025-11-18,275.3800424644778,277.999416912211,270.58781776308274,275.73724365234375,11850400.0
2025-11-19,274.755011120154,282.32533319842275,274.15969595458324,280.1623840332031,11179200.0
2025-11-20,289.92542986207985,290.56044073608274,274.24896982769974,275.3304443359375,15747300.0
2025-11-21,270.6771063971571,276.51114005253663,264.73394728093143,272.9095153808594,20872800.0
2025-11-24,271.05414860241115,282.8313417341185,271.05414860241115,282.4146423339844,13570300.0
2025-11-25,280.51957879068505,283.168687312,270.9449999389071,282.4543151855469,13726800.0
2025-11-26,286.83973144810403,290.5207170246603,285.4804473830647,287.6929931640625,12220300.0
2025-11-28,290.1933134527253,290.38183039735287,286.7405102489479,289.23089599609375,5515400.0
2025-12-01,284.6768400419305,288.88368154911774,280.97599070687,285.4308776855469,7713000.0
2025-12-02,289.7170732420839,292.19752763627986,286.9191134184747,289.8063659667969,10746400.0
2025-12-03,289.89568272362914,294.30097251523483,283.8334662155739,293.14013671875,9599200.0
2025-12-04,291.6816406868762,291.73123766940074,287.93119438258316,290.63983154296875,6753000.0
2025-12-05,293.7354210413758,298.4482847720855,290.95732400644687,292.41583251953125,10275300.0
2025-12-08,298.8451733562611,300.25405457057155,294.40018794594533,299.5099182128906,16643100.0
2025-12-09,297.64462753617414,302.2979628982157,296.16628624886454,301.03790283203125,11349100.0
2025-12-10,302.98254453904786,311.5252453880711,300.13498768236843,307.71527099609375,12429200.0
2025-12-11,303.7507581691417,304.26807460223984,298.0999588756921,303.2831726074219,15028400.0
2025-12-12,302.7161132388162,302.7161132388162,289.48448241535397,290.5390319824219,19306100.0
2025-12-15,293.63302726110277,294.2796804187271,286.0720825024157,286.2611083984375,12082400.0
2025-12-16,285.7835789370498,286.9773930782894,281.86382693382285,285.39556884765625,11418400.0
2025-12-17,287.04703993240423,287.614117587584,273.6661568096194,275.5364990234375,16823000.0
2025-12-18,283.5351899801831,285.6840919054254,280.30189395409326,283.2168273925781,11260300.0
2025-12-19,284.90810644792566,290.66835626538773,284.90810644792566,287.46490478515625,12735800.0
2025-12-22,293.1554838489765,293.493732691408,289.71324551694175,291.7726135253906,6091100.0
2025-12-23,291.8920250943214,296.3788550570647,290.6982108724501,295.4237976074219,6802300.0
2025-12-24,296.2097021978008,297.62241721204856,294.70748375869647,297.2642517089844,2753900.0
2025-12-26,298.35858618714826,301.82071082512005,296.98567416931934,301.2834777832031,5125900.0
2025-12-29,300.22894787531203,302.9349691756451,297.11503019815467,299.3733825683594,6205100.0
2025-12-30,300.8059324655372,302.98467885528527,297.91091583768343,298.04022216796875,6190600.0
2025-12-31,302.43754506486727,305.8101362096284,301.8704673812959,302.328125,8175100.0
