Date,Open,High,Low,Close,Volume
2014-01-02,12.630524284998682,12.637787547688774,12.427158470978911,12.456210136413574,6029100.0
2014-01-03,12.405368972082272,12.46347368963175,12.289159536983316,12.310949325561523,11362700.0
2014-01-06,12.339998513853088,12.361788298055997,12.245578886291408,12.274630546569824,10370200.0
2014-01-07,12.274635234360282,12.33273996243328,12.223793770462157,12.281898498535156,13083100.0
2014-01-08,12.390842200379756,12.463473442206158,12.383578937664543,12.41263198852539,13428900.0
2014-01-09,12.325471254258002,12.339997776191574,12.100315705589162,12.17294692993164,9422200.0
2014-01-10,12.231052363489468,12.354525036655028,12.21652584068753,12.274630546569824,11148000.0
2014-01-13,12.354529754957902,12.448949418579277,12.274635234360282,12.281898498535156,10286100.0
2014-01-14,12.390842579034725,12.630524714658364,12.376317438486138,12.623261451721191,13334500.0
2014-01-15,12.695894032121045,12.8556830629065,12.659579098938478,12.753998756408691,15510900.0
2014-01-16,13.008206703463433,13.204310656257553,12.99368017688776,13.182520866394043,21768200.0
2014-01-17,13.051785777775441,13.051785777775441,12.855683197086519,12.906524658203125,14574800.0
2014-01-21,12.906518163060431,12.950096338469029,12.797572031876326,12.848413467407227,8371500.0
2014-01-22,12.906522544913484,13.059046903289254,12.870206231972332,13.044520378112793,12870700.0
2014-01-23,12.92831319457678,13.029997503161278,12.790315337390417,12.855683326721191,8872200.0
2014-01-24,12.87020716237606,12.906523477942565,12.71768279297411,12.761260986328125,12403200.0
2014-01-27,12.572419568803646,12.579682831493738,12.361790492093782,12.456210136413574,11006600.0
2014-01-28,12.485264063280937,12.53610552035349,12.383579763810026,12.46347427368164,7525700.0
2014-01-29,12.434421979293225,12.521578362644572,12.332737684949002,12.354527473449707,9378900.0
2014-01-30,12.434420860111468,12.536103759977806,12.419894335751815,12.448945999145508,7230000.0
2014-01-31,12.347265451637496,12.434423229074792,12.252845795962477,12.28916072845459,13590600.0
2014-02-03,12.361791352130595,12.427159335563516,12.114845944789735,12.180213928222656,14171700.0
2014-02-04,12.180212256688726,12.252843493349618,12.129370806623784,12.158422470092773,12321900.0
2014-02-05,12.071266046205617,12.107580971728387,11.940530097802663,11.955055236816406,14334100.0
2014-02-06,12.129373897479079,12.34000301361084,12.129373897479079,12.34000301361084,10142700.0
2014-02-07,12.427159343008618,12.543368783553255,12.405369553409322,12.46347427368164,9430700.0
2014-02-10,12.448945491319295,12.579681434571862,12.419893829110698,12.536103248596191,8003300.0
2014-02-11,12.565155705878114,12.674103255699393,12.485262590754989,12.630523681640625,9631800.0
2014-02-12,12.681366169892808,12.710419221641494,12.579683259423918,12.623261451721191,6962800.0
2014-02-13,12.528838426919476,12.724942317384134,12.528838426919476,12.674100875854492,6564600.0
2014-02-14,12.790310417319832,13.044517627679928,12.78304715626306,12.99367618560791,11269900.0
2014-02-18,13.008202618451415,13.029992401472201,12.841151771268212,12.921046257019043,6412700.0
2014-02-19,12.877468826951388,12.986414989475346,12.790312451062468,12.899258613586426,8702500.0
2014-02-20,12.783045511631721,12.906518163060431,12.6813612552447,12.848413467407227,11836500.0
2014-02-21,12.935577526925053,12.97915711362926,12.84842112416873,12.884736061096191,6013200.0
2014-02-24,12.862938602326615,12.921044683305036,12.819360426918017,12.848413467407227,5499200.0
2014-02-25,12.812101089989689,12.870205803435137,12.775786163583398,12.797575950622559,5944700.0
2014-02-26,12.81210356549754,12.979155861090382,12.797578423323916,12.950102806091309,9376100.0
2014-02-27,12.935573819354477,13.080836296081543,12.921048679942288,13.080836296081543,8659800.0
2014-02-28,13.0881023706708,13.182522031103245,13.059049314952542,13.124417304992676,11279600.0
2014-03-03,12.971888085769482,13.131675676713154,12.906520120082199,13.09536075592041,18168800.0
2014-03-04,13.117153850207583,13.167995311648841,13.080838916414091,13.102628707885742,12548700.0
2014-03-05,13.313258120360915,13.378626110937109,13.262416657762977,13.356836318969727,9863100.0
2014-03-06,13.611045222490544,13.719991413318063,13.5602037591261,13.705466270446777,14240300.0
2014-03-07,13.807148609478876,13.81441187326835,13.574729709519412,13.632834434509277,14153200.0
2014-03-10,13.581991807085402,13.770831108093262,13.560202017587972,13.770831108093262,10652100.0
2014-03-11,13.741780620699537,13.77083229053151,13.574729709519412,13.632834434509277,8748200.0
2014-03-12,13.632833578575449,14.155776070651438,13.632833578575449,14.112197875976562,21260500.0
2014-03-13,14.10493502838649,14.177566278535977,13.930620859223245,13.995988845825195,18414700.0
2014-03-14,13.901564223435097,14.010511763253026,13.7199868375059,13.727250099182129,13077400.0
2014-03-17,13.828936454281264,13.91609283683494,13.763568474703145,13.879777908325195,10786300.0
2014-03-18,13.857987998100928,13.94514576521351,13.828936332613875,13.930619239807129,11987400.0
2014-03-19,13.857983305191976,13.872509825679053,13.632827778943234,13.71272087097168,10596800.0
2014-03-20,13.473044256722929,13.690937995910645,13.414939536671364,13.690937995910645,13124200.0
2014-03-21,13.640097369996612,13.690938829973307,13.378625421172599,13.45851993560791,12885000.0
2014-03-24,13.5166227380207,13.560200928188776,13.364096994443903,13.538411140441895,7898200.0
2014-03-25,13.647357088845315,13.930617369613351,13.647357088845315,13.887039184570312,17129500.0
2014-03-26,13.988725201103914,14.046829922575053,13.857989231462389,13.865252494812012,10597800.0
2014-03-27,13.799884557282482,14.163039414053072,13.799884557282482,14.104934692382812,14222200.0
2014-03-28,14.126724971184773,14.453563522388956,14.126724971184773,14.26472282409668,11246400.0
2014-03-31,14.33735371914049,14.555247466527181,14.330090455695016,14.54072093963623,14482300.0
2014-04-01,14.577038036645641,14.787668551871525,14.569774772121363,14.758615493774414,16133600.0
2014-04-02,14.744083714888914,14.780400024579373,14.518928136110322,14.555244445800781,14875200.0
2014-04-03,14.497140611702624,14.591561646300976,14.38093117321679,14.48261547088623,14904400.0
2014-04-04,14.5479849136437,14.66419436379557,14.330091155614502,14.35914421081543,14585200.0
2014-04-07,14.271981923429713,14.388191336882512,14.242930262729255,14.337349891662598,9693500.0
2014-04-08,14.446298319382079,14.511666297912598,14.373668463526569,14.511666297912598,9181600.0
2014-04-09,14.497140241160155,14.678717657318929,14.497140241160155,14.635139465332031,9754100.0
2014-04-10,14.678715647532497,14.744083619225638,14.373666960065256,14.395455360412598,9776500.0
2014-04-11,14.39545619471109,14.497139096426606,14.337351481541418,14.446297645568848,8414400.0
2014-04-14,14.569771048480698,14.765874984539145,14.511666332462532,14.715033531188965,9819500.0
2014-04-15,14.765877144535963,14.932928054359186,14.569773179790838,14.896613121032715,22468600.0
2014-04-16,14.823980144376247,14.831243407261686,14.562508221803373,14.635139465332031,15121500.0
2014-04-17,14.954715564686213,15.19439768993243,14.940189039440819,15.049135208129883,20492800.0
2014-04-21,14.816714851039421,14.954714056300178,14.715031955229156,14.932924270629883,11525800.0
2014-04-22,14.802188327259225,14.947450794410079,14.780399926914486,14.932924270629883,11191200.0
2014-04-23,14.794930568448976,14.860297173001712,14.744087721067606,14.823982238769531,9031700.0
2014-04-24,14.845767898599815,14.961977318190277,14.715031955229156,14.932924270629883,12202800.0
2014-04-25,14.5770343991687,14.635139115537717,14.417246775485328,14.460824966430664,15474700.0
2014-04-28,14.62061261621931,14.751348574614457,14.569771162471355,14.744085311889648,14382700.0
2014-04-29,14.736820836809283,14.816713942047887,14.58429511712564,14.598821640014648,13771200.0
2014-04-30,14.497137365117062,14.598821640014648,14.38092795265594,14.598821640014648,12965700.0
2014-05-01,14.591563111119171,14.606089638719634,14.344617683214967,14.35914421081543,10276400.0
2014-05-02,14.344616105273975,14.380931034954488,14.25019645690918,14.25019645690918,11073200.0
2014-05-05,14.184828588491117,14.330089693698865,14.163038799313355,14.279248237609863,7061200.0
2014-05-06,14.366406930869106,14.591562558850818,14.330090613242463,14.52619457244873,10549900.0
2014-05-07,14.555248608552231,14.773140987709208,14.504405760444707,14.765877723693848,14637400.0
2014-05-08,14.780403671996915,14.954717845550613,14.765877144535963,14.896613121032715,13522200.0
2014-05-09,14.88935022864821,14.925665162880389,14.71503605074705,14.823982238769531,10384000.0
2014-05-12,14.613349761796753,14.954714775085451,14.606086499557552,14.95471477508545,19623700.0
2014-05-13,14.903872414807578,15.041870232950316,14.831241182175564,14.991028785705566,9547500.0
2014-05-14,15.041875069240685,15.150822645880496,14.925665613795806,14.947455406188965,10140100.0
2014-05-15,14.947452344421164,15.034610110814816,14.831242912780093,15.0055570602417,12943300.0
2014-05-16,15.012820836182549,15.121767008905277,14.809453631194575,15.08545207977295,9131200.0
2014-05-19,14.99103053495514,15.056398513418955,14.940189081777884,15.0055570602417,6459900.0
2014-05-20,14.911139648493666,15.041874239664509,14.860296802380335,14.896613121032715,4564200.0
2014-05-21,14.896612247069,14.976506758091025,14.874822457155949,14.889348983764648,5629400.0
2014-05-22,14.940187338460818,15.049133494746071,14.911135676603335,14.991028785705566,6156500.0
2014-05-23,15.049135250775675,15.049135250775675,14.925662556491325,15.0055570602417,7179700.0
2014-05-27,15.129028281908488,15.223447916429174,15.034608647387799,15.172606468200684,7520300.0
2014-05-28,15.216185842346498,15.26702728991518,15.114501561883586,15.15081787109375,7761100.0
2014-05-29,15.14355692190819,15.14355692190819,14.991031170583542,15.034610748291016,6114900.0
2014-05-30,14.816714851039421,14.983765718535015,14.816714851039421,14.932924270629883,6671500.0
2014-06-02,15.012820322884979,15.027346848171536,14.940189081777884,15.0055570602417,6475000.0
2014-06-03,15.03460579896176,15.470390349972,14.983762975040282,15.426812171936035,20116100.0
2014-06-04,15.412289702654476,15.44134275253327,15.310606798730037,15.325133323669434,10888700.0
2014-06-05,15.339659492848275,15.405026082908229,15.288816656739545,15.397764205932617,8404000.0
2014-06-06,15.412291701122184,15.41955496453369,15.303345520601306,15.317872047424316,7647900.0
2014-06-09,15.463128706507401,15.484917103189309,15.368707703134724,15.405022621154785,8131800.0
2014-06-10,15.390501019465376,15.543025372566198,15.346921445443163,15.470394134521484,7595600.0
2014-06-11,15.477656914442559,15.52123648710646,15.288816255542446,15.34692096710205,7507600.0
2014-06-12,15.32513324483085,15.412289623367528,15.245238743400847,15.332396507263184,5641600.0
2014-06-13,15.354186979155994,15.40502843771068,15.267030588869629,15.317872047424316,5705100.0
2014-06-16,15.317866263776509,15.412285881823863,15.303339742438355,15.405022621154785,4543500.0
2014-06-17,15.419552566974343,15.47039401762378,15.346921329478446,15.4413423538208,10287700.0
2014-06-18,15.419549447042243,15.572075153454726,15.34691822424227,15.506707191467285,8455000.0
2014-06-19,15.499449614321863,15.753658294677734,15.499449614321863,15.753658294677734,9709300.0
2014-06-20,15.601129440188444,15.615655964261245,15.35418407225315,15.36144733428955,8450400.0
2014-06-23,15.267028330251541,15.267028330251541,15.129029116500375,15.143555641174316,6105200.0
2014-06-24,15.296079148911351,15.361447121005783,15.0709235702114,15.092713356018066,8122200.0
2014-06-25,15.165340652120317,15.296076574303951,14.874817150226313,15.274288177490234,5486200.0
2014-06-26,15.296077607059035,15.361445572564342,15.187131459658662,15.2670259475708,5177100.0
2014-06-27,15.383242230215696,15.470398632951886,15.339664028847602,15.455873489379883,5816000.0
2014-06-30,15.506709217795516,15.579340450086526,15.448604509027815,15.535760879516602,6491200.0
2014-07-01,15.739129383290953,15.96428497563245,15.739129383290953,15.957021713256836,8655700.0
2014-07-02,16.24028519222754,16.43638775665226,16.167653945802257,16.254810333251953,10574100.0
2014-07-03,16.400073828103473,16.49449348449707,16.34923236809724,16.49449348449707,4317800.0
2014-07-07,16.57438884667409,16.61796704529025,16.429127722844893,16.465442657470703,12390700.0
2014-07-08,16.42186387646427,16.472705337267726,16.312916305798677,16.392810821533203,10319000.0
2014-07-09,16.305649036924525,16.334700696925527,16.218491286270623,16.283859252929688,12353400.0
2014-07-10,16.131339438148405,16.66880989074707,16.124077559485087,16.66880989074707,14431800.0
2014-07-11,16.70512071694235,16.755962167037467,16.516280055642188,16.567121505737305,13026000.0
2014-07-14,16.739417416744303,16.843388495991253,16.650298337032833,16.828535079956055,14313800.0
2014-07-15,16.76169891885591,16.776552337367512,16.516623179414285,16.68743324279785,10256800.0
2014-07-16,16.078457266756747,16.115590813077173,15.528893529714017,15.543746948242188,41814000.0
2014-07-17,15.469478199944113,15.469478199944113,14.942194695409377,15.001606941223145,25798200.0
2014-07-18,15.26896598244801,15.350658376472085,15.179848294876388,15.209553718566895,19052400.0
2014-07-21,15.239260428741826,15.268965852178896,15.150141325430429,15.1724214553833,17570900.0
2014-07-22,15.380358695983885,15.45462435531425,15.350653282151521,15.380358695983887,10489800.0
2014-07-23,15.410069274200362,15.439776111757364,15.328376887418584,15.358083724975586,11879700.0
2014-07-24,15.476906912356107,15.573451293120868,15.410067950095943,15.514039039611816,12694300.0
2014-07-25,15.328374511021728,15.328374511021728,15.075872096933212,15.113005638122559,12177800.0
2014-07-28,15.001603179470612,15.164986460364105,14.949616237982424,15.127854347229004,12681000.0
2014-07-29,15.350650872028266,15.447195222450086,15.246679815189472,15.254106521606445,9895500.0
2014-07-30,15.402642191001028,15.43234902783707,15.306097804283786,15.387788772583008,9957300.0
2014-07-31,14.98675389161035,15.061019554815992,14.793663733875563,14.853075981140137,16332100.0
2014-08-01,14.875355741806427,15.0758711861156,14.875355741806427,15.001606941223145,9833500.0
2014-08-04,15.268966546731516,15.31352680866421,15.113009879467553,15.231834411621094,9836300.0
2014-08-05,14.860503059324266,14.890208475446737,14.615427356189972,14.704545021057129,13411900.0
2014-08-06,14.82336832197344,14.934767518814626,14.771382785580688,14.882781982421875,9394300.0
2014-08-07,14.927341378932347,15.03131245567178,14.756531348146229,14.786236763000488,8653500.0
2014-08-08,14.830794285282826,14.875354528383006,14.645130855197413,14.697117805480957,19783100.0
2014-08-11,14.860506635749427,14.979331161835873,14.860506635749427,14.890212059020996,10054400.0
2014-08-12,14.927343051791256,14.934769760462029,14.778811711375486,14.845650672912598,9283800.0
2014-08-13,15.098150253295898,15.187269324032087,15.053591426177592,15.098150253295898,11932500.0
2014-08-14,15.261537984091952,15.298671531195573,15.19469901580542,15.246685981750488,6287000.0
2014-08-15,15.261533449959131,15.261533449959131,15.07587001910075,15.18726921081543,7212400.0
2014-08-18,15.172421080288034,15.216979922592095,15.105582108581915,15.202126502990723,4432100.0
2014-08-19,15.328373726957926,15.454624927544291,15.328373726957926,15.402639389038086,7677200.0
2014-08-20,15.402637309676686,15.521461786363721,15.387783895965933,15.476902961730957,10026700.0
2014-08-21,15.387786587411366,15.439773544491931,15.291242214404088,15.313522338867188,10642500.0
2014-08-22,15.402639651815251,15.59572980991801,15.402639651815251,15.469478607177734,11389900.0
2014-08-25,15.48433495159289,15.49918837037139,15.335803596807835,15.358083724975586,9991200.0
2014-08-26,15.380362759414846,15.484335276546338,15.328377209099104,15.4472017288208,7830700.0
2014-08-27,15.53631445521758,15.558594574715535,15.365504455231541,15.528887748718262,12153100.0
2014-08-28,15.387783158230068,15.543741161716898,15.291238806737786,15.528887748718262,7620800.0
2014-08-29,15.558603735713518,15.558603735713518,15.454631200002845,15.551177024841309,5322800.0
2014-09-02,15.610584901601396,15.788821662867555,15.588304775255677,15.655143737792969,8116900.0
2014-09-03,15.803672042534208,15.87793628307793,15.721979678136604,15.855657577514648,9850200.0
2014-09-04,15.833378897461287,15.877937729145591,15.72940781803134,15.736834526062012,8057900.0
2014-09-05,15.69227091726196,15.736831155903078,15.580873153657997,15.72940444946289,5969000.0
2014-09-08,15.721983149331251,15.729409858325255,15.603158638426992,15.647717475891113,6724200.0
2014-09-09,15.647717416344571,15.744263216399322,15.58087845215279,15.632863998413086,7312400.0
2014-09-10,15.447196234133607,15.655139777929454,15.41006411611626,15.61800765991211,6244800.0
2014-09-11,15.469481659212764,15.551174046662036,15.402642690663358,15.521467208862305,7389100.0
2014-09-12,15.402640632014169,15.417494048928793,15.061020541976633,15.105579376220703,15136400.0
2014-09-15,15.20212490784619,15.20212490784619,15.023888140832106,15.031314849853516,8072900.0
2014-09-16,15.023890216875891,15.291246112590969,14.957051242947122,15.209553718566895,8209000.0
2014-09-17,15.268962089940988,15.395213295565732,15.254110090131997,15.313522338867188,6456800.0
2014-09-18,15.37293544003522,15.566024196756594,15.335801897204323,15.5363187789917,8889700.0
2014-09-19,15.506610302724424,15.558597257182754,15.224402489591844,15.239255905151367,8952700.0
2014-09-22,15.172415525748907,15.187268939912524,15.001605512365915,15.120429992675781,12063100.0
2014-09-23,15.068447250433946,15.209550461623467,15.061020541976633,15.105579376220703,9091000.0
2014-09-24,15.224403640914527,15.328374724694502,15.18727151570733,15.291242599487305,9684500.0
2014-09-25,15.098153934374423,15.127860770695829,14.897637038704689,14.934770584106445,12835200.0
2014-09-26,14.912491482439702,15.001610581032974,14.905064772848593,14.957050323486328,11396400.0
2014-09-29,14.801093160310346,14.875358837156103,14.66741522528798,14.815946578979492,12150400.0
2014-09-30,14.778811776889828,14.994182079797445,14.711972815056418,14.98675537109375,15357400.0
2014-10-01,14.986752750247172,15.023884870772225,14.845648142552687,14.927340507507324,16100700.0
2014-10-02,14.927340597146651,15.1575628620836,14.801089403503884,15.068445205688477,22937000.0
2014-10-03,15.306095281013727,15.52146414657084,15.246683033635932,15.469478607177734,19548800.0
2014-10-06,15.521461722351424,15.528888429176172,15.372931835354933,15.46204948425293,19804800.0
2014-10-07,15.365508130881523,15.402640255761224,15.120432423776103,15.135284423828125,9473500.0
2014-10-08,14.979326560759443,15.34322673718547,14.942194438950528,15.298667907714844,12264600.0
2014-10-09,15.424923547511138,15.432350257311825,15.157567660686661,15.202126502990723,10846800.0
2014-10-10,14.986754679744553,15.016460096689155,14.400057467716003,14.437191009521484,28668600.0
2014-10-13,14.71197279771385,14.934769809062528,14.57086958200952,14.608001708984375,14696600.0
2014-10-14,14.771386833208693,15.135287104172857,14.741681411344281,14.957050323486328,21296600.0
2014-10-15,14.645129794190598,15.038736747395571,14.44461438076491,14.905058860778809,20760400.0
2014-10-16,15.023888520341174,15.662571347316609,14.994183100005078,15.387788772583008,30662100.0
2014-10-17,15.261537549029724,15.462054448173166,15.261537549029724,15.387788772583008,14809100.0
2014-10-20,15.43977616434037,15.588306103131295,15.320950230207657,15.499188423156738,11512400.0
2014-10-21,15.543749125834996,15.94478156677834,15.447203308376308,15.885369300842285,17393800.0
2014-10-22,16.04131679568589,16.115582433209745,15.73682895668739,15.773961067199707,14927700.0
2014-10-23,15.840811168293055,15.907650147541144,15.692279788519475,15.818531036376953,10095300.0
2014-10-24,15.603153272978556,15.736831155903078,15.514034212195737,15.72940444946289,8800200.0
2014-10-27,15.833384625940493,15.892796895181348,15.677427950370832,15.863091468811035,11136800.0
2014-10-28,15.929924414889067,16.041322200458282,15.84823204443845,16.03389549255371,11058800.0
2014-10-29,16.01904207674456,16.08588103138603,15.922497706984494,16.03389549255371,9201700.0
2014-10-30,15.959634233944193,15.996767783713777,15.603160655156723,15.6774263381958,12181300.0
2014-10-31,16.108165210248153,16.43493194131308,16.108165210248153,16.353240966796875,19615000.0
2014-11-03,16.32353044286212,16.32353044286212,16.152720406113723,16.264118194580078,10560900.0
2014-11-04,16.33095778215157,16.338384490536335,16.160147738801367,16.301252365112305,8881100.0
2014-11-05,16.382946895884388,16.47206599943004,16.219563525300806,16.360668182373047,8994500.0
2014-11-06,16.368091842088482,16.382943842828254,16.130441415754305,16.18985366821289,6782500.0
2014-11-07,16.2047061920166,16.24183973306828,16.048749569098817,16.2047061920166,7835600.0
2014-11-10,16.41264866940967,16.58345869726899,16.405221961698437,16.53147315979004,7833800.0
2014-11-11,16.605740087828504,16.63544550444102,16.412649922097966,16.486915588378906,6580400.0
2014-11-12,16.17500519570327,16.390374126656315,16.152725064983933,16.375520706176758,11788800.0
2014-11-13,16.531474818550567,16.65029932085373,16.457209150486136,16.59088706970215,10891000.0
2014-11-14,16.665157204947942,16.687435919789337,16.56861138563464,16.63545036315918,8233100.0
2014-11-17,16.464631717254644,16.486911837019335,16.17499724281088,16.271541595458984,16309900.0
2014-11-18,16.16015177522371,16.420080967615434,16.115592930285175,16.375520706176758,13347000.0
2014-11-19,16.590891867775092,16.813687519900903,16.516626178233082,16.731996536254883,14975100.0
2014-11-20,16.78397322509601,16.947356522554216,16.72456098815671,16.90279769897461,11797500.0
2014-11-21,17.043907939925266,17.15530574403263,16.99934768508237,17.125598907470703,11661000.0
2014-11-24,16.977069598491,17.08846740669501,16.895377211441396,17.036481857299805,9042000.0
2014-11-25,17.036476517131007,17.133020876245507,16.984490984030923,17.014196395874023,6605100.0
2014-11-26,17.073611333718375,17.25927479069639,17.029052500663585,17.2147159576416,7688400.0
2014-11-28,17.326113149482634,17.482071184531836,17.170156530933145,17.430084228515625,6019000.0
2014-12-01,17.22957205255342,17.244424054880632,16.962216179663802,17.036481857299805,7990200.0
2014-12-02,16.835965355928668,16.85081877511167,16.66515528482419,16.761699676513672,9853000.0
2014-12-03,16.895376709252197,17.140452446616518,16.76912548597361,17.029054641723633,16566400.0
2014-12-04,17.00677324504096,17.029053370956895,16.858243321767578,16.94736099243164,6130000.0
2014-12-05,16.902802407365375,16.93250782585994,16.74684435664437,16.887948989868164,7679900.0
2014-12-08,16.917654655922444,17.006772321748336,16.628018700738902,16.7097110748291,9404100.0
2014-12-09,16.54633126362233,16.783980311721027,16.390373190495026,16.769126892089844,9606600.0
2014-12-10,16.67258239198333,16.67258239198333,16.464638767962807,16.4794921875,10065400.0
2014-12-11,16.338386917138706,16.61316950218695,16.278974657736384,16.442358016967773,11096100.0
2014-12-12,16.43493131512456,16.501770284045765,16.31610679626465,16.31610679626465,11335100.0
2014-12-15,16.47948667479424,16.628016570979888,16.256689705766405,16.2938232421875,14120700.0
2014-12-16,16.19728468082372,16.22699152319672,15.915076760781261,15.922503471374512,11179200.0
2014-12-17,15.7888236831118,16.078458280166753,15.714558002290007,16.07103157043457,13146600.0
2014-12-18,16.375517117908686,16.501768331319994,16.130441399698483,16.18242835998535,10804900.0
2014-12-19,16.702284462443888,16.746843295612546,16.330957547538954,16.486915588378906,11708000.0
2014-12-22,16.53890304156532,16.76912535879795,16.501769495882684,16.613168716430664,4714700.0
2014-12-23,16.501767604891924,16.61316681267431,16.486915604820737,16.494340896606445,6055100.0
2014-12-24,16.516623804222746,16.717140712214885,16.501770385149253,16.598316192626953,1975600.0
2014-12-26,16.73199208717025,16.73941879579969,16.538901912304347,16.568607330322266,2634900.0
2014-12-29,16.828537631176243,16.895376596967758,16.620594024658203,16.620594024658203,3737200.0
2014-12-30,16.583463021142734,16.754273093538064,16.57603631149511,16.6651554107666,4791900.0
2014-12-31,16.694859699593213,16.813684212889253,16.583461895440664,16.620594024658203,3877200.0
2015-01-02,16.672574952980135,16.680000242935648,16.33838024500526,16.546323776245117,6074100.0
2015-01-05,16.442353497462978,16.464633619802218,16.123012159765253,16.145292282104492,9031800.0
2015-01-06,15.833384625940493,16.026474855098332,15.71456008745878,15.863091468811035,10169500.0
2015-01-07,16.033895249281716,16.160146448744552,15.84823180398341,16.093307495117188,10180200.0
2015-01-08,16.10816321056182,16.345812227834305,16.09330979285732,16.197280883789062,15825900.0
2015-01-09,16.056175433915026,16.071027433055804,15.610582880199129,15.744260787963867,17596000.0
2015-01-12,15.640286115756167,15.66256623611247,15.3655050471925,15.439770698547363,24695300.0
2015-01-13,15.61058528801576,15.818527473056948,15.588305161118532,15.632863998413086,11043200.0
2015-01-14,15.335807894570605,15.670002828242998,15.298675753718284,15.64029598236084,21760200.0
2015-01-15,16.776550196180075,17.177582529309998,16.27154536323888,16.999345779418945,36350200.0
2015-01-16,16.613171236689535,16.85824700937382,16.55375897108426,16.783981323242188,22402000.0
2015-01-20,16.783974672456857,17.222140488856585,16.687428893792738,17.14787483215332,23999700.0
2015-01-21,17.081037173659293,17.296407452725283,17.051330342133078,17.23699378967285,17966600.0
2015-01-22,17.2295736583584,17.615752668357725,16.999349894579826,17.608325958251953,25334400.0
2015-01-23,17.771704370706697,18.046485463522274,17.734570833502154,17.81626319885254,13027300.0
2015-01-26,17.786559703328855,17.964796451629258,17.74942616212059,17.942516326904297,14091400.0
2015-01-27,17.92023962302529,18.01678543209693,17.786563098656913,17.964799880981445,14735300.0
2015-01-28,18.15046313071058,18.18759526201174,17.712297182156803,17.771709442138672,16762900.0
2015-01-29,17.593468936588412,17.675159891452044,17.14044966484583,17.29640769958496,19411300.0
2015-01-30,17.073612850719492,17.17015865016608,16.83596383131233,16.86566925048828,17590300.0
2015-02-02,17.103320825522207,17.14045295609022,16.865670373787,17.036481857299805,12854500.0
2015-02-03,17.33354661435687,17.407812306830174,17.12560295873167,17.192441940307617,16676200.0
2015-02-04,17.519206494509366,17.638031011159285,17.41523539656568,17.51177978515625,11266500.0
2015-02-05,17.6157468023189,17.64545363284962,17.311258871877232,17.57118797302246,12016600.0
2015-02-06,17.41523308188987,17.548909582978975,17.118170413248,17.155303955078125,16529800.0
2015-02-09,17.02163346560019,17.03648688881416,16.702291949001825,16.835969924926758,12821100.0
2015-02-10,17.74942625707988,17.78655979848681,17.42265817519772,17.7197208404541,17077300.0
2015-02-11,17.734576871942927,18.083625158014936,17.652885895277215,18.039066314697266,14211100.0
2015-02-12,18.128180194968987,18.18016573734091,17.93509002580199,18.172739028930664,10136200.0
2015-02-13,18.157888547339738,18.536640792442608,18.120755002182655,18.44752311706543,11637500.0
2015-02-17,18.336126071872986,18.48465600913585,18.32869936253485,18.395538330078125,10525500.0
2015-02-18,18.336126848512983,18.45495136995616,18.276714587791396,18.35097885131836,7433100.0
2015-02-19,18.328695785333625,18.35097449249995,18.165311044782225,18.209871292114258,9929400.0
2015-02-20,18.343549447753418,18.350974739242236,18.04648679421108,18.15045928955078,7268000.0
2015-02-23,18.12817658969947,18.143030003565965,17.920233045067086,17.987071990966797,7827400.0
2015-02-24,18.105899349714267,18.625757585759686,18.083620641869288,18.596052169799805,15932700.0
2015-02-25,18.603477461414972,18.803994331018185,18.558918629225282,18.596052169799805,10388400.0
2015-02-26,18.417816789777753,18.558921432273213,18.306418984228685,18.328699111938477,7588500.0
2015-02-27,18.38068376075022,18.40296388736987,18.172740161799755,18.217300415039062,8541000.0
2015-03-02,18.120752994757183,18.291563034057617,18.120752994757183,18.291563034057617,7081200.0
2015-03-03,18.3509773158163,18.36583073387886,18.120755001846305,18.19502067565918,7485300.0
2015-03-04,18.24700044371513,18.26928056375305,17.920232432322948,18.068763732910156,9415000.0
2015-03-05,18.165313720703125,18.18016713866852,17.927664699256464,18.165313720703125,6882400.0
2015-03-06,18.009356043793165,18.105900422005128,17.853399413643118,17.890531539916992,6375000.0
2015-03-09,17.57861695158762,17.600897077363967,17.274128981809998,17.415233612060547,15598700.0
2015-03-10,17.095889171899557,17.2741258967791,17.01419680847576,17.118167877197266,12405600.0
2015-03-11,17.38552830954464,17.615750630185996,17.38552830954464,17.4449405670166,9485000.0
2015-03-12,17.45236358424924,17.63802702663487,17.430083461223088,17.47464370727539,10892000.0
2015-03-13,17.571191916518348,17.801414238801566,17.563765207218893,17.734575271606445,9748200.0
2015-03-16,17.801415346018402,18.113330073496197,17.749429794188778,18.031639099121094,18384800.0
2015-03-17,17.860822962378055,18.150458901743427,17.786558717078933,18.053913116455078,12558800.0
2015-03-18,18.202448907764403,18.49208350171964,17.935093026267243,18.35097885131836,14551700.0
2015-03-19,18.492077591285646,18.677741023761403,18.291560744251928,18.313840866088867,11699700.0
2015-03-20,18.41781704159257,18.492082718473988,18.32869936253485,18.395538330078125,7196900.0
2015-03-23,18.477228417477473,18.529215380361972,18.380684033691775,18.417816162109375,9110900.0
2015-03-24,18.276713058503336,18.343552023284932,18.1578885470027,18.19502067565918,9071500.0
2015-03-25,18.150459950790772,18.157886659049865,17.140450291550444,17.2147159576416,32339400.0
2015-03-26,17.12559788354357,17.45979269238434,17.051332213078968,17.229570388793945,36432500.0
2015-03-27,17.014201729059007,17.170159793744613,16.828538243218993,17.036481857299805,20264000.0
2015-03-30,16.917655839490415,17.303834779252817,16.917655839490415,17.26670265197754,14707100.0
2015-03-31,17.385529706386805,17.496927521034507,17.318690734298173,17.437515258789062,13621500.0
2015-04-01,17.4003814779691,17.430086898028193,17.18501116241595,17.251850128173828,13314800.0
2015-04-02,17.541482176606454,17.697438783994123,17.511775346723308,17.593467712402344,12443500.0
2015-04-06,17.229572280150926,17.630604678282886,17.22214557063922,17.482074737548828,11439200.0
2015-04-07,17.482071431058085,17.548908971022016,17.340966810023705,17.37067222595215,13305600.0
2015-04-08,17.177583427918833,17.340968186240918,17.14045130093646,17.229570388793945,10835200.0
2015-04-09,17.266705554119348,17.578620291756994,17.25927884411606,17.40781021118164,10183300.0
2015-04-10,17.6231739986852,17.675159537056004,17.3632448903315,17.452363967895508,10531900.0
2015-04-13,17.459794499259992,17.593472436630336,17.311263142959614,17.32611656188965,11125700.0
2015-04-14,17.25927479069639,17.30383362375118,16.954786834572428,17.2147159576416,13787000.0
2015-04-15,17.199860188605776,17.556333637286826,17.147874654402237,17.459789276123047,16883000.0
2015-04-16,17.45979038789126,17.489495802256418,16.821107689294326,17.259273529052734,28320800.0
2015-04-17,17.110748294070774,17.266704949175562,16.984497061438304,17.24442481994629,16113600.0
2015-04-20,17.37810146960829,17.54148623880243,17.222144826104724,17.281557083129883,15253500.0
2015-04-21,17.303836433494595,17.355823399749724,17.199865333984324,17.32611656188965,13191400.0
2015-04-22,17.378102090436965,17.704870223999023,17.37067538098101,17.704870223999023,15880200.0
2015-04-23,17.704873334285658,18.13561264290082,17.600902216637245,18.046493530273438,22973300.0
2015-04-24,18.707449570104725,18.796567232633773,18.33612267106771,18.4995059967041,28481800.0
2015-04-27,18.48465400585498,19.13819019178426,18.395536336455418,18.870834350585938,25744900.0
2015-04-28,18.737155762834934,18.78171601244793,18.417814389773977,18.573772430419922,14437100.0
2015-04-29,18.454951603209835,18.492083735442634,18.261861399299185,18.41039276123047,12642500.0
2015-04-30,18.195018120982247,18.28413720034489,18.091047042142257,18.15045928955078,16033300.0
2015-05-01,18.343553169217323,18.447524269150538,18.247007362279337,18.373258590698242,9732900.0
2015-05-04,18.239577075459223,18.276710615652377,18.03163491637645,18.06134033203125,9436900.0
2015-05-05,17.972227341470717,18.157890841211117,17.949947211561835,18.039066314697266,13233000.0
2015-05-06,18.10590335152959,18.202449161862425,18.009358957696804,18.15789031982422,8302200.0
2015-05-07,18.08362299175217,18.12818182973207,17.99450389929244,18.09847640991211,7299600.0
2015-05-08,18.165312073211695,18.373255656368165,18.11332653154752,18.23215103149414,11054400.0
2015-05-11,18.254433051091734,18.284139887411616,18.076196282672196,18.09847640991211,6256500.0
2015-05-12,17.95736989420974,18.1950188939396,17.92766306099362,18.105899810791016,10406900.0
2015-05-13,18.18016470500519,18.321269323787828,18.113325749608133,18.15045928955078,6596700.0
2015-05-14,18.098474134086295,18.2098719232781,18.053913885209784,18.1281795501709,9130500.0
2015-05-15,18.157885387591385,18.269283170677905,18.12817855663516,18.23957633972168,5952400.0
2015-05-18,18.180165090693755,18.180165090693755,18.098474134086295,18.1281795501709,9387100.0
2015-05-19,18.18016561100498,18.313843528460865,18.165312194287708,18.261857986450195,10063100.0
2015-05-20,18.2098719384601,18.321269727744777,18.12817956528479,18.254430770874023,9053200.0
2015-05-21,18.105897492060965,18.14303102882561,17.93508747244237,18.00192642211914,12175800.0
2015-05-22,18.09847448982589,18.254431114459912,17.97222328186035,17.97222328186035,8574500.0
2015-05-26,17.949943800096605,18.105900430318258,17.935090382980306,18.016782760620117,10911600.0
2015-05-27,17.9499456902467,18.343552786276923,17.897960141365346,18.269287109375,14361100.0
2015-05-28,18.187595742349675,18.306420265451585,18.09105134851689,18.15789031982422,10416600.0
2015-05-29,17.86082760760941,18.143036912541724,17.779136633234305,18.031639099121094,13170000.0
2015-06-01,17.957370637546404,18.001929472715304,17.77170717175953,17.927663803100586,10391300.0
2015-06-02,17.808841330522842,17.82369474944071,17.5563388749191,17.5786190032959,12267300.0
2015-06-03,17.66030704811498,17.675159046880697,17.437510068633507,17.57118797302246,10846500.0
2015-06-04,17.28155142943113,17.40037590460775,16.917651297140292,17.066181182861328,16981800.0
2015-06-05,16.947361112622435,17.110745870831668,16.89537556828308,16.977067947387695,9277100.0
2015-06-08,16.984494528712528,17.021626655390804,16.783977645050243,16.821109771728516,9155900.0
2015-06-09,16.984495043450607,17.155305097747036,16.865669118179312,16.954788208007812,14045900.0
2015-06-10,17.118172946369114,17.333543271354667,17.081040815544018,17.32611656188965,14611900.0
2015-06-11,17.57118705177343,17.60831917149037,17.422655739906542,17.459789276123047,12836500.0
2015-06-12,17.482074613329758,17.645457971926298,17.378102097404692,17.5786190032959,12115900.0
2015-06-15,17.3706704151845,17.40780395184882,17.251845930857854,17.274126052856445,12984800.0
2015-06-16,17.259277333150184,17.563765334128092,17.229571912237688,17.51177978515625,12381400.0
2015-06-17,17.49692737718008,17.600899897629827,17.41523640257677,17.526634216308594,12642300.0
2015-06-18,17.571190642975044,17.697441858915266,17.504351680624346,17.645456314086914,11225200.0
2015-06-19,17.54148226637387,17.586041094927,17.370670826670896,17.378097534179688,11609100.0
2015-06-22,17.571192286791817,17.74200235477881,17.52663344655608,17.704870223999023,13407100.0
2015-06-23,17.831121702120537,17.853401830801243,17.638031503054467,17.771709442138672,9339600.0
2015-06-24,17.79398280818676,17.8236896375024,17.69743844591011,17.74942398071289,9368200.0
2015-06-25,17.85340462000497,18.068773564898418,17.823697777122987,17.88311004638672,8369700.0
2015-06-26,17.76428237171155,17.853401468123973,17.407808819061813,17.548912048339844,14805800.0
2015-06-29,17.371138376610762,17.578029214624724,17.133597856035657,17.148921966552734,14494500.0
2015-06-30,17.51672904466038,17.72361842890343,17.37113902783768,17.40178871154785,15836800.0
2015-07-01,17.72361916104595,17.800245565777303,17.509066981630692,17.57036781311035,12403200.0
2015-07-02,17.62400802421171,17.876874167837133,17.585695547900425,17.73894691467285,7884900.0
2015-07-06,17.624006800604,17.82323487895061,17.52439349219429,17.578031539916992,7476100.0
2015-07-07,17.47841629944615,17.624006326150646,17.19490049439371,17.593355178833008,10131500.0
2015-07-08,17.30983380692881,17.363471835957515,16.995666955594956,17.033979415893555,13956700.0
2015-07-09,17.302170064853062,17.35580809091279,16.942027988790162,17.026315689086914,12147200.0
2015-07-10,17.118272102981695,17.371138192927045,17.118272102981695,17.294511795043945,9042600.0
2015-07-13,17.38646680151199,17.532055375238563,17.28685202840725,17.51673126220703,11501200.0
2015-07-14,17.447767722990488,17.547381035051973,17.386466885984827,17.470754623413086,8778400.0
2015-07-15,17.40178500801229,17.555037778528266,17.171907313765054,17.286846160888672,13861500.0
2015-07-16,16.89605648178455,17.49374065926256,16.627866268999913,17.4171142578125,29850800.0
2015-07-17,17.585692807622692,17.6929688937999,17.455428362324483,17.64699363708496,10314200.0
2015-07-20,17.646987544934447,17.65465032866274,17.332820719707122,17.547372817993164,12307200.0
2015-07-21,17.578029711205467,17.746606623871568,17.4937405241089,17.532052993774414,9372700.0
2015-07-22,17.217880903029716,17.271520390616043,16.942027988790162,17.026315689086914,17279900.0
2015-07-23,16.95735439436773,17.240871592516456,16.926704715974967,17.09528160095215,16251500.0
2015-07-24,16.903717889473842,17.018656751511394,16.558901303361186,16.58188819885254,15045700.0
2015-07-27,16.528254928320386,16.620206921390555,16.344352403707397,16.574230194091797,10167100.0
2015-07-28,16.63552839638781,16.850082038494172,16.551240666100437,16.765792846679688,13102700.0
2015-07-29,16.719817342195988,17.064635429520763,16.658516511285704,16.942033767700195,12780100.0
2015-07-30,17.0339869891443,17.45543154743501,17.003337299584015,17.39413070678711,17400600.0
2015-07-31,17.279187606943207,17.32516432627124,16.880732936789915,16.942033767700195,16313800.0
2015-08-03,16.781123383713926,16.781123383713926,16.489944711859682,16.64319610595703,11945800.0
2015-08-04,16.727476895521942,16.796440499657027,16.352009196079155,16.436298370361328,13832400.0
2015-08-05,16.51292792450449,16.758132730977003,16.48994102437038,16.55890464782715,7506500.0
2015-08-06,16.413315916728962,16.512929235448475,16.099148923385517,16.306039810180664,12945100.0
2015-08-07,16.290703424687045,16.405642242795487,16.08381267517603,16.114463806152344,16644500.0
2015-08-10,16.183436843188765,16.773456843890667,16.030184021834348,16.55890464782715,25398700.0
2015-08-11,16.091479435018243,16.168105819871297,15.746661433942876,15.961215019226074,18685200.0
2015-08-12,15.731341632610523,15.922906916420322,15.463149942971377,15.899918556213379,20957100.0
2015-08-13,15.74665878123223,15.85393628656503,15.639382737425912,15.738997459411621,7873400.0
2015-08-14,15.608735580936456,15.631722473155623,15.49379527373375,15.6163969039917,11355400.0
2015-08-17,15.248590193091388,15.562757015818143,15.087676120657632,15.539770126342773,18060200.0
2015-08-18,15.46314728565762,15.478472856495243,15.332882856591576,15.3482084274292,10410700.0
2015-08-19,15.325217793158338,15.371193037310347,15.041700620913177,15.256254196166992,12520400.0
2015-08-20,15.164304882584876,15.37885701293258,15.02637767791748,15.02637767791748,12865500.0
2015-08-21,14.750522917128224,14.949750934509009,14.459344406511224,14.467005729675293,20217500.0
2015-08-24,13.593470612444264,14.888452173387053,13.27164091864567,14.375057220458984,31876000.0
2015-08-25,15.118329899731647,15.332883516106357,14.329081967495455,14.375057220458984,25640300.0
2015-08-26,14.819488892592666,14.926764972401134,14.512984763477782,14.903778076171875,20952300.0
2015-08-27,15.034042080363268,15.279245376586912,15.003390937571847,15.279245376586914,17880000.0
2015-08-28,15.041702892961803,15.38652093000328,14.980402070990749,15.325220108032227,10980800.0
2015-08-31,15.44782138670762,15.470809742475781,15.133654498843645,15.233267784118652,9081400.0
2015-09-01,14.827147926593572,15.14131476212923,14.750521548322938,14.873123168945312,14185700.0
2015-09-02,15.09534290441918,15.37885866760517,15.057028975929903,15.279245376586914,14670900.0
2015-09-03,15.440154602557694,15.509118190474236,15.340541343081837,15.378853797912598,8174900.0
2015-09-04,15.09534362858212,15.194956924379085,15.018717229454529,15.072355270385742,8944000.0
2015-09-08,15.294572258788195,15.371198668129312,15.187296162626948,15.36353588104248,10390900.0
2015-09-09,15.662374989296586,15.83095188034923,15.187292534109176,15.233267784118652,10318700.0
2015-09-10,15.171967568671127,15.256256748322414,14.76585016459181,15.095342636108398,17806400.0
2015-09-11,15.125991689535086,15.286907256602644,15.02637840441848,15.2485933303833,9549900.0
2015-09-14,15.31755537090845,15.455482568151044,15.240928987826264,15.35586929321289,7790800.0
2015-09-15,15.447820016448214,15.754324091868472,15.355869524585495,15.624059677124023,11469800.0
2015-09-16,15.869267964992192,15.899919113008146,15.677702674474022,15.838618278503418,11471100.0
2015-09-17,15.769652770849682,16.106808051063478,15.761989984762208,15.830953598022461,11394200.0
2015-09-18,15.731339860582226,15.90757955106853,15.593412637931392,15.792640686035156,14057800.0
2015-09-21,15.731340408325197,15.87692896039074,15.631725650041387,15.731340408325195,12292100.0
2015-09-22,15.455488907116665,15.509126958815475,15.2332724511904,15.286911964416504,13482400.0
2015-09-23,15.057029388269477,15.547437455673613,15.018716920257937,15.332883834838867,22169600.0
2015-09-24,15.240931890896352,15.348209432256157,14.988065801628268,15.317558288574219,11088800.0
2015-09-25,15.447825077470428,15.555101173631675,15.294572258788195,15.36353588104248,10742300.0
2015-09-28,15.302234999254823,15.363535834235515,15.003393611414841,15.041706085205078,15576100.0
2015-09-29,15.034041201609483,15.286907268750726,14.934426454886871,15.240930557250977,10919600.0
2015-09-30,15.601077181158773,15.93056970315597,15.578088820951832,15.899918556213379,12400200.0
2015-10-01,16.053165980900268,16.09147844019484,15.78497438125836,15.98420238494873,14508200.0
2015-10-02,15.486134971591612,15.915242207807383,15.486134971591612,15.90757942199707,15271100.0
2015-10-05,16.137460349970226,16.428640422390114,15.93057093817711,16.39798927307129,10938100.0
2015-10-06,16.137460527858252,16.367339765701757,16.06083411524375,16.267724990844727,10577700.0
2015-10-07,16.61253671699611,16.934366356772852,16.574222794685372,16.804101943969727,13647100.0
2015-10-08,16.689164733693882,17.064632439931263,16.604875557886384,17.049306869506836,10343500.0
2015-10-09,17.09528430012814,17.187236272878323,16.78878016017257,16.81943130493164,11648800.0
2015-10-12,16.91138074268019,17.01099549529695,16.86540548998696,16.926706314086914,6779500.0
2015-10-13,16.719811816686743,16.880727358101826,16.612535763427765,16.811763763427734,12740800.0
2015-10-14,16.68916512282228,17.263860873396407,16.597213159658597,17.118270874023438,22801100.0
2015-10-15,17.27918678410148,17.463090729601845,16.696829648949414,16.81943130493164,17867300.0
2015-10-16,16.865405907000348,17.026320026168882,16.850080335214685,16.980344772338867,9598700.0
2015-10-19,16.91904057347109,17.08761744492226,16.82708862261711,17.033979415893555,8940900.0
2015-10-20,17.010993889226953,17.179570774204137,16.988005534287286,17.09528160095215,6718400.0
2015-10-21,17.110604850910256,17.202556796674507,16.96501487908628,17.026315689086914,8154300.0
2015-10-22,17.156586988227698,17.332828166646273,17.10294894061094,17.248538970947266,8214500.0
2015-10-23,17.43243959998815,17.43243959998815,17.16424792922139,17.217885971069336,11854100.0
2015-10-26,17.21788528890874,17.256199218372892,16.80410508138467,16.980344772338867,12350400.0
2015-10-27,16.903718324217394,17.087620800512617,16.765791101614237,17.010995864868164,6885400.0
2015-10-28,16.911379802003147,17.064632584491978,16.758128481041165,16.919042587280273,9913700.0
2015-10-29,16.712153421850932,16.719816207885742,16.48993847294938,16.719816207885742,7939100.0
2015-10-30,16.735142610462717,16.91138231342856,16.58955259163016,16.82709312438965,8791800.0
2015-11-02,16.750465671738212,16.965017813082618,16.68150206586984,16.934368133544922,5716700.0
2015-11-03,17.041646446951177,17.585692580230194,16.94203314843569,17.447765350341797,12846400.0
2015-11-04,17.70063355636949,18.129739408088874,17.662319620440034,18.04545021057129,14372000.0
2015-11-05,17.800240226657266,17.800240226657266,17.585688111596166,17.608675003051758,8345300.0
2015-11-06,17.309836670013812,17.493739140612966,17.187235022947714,17.48607635498047,8805900.0
2015-11-09,17.432441039996835,17.60868075249183,17.37880299371811,17.593355178833008,8629200.0
2015-11-10,17.248538970947266,17.371140640221903,17.110611727631504,17.248538970947266,7388700.0
2015-11-11,17.179573863181524,17.39412749661591,17.07229777722786,17.302175521850586,5255100.0
2015-11-12,17.19489591542316,17.37879836577466,17.041643142700195,17.041643142700195,5685100.0
2015-11-13,16.91138189514368,16.972682723421116,16.528251353027958,16.773454666137695,7883500.0
2015-11-16,16.727480370734167,17.148923406648166,16.704492010737596,17.12593650817871,7121500.0
2015-11-17,17.187237172614214,17.48607854202408,17.148923239659677,17.256200790405273,7148400.0
2015-11-18,17.148923239659677,17.286850475241803,16.97268353265012,17.256200790405273,8010400.0
2015-11-19,17.57803616827044,17.57803616827044,17.30984439751397,17.371145248413086,7115100.0
2015-11-20,17.47841641537527,17.539717248889996,17.40179000810008,17.493741989135742,6039900.0
2015-11-23,17.56270345687131,17.578029028753328,17.2715248987479,17.294511795043945,5502100.0
2015-11-24,17.18723529803295,17.302174161306176,16.98034446722498,17.240873336791992,8911500.0
2015-11-25,17.294508945567145,17.36347254614666,17.248533699023046,17.286846160888672,5442600.0
2015-11-27,17.15658180921156,17.34814704231674,17.118269347201217,17.202558517456055,3995600.0
2015-11-30,17.1948926804849,17.524385056781934,17.148915980401725,17.440095901489258,8612900.0
2015-12-01,17.501404789024946,17.892198151044475,17.493742002139015,17.838560104370117,10256000.0
2015-12-02,17.769596099853516,17.8998605510445,17.669981334016637,17.769596099853516,6829100.0
2015-12-03,17.838559498906534,17.861546397256962,17.486078621753155,17.57036781311035,5884700.0
2015-12-04,17.493734986832944,17.90751654357633,17.417108610229366,17.861539840698242,6355600.0
2015-12-07,17.968818840136798,18.00713130084707,17.761928044637255,17.807903289794922,4634000.0
2015-12-08,17.62400381734178,17.792580719010136,17.532051850005537,17.685304641723633,6133900.0
2015-12-09,17.58569263330804,17.631667889567257,17.355813428957862,17.4171142578125,8663600.0
2015-12-10,17.40944819787621,17.50906293948804,17.32516048750478,17.355810165405273,7171900.0
2015-12-11,17.179576651148775,17.286852754511614,16.980348558098292,16.99567413330078,11326300.0
2015-12-14,17.110604850910256,17.17190566091089,16.91137685302655,17.026315689086914,7898600.0
2015-12-15,17.179572237315217,17.547377178513518,17.179572237315217,17.48607635498047,9444200.0
2015-12-16,17.70829435667866,17.80024486953804,17.53971598055804,17.746606826782227,7384800.0
2015-12-17,17.69296994608819,17.846222759622098,17.585693853530742,17.593355178833008,8925700.0
2015-12-18,17.44776615015103,17.685306689443827,17.4094522170218,17.57036781311035,8648000.0
2015-12-21,17.570365880460407,17.662316386802264,17.43243865942068,17.585691452026367,4958700.0
2015-12-22,17.60867637025802,17.69296554287752,17.585689477017638,17.66997718811035,4553900.0
2015-12-23,17.777256609059876,17.784917933271537,17.601015460125986,17.685304641723633,6172900.0
2015-12-24,17.73894691467285,17.83856169152585,17.685308863226137,17.73894691467285,2009500.0
2015-12-28,17.738942258205164,17.769593400430107,17.509064537625726,17.63166618347168,3100100.0
2015-12-29,17.677641855985033,17.800243504748735,17.608678245864585,17.685304641723633,4136700.0
2015-12-30,17.662317436775,17.692968581729037,17.501403310347413,17.532052993774414,2574100.0
2015-12-31,17.516727075126575,17.624003148340915,17.294510681723285,17.432437896728516,3898300.0
2016-01-04,17.04164517658346,17.087620429276694,16.75046662749041,16.926706314086914,9145100.0
2016-01-05,16.995671002715216,17.179573486688554,16.81943130493164,16.81943130493164,7642100.0
2016-01-06,16.597215962080316,16.635528433976862,16.2907118023266,16.352012634277344,8063200.0
2016-01-07,15.99952962487809,16.38266013895735,15.953554372416116,16.168107986450195,11242800.0
2016-01-08,16.29837610771404,16.397989420843423,15.915245506939536,15.945895195007324,9290700.0
2016-01-11,16.221746177330175,16.283047001699025,15.861604016854061,16.037843704223633,9771200.0
2016-01-12,16.267723550361683,16.27538633709733,15.716016059139228,15.899918556213379,11629400.0
2016-01-13,16.014858200676766,16.145122658363068,15.670041550232222,15.693028450012207,12858400.0
2016-01-14,15.884591529942236,16.758130138059798,15.861604633364797,16.719816207885742,18687600.0
2016-01-15,15.75432632971167,16.306035205363038,15.75432632971167,16.168107986450195,12066200.0
2016-01-19,16.57422729284046,16.704491740996648,16.267723138804456,16.59721565246582,14807000.0
2016-01-20,15.968879013760182,16.252394759212546,15.892252623101465,16.160444259643555,10815300.0
2016-01-21,16.20641789562761,16.451621152097218,15.976540208069025,16.344345092773438,9105000.0
2016-01-22,16.6738375311666,16.81942751289402,16.566561471749917,16.804101943969727,8369200.0
2016-01-25,16.635526555607058,16.911380999001366,16.62786523131451,16.696828842163086,8463700.0
2016-01-26,16.689163363542274,16.750464178680446,16.474609779795323,16.5435733795166,7709700.0
2016-01-27,16.643192794188682,16.857746457064774,16.558905055741892,16.6125431060791,6432800.0
2016-01-28,16.689170550811344,16.758134180232133,16.459291298899597,16.574230194091797,7169000.0
2016-01-29,16.75813151739626,17.164248979979217,16.75813151739626,17.12593650817871,9010200.0
2016-02-01,16.995670088597073,17.279185854734344,16.97268173126421,17.210222244262695,5389200.0
2016-02-02,17.087618143828593,17.332822868959507,17.072294035998382,17.286846160888672,13487900.0
2016-02-03,17.43243396408709,17.700625548147585,17.309832347635414,17.562698364257812,13083200.0
2016-02-04,17.601017220485705,17.815570858044158,17.562704749487843,17.80024528503418,6473100.0
2016-02-05,17.63166593378864,17.899857578351376,17.3634742892259,17.432437896728516,9325400.0
2016-02-08,17.22555127539044,17.555043822368585,17.056974339006683,17.470754623413086,8355200.0
2016-02-09,17.03398011260602,17.378798115503606,16.911378480803933,17.286846160888672,8426600.0
2016-02-10,17.371136995662773,17.55503946099099,17.072295672195278,17.08761978149414,5761600.0
2016-02-11,16.980345876119827,17.13359868088446,16.696830087290436,16.857744216918945,10394600.0
2016-02-12,17.079957066644315,17.10294395948403,16.796439875564857,17.041643142700195,7326900.0
2016-02-16,17.33282365305097,18.152722650890045,17.309835297975617,17.884531021118164,13843800.0
2016-02-17,17.89985824595982,18.191036796198887,17.83089463588508,18.114410400390625,11956100.0
2016-02-18,18.374934324143673,18.535849858187984,18.206357467954607,18.23700714111328,12780200.0
2016-02-19,18.23701333526402,18.413254496510756,18.014798379427674,18.221689224243164,8950300.0
2016-02-22,18.405588220156023,18.48987593013268,18.275323801253812,18.35961151123047,7250300.0
2016-02-23,18.19103071967116,18.198693502845007,17.823225896485273,17.93050193786621,5802500.0
2016-02-24,17.68530434159349,18.007134029518298,17.493739085960314,17.945833206176758,5267500.0
2016-02-25,18.145058620530094,18.1603841895285,17.9151794701341,18.152721405029297,5076800.0
2016-02-26,18.152722771008126,18.45922686640695,17.945831958541362,18.21402359008789,9920900.0
2016-02-29,18.060775784943072,18.19870303123468,17.976486587425487,18.04545021057129,6614000.0
2016-03-01,18.505201469563335,18.911320295248803,18.382599835682203,18.834693908691406,9858800.0
2016-03-02,18.73508247703212,18.926647731555857,18.681442978082874,18.865346908569336,5841300.0
2016-03-03,18.873008307410327,19.0569122386257,18.735082551289167,18.81937026977539,7957500.0
2016-03-04,18.819363062484552,19.118205740115943,18.72741259361824,18.88832664489746,7264600.0
2016-03-07,18.696769894739855,18.941973204332193,18.436241012916245,18.92664909362793,8971500.0
2016-03-08,18.666111793865248,19.041579375043113,18.63546066322558,18.88832664489746,11734000.0
2016-03-09,18.94197270697972,18.995612208380784,18.788721373271876,18.957298278808594,5807300.0
2016-03-10,19.049250248254875,19.15652632800306,18.78105858735744,18.957298278808594,6483700.0
2016-03-11,19.15652718393108,19.447705754054937,19.148864397674263,19.424718856811523,7560000.0
2016-03-14,19.394067373346484,19.447705414681153,19.240816035465585,19.325103759765625,4109400.0
2016-03-15,19.07989885893212,19.30977803887521,18.949634428755765,19.064573287963867,8839800.0
2016-03-16,18.97262293135396,19.769533627992022,18.941971789181352,19.754209518432617,10874100.0
2016-03-17,19.723557436092314,19.807846611522248,19.631606937011323,19.746545791625977,6264700.0
2016-03-18,19.830834696493334,20.114351918994817,19.769533872915567,19.95343780517578,7208700.0
2016-03-21,19.830836230588805,19.938113776293978,19.73122293264154,19.869150161743164,5494100.0
2016-03-22,19.738890128015857,19.96876792018247,19.662263710117866,19.777202606201172,6247400.0
2016-03-23,19.784857854368507,19.784857854368507,19.570305719850246,19.677581787109375,5465900.0
2016-03-24,19.554986269892883,19.73122599598367,19.49368543205577,19.715900421142578,5549000.0
2016-03-28,19.708230568307595,19.738881707001326,19.570304828766012,19.639266967773438,2197200.0
2016-03-29,19.58563430419528,19.938115188139882,19.49368378596774,19.89980125427246,4550800.0
2016-03-30,20.167994362721835,20.397873597501775,20.167994362721835,20.275270462036133,5999600.0
2016-03-31,20.13734109401252,20.259942746148887,20.060714696045544,20.076040267944336,5369100.0
2016-04-01,19.830834155641195,20.08370022869385,19.746546438974896,20.014738082885742,5091200.0
2016-04-04,20.02240398636192,20.02240398636192,19.777200642654844,19.807851791381836,4302700.0
2016-04-05,19.547325134277344,19.639275668039467,19.340434241021498,19.547325134277344,8612600.0
2016-04-06,19.271467202477098,19.723561387865338,19.171853898259897,19.631610870361328,8333100.0
2016-04-07,19.531994914979744,19.554983273719152,19.348092429645565,19.440044403076172,7774400.0
2016-04-08,19.731218690114783,19.777193936087567,19.31743709177955,19.371076583862305,8214600.0
2016-04-11,19.692915184515982,19.80019129441425,19.539662346209273,19.547325134277344,5406300.0
2016-04-12,19.69291081226635,19.708234923472833,19.394067990070532,19.59329605102539,4766900.0
2016-04-13,19.884479770204408,20.083706406536436,19.754215300893566,20.053056716918945,9082700.0
2016-04-14,19.38640022277832,19.562641340878496,19.225486135000782,19.38640022277832,13870800.0
2016-04-15,19.547316609177532,19.600954640733708,19.44004054606518,19.509002685546875,8019100.0
2016-04-18,19.44770751822601,19.67758674220257,19.401732258041566,19.53965950012207,6507600.0
2016-04-19,19.554985424777872,19.669924308064193,19.271468148579565,19.279130935668945,9378700.0
2016-04-20,19.102887929206123,19.348091227753137,18.957297922621226,19.248477935791016,9391300.0
2016-04-21,19.386407031865886,19.42472096731279,19.156529265293244,19.279130935668945,6044400.0
2016-04-22,19.29445037877843,19.39406365623254,19.118210716306763,19.210161209106445,6447400.0
2016-04-25,19.271466378703185,19.40939361059052,19.11821503557164,19.1641902923584,7772500.0
2016-04-26,19.309780310631368,19.424719183361795,19.14120193320149,19.1641902923584,9920000.0
2016-04-27,19.07990135195752,19.417056649678102,19.018600521601694,19.348093032836914,7302200.0
2016-04-28,18.888334715484262,19.064574407386818,18.443903361997346,18.512866973876953,12170200.0
2016-04-29,18.390264388111405,18.397927173656345,17.94583305719312,18.07609748840332,14955900.0
2016-05-02,18.068432237064762,18.198696650497812,17.976480284601024,18.152721405029297,6112100.0
2016-05-03,17.892193829959467,17.96882021878583,17.746603837342057,17.869205474853516,9323900.0
2016-05-04,17.86154402600955,18.045446496034167,17.80024320266801,17.945833206176758,7789900.0
2016-05-05,17.96882101853175,18.152723482983966,17.93050709164991,18.00713348388672,7238400.0
2016-05-06,18.00713117002029,18.091420336802543,17.884529542806117,17.938167572021484,5373300.0
2016-05-09,17.930509098713372,17.9994727132933,17.77725775861234,17.907522201538086,5189800.0
2016-05-10,17.85387842767138,17.96115594776358,17.80790318278997,17.922842025756836,5374500.0
2016-05-11,17.899859102100912,17.968822715474147,17.723617944854304,17.79258155822754,6185400.0
2016-05-12,17.80023925171528,17.8462159551616,17.432434393304252,17.616336822509766,7674600.0
2016-05-13,17.509064711877958,17.624003573311562,17.447763888344905,17.48607635498047,4837700.0
2016-05-16,17.60101637043319,17.807907211494726,17.555041115150743,17.708293914794922,4654300.0
2016-05-17,17.77725671202,17.861544432578874,17.55504030889445,17.585691452026367,4017400.0
2016-05-18,17.624004825462194,18.11441144856902,17.54737842522,18.0224609375,10028100.0
2016-05-19,17.861540351920326,17.86920313595266,17.662312351659462,17.81556510925293,3868700.0
2016-05-20,18.007131736925327,18.405587768679027,17.953493706021316,18.321298599243164,8380600.0
2016-05-23,18.87301145173436,18.972626219532838,18.55118171077962,18.597158432006836,6840000.0
2016-05-24,18.627806516264314,18.82703457320362,18.58949404672973,18.750408172607422,7573600.0
2016-05-25,18.857684123005157,18.941971841157308,18.78872051445446,18.865346908569336,5151600.0
2016-05-26,19.003276331008763,19.095228313995015,18.84236218769181,18.995615005493164,8204700.0
2016-05-27,19.102891597569446,19.164192433977913,18.987952711994474,19.003276824951172,5381300.0
2016-05-31,19.026260000353474,19.041585570659834,18.796382291865356,18.941970825195312,7999900.0
2016-06-01,18.94197411827514,19.355755819322276,18.94197411827514,19.348093032836914,6126800.0
2016-06-02,19.31743956239929,19.348090704652446,19.21016348756705,19.294452667236328,4188200.0
2016-06-03,19.417053057910962,19.61628108509596,19.394064702707258,19.56264305114746,5041800.0
2016-06-06,19.61628115707494,19.669919191220256,19.486016733496257,19.516666412353516,7579500.0
2016-06-07,19.70823446711124,20.014740068576423,19.692910356259603,19.96876335144043,6624300.0
2016-06-08,20.313582601349623,20.367220646261135,20.145005679980986,20.175655364990234,6173600.0
2016-06-09,19.853820555508797,20.114349388317716,19.853820555508797,20.099023818969727,5760100.0
2016-06-10,19.846159475945136,19.899797511744758,19.570306511614667,19.815509796142578,6699400.0
2016-06-13,19.57796615191271,19.784856953515188,19.53965369007228,19.639266967773438,7414600.0
2016-06-14,19.570309153452136,19.70057213710606,19.455368819477638,19.59329605102539,7191500.0
2016-06-15,19.669923611721657,19.945778091064952,19.662260824903548,19.800188064575195,6926800.0
2016-06-16,19.547318155617603,19.85382226127749,19.44770340782385,19.815509796142578,4637700.0
2016-06-17,19.838501478581613,19.869152627308605,19.616286496419782,19.807851791381836,5813100.0
2016-06-20,20.167994428183526,20.413197776856226,20.137344740363062,20.206308364868164,10019300.0
2016-06-21,20.267609458064385,20.420860822157128,20.183320257820657,20.37488555908203,6095200.0
2016-06-22,20.382545997522758,20.627749321034422,20.321245166644843,20.336570739746094,8010400.0
2016-06-23,20.413194497849954,20.543458938598633,20.321243987631483,20.543458938598633,6708600.0
2016-06-24,19.608618183435134,20.07603783911015,19.547317364783233,19.677581787109375,9529800.0
2016-06-27,19.589329987118774,19.843736633748904,19.366724929509022,19.796035766601562,10314300.0
2016-06-28,20.05044328264753,20.169697730261774,19.947091146616255,20.082244873046875,14428100.0
2016-06-29,20.41616247667381,20.646718037370498,20.40821207576925,20.511564254760742,8758600.0
2016-06-30,20.72621500243913,21.004472894353007,20.53540998076823,20.853418350219727,9765900.0
2016-07-01,21.17142561829786,21.18732641503913,21.060123073875864,21.0919246673584,5939300.0
2016-07-05,20.79776917274443,20.90907173418238,20.76596909078373,20.87727165222168,5678400.0
2016-07-06,20.511559902970504,20.82956980614752,20.471809423265174,20.789817810058594,6062900.0
2016-07-07,20.869319919643424,21.091926544684373,20.861369520565148,20.917020797729492,5327900.0
2016-07-08,21.068078040458627,21.306583977759367,20.99652595599165,21.250932693481445,5780600.0
2016-07-11,21.59279023008603,21.75974558317817,21.56893903210612,21.624591827392578,6051600.0
2016-07-12,21.624592377712357,21.696144457089385,21.33838406020425,21.441736221313477,8538700.0
2016-07-13,21.40198497153414,21.47353704834182,21.274781616405726,21.37813377380371,10553300.0
2016-07-14,21.46558667537954,21.64844130905256,21.179378367798392,21.55303955078125,12145100.0
2016-07-15,21.616641601327593,21.672292880676487,21.441735847506916,21.47353744506836,5996500.0
2016-07-18,21.712042463155054,21.982349965711894,21.584839110938137,21.97439956665039,7767300.0
2016-07-19,21.767695811029697,21.878999892095877,21.6166427636417,21.68024444580078,4997300.0
2016-07-20,21.783598131908064,21.93465270622857,21.688196360198983,21.902851104736328,5805100.0
2016-07-21,21.998254971974053,22.11750794794187,21.799499506566402,21.847200393676758,6369300.0
2016-07-22,21.886953522740708,22.09365939936639,21.8472015177835,22.05390739440918,5116800.0
2016-07-25,21.855146643482957,22.197006221678834,21.855146643482957,22.14930534362793,7799700.0
2016-07-26,22.236761832461184,22.586571890458696,22.228811431553975,22.52297019958496,10178800.0
2016-07-27,22.65017070017861,22.65017070017861,22.212909320590313,22.340112686157227,7057700.0
2016-07-28,22.491166480530794,22.570667443997436,22.26060944060324,22.371912002563477,4746300.0
2016-07-29,22.340113450655274,22.340113450655274,21.990303425183598,22.08570671081543,7366600.0
2016-08-01,22.538870417836982,22.85687886397199,22.538870417836982,22.75352668762207,7328200.0
2016-08-02,22.650172628833214,22.650172628833214,22.308312986119002,22.387815475463867,6088500.0
2016-08-03,22.324213787264746,22.451417163662985,22.189060010293638,22.387815475463867,3872000.0
2016-08-04,22.43551673075178,22.60247211275462,22.356015756485924,22.57862091064453,3165000.0
2016-08-05,22.77737351756579,22.936378478889548,22.761472718156675,22.8886775970459,5573000.0
2016-08-08,22.86482489931585,23.16693248636969,22.825072903398507,23.127182006835938,8731700.0
2016-08-09,23.19873202833372,23.397487441165385,23.16693043441659,23.37363624572754,6660600.0
2016-08-10,23.389540467301824,23.41339166623188,23.198735425012423,23.23053550720215,8229100.0
2016-08-11,23.16693115234375,23.3497872902669,22.89662366120536,23.16693115234375,9134000.0
2016-08-12,23.19078388701721,23.27028636316456,23.103331011616767,23.246435165405273,3481800.0
2016-08-15,23.35773601795296,23.413388808664084,23.30208474362533,23.365686416625977,3187000.0
2016-08-16,23.18283768157845,23.214639284343797,23.03973350190216,23.11923599243164,5914400.0
2016-08-17,23.05562896237205,23.05562896237205,22.848923141433037,23.03972816467285,6996800.0
2016-08-18,22.984082965307902,23.214640043747057,22.92843167503195,23.182838439941406,4254200.0
2016-08-19,22.761472131628242,22.809174528626365,22.6660703703993,22.76942253112793,6241800.0
2016-08-22,22.49911841999479,22.642222599887546,22.43551673075178,22.57862091064453,6415400.0
2016-08-23,22.737623591615392,22.80917567432296,22.626319509412657,22.65812110900879,5501800.0
2016-08-24,22.713765667851128,22.737616860487442,22.530911073455897,22.570661544799805,5391500.0
2016-08-25,22.761469078941186,22.928424413275863,22.674017728940598,22.737619400024414,6388200.0
2016-08-26,22.737622449512834,22.97612836896884,22.602468690785454,22.76942253112793,5267500.0
2016-08-29,22.72171824243445,22.87277277750421,22.70581744582007,22.817121505737305,3143900.0
2016-08-30,22.729675485517987,22.80917797614771,22.681974597693706,22.75352668762207,5001800.0
2016-08-31,22.864829252932644,23.039733519121114,22.793277163041022,22.848928451538086,4674700.0
2016-09-01,22.809173792440944,23.0794813011713,22.761471396982454,23.023828506469727,6066600.0
2016-09-02,23.13513107382462,23.222582427039857,23.07947979912851,23.16693115234375,6050200.0
2016-09-06,23.461089319437605,23.62804313982393,23.29413398266781,23.445188522338867,6433000.0
2016-09-07,24.12890827005839,24.287911696088457,23.67574615547825,23.70754623413086,14429800.0
2016-09-08,23.77115192990253,23.78705273011101,23.564446076343614,23.683700561523438,6361600.0
2016-09-09,23.29414009052867,23.3179912924307,22.697873690432708,22.72967529296875,8325600.0
2016-09-12,22.69786615655757,23.087428076401356,22.41960980864539,23.04767608642578,5844500.0
2016-09-13,22.825075532942456,22.88072833363817,22.50706711088578,22.650171279907227,6857800.0
2016-09-14,22.674024196992345,22.86482926467335,22.546820818538343,22.75352668762207,5088700.0
2016-09-15,22.745568400579927,23.27028253386984,22.745568400579927,23.19873046875,6305100.0
2016-09-16,23.15898168344966,23.230533758469896,22.872774899752276,22.98407745361328,7329300.0
2016-09-19,23.77909927812622,23.946054626120162,23.74729919817435,23.795000076293945,7696400.0
2016-09-20,23.977858354822335,24.041460040788028,23.763202096044203,23.77115249633789,5763300.0
2016-09-21,23.922202547408116,24.29586219227993,23.890400952244462,24.24816131591797,8097200.0
2016-09-22,24.454872514648475,24.605927092136138,24.256117050306127,24.375370025634766,5329000.0
2016-09-23,24.367416933341186,24.383317732664214,23.86655388573535,23.946056365966797,7959800.0
2016-09-26,23.866555786919267,23.90630627200963,23.620097926930853,23.723451614379883,4363300.0
2016-09-27,23.691645890214915,24.192510406938826,23.572392939313257,24.168659210205078,5707200.0
2016-09-28,24.224311053743584,24.248162251036135,23.95400354996233,24.113008499145508,4125100.0
2016-09-29,24.097107136387375,24.367414633835686,23.98580458439697,24.168659210205078,5985800.0
2016-09-30,24.08120769233653,24.39126566586383,24.03350529919115,24.319713592529297,5725700.0
2016-10-03,24.359467317289745,24.494621083115803,24.303816034252613,24.42306900024414,4198500.0
2016-10-04,24.50256896043199,24.58207143503594,24.136859700190833,24.160709381103516,5104800.0
2016-10-05,24.38331526178628,24.415115340826194,24.248161514003705,24.27201271057129,6205000.0
2016-10-06,24.407164966198117,24.494616315499105,24.15275676751465,24.46281623840332,4099900.0
2016-10-07,24.550270871210387,24.812627986969495,24.367416233399055,24.78877830505371,5753400.0
2016-10-10,24.796728333322978,25.027283847898506,24.772877135380565,24.8682804107666,7810500.0
2016-10-11,24.637726596700187,24.637726596700187,24.2561164780973,24.431020736694336,10157600.0
2016-10-12,24.566170742757674,24.971632000240778,24.407167309247797,24.923931121826172,9587000.0
2016-10-13,24.590021082888075,24.590021082888075,23.4690406227317,24.27201271057129,17323000.0
2016-10-14,24.693378465305752,24.860333843872926,24.30381793716081,24.375370025634766,9822900.0
2016-10-17,24.26406535878718,24.454870406138475,24.152761277211138,24.303815841674805,7598400.0
2016-10-18,24.57412281169452,24.62977409302364,24.39921856803389,24.534372329711914,5487500.0
2016-10-19,24.60592631649295,24.677478402711394,24.37536925725934,24.629776000976562,6733000.0
2016-10-20,24.590024374942022,24.764928624036134,24.486670692362615,24.693376541137695,7329800.0
2016-10-21,24.58207473679117,24.75697899130536,24.454871366892892,24.709278106689453,3817100.0
2016-10-24,24.75697766726568,24.971633911132812,24.709276785200885,24.971633911132812,3768900.0
2016-10-25,24.963684273605605,25.138590040489742,24.947783473637273,25.082937240600586,3214700.0
2016-10-26,24.796730416126913,24.987535466542056,24.701327132727467,24.81262969970703,4121500.0
2016-10-27,24.82852546511375,24.852376660223168,24.44691544166371,24.46281623840332,6243200.0
2016-10-28,24.59796997792314,24.725173319073154,24.454865840033513,24.46281623840332,5210800.0
2016-10-31,24.59002400107084,24.749027447906954,24.518471919260293,24.725177764892578,3212300.0
2016-11-01,24.741079509836382,24.80468119427776,24.232264517921585,24.415119171142578,5815800.0
2016-11-02,24.383316006717855,24.431016884926795,24.04145642738938,24.160709381103516,5274700.0
2016-11-03,24.12891063401967,24.248163594321568,23.993756874641875,24.073259353637695,4890800.0
2016-11-04,24.017606930897536,24.208413490012394,23.866553886475163,24.041458129882812,4431900.0
2016-11-07,24.423066591130276,24.94778080284168,24.391266510981733,24.923931121826172,3981800.0
2016-11-08,24.80467873508294,25.043184648996125,24.65362418086666,24.91598129272461,4077100.0
2016-11-09,24.35946407043358,24.63772196491416,24.097106973668126,24.319713592529297,8996700.0
2016-11-10,24.287912436620616,24.287912436620616,23.34978810020456,23.405439376831055,10104300.0
2016-11-11,23.103330519833747,23.914253029784717,22.864824612852203,23.795000076293945,7506800.0
2016-11-14,23.27823614860603,23.53264285246234,22.904574975481452,22.936376571655273,8551400.0
2016-11-15,23.302083381827217,23.405437042152858,22.87277249325809,23.214632034301758,11135600.0
2016-11-16,23.12718041046626,23.771147536041,23.12718041046626,23.739347457885742,8802600.0
2016-11-17,23.850648967782632,23.866549764359846,23.333885210090695,23.42928695678711,7065100.0
2016-11-18,23.39748688001611,23.508789423289734,23.206681870239862,23.42928695678711,5136600.0
2016-11-21,23.5326448425118,23.6439474057654,23.421340762874507,23.57239532470703,4477100.0
2016-11-22,23.826805120846732,23.969909301406563,23.667801655189947,23.779104232788086,8937500.0
2016-11-23,23.77114925174758,23.954003884392627,23.64394589717854,23.763198852539062,4017500.0
2016-11-25,23.651895319999213,23.699596196897534,23.540592768441947,23.58034324645996,2101800.0
2016-11-28,23.62009372447797,23.802949865958027,23.484941492663314,23.58034324645996,5435000.0
2016-11-29,23.516746327807347,23.651900103338924,23.16693628824612,23.492895126342773,9254600.0
2016-11-30,23.492890572238764,23.707546794657244,23.373637620800793,23.60419464111328,6403400.0
2016-12-01,23.453147432641867,23.469048235511416,22.530922095584298,22.6978759765625,12499600.0
2016-12-02,22.674018905528108,22.952276799602803,22.570665236914078,22.944326400756836,5195800.0
2016-12-05,23.00792771503898,23.2861856047586,22.952276440371758,23.071529388427734,3953100.0
2016-12-06,23.302085144462094,23.540592559604892,23.21463379032157,23.461090087890625,4336200.0
2016-12-07,23.437239699438052,23.802950475377806,23.254385069659964,23.795000076293945,3911600.0
2016-12-08,24.065312399555612,24.065312399555612,23.73935355375018,23.882457733154297,4094600.0
2016-12-09,24.105059810046,24.351516134018162,23.818851487766274,23.946056365966797,4387400.0
2016-12-12,23.826803782009893,23.826803782009893,23.55649623755976,23.77115249633789,3428000.0
2016-12-13,23.898354356575094,24.359466929754554,23.874504673586454,24.13686180114746,5857700.0
2016-12-14,24.057359108890584,24.160711272498023,23.73140030224229,23.74730110168457,6108400.0
2016-12-15,23.977861404418945,24.08121510499799,23.874509220223896,23.977861404418945,5073300.0
2016-12-16,23.8904046953323,23.914255895441986,23.36569042398927,23.43724250793457,6662100.0
2016-12-19,23.445192717640428,23.484944717500525,23.190785984070775,23.270288467407227,6157000.0
2016-12-20,23.333889382654657,23.500843227419765,23.166934021505856,23.302087783813477,5570800.0
2016-12-21,23.238483224491176,23.278235218119473,22.984076530804106,23.16693115234375,6267500.0
2016-12-22,23.047683919818393,23.055634320515672,22.658123383955058,22.848928451538086,7455900.0
2016-12-23,22.880729846437646,23.15898628639479,22.80917775719613,23.09538459777832,4853500.0
2016-12-27,23.055625560857166,23.238480158269905,23.055625560857166,23.135128021240234,3083000.0
2016-12-28,23.262337874756774,23.310038757810048,23.08743362597228,23.15103530883789,3663300.0
2016-12-29,23.04768066929422,23.182834429318806,22.904576509693637,23.15898323059082,5323900.0
2016-12-30,23.214636783948187,23.23848646706952,22.75352420820323,22.856876373291016,4862800.0
2017-01-03,23.254386901935405,23.46109274525198,23.103332340207192,23.302087783813477,6280300.0
2017-01-04,23.365690037473602,23.421341320425192,23.214636988428918,23.294137954711914,4391800.0
2017-01-05,23.47699186464537,23.779099450099103,23.469041465504013,23.691646575927734,4775700.0
2017-01-06,23.643952380089857,23.731405278978546,23.421345690365936,23.556499481201172,4878700.0
2017-01-09,23.68370226540055,23.961958707148693,23.628049460667047,23.882457733154297,8371700.0
2017-01-10,23.882455629566287,24.089159963405667,23.771151546286916,23.90630531311035,7582000.0
2017-01-11,23.67575317194808,24.009662436866066,23.62805076525697,23.985811233520508,7467300.0
2017-01-12,23.310039717275433,23.739352231577044,23.03973217487452,23.286190032958984,13032200.0
2017-01-13,23.45314025445611,23.57239320671053,23.23053363156658,23.405439376831055,9811100.0
2017-01-17,23.540593530915892,23.57239361108359,23.421339060232157,23.54854393005371,7679800.0
2017-01-18,23.492889397251606,23.596243062009925,23.405438045975497,23.445188522338867,7692800.0
2017-01-19,23.445196894531218,23.604201889531737,23.365694397030957,23.556499481201172,8493200.0
2017-01-20,23.54854641249566,24.057359879885663,23.508794412615977,23.90630531311035,7399400.0
2017-01-23,24.097107700950474,24.240211851938618,24.017605226358885,24.113008499145508,6959800.0
2017-01-24,24.272009909234683,24.56616705103395,24.25610911335814,24.502565383911133,7213600.0
2017-01-25,24.725176062928128,24.908030696575477,24.59797270766183,24.89212989807129,8025800.0
2017-01-26,24.852380555465484,25.003435115400478,24.653625114218688,24.73312759399414,8308700.0
2017-01-27,24.78083114341903,24.92393531914591,24.645677368164066,24.844432830810547,5982200.0
2017-01-30,24.701324859535518,24.804678533405554,24.597972702049088,24.796728134155273,7253100.0
2017-01-31,24.67747897970856,24.772880752641253,24.431021114134108,24.574125289916992,6263100.0
2017-02-01,24.836481476587732,24.892132761370256,24.518473051842033,24.709278106689453,5036900.0
2017-02-02,24.415117086232573,24.558221243101347,24.343566524181824,24.47076988220215,5794800.0
2017-02-03,24.613873864668676,24.709277146577254,24.486670499713053,24.621824264526367,5249100.0
2017-02-06,24.60592766292031,24.60592766292031,24.407172193967426,24.542325973510742,3523700.0
2017-02-07,24.57412472565457,24.621825611025624,24.24816589558204,24.264066696166992,6209500.0
2017-02-08,24.399216801121796,24.40716720021931,24.08120841913902,24.113008499145508,7776600.0
2017-02-09,24.11301192893473,24.248165700049373,23.98580855804845,24.017608642578125,8547000.0
2017-02-10,24.200464433892783,24.494621655790244,24.128912349348262,24.415119171142578,6749400.0
2017-02-13,24.59797237434487,25.281690020540534,24.59797237434487,25.194238662719727,10203800.0
2017-02-14,25.019337855556135,25.019337855556135,24.733131011752036,24.908035278320312,5208600.0
2017-02-15,25.043184115192084,25.28169002402143,25.043184115192084,25.241939544677734,4577200.0
2017-02-16,25.21808746691138,25.83025604867284,25.146535393483646,25.695100784301758,13197100.0
2017-02-17,25.520197697286235,25.7428058559827,25.456597532492516,25.71100425720215,7518200.0
2017-02-21,25.750753791748842,25.81435698696955,25.575848037659174,25.703054428100586,5475400.0
2017-02-22,25.599697274480107,25.599697274480107,25.36914027227759,25.4963436126709,5296200.0
2017-02-23,25.559949444961646,25.559949444961646,25.22603874638682,25.241939544677734,5291200.0
2017-02-24,25.130634173740034,25.377090454101562,25.01933011455788,25.377090454101562,3687100.0
2017-02-27,25.297595037849266,25.297595037849266,25.027287487394624,25.067039489746094,5841900.0
2017-02-28,25.11473998822541,25.186292074968918,24.963685414390905,25.019336700439453,6040800.0
2017-03-01,24.979583369603244,25.122687526788937,24.852380011301214,25.106786727905273,4910300.0
2017-03-02,24.796732731149007,24.83648321838603,24.478724284101173,24.542325973510742,8561100.0
2017-03-03,24.54232330032678,24.582073783234122,24.279966170540636,24.52642250061035,6120700.0
2017-03-06,24.48667050131929,24.59797458295055,24.41511841897909,24.52642250061035,5467400.0
2017-03-07,24.653623986042884,24.96368197495653,24.61387198978241,24.89212989807129,7014000.0
2017-03-08,25.019336897256323,25.059088899306442,24.804682151721007,24.820581436157227,4528500.0
2017-03-09,24.55822391475812,24.69337768690587,24.423070142610367,24.629776000976562,6120700.0
2017-03-10,24.542323491804307,24.709277340978176,24.502571492203096,24.693376541137695,5655300.0
2017-03-13,24.860333434838502,25.09883938157157,24.836482233611665,25.043188095092773,3965700.0
2017-03-14,24.947783466632394,25.01933555008604,24.804680816108846,24.81262969970703,5967200.0
2017-03-15,24.947789860363258,25.464553860557494,24.9159897686694,25.369152069091797,4571400.0
2017-03-16,25.639453506655478,25.81435927625626,25.599703022500993,25.76665687561035,6489000.0
2017-03-17,25.917708404740925,26.04491176621721,25.790505043264634,25.909759521484375,6199800.0
2017-03-20,26.076717940772475,26.323175823717428,26.005165847838,26.11646842956543,5126700.0
2017-03-21,26.426519994429793,26.657073959424846,25.7905002719465,25.822301864624023,9159900.0
2017-03-22,25.893857959742423,26.116463077579336,25.82230588147095,25.989259719848633,6713500.0
2017-03-23,25.814357953261666,25.965410998414207,25.734853956259762,25.885910034179688,5909900.0
2017-03-24,26.02106019859915,26.31521738205914,25.925658442595104,26.08466339111328,5899900.0
2017-03-27,26.116461978110113,26.442420758120555,26.060810700993734,26.370868682861328,5661500.0
2017-03-28,26.521925151659755,26.577576429621388,26.339070519390503,26.513973236083984,4527000.0
2017-03-29,26.195965953162634,26.21186675129597,26.05286180272974,26.180065155029297,4083900.0
2017-03-30,26.108515743805395,26.35497359086883,26.060813344538047,26.291370391845703,3890600.0
2017-03-31,25.997206526675388,26.188010009391164,25.89385287109045,26.108509063720703,4853500.0
2017-04-03,26.188016321038653,26.235718719597823,26.005161675712937,26.148265838623047,4283100.0
2017-04-04,26.0767101446703,26.195964608163788,26.052860465078396,26.124412536621094,3756600.0
2017-04-05,26.283422854214223,26.498079112757733,26.13236676518308,26.156219482421875,5112900.0
2017-04-06,26.140313333938025,26.18801269312183,26.021058870444534,26.124412536621094,3990800.0
2017-04-07,26.124415389928142,26.26751954864336,26.052863310570533,26.13236427307129,3366300.0
2017-04-10,26.132369077802636,26.132369077802636,25.774608615236286,25.85411262512207,4937100.0
2017-04-11,25.98925721040937,25.98925721040937,25.424792554530224,25.758703231811523,6293800.0
2017-04-12,25.814359461992602,25.949511715643787,25.456599036493042,25.66330337524414,6136500.0
2017-04-13,25.520196710118206,25.798456139533357,25.297591592799897,25.3055419921875,8781700.0
2017-04-17,25.4725000275701,25.496349711859477,25.257843770662937,25.464548110961914,6918900.0
2017-04-18,25.24989338244537,25.329395868343287,25.146539695862945,25.273744583129883,5468600.0
2017-04-19,25.377094441646207,25.400945640158035,25.035234844894934,25.130638122558594,4739200.0
2017-04-20,25.257843782673543,25.33734626857146,25.154490096091113,25.273744583129883,4237700.0
2017-04-21,25.51225186277699,25.552002349619304,25.400949286511405,25.504302978515625,4530400.0
2017-04-24,25.90180969685074,26.07671241704436,25.83025761907286,25.997211456298828,5717000.0
2017-04-25,26.044912544782267,26.378823274118776,26.0369636612881,26.291370391845703,5614300.0
2017-04-26,26.28342017027634,26.323170651258394,26.092613615688276,26.2357177734375,6027700.0
2017-04-27,26.323169507406,26.474222541680824,26.24366551612938,26.251617431640625,5625600.0
2017-04-28,26.35497359086883,26.43447455688029,26.267520708595757,26.291370391845703,5250500.0
2017-05-01,26.36292722698369,26.561682710610757,26.347026424361363,26.553733825683594,4015100.0
2017-05-02,26.688877918220122,27.022788605403573,26.688877918220122,26.975086212158203,5989300.0
2017-05-03,26.935328998791686,27.261287689208984,26.903527411246994,27.261287689208984,6660700.0
2017-05-04,27.18179455126959,27.18179455126959,27.006891815614257,27.142044067382812,5697300.0
2017-05-05,27.15794070011936,27.380545801940706,27.054587031659285,27.36464500427246,5249800.0
2017-05-08,27.587262680076076,27.905269645124406,27.531611385373417,27.80986785888672,6906900.0
2017-05-09,27.92910925067646,28.191464797819272,27.92910925067646,28.151714324951172,7297900.0
2017-05-10,28.040411787813817,28.32662004489083,27.889358777808358,28.151714324951172,9936700.0
2017-05-11,28.31867638850807,28.461780558776383,28.119920933442916,28.270977020263672,6648900.0
2017-05-12,28.223272501295025,28.239173300439102,28.02451706114506,28.119918823242188,4905000.0
2017-05-15,28.111966663480906,28.135816343033568,27.730356626803374,27.87346076965332,9784700.0
2017-05-16,27.83370667069728,27.849607467651367,27.666752851829717,27.849607467651367,6046200.0
2017-05-17,27.66675409443504,27.67470600965269,27.340795324153618,27.36464500427246,8128100.0
2017-05-18,27.380551151737407,27.81781559113223,27.35670146695865,27.74626350402832,8303700.0
2017-05-19,27.88937184971213,28.008623324210262,27.77806622763853,27.984773635864258,7283300.0
2017-05-22,28.135812581883734,28.23121432010822,28.03245892969337,28.14376449584961,5914200.0
2017-05-23,28.135812581883734,28.21531655770962,28.064260520023723,28.14376449584961,6612800.0
2017-05-24,28.159669891782293,28.29482517094096,28.096069726647407,28.239173889160156,7812500.0
2017-05-25,28.350475112541943,28.453828787863742,28.215322872539577,28.27892303466797,4514900.0
2017-05-26,28.2630237518635,28.286876467612363,28.088121022053876,28.23122215270996,3109800.0
2017-05-30,28.3663742117575,28.469727880887092,28.207369266812066,28.44587516784668,4219300.0
2017-05-31,28.080167396922533,28.111968994140625,27.905261644990254,28.111968994140625,7663100.0
2017-06-01,28.382281666948007,28.557184417923246,28.247126370573547,28.533334732055664,6016100.0
2017-06-02,28.54923306022903,28.80363979666897,28.501530659858723,28.76388931274414,5779200.0
2017-06-05,29.065998638816993,29.153448490914037,28.85929126863387,28.930843353271484,4819600.0
2017-06-06,28.922892188628868,29.08189714559164,28.811589628585118,28.962642669677734,5028000.0
2017-06-07,29.08984391907941,29.185245673231552,28.92289009112139,28.98649024963379,6537700.0
2017-06-08,29.21704599667066,29.33630045874344,29.050092175982325,29.280649185180664,7593900.0
2017-06-09,29.08189671431231,29.177298473968264,27.984765863583462,28.453828811645508,12040100.0
2017-06-12,28.45382857720958,28.45382857720958,27.833709562637015,28.01656723022461,11057000.0
2017-06-13,28.191473018577074,28.29482670438587,28.02451916418656,28.270977020263672,4969400.0
2017-06-14,28.19941753476692,28.43792341170058,28.11991355394452,28.34252166748047,7016400.0
2017-06-15,27.913212046057822,28.19942033995602,27.833708057326618,28.175567626953125,4623300.0
2017-06-16,28.51743507385254,28.581038282406396,28.398183606965915,28.51743507385254,7432400.0
2017-06-19,28.72413292335242,28.906987538027117,28.676430532789368,28.78773307800293,4523700.0
2017-06-20,29.034198202171854,29.209103978911962,28.716188250420323,28.724140167236328,4987400.0
2017-06-21,28.78773466889041,29.240896789598235,28.78773466889041,29.185245513916016,6329400.0
2017-06-22,29.193197429166087,29.352199340962674,29.121645355750793,29.185245513916016,6273400.0
2017-06-23,29.193203917264054,29.24090328829724,29.050099738629015,29.201152801513672,5558600.0
2017-06-26,29.914538274608237,29.980213848903404,29.487656436440886,29.660053253173828,10127200.0
2017-06-27,29.380930641923392,29.380930641923392,28.707771839360287,28.80628204345703,8081100.0
2017-06-28,28.95404955786919,29.052559764151823,28.52716782186712,29.01972198486328,8306200.0
2017-06-29,28.921216713680458,28.921216713680458,28.346568004405214,28.57642936706543,7332200.0
2017-06-30,28.60105376518951,28.806285206348566,28.48612465919376,28.69956398010254,5177500.0
2017-07-03,28.765241974851058,28.871960078530584,28.59284830129164,28.633893966674805,4470600.0
2017-07-05,28.79807146790713,28.79807146790713,28.428654322658552,28.58462905883789,9222200.0
2017-07-06,28.32193374633789,28.43686283150168,28.165959006698845,28.32193374633789,6493700.0
2017-07-07,28.362981973354895,28.461492179346987,28.305517425560925,28.42865753173828,7937800.0
2017-07-10,28.412240356683366,28.86374888727504,28.362983684923428,28.73240089416504,7779700.0
2017-07-11,29.085391505511275,29.085391505511275,28.77343893019534,29.04434585571289,9300800.0
2017-07-12,29.266001107911933,29.389138078283153,29.142861005957833,29.29883575439453,9211200.0
2017-07-13,29.110023367014026,29.684671959574704,29.110023367014026,29.676464080810547,9943900.0
2017-07-14,29.660042357598112,29.840643857398618,29.53690226682189,29.75855255126953,7196600.0
2017-07-17,29.577958547548594,29.602588453503174,29.257797954392565,29.479448318481445,4649800.0
2017-07-18,29.454820509294606,29.58616852063082,29.32347249795839,29.446609497070312,6185300.0
2017-07-19,29.602588841572324,29.898119532647975,29.602588841572324,29.889911651611328,7033800.0
2017-07-20,29.889907968531304,29.889907968531304,29.619004085530538,29.635419845581055,6996600.0
2017-07-21,29.60258209631794,29.60258209631794,29.30704834099895,29.430185317993164,5023500.0
2017-07-24,29.64362445438122,29.73392677307129,29.56153001394357,29.73392677307129,6842100.0
2017-07-25,29.561536399020234,29.75855996704355,29.528701747335823,29.635419845581055,5276300.0
2017-07-26,29.63541344454611,29.758553539411235,29.504065471428568,29.73392677307129,4342200.0
2017-07-27,29.99662358999718,30.05408813418017,29.520485216386373,29.70108985900879,7243100.0
2017-07-28,29.59437504625506,29.61079393836828,29.307052263232407,29.438400268554688,3678400.0
2017-07-31,29.57795902323823,29.881703859421165,29.43019211146917,29.52049446105957,7757600.0
2017-08-01,29.512286066892457,29.545123853733273,29.31526247743128,29.42198371887207,5437300.0
2017-08-02,29.881701091056055,29.93916564791096,29.438400396818103,29.610794067382812,6064600.0
2017-08-03,29.64362783040075,29.64362783040075,29.266002756129122,29.380931854248047,3919800.0
2017-08-04,29.49587152772935,29.61901168076882,29.35631247884567,29.57796287536621,4071400.0
2017-08-07,29.766760112181,30.2264795637218,29.766760112181,30.201852798461914,4860200.0
2017-08-08,30.136179527682987,30.341410937920408,30.078714983343133,30.127971649169922,3301200.0
2017-08-09,29.717508967697448,29.939159267580557,29.577949979660165,29.93094825744629,3153700.0
2017-08-10,29.55333522089245,29.57796199813629,29.011524200439453,29.011524200439453,5605400.0
2017-08-11,29.15928366023806,29.71751343310213,29.085400215841837,29.668256759643555,4291100.0
2017-08-14,29.577962436796707,29.635427005607287,29.430195507974037,29.59438133239746,3875600.0
2017-08-15,29.709304501330205,29.955584754278966,29.627213171402953,29.898117065429688,3820400.0
2017-08-16,29.717512228129422,29.914532650808464,29.668255556668083,29.832441329956055,3232000.0
2017-08-17,29.79960258762171,29.832440367536563,29.364512964290622,29.380931854248047,3324000.0
2017-08-18,29.553329381763746,29.63542071074637,29.23316881451466,29.438400268554688,3692800.0
2017-08-21,29.47944454948601,29.561535874615842,29.249586333855838,29.536909103393555,3588100.0
2017-08-22,29.939169402813835,30.10335208208585,29.83244815601993,29.980215072631836,3202300.0
2017-08-23,29.939158587054923,30.045876663712203,29.857064145492313,30.029460906982422,2956400.0
2017-08-24,30.193646643760268,30.316786753024275,30.02946400685235,30.234695434570312,4544500.0
2017-08-25,30.31678754600038,30.423508768048414,30.16902066365176,30.25111198425293,2975200.0
2017-08-28,30.03766938261117,30.267527560391457,30.02125049397218,30.185436248779297,2199900.0
2017-08-29,29.9802021492724,30.349619281560074,29.963783262106002,30.27573585510254,2997700.0
2017-08-30,30.27574586872335,30.439931663108826,30.210070298335737,30.316791534423828,2838900.0
2017-08-31,30.33321527531102,30.3578420523508,30.12798378242202,30.349634170532227,4288600.0
2017-09-01,30.374248795736392,30.57127232798355,30.30036536259156,30.554853439331055,4100000.0
2017-09-05,30.579483529823893,30.70262364230879,30.086929343050592,30.25111198425293,7123000.0
2017-09-06,30.42350973889285,30.67799471982723,30.374253066010432,30.595903396606445,4187700.0
2017-09-07,30.57126790613363,30.81754493713379,30.52201124730066,30.81754493713379,3597500.0
2017-09-08,30.84217638267243,30.93247870511647,30.66157173778435,30.784711837768555,5581800.0
2017-09-11,30.694417875061042,31.096672930526626,30.661580088577388,31.06383514404297,6920100.0
2017-09-12,31.072046402466178,31.145929864293844,30.907863715368272,31.080257415771484,3524500.0
2017-09-13,30.9242781888667,31.02279155491698,30.77651440295906,30.809349060058594,4983400.0
2017-09-14,30.7847112948815,30.973523815033506,30.6779900855494,30.686201095581055,5799000.0
2017-09-15,30.801134762351232,30.92427174688701,30.702624548405964,30.907855987548828,7245600.0
2017-09-18,31.088459703415477,31.2936911569424,31.055625050854598,31.25264549255371,6179600.0
2017-09-19,31.342934218912387,31.548165583294168,31.30188857235245,31.441444396972656,6559400.0
2017-09-20,31.490709677689896,31.515336446055173,30.735456421464214,31.047409057617188,7961100.0
2017-09-21,31.022790814453785,31.466091556347525,30.924277450754854,31.392208099365234,8458000.0
2017-09-22,30.94890027251027,31.0556214929611,30.858597942250572,31.006364822387695,4529900.0
2017-09-25,30.78471716700224,30.78471716700224,30.25932516173874,30.431718826293945,5895000.0
2017-09-26,30.44813204826107,30.636944569270526,30.316784071403063,30.489177703857422,5995400.0
2017-09-27,30.61232463135962,30.669789188330515,30.38246327189255,30.579486846923828,4802700.0
2017-09-28,30.34142072717367,30.456349852933723,30.201864826346124,30.41530418395996,7618700.0
2017-09-29,30.587692572034012,30.86680745690487,30.587692572034012,30.825761795043945,3818500.0
2017-10-02,31.05563132536826,31.342954165723597,31.00637463919988,31.301908493041992,5096200.0
2017-10-03,31.490714511383,31.581016851360655,31.40041217140535,31.556386947631836,3727100.0
2017-10-04,31.400405452375544,31.47428888458562,31.301895253289697,31.416824340820312,2717200.0
2017-10-05,31.736998859467725,31.89297367123605,31.5153484649017,31.572813034057617,4456400.0
2017-10-06,31.531767360601126,31.58923192975704,31.367581535191015,31.572813034057617,3086100.0
2017-10-09,31.68773628163563,31.860133088639053,31.605644949983386,31.827295303344727,1963500.0
2017-10-10,32.10641090040529,32.14745656710742,31.868341649315827,31.99148178100586,4112000.0
2017-10-11,32.67283169433373,33.15717782636042,32.57432151895363,33.12434005737305,9015400.0
2017-10-12,33.23929098766671,33.37884688716545,33.0997319565842,33.1982421875,5524100.0
2017-10-13,33.41167123570926,33.54301920129369,33.354206696489975,33.51018142700195,3913100.0
2017-10-16,33.5594457763439,33.59228042657498,33.3706332282864,33.56765365600586,2707000.0
2017-10-17,33.5184023598717,33.863189697265625,33.28033312314726,33.863189697265625,7582200.0
2017-10-18,33.98633288899339,34.24902892164628,33.60049672096656,34.068424224853516,6653200.0
2017-10-19,33.674374108752254,33.896024433540276,33.247492349706775,33.71541976928711,5710500.0
2017-10-20,33.674363173361996,33.75645446777344,33.5183884613474,33.75645446777344,5251600.0
2017-10-23,33.96169313203624,34.05199545423952,33.748253841759876,33.830345153808594,5092400.0
2017-10-24,33.87139381163352,33.96990715272196,33.633327732960865,33.920650482177734,4251600.0
2017-10-25,33.904224271404495,33.99452658211263,33.411670198646846,33.7892951965332,3360000.0
2017-10-26,33.80571703722199,33.937065010207135,33.715414718622945,33.82213592529297,3651500.0
2017-10-27,34.051994650170826,34.626643215691146,34.002737985155,34.60201644897461,4822800.0
2017-10-30,34.77441818386341,35.020695303175685,34.54455995671642,34.58560562133789,5200800.0
2017-10-31,34.62664626934545,34.905761132550886,34.56097071019922,34.749786376953125,3704500.0
2017-11-01,34.87292679465956,34.889345686066534,34.36395368737675,34.56097412109375,4235700.0
2017-11-02,34.552759783958784,34.67589988070697,34.437830697171265,34.60201644897461,3255800.0
2017-11-03,34.396783507011605,34.66768732355153,34.14229544649491,34.634849548339844,6140900.0
2017-11-06,34.63485511077939,34.872924321924714,34.54455591181889,34.831878662109375,5650500.0
2017-11-07,35.00426606257206,35.06173060237035,34.69231346682234,34.897544860839844,2761600.0
2017-11-08,34.823667651196445,34.92218099265299,34.65127400102215,34.831878662109375,2378400.0
2017-11-09,34.59380864645164,34.659484205895325,33.896023051069214,34.183345794677734,4680100.0
2017-11-10,34.306484168619555,34.331110936374515,34.14229840989312,34.249019622802734,5333900.0
2017-11-13,34.249024965325766,34.487091064453125,34.076628169400166,34.487091064453125,2222000.0
2017-11-14,34.298273265692146,34.388575589853545,34.07662296045496,34.363948822021484,2799400.0
2017-11-15,33.97811720577186,34.19155966020203,33.88781486978858,34.10125732421875,3417300.0
2017-11-16,34.273651350430065,34.675906360942555,34.273651350430065,34.56097412109375,3304500.0
2017-11-17,34.67590544302014,34.8236691986047,34.45425511226842,34.536346435546875,3702000.0
2017-11-20,34.536350331275656,34.70874400855651,34.44604798653324,34.65127944946289,4455300.0
2017-11-21,34.987847918884405,35.19307931726385,34.93038337786477,34.955013275146484,3668500.0
2017-11-22,34.96322325663056,35.08636335569959,34.71694619007532,34.81545639038086,2768600.0
2017-11-24,35.02889636704309,35.31622222664833,34.97964283171518,35.291595458984375,1499700.0
2017-11-27,34.20796578216763,34.21617679126183,33.707203832806066,33.73183059692383,8188400.0
2017-11-28,33.682589538935225,33.83856746815007,33.50198796577932,33.60049819946289,4864800.0
2017-11-29,33.55944193125225,33.58406869899975,32.213124346952505,32.35268020629883,11796100.0
2017-11-30,32.50865173339844,32.62358394519154,32.15565348327603,32.50865173339844,9357100.0
2017-12-01,32.79598307755648,32.82882085787358,32.016103018732274,32.59075164794922,7192200.0
2017-12-04,32.878068689416466,32.94374423864997,32.2623745074739,32.33625793457031,7109000.0
2017-12-05,32.18029022216797,32.4429862132401,31.958639892529007,32.18029022216797,4504000.0
2017-12-06,31.98328008923105,32.09000135902404,31.622073732773025,31.753421783447266,8622000.0
2017-12-07,31.81087175566144,32.04072995591834,31.695942655532996,32.02431106567383,11285400.0
2017-12-08,32.32805832735791,32.46761420780855,31.975059988874886,32.01610565185547,5071600.0
2017-12-11,32.172061229609795,32.49222472564531,32.163853354543924,32.319828033447266,5272500.0
2017-12-12,32.19671388032116,32.3280618953055,32.081784758657825,32.262386322021484,5488100.0
2017-12-13,32.4019439956372,32.418362888272185,32.196712535075186,32.25417709350586,4227100.0
2017-12-14,32.42656611228338,32.549706223570865,32.27879923137164,32.34447479248047,4737600.0
2017-12-15,32.34447575538991,32.525077290649534,32.221335640436486,32.42656707763672,7156400.0
2017-12-18,32.32805590220326,32.401939342659134,32.18028902129152,32.34447479248047,5746900.0
2017-12-19,32.18849819608138,32.35268397387807,32.11461475265204,32.29521942138672,4454900.0
2017-12-20,32.32805435495452,32.51686688673098,32.15565758108647,32.3773078918457,6330100.0
2017-12-21,32.47582876450694,32.557920099429424,32.180294948252104,32.20492172241211,3563100.0
2017-12-22,32.50866095915749,32.53329086303711,32.26238384144546,32.53329086303711,2523600.0
2017-12-26,32.27060483870349,32.27060483870349,31.8601418049801,31.97507095336914,2861500.0
2017-12-27,32.01610391750259,32.106406250118084,31.917593705368947,32.08177947998047,3092900.0
2017-12-28,32.43477668861247,32.74672936665231,32.34447748195405,32.623592376708984,4279500.0
2017-12-29,32.7138919752931,33.01763677694239,32.54970932006836,32.54970932006836,3870900.0
2018-01-02,33.25570352039956,33.699004213847765,33.181820071491515,33.67437744140625,4984000.0
2018-01-03,34.142296382835774,34.322901019870486,34.01915628820616,34.240806579589844,6963200.0
2018-01-04,34.4131948149085,34.47887035684289,34.02736196658163,34.06019973754883,4876600.0
2018-01-05,34.38858268746941,34.94681250515283,34.30649135669742,34.856510162353516,5330800.0
2018-01-08,34.807257051553215,34.87292949067489,34.63486024424373,34.840091705322266,3538200.0
2018-01-09,34.88113605588207,34.88934393538203,34.58560228855258,34.62664794921875,5729900.0
2018-01-10,33.94528150464831,34.027375965840925,33.42810049126055,33.90423583984375,7102700.0
2018-01-11,33.83855692112598,33.98632379138632,33.616906615735466,33.682579040527344,5701800.0
2018-01-12,33.69079352793785,33.904232845018164,33.46093218848611,33.81393051147461,5028000.0
2018-01-16,34.48708183480689,34.7661966540078,34.32289922599197,34.667686462402344,9081600.0
2018-01-17,35.02069236830948,35.521457576842394,34.88934437357817,35.40652847290039,7117700.0
2018-01-18,36.00579714285289,36.8185117292346,35.71026342722949,36.588653564453125,11866200.0
2018-01-19,36.99911734941299,37.38495339194483,36.59686555031541,36.670745849609375,6543700.0
2018-01-22,37.762582722711734,38.09095425989028,37.71332605266004,38.07453536987305,8335800.0
2018-01-23,38.15662503147927,38.23050846755701,37.81183775083845,37.99243927001953,5659600.0
2018-01-24,37.46703983593951,37.491666599173,37.146879387574906,37.212554931640625,7400600.0
2018-01-25,37.52451551687796,37.58198006921265,36.974496764079326,37.02375030517578,7655700.0
2018-01-26,37.35212162075569,37.54914517862992,36.966285516192904,37.5327262878418,7057300.0
2018-01-29,37.32749934893128,37.50810090619958,37.10584899395404,37.27003479003906,11604400.0
2018-01-30,36.58866296500635,36.96628808462097,36.44910708098577,36.8431510925293,10224600.0
2018-01-31,37.294654309861976,37.59839593801443,37.04016621884707,37.196144104003906,6333300.0
2018-02-01,37.212563097090566,37.70511725933402,37.1879331968703,37.311073303222656,6706500.0
2018-02-02,36.94986486343693,37.204352961142604,36.49014846962417,36.53940200805664,12051800.0
2018-02-05,36.161775539330975,36.78568080915572,35.14382945089704,35.258758544921875,11748300.0
2018-02-06,34.7005275636247,35.87445149237711,34.56096857485311,35.784149169921875,13414100.0
2018-02-07,35.29159917218551,35.29159917218551,34.38037109375,34.38037109375,15239500.0
2018-02-08,34.569180660620276,34.5773885394703,33.13256072998047,33.13256072998047,11356000.0
2018-02-09,33.444513540037775,34.216182550920564,32.80418938094748,34.04378890991211,10588400.0
2018-02-12,34.503504304744766,35.12740955672302,34.44603975937609,34.91396713256836,6573300.0
2018-02-13,34.9221805080676,35.020690716574094,34.38036966390728,34.79083251953125,5831900.0
2018-02-14,34.61843533577547,35.37368860972439,34.41320391036087,35.340850830078125,6860100.0
2018-02-15,35.72669219970703,35.91550476324378,35.09457894008392,35.72669219970703,6116500.0
2018-02-16,35.587122639312774,36.08788774415115,35.5542879961165,35.693843841552734,4792100.0
2018-02-20,35.36548057687743,36.25207870239147,35.29980501787038,35.907291412353516,9291700.0
2018-02-21,35.84162799537962,35.97297602630734,35.193095722605946,35.20951461791992,6612600.0
2018-02-22,35.028903793896745,35.08637148326843,34.62665188937969,34.79904556274414,7984000.0
2018-02-23,35.619968983107505,36.03864288330078,35.39011076752426,36.03864288330078,7204900.0
2018-02-26,36.21103643144735,36.457313537597656,35.95654831386148,36.457313537597656,3897600.0
2018-02-27,36.16179055337175,36.367022058364306,35.80058423195518,35.80879211425781,5999100.0
2018-02-28,35.84982750071911,36.046851066867006,35.53787795739468,35.58713150024414,6400100.0
2018-03-01,35.58713495812927,35.75953176960367,34.733374439420196,35.06995391845703,7792400.0
2018-03-02,34.7990446050606,35.34085551471199,34.60202416423289,35.30801773071289,4819600.0
2018-03-05,35.340855156993086,35.92371172495197,35.193088262076266,35.702064514160156,5977200.0
2018-03-06,36.399850680952746,36.44910735711263,35.65280831623689,35.74311065673828,8632000.0
2018-03-07,35.55429630294315,36.35059217208821,35.44757507576909,36.28491973876953,4482900.0
2018-03-08,36.3670057951777,36.440889229198,35.784149333230246,35.95654296875,7092400.0
2018-03-09,36.16179029576452,36.61329897721487,35.72670051038673,36.6050910949707,8336200.0
2018-03-12,36.76926274687069,37.228979133310894,36.73642496738696,37.12226104736328,5176100.0
2018-03-13,37.35211952254135,37.55735094848938,36.86777323204068,36.933448791503906,5842300.0
2018-03-14,37.29466615571844,37.31108505050706,36.802111838395724,37.0648078918457,4300500.0
2018-03-15,37.02374732927356,37.475258963587585,36.85135368612619,37.196144104003906,3942200.0
2018-03-16,36.941649469284606,37.36853112783067,36.88418493174787,36.917022705078125,8125600.0
2018-03-19,36.711806053621444,36.83494305565798,36.27671321132471,36.6132926940918,5116500.0
2018-03-20,36.695391326863,36.867785028238416,36.547624402374346,36.8021125793457,6404200.0
2018-03-21,36.58865613802017,36.81851431896937,36.325960179340264,36.695377349853516,7036400.0
2018-03-22,36.20281700458374,36.4244672880709,35.86623764038086,35.86623764038086,6318500.0
2018-03-23,35.816984522023624,35.87444906304326,34.955013275146484,34.955013275146484,5923500.0
2018-03-26,35.964755459403634,36.35058840265161,35.44757139997238,36.34238052368164,5395200.0
2018-03-27,36.71180019094814,36.81031040316257,35.4065281356701,35.53787612915039,6995000.0
2018-03-28,35.283391659561474,35.439366439281144,34.84009096151587,35.04532241821289,8563100.0
2018-03-29,35.29981141830641,36.055061694328664,35.26697363284886,35.92371368408203,7758900.0
2018-04-02,35.57891710488475,35.784148513396644,34.82366389313795,34.889339447021484,6361200.0
2018-04-03,36.34237580131334,36.35058367921677,35.324426704247166,35.693843841552734,6174500.0
2018-04-04,34.782619139622334,36.07147216796875,34.76620025072573,36.07147216796875,5497100.0
2018-04-05,36.14536035504501,36.30954613401735,35.41473692678048,35.562503814697266,6115100.0
2018-04-06,35.201301521403174,35.439367639228976,34.69232523682093,34.823673248291016,5133100.0
2018-04-09,35.37369199320023,36.15357211068747,35.22592510224125,35.35727310180664,6696400.0
2018-04-10,36.014013670825314,36.30133957739522,35.32443587927427,35.77594757080078,5682300.0
2018-04-11,35.50504557015433,35.948346312668164,35.50504557015433,35.61176681518555,4788000.0
2018-04-12,35.570718060791094,35.997596740722656,35.34085669669307,35.997596740722656,7574700.0
2018-04-13,35.866245928873404,35.907294722828816,34.93860205924728,35.01248550415039,5749900.0
2018-04-16,35.1438273684834,35.308009989314435,35.03710615967703,35.19308090209961,5206900.0
2018-04-17,34.55276326160254,34.77441357910816,34.29006728491065,34.733367919921875,9831100.0
2018-04-18,34.560974902231706,34.692322904872846,33.830351441816404,34.4132080078125,8947400.0
2018-04-19,32.779570177895934,32.9027103107975,32.106411216290326,32.45119857788086,27527000.0
2018-04-20,32.31985839853627,32.459417458426124,31.868349687757423,31.97507095336914,15313300.0
2018-04-23,31.983270524094078,32.08178388132609,31.63027215630507,31.810876846313477,11178300.0
2018-04-24,32.04894609558208,32.18850198761868,31.44145958565247,31.810876846313477,13004000.0
2018-04-25,31.490715691364496,31.597436927299146,31.21160078078557,31.33473777770996,12359200.0
2018-04-26,31.26085745850546,31.654901485513903,31.26085745850546,31.33473777770996,7685800.0
2018-04-27,31.802668387090016,31.802668387090016,31.186974007717406,31.33473777770996,8276100.0
2018-04-30,31.761612766838738,31.884752868893738,31.507127815579963,31.564592361450195,7968000.0
2018-05-01,31.474290957075052,31.966845116520293,31.40861539897143,31.958637237548828,5507000.0
2018-05-02,31.687733934821395,31.687733934821395,30.907856947132572,30.989948272705078,11522200.0
2018-05-03,30.82575707421588,31.351148981374106,30.620525664758272,31.277265548706055,7021400.0
2018-05-04,31.195184683639614,31.736995660776316,31.14592800150579,31.67953109741211,9474000.0
2018-05-07,31.564592361450195,31.728778120329235,31.392198723839503,31.564592361450195,4590100.0
2018-05-08,31.999682190381613,32.328053710497294,31.966844412053465,32.16386795043945,8116600.0
2018-05-09,32.31984754152591,32.39373098804028,32.14745387685351,32.303428649902344,5861400.0
2018-05-10,32.484034272818896,32.73031139118261,32.37731303994735,32.64822006225586,7957900.0
2018-05-11,32.86987432174966,32.98480344856398,32.54150270377977,32.763153076171875,4184400.0
2018-05-14,32.94374540556953,33.288532656510654,32.73851400431906,32.79597854614258,5014000.0
2018-05-15,32.3116430019845,32.344480788626505,31.9832713987318,32.262386322021484,5622800.0
2018-05-16,32.34447040190479,32.697468665989454,32.24595707361418,32.66463088989258,7671500.0
2018-05-17,32.07356725228591,32.21312625146616,31.745195715518438,31.983264923095703,7964200.0
2018-05-18,31.581013467191486,31.64668589640297,31.425035576095897,31.53996467590332,7783900.0
2018-05-21,32.295225775182594,32.590759607043616,32.11462107091556,32.401947021484375,7902200.0
2018-05-22,32.40193280563447,32.66462873390516,32.385513918669744,32.54148864746094,5752000.0
2018-05-23,32.13103540712839,32.54970932006836,32.0899897433222,32.54970932006836,4815400.0
2018-05-24,32.319857617997506,32.38553320496768,31.83551112463771,32.23776626586914,7930800.0
2018-05-25,32.09820052039513,32.41836424277918,31.958644624542142,32.262386322021484,5403000.0
2018-05-29,31.597435567620913,31.6549001233629,31.219807317852037,31.326528549194336,7198200.0
2018-05-30,31.44144925812323,31.523543695517795,31.252636749489614,31.474287033081055,8413400.0
2018-05-31,31.466087130002006,31.90117679792471,31.433249346721666,31.76982879638672,8129400.0
2018-06-01,32.00789656519874,32.18029022216797,31.851918667536193,32.18029022216797,5970000.0
2018-06-04,32.713891283616306,32.8370314040147,32.566124391771574,32.81240463256836,8927200.0
2018-06-05,32.59074815260024,32.72209612819853,32.344471089801296,32.45940017700195,6345900.0
2018-06-06,32.713884683679794,32.77956023639797,32.4758186340332,32.4758186340332,9829700.0
2018-06-07,32.475827134319346,32.78777669663281,32.39373267193407,32.442989349365234,8216900.0
2018-06-08,32.14744976972227,32.14744976972227,31.622057831225217,31.958637237548828,8081300.0
2018-06-11,32.01610966605552,32.139249802020004,31.8190860748291,31.8190860748291,4511600.0
2018-06-12,32.12282566984489,32.311638217704036,31.99968555396217,32.18029022216797,6582600.0
2018-06-13,32.61536994437997,32.74671789994294,32.0571403503418,32.0571403503418,9616600.0
2018-06-14,32.04073101955057,32.07356880112968,31.6877326965332,31.687732696533203,7636000.0
2018-06-15,31.868335062459472,31.966845268500272,31.64668475018043,31.761613845825195,11235700.0
2018-06-18,31.449666370481353,31.49071203135228,31.063830268811632,31.400409698486328,8921400.0
2018-06-19,30.9489058661323,31.170556226398475,30.661579933231558,30.83397674560547,9848900.0
2018-06-20,31.47429601070186,31.67952746535391,31.203388987401084,31.48250389099121,8668600.0
2018-06-21,31.088457835851464,31.203386941869102,30.825761841644503,30.88322639465332,9246700.0
2018-06-22,31.416831761763042,31.449669546409165,31.170554640084134,31.293691635131836,10338500.0
2018-06-25,30.889490862369463,31.110739726834673,30.676753317523783,31.06818962097168,10528100.0
2018-06-26,30.915023110757975,31.229873783856366,30.727813023236912,31.025644302368164,8817000.0
2018-06-27,30.846938098342704,30.90650433980879,30.217233657836914,30.217233657836914,8798100.0
2018-06-28,30.20872826967809,30.583145141601562,30.081084457415752,30.583145141601562,7199000.0
2018-06-29,31.102221714438553,31.289431752375233,31.008616695470213,31.110733032226562,8088200.0
2018-07-02,30.81290437277748,31.119246948346916,30.668244404379266,31.093719482421875,7365500.0
2018-07-03,30.966068267822266,31.153278296224606,30.93202949063703,30.966068267822266,6512600.0
2018-07-05,30.97459114030133,31.14477859748332,30.838439226885143,31.13627052307129,9230900.0
2018-07-06,31.3319785456605,31.78298100410132,31.28092037737571,31.714906692504883,7251600.0
2018-07-09,32.22548375324189,32.36163565788213,31.97019933780611,32.19144821166992,7124100.0
2018-07-10,31.88510633465964,32.29356205780322,31.88510633465964,32.27654266357422,7211500.0
2018-07-11,31.76597164170676,31.782987788650754,31.400062806181978,31.45962905883789,7316200.0
2018-07-12,31.765977984105884,31.987223645842164,31.655353530178765,31.748958587646484,5275300.0
2018-07-13,31.944666546649884,32.16591213752656,31.893608373624378,32.140384674072266,4947500.0
2018-07-16,32.23399149401001,32.24249956692891,32.03827335570424,32.157405853271484,5399200.0
2018-07-17,31.910630038754675,32.438218213149284,31.782986220152797,32.37014389038086,6238500.0
2018-07-18,32.37013933272667,32.73604809867451,32.233987460242595,32.68498992919922,10532200.0
2018-07-19,33.56147361381582,34.369876926408885,32.863694732491446,33.87632751464844,17762300.0
2018-07-20,34.029501221541295,34.761315694657405,33.90185738823589,34.659202575683594,14481000.0
2018-07-23,34.735772205707136,34.871924050249156,34.57409290472475,34.66769790649414,6832800.0
2018-07-24,34.974050703461664,35.06765574158033,34.36136878816025,34.369876861572266,7018300.0
2018-07-25,34.488999003037456,34.80385280867111,34.30179222916796,34.79534149169922,7725700.0
2018-07-26,34.633665717305675,34.837891899881825,34.41241689904543,34.73577880859375,8476600.0
2018-07-27,34.837902284862814,35.6718331455582,34.837902284862814,35.271888732910156,9468500.0
2018-07-30,35.27188056526475,35.331446809655574,34.79534736402135,34.965538024902344,5174300.0
2018-07-31,35.110200512770156,35.38250753751925,34.965540550548134,35.06765365600586,4908300.0
2018-08-01,35.26336901178712,35.51014530611367,35.16125591438596,35.493125915527344,6115000.0
2018-08-02,34.974054912839605,35.44208015976313,34.88896118400861,35.35698318481445,4669300.0
2018-08-03,35.433561695188075,35.69735739516666,35.36548737507178,35.47610855102539,4575200.0
2018-08-06,35.059145083304195,35.24635189962173,34.88895441255612,34.94852066040039,7245800.0
2018-08-07,34.94852221210485,35.101693497967176,34.7528040681957,35.09318542480469,7494900.0
2018-08-08,35.36549270737316,35.83351468438459,35.27188766274737,35.71438217163086,5089600.0
2018-08-09,35.688849671173635,35.69736099086863,35.46760405086389,35.603755950927734,4513300.0
2018-08-10,35.14423903686873,35.14423903686873,34.71025590729325,34.91448211669922,7053200.0
2018-08-13,34.625165816002585,34.88045349757067,34.43795896126843,34.64218521118164,6708600.0
2018-08-14,34.88895594318367,35.05063530212306,34.778331515426615,34.81237030029297,5339100.0
2018-08-15,34.420936584472656,34.506030306879204,34.14012145751967,34.420936584472656,6052800.0
2018-08-16,34.420940646895666,34.65920569464842,34.352863064041834,34.38690185546875,5544000.0
2018-08-17,34.199683163068734,34.22521387328846,33.85930507260337,34.14862823486328,7897200.0
2018-08-20,34.05502214853001,34.24223220245431,33.95290904916989,34.12309646606445,4156700.0
2018-08-21,34.352847146534046,34.92298527734706,34.34433907567847,34.79534149169922,6075100.0
2018-08-22,34.76130960962834,34.93150027553754,34.4975171612802,34.80385971069336,5512700.0
2018-08-23,35.14423777010411,35.186784625020344,34.61664962768555,34.61664962768555,4126100.0
2018-08-24,34.829389711126865,35.23784539138733,34.74429599503321,35.09318542480469,4232000.0
2018-08-27,35.25485686454436,35.49312181297896,35.203798698687024,35.33995056152344,5733000.0
2018-08-28,36.07177376799347,36.38662439213869,35.952641274863765,36.03773498535156,10683500.0
2018-08-29,36.75253028622563,37.76516289004839,36.667436582461555,37.552425384521484,12278200.0
2018-08-30,37.73963727785121,37.85877302377072,36.93974531766601,36.98229217529297,7826200.0
2018-08-31,36.69296571650972,37.10993267463549,36.55681383661256,37.10142135620117,8782900.0
2018-09-04,36.81209851452702,37.54391609240836,36.752532269454534,37.53540802001953,8174900.0
2018-09-05,37.51839244720679,37.926848131892136,37.45882619607251,37.6290168762207,7262400.0
2018-09-06,37.39075468964259,37.501379136597706,37.08441531103402,37.48435974121094,10424900.0
2018-09-07,37.441806276111826,38.49698588127563,37.424786883724984,38.190643310546875,14256000.0
2018-09-10,38.29275664889695,38.34381482636434,37.884300967509446,37.96939468383789,6824900.0
2018-09-11,37.135459949696354,37.92684376200348,37.084405023816444,37.90982437133789,12509700.0
2018-09-12,37.37372767839387,37.69708963261361,37.28863396491783,37.3907470703125,10303700.0
2018-09-13,37.4332935963306,37.4332935963306,36.820608530271834,36.95676040649414,9624500.0
2018-09-14,37.45882137749852,37.91833518095322,37.39925513402663,37.79069137573242,5295400.0
2018-09-17,37.12695815684231,37.560941330807,36.99080625460659,37.237579345703125,6210300.0
2018-09-18,37.016328453831264,37.51838913052101,36.888684643474726,37.067386627197266,8814200.0
2018-09-19,37.61199543690154,37.773674788879916,37.22055916614312,37.458824157714844,6393200.0
2018-09-20,37.65454149357883,37.80771276951326,37.356710260438,37.586463928222656,4728000.0
2018-09-21,37.654542052360746,37.79069393897658,37.4588239182328,37.492862701416016,6668600.0
2018-09-24,37.30565311526811,38.241696941911734,37.26310625880559,38.19915008544922,8229100.0
2018-09-25,38.12256339399314,38.2161684232994,37.55242839166154,37.586463928222656,6678200.0
2018-09-26,37.654546615867226,38.06300232521712,37.654546615867226,37.671566009521484,4564300.0
2018-09-27,37.952371982819415,38.48847143808187,37.935355837930885,38.088523864746094,6711700.0
2018-09-28,37.86727263570617,37.96938572041795,37.416270202622435,37.57794952392578,7727700.0
2018-10-01,37.909828192501735,38.25871762102084,37.79920376508333,38.00343322753906,5029800.0
2018-10-02,37.22906313149223,37.43329256324777,36.97377877638534,37.118438720703125,5440300.0
2018-10-03,37.47583435552021,37.646024984654694,37.075886863971625,37.40775680541992,5631100.0
2018-10-04,36.65041960334836,36.65893092195468,35.71437581590376,36.105812072753906,7885000.0
2018-10-05,35.63779399984842,35.799473363416155,35.03361691258524,35.42505645751953,7921400.0
2018-10-08,34.684724948198635,35.033614362376554,34.37838563628297,34.854915618896484,7761800.0
2018-10-09,34.88895342058948,35.14423779639479,34.53155594368543,34.80385971069336,5678700.0
2018-10-10,34.33583629568214,34.412421936889196,33.484886169433594,33.484886169433594,12853500.0
2018-10-11,32.76158464528457,33.69762862241709,32.61692466083145,33.13600158691406,10209000.0
2018-10-12,34.157135764480934,34.531555877992254,33.3487325375379,33.748680114746094,7578600.0
2018-10-15,33.58700462604963,33.68911773868415,32.948791991378506,32.97431945800781,8209000.0
2018-10-16,33.901852642639554,34.08906270631707,33.5274357614016,34.046512603759766,10748100.0
2018-10-17,34.03800506659669,34.11459070784122,33.340226222420824,33.672096252441406,8173600.0
2018-10-18,33.86781573853349,33.99545956105485,32.727542393623615,32.79561996459961,9555600.0
2018-10-19,33.32319831467164,33.45935017029999,32.62541964881183,32.719024658203125,11266200.0
2018-10-22,33.34873587502326,33.382774660770274,32.79562021416194,32.94879150390625,8165700.0
2018-10-23,31.84254895046347,32.489272798928525,31.70639707385769,32.33610153198242,12350000.0
2018-10-24,31.961689404307847,31.961689404307847,31.00011480779258,31.042661666870117,13312400.0
2018-10-25,31.297940389773864,31.95317228827929,31.05116735344369,31.817020416259766,9927300.0
2018-10-26,31.102232576822498,31.731937222276393,30.753343086347677,31.204345703125,11973200.0
2018-10-29,31.62980718095399,31.834036591418485,30.608669866980573,30.91501235961914,8269300.0
2018-10-30,31.348992140991875,32.165903205862726,31.204328980647404,32.14888381958008,12106400.0
2018-10-31,32.92326052284464,33.178548167746555,32.36163354707147,32.421199798583984,12610900.0
2018-11-01,32.99984209463598,33.25512970803328,32.667972092559715,33.22959899902344,14348600.0
2018-11-02,33.340221079320045,33.60401674649491,32.702008582772756,32.999839782714844,9736200.0
2018-11-05,32.94878586038605,33.03387956406134,32.59989648153062,32.74455642700195,8591900.0
2018-11-06,32.7615801376502,33.05941138590925,32.693502568838326,32.957298278808594,8578100.0
2018-11-07,33.433822599408714,33.442330670181015,32.948781412480706,33.34021759033203,6568700.0
2018-11-08,33.00836361256227,33.2381205879444,32.92326663309601,32.93177795410156,7953700.0
2018-11-09,32.412695053661984,32.66797947866123,32.17443002314503,32.39567565917969,5975400.0
2018-11-12,32.21697432303221,32.268029256299464,31.493664722612074,31.53621482849121,11666700.0
2018-11-13,31.81701778127377,32.438210848799876,31.68937723776689,31.825529098510742,15057100.0
2018-11-14,32.50629757118418,32.625430077173846,31.800007362649232,32.199954986572266,10404900.0
2018-11-15,32.3956818952223,32.82115710082924,32.24251056151435,32.77861022949219,10840400.0
2018-11-16,31.54471571658816,31.655340123664175,31.19582635222528,31.37452507019043,16382400.0
2018-11-19,31.178824437439847,31.212863235020073,30.600177863049588,30.6767635345459,15191700.0
2018-11-20,30.123627996703956,30.625688571519564,29.970456753803173,30.32785415649414,11673500.0
2018-11-21,30.991603354797494,31.246891000397508,30.753338348095888,30.778865814208984,7013100.0
2018-11-23,30.489550840928878,30.804401543364857,30.42147325871689,30.60017204284668,2320500.0
2018-11-26,31.23837461137153,31.391545875426957,31.034148423375445,31.3489990234375,7077300.0
2018-11-27,30.96607675529778,31.33198559503968,30.96607675529778,31.314966201782227,6870200.0
2018-11-28,31.714910860562366,32.353123440473055,31.54472019002944,32.34461212158203,8380200.0
2018-11-29,32.29356205780322,32.65095959825979,32.2254844808872,32.27654266357422,7056600.0
2018-11-30,31.68938379947851,31.99572311499653,31.553231910542582,31.987215042114258,8734400.0
2018-12-03,33.03388392066337,33.187055204372925,32.65946703054954,32.957298278808594,7457600.0
2018-12-04,32.78710329566201,32.9998408010761,31.851059570286708,31.859567642211914,13321200.0
2018-12-06,30.37891455339099,31.366016387939453,30.302328926308935,31.366016387939453,12075700.0
2018-12-07,31.187326554343493,31.43409964866422,30.753340128591194,31.076702117919922,10802700.0
2018-12-10,30.898005133248702,31.34049965832719,30.7022869628305,31.000118255615234,12439100.0
2018-12-11,31.68937787705763,31.782979645737736,30.88948283869882,31.2298641204834,8635800.0
2018-12-12,32.004229843398605,32.08081547282215,31.714906715144828,31.80851173400879,8405400.0
2018-12-13,31.90212786899652,32.04678786047109,31.646840184553334,31.765975952148438,5825900.0
2018-12-14,31.314956222662218,31.578751864913126,31.0851993560791,31.0851993560791,5969600.0
2018-12-17,31.170304373230746,31.434096837728834,30.736317986286874,30.821414947509766,10733100.0
2018-12-18,31.15329467509847,31.48516481184441,31.15329467509847,31.280935287475586,7100400.0
2018-12-19,31.16178595827329,31.72341278998905,30.719291599025045,30.82991600036621,11786400.0
2018-12-20,30.98308979345419,31.27241292725166,30.24276419225233,30.532087326049805,12540400.0
2018-12-21,31.17881020518732,31.425586505819908,30.336371449395976,30.387426376342773,16981000.0
2018-12-24,30.259786209497953,30.540598049736918,30.013009905630675,30.030029296875,6288500.0
2018-12-26,30.06407920144653,31.28944660930496,30.06407920144653,31.280935287475586,10063400.0
2018-12-27,30.804405017104003,31.314973956798408,30.60017549355535,31.297954559326172,8688600.0
2018-12-28,31.595776214304188,32.06379809182376,31.50217118957691,31.604284286499023,7369000.0
2018-12-31,31.8510579927711,31.987209859648136,31.289431136138766,31.4085636138916,4600600.0
