Date,Open,High,Low,Close,Volume
2013-01-02,12.549233855451996,12.803610645383584,12.506838173041547,12.789478302001953,10226100.0
2013-01-03,12.90960092792447,12.930798095923608,12.725884501436521,12.7824125289917,13148600.0
2013-01-04,12.78948064658178,12.803612992554166,12.662292228299684,12.690555572509766,7464200.0
2013-01-07,12.619900629531731,12.619900629531731,12.485645994737634,12.506844520568848,9429900.0
2013-01-08,12.513907347661412,12.520973521808898,12.365521733768944,12.393786430358887,8112900.0
2013-01-09,12.549238218398843,12.66936048343628,12.294861340028996,12.393786430358887,12977400.0
2013-01-10,12.584566233269511,12.874272599923524,12.499774849130885,12.846009254455566,15772200.0
2013-01-11,12.775344365445878,12.860137067426981,12.662288327960592,12.824806213378906,12556600.0
2013-01-14,12.831875281845353,12.860139971466461,12.64815884251188,12.725885391235352,8392500.0
2013-01-15,12.63402422193396,12.676421248728646,12.55629903494571,12.641090393066406,12064700.0
2013-01-16,12.549235094155499,12.612829297915619,12.5421689217672,12.577498435974121,8976600.0
2013-01-17,12.789481268082596,12.966131558117619,12.711754709192064,12.90253734588623,11372400.0
2013-01-18,12.867207076608786,12.867207076608786,12.711755299345505,12.817745208740234,12608400.0
2013-01-22,12.789478211626927,12.831873893737793,12.711751671311642,12.831873893737793,11338900.0
2013-01-23,12.824810389305755,12.937866463603585,12.803613217709108,12.909603118896484,9210500.0
2013-01-24,12.747085405268944,12.76828257723926,12.57043511759771,12.584566116333008,8766400.0
2013-01-25,12.542171478271484,12.570436173585952,12.414983044826084,12.542171478271484,9410300.0
2013-01-28,12.506839477876436,12.506839477876436,12.372584897213086,12.379651069641113,13755500.0
2013-01-29,12.556305333307279,12.626965732341343,12.485644934273214,12.549239158630371,10022400.0
2013-01-30,12.506839407560276,12.612829297915619,12.450311376188456,12.577498435974121,8748500.0
2013-01-31,12.570432750084848,12.626960777583776,12.528035718659789,12.535101890563965,10751300.0
2013-02-01,12.641095408614795,12.81067953987563,12.626964408477546,12.76828384399414,8979400.0
2013-02-04,12.725888455562178,12.810679849373667,12.634029539909008,12.648161888122559,5769800.0
2013-02-05,12.704688483911522,12.874272599923524,12.697622310610845,12.846009254455566,6314500.0
2013-02-06,12.888404030378632,12.916668721572202,12.711753753622782,12.747084617614746,5810300.0
2013-02-07,12.761217265714063,12.97319843387456,12.732953918600227,12.930801391601562,8194200.0
2013-02-08,12.881335858459918,13.057986107800513,12.874269686758161,13.036788940429688,9341100.0
2013-02-11,13.029725774890018,13.12158333273695,12.994394908229847,13.057989120483398,4804300.0
2013-02-12,13.001459336726839,13.093318229980788,12.959063650159019,13.07211971282959,4868400.0
2013-02-13,13.086253358274922,13.107450529798388,12.966131111281346,13.008526802062988,6487300.0
2013-02-14,13.022657363398396,13.128647249693278,12.980261678427349,13.121581077575684,5087900.0
2013-02-15,13.107451846414454,13.14278271539366,13.065056151374254,13.093320846557617,5266400.0
2013-02-19,13.18517585480716,13.538476389711391,13.156912512836806,13.531410217285156,11089400.0
2013-02-20,13.559675536395568,13.602071225186291,13.326497226444618,13.347694396972656,9250100.0
2013-02-21,13.312360212372868,13.361822056571855,13.163973332041737,13.20637035369873,7048100.0
2013-02-22,13.192246012979313,13.425424382556418,13.185179838418188,13.354763984680176,8572300.0
2013-02-25,13.262902549316482,13.291165891597016,12.895469665527344,12.895469665527344,11474200.0
2013-02-26,12.76121640400424,12.76828257723926,12.499774732982269,12.584566116333008,18927900.0
2013-02-27,12.718820830512877,12.980263851698933,12.7117546572122,12.846009254455566,15507300.0
2013-02-28,12.937865352815445,13.07211993491813,12.80361211844736,12.895469665527344,9086700.0
2013-03-01,12.838941633231677,12.966130042830578,12.768281255928443,12.895469665527344,8703200.0
2013-03-04,12.64109491050408,12.838943729713108,12.634028736846455,12.817745208740234,10449900.0
2013-03-05,13.001460574291984,13.008526747348323,12.902536846972664,12.951998710632324,8628300.0
2013-03-06,12.923737839546249,13.022661585798053,12.77535087243358,12.80361557006836,9243600.0
2013-03-07,12.838941202744081,12.895469233144373,12.70468662514293,12.754148483276367,12116900.0
2013-03-08,12.83894123632497,12.853073580895645,12.570433428154926,12.655224800109863,9194700.0
2013-03-11,12.62696446736676,12.634029293600896,12.506842205363254,12.520973205566406,8261800.0
2013-03-12,12.577499889602358,12.64816027391726,12.506840853022187,12.528038024902344,6289800.0
2013-03-13,12.725885790852267,12.754149133626319,12.648159239688034,12.718819618225098,9987400.0
2013-03-14,12.754148483276365,12.82480885821037,12.61989525340977,12.754148483276367,7771400.0
2013-03-15,12.626961521008363,12.655224862554617,12.443245083886744,12.464442253112793,13988800.0
2013-03-18,12.330189680814616,12.330189680814616,12.153539406577929,12.181802749633789,13773100.0
2013-03-19,12.160602193629899,12.181800708170258,12.012216635050613,12.068744659423828,12270900.0
2013-03-20,12.111146711217968,12.245401345122524,12.082883358032078,12.188873291015625,10920000.0
2013-03-21,12.089948113569841,12.089948113569841,11.920363971162987,11.934494972229004,8847800.0
2013-03-22,11.948624723402657,12.075813139490817,11.927426204809741,12.061680793762207,5857700.0
2013-03-25,12.118209026678583,12.160604716821531,11.962757264331316,11.976889610290527,8533300.0
2013-03-26,12.005152758582431,12.089945485219427,11.976889414859878,12.061680793762207,8555300.0
2013-03-27,12.019288146931531,12.195938470053273,11.991023448319247,12.132344245910645,10581000.0
2013-03-28,12.089944898471838,12.160603928216341,12.033416866035475,12.146472930908203,11994500.0
2013-04-01,12.160602193629899,12.202999222710616,12.033415149590972,12.068744659423828,10849200.0
2013-04-02,12.104074881927732,12.174735253488237,12.061679198085224,12.089943885803223,10203600.0
2013-04-03,12.075812344383325,12.097010861580467,11.764907497498134,11.82850170135498,15742400.0
2013-04-04,11.821437087572303,11.899163646475229,11.764909048661472,11.892097473144531,11240200.0
2013-04-05,11.694247516333954,11.856766791533623,11.644785655604126,11.821435928344727,11192000.0
2013-04-08,11.736642486273242,11.913292727919814,11.701311629303296,11.899160385131836,9706100.0
2013-04-09,11.779040810065624,12.061680990576424,11.779040810065624,11.976889610290527,10358700.0
2013-04-10,12.047547863343615,12.188868618301825,11.98395365838588,12.146472930908203,12085500.0
2013-04-11,12.252463340759277,12.379651756046725,12.160604441836272,12.252463340759277,8494300.0
2013-04-12,12.181802255238548,12.273661148844953,12.08287853695588,12.231264114379883,7375800.0
2013-04-15,12.026353891700401,12.132343812237815,11.927428797828513,11.934494972229004,9138100.0
2013-04-16,12.111142370392187,12.217133613121907,12.097011372731576,12.181802749633789,9856000.0
2013-04-17,12.082877002450735,12.132338855310495,12.00515046353716,12.068744659423828,21226100.0
2013-04-18,12.817747294126557,12.95200191999437,12.641096967150236,12.676427841186523,24337500.0
2013-04-19,13.149849178015167,13.411290875529408,13.107452134308906,13.284102439880371,21119200.0
2013-04-22,13.163977258348963,13.262902323986644,12.966129822542753,13.07211971282959,20376200.0
2013-04-23,12.95906362471701,13.079185859535482,12.810676700419096,12.916667938232422,21663000.0
2013-04-24,12.888403367859697,13.093318325275614,12.867204850554213,13.02972412109375,10201900.0
2013-04-25,13.07211581391993,13.20637035369873,13.050917303091433,13.20637035369873,15245700.0
2013-04-26,13.213443105617223,13.291168321901782,13.065056151374254,13.093320846557617,7028200.0
2013-04-29,13.171045161447903,13.32649827884788,13.15691416255816,13.305299758911133,7825300.0
2013-04-30,13.32649992469817,13.573809282496345,13.298235227958425,13.481951713562012,12088600.0
2013-05-01,13.503146171569824,13.545541856183107,13.446618142840608,13.503146171569824,8604300.0
2013-05-02,13.517279495713325,13.80698720904141,13.517279495713325,13.799921035766602,11268200.0
2013-05-03,13.70806558458847,13.835254040109815,13.70806558458847,13.715131759643555,9254600.0
2013-05-06,13.771658789688557,13.870582537643651,13.764592615158195,13.814054489135742,5661100.0
2013-05-07,13.863516706573181,13.863516706573181,13.686866399315665,13.757525444030762,8522800.0
2013-05-08,13.990700621548154,14.329870158811698,13.934172589959994,14.280406951904297,14032800.0
2013-05-09,14.216814095635376,14.344001155907801,14.202681750804691,14.280406951904297,8912600.0
2013-05-10,14.202680099094033,14.259208124108227,14.132019730892685,14.252141952514648,7955300.0
2013-05-13,14.195616610642952,14.202682783572122,14.075494366316436,14.082560539245605,6519800.0
2013-05-14,14.110825489337348,14.167353531470104,14.033100273739077,14.05429744720459,8539100.0
2013-05-15,14.026032540153093,14.040164886048316,13.962438331359278,13.990701675415039,9222200.0
2013-05-16,13.849381886550946,13.884711402602505,13.743391990661621,13.743391990661621,10411800.0
2013-05-17,13.863517011599024,13.863517011599024,13.729262397763666,13.78579044342041,10542300.0
2013-05-20,13.891776549445078,13.898842721680479,13.665664428850437,13.68686294555664,8361000.0
2013-05-21,13.693931083446047,13.799922344888198,13.552611647747968,13.58794116973877,12950200.0
2013-05-22,13.566741709149797,13.616203570694749,13.305298708181931,13.347694396972656,12530800.0
2013-05-23,13.10745184076853,13.312366837555116,13.00146192934626,13.248772621154785,11028900.0
2013-05-24,13.248772422470225,13.333565158977358,13.17811203333675,13.326498985290527,5303600.0
2013-05-28,13.503146660041162,13.580871860021443,13.418353940012736,13.460749626159668,9106200.0
2013-05-29,13.439554220975605,13.63740168078633,13.439554220975605,13.595005989074707,13092900.0
2013-05-30,13.55261231410022,13.559678488392782,13.397159175133707,13.40422534942627,8189600.0
2013-05-31,13.368892336138925,13.368892336138925,13.163977378346482,13.185175895690918,5732400.0
2013-06-03,13.163982429248207,13.234642833106832,13.135719076345822,13.220510482788086,7736400.0
2013-06-04,13.21344012604308,13.446618417785745,13.206373953840632,13.383024215698242,10672000.0
2013-06-05,13.39009085348336,13.404221850645062,13.156912553632926,13.185175895690918,6480800.0
2013-06-06,13.178109818717175,13.241704023476627,13.072119926696287,13.142780303955078,6501100.0
2013-06-07,13.298227871820536,13.319426382649034,13.178105672594068,13.20637035369873,9081200.0
2013-06-10,13.227573047873214,13.383026163482885,13.17811118299186,13.291167259216309,7479600.0
2013-06-11,13.171044546517471,13.248771101588558,13.072120820234044,13.08625316619873,6397300.0
2013-06-12,13.171046370653963,13.227574414606924,12.923737020694054,12.973198890686035,8052500.0
2013-06-13,12.838942735526663,12.937866463603585,12.711754315007925,12.909603118896484,10935400.0
2013-06-14,12.909600704756366,12.951996387756234,12.648157739499178,12.711751937866211,12849000.0
2013-06-17,12.874274618685384,12.980265887080845,12.740021348125067,12.80361557006836,9447900.0
2013-06-18,12.888403763166812,13.029724520735387,12.803612386813368,13.022658348083496,5406300.0
2013-06-19,12.930797872389068,13.043853925545024,12.711751937866211,12.711751937866211,8924900.0
2013-06-20,12.49270732072489,12.506839665793283,12.266595190568989,12.301924705505371,12639600.0
2013-06-21,12.43618260585585,12.44324878027513,12.118211495663058,12.139410018920898,23104500.0
2013-06-24,11.856767212733086,12.061680835569524,11.736644969092872,11.962757110595703,13192700.0
2013-06-25,12.146476119493569,12.414984007118958,12.111145247611967,12.386720657348633,11598600.0
2013-06-26,12.400848049965518,12.51390411161966,12.358452363778857,12.464442253112793,9187600.0
2013-06-27,12.641096416504134,12.803615734521635,12.591634542742929,12.669361114501953,12208300.0
2013-06-28,12.930797733173163,13.008524274281486,12.860138711512269,12.944930076599121,12464500.0
2013-07-01,13.142778820487155,13.19224067466501,13.015590425324415,13.036788940429688,11763500.0
2013-07-02,13.178109603116429,13.31943035532193,13.057987368062125,13.07211971282959,12477200.0
2013-07-03,13.088101971208507,13.18978489246705,13.022733983163471,13.160733222961426,6647800.0
2013-07-05,13.422200062943233,13.465779633090012,13.189781230129144,13.226096153259277,13475100.0
2013-07-08,12.97915544983599,13.015470382108253,12.761261700224814,12.783051490783691,12284200.0
2013-07-09,12.97189251709473,13.088101965720309,12.93557619857055,12.957365989685059,9364200.0
2013-07-10,13.051785647196127,13.153469953737934,12.93557619857055,12.957365989685059,8103100.0
2013-07-11,13.436726258448815,13.55293567202017,13.414936473907128,13.465779304504395,13715600.0
2013-07-12,13.49483035450867,13.538408536294371,13.298726458484882,13.393147468566895,8718400.0
2013-07-15,13.320523205345896,13.429469409424504,13.298733410399716,13.36410140991211,6033700.0
2013-07-16,13.247887923833304,13.400413671555489,13.247887923833304,13.385887145996094,5607100.0
2013-07-17,13.38588508251488,13.538409421399177,13.356832035874723,13.400411605834961,12115500.0
2013-07-18,12.732206597671698,12.753994997028506,12.158421402300512,12.20926284790039,43566600.0
2013-07-19,11.926004288362181,11.99863552908718,11.541060374910515,11.976845741271973,24303600.0
2013-07-22,11.998636833046792,12.093056486522423,11.940532111217362,12.071268081665039,18796700.0
2013-07-23,12.325473344684896,12.36178965567815,12.129370806623784,12.158422470092773,14272700.0
2013-07-24,12.398103672700978,12.507049827044954,12.318209179696824,12.361788749694824,17278700.0
2013-07-25,12.41989781980513,12.485265812435104,12.398108027153139,12.478002548217773,12460600.0
2013-07-26,12.427159161913552,12.448947565869531,12.202002161979344,12.274633407592773,14971300.0
2013-07-29,12.238318775148107,12.245582038418709,12.114846070199519,12.129372596740723,5983600.0
2013-07-30,12.361791054176452,12.441684176748748,12.267370020237689,12.325474739074707,8600400.0
2013-07-31,12.390843599298742,12.427159916974892,12.325475612807544,12.332738876342773,10546900.0
2013-08-01,12.376320430793818,12.543371362760544,12.318214313247733,12.528844833374023,15090600.0
2013-08-02,12.38357898424137,12.38357898424137,12.172949906010873,12.202001571655273,11401700.0
2013-08-05,12.158421324704324,12.245579077551792,12.06400169566793,12.21652603149414,7301600.0
2013-08-06,12.10031999032894,12.209266172757959,12.034952003806355,12.049478530883789,13470400.0
2013-08-07,11.911479543552044,11.911479543552044,11.700850437825231,11.744428634643555,17069600.0
2013-08-08,11.809792829672793,11.81705609103081,11.686320157237406,11.780739784240723,10922600.0
2013-08-09,11.729901267969685,11.817059040695959,11.715374741627674,11.773479461669922,10587800.0
2013-08-12,11.74442724650513,11.788005438172707,11.599165453175091,11.657269477844238,14971700.0
2013-08-13,11.817055702209473,11.882423666955347,11.700846294955786,11.817055702209473,16817700.0
2013-08-14,11.83158396746049,11.838845844323924,11.664531707763672,11.664531707763672,7870800.0
2013-08-15,11.584635089386097,11.686318657359607,11.533793651730662,11.620950698852539,10792600.0
2013-08-16,11.700848560131886,11.773478414731851,11.599164962768555,11.599164962768555,10987100.0
2013-08-19,11.62095446208276,11.642744250416428,11.482955932617188,11.482955932617188,6690600.0
2013-08-20,11.512007871156282,11.606427513173355,11.482955513767298,11.497481346130371,10514800.0
2013-08-21,11.453903356334195,11.5628495252791,11.40306121051877,11.439376831054688,10358700.0
2013-08-22,11.533796451674887,11.708111280897946,11.526533189485841,11.664531707763672,8432900.0
2013-08-23,11.758951385492125,11.831582613746846,11.722635078702037,11.780739784240723,7465700.0
2013-08-26,11.751692559518434,11.926006741925047,11.737166031319722,11.809797286987305,7273500.0
2013-08-27,11.671793250083008,11.73716121482666,11.57737293352692,11.606425285339355,8530100.0
2013-08-28,11.744429295419078,11.838848958058751,11.715376239021653,11.809797286987305,6967400.0
2013-08-29,11.955056343256915,12.165686809694549,11.955056343256915,12.107582092285156,9963200.0
2013-08-30,12.194739340332603,12.419894937513876,11.991372145420875,12.027687072753906,11490100.0
2013-09-03,12.390842846443945,12.514315548389039,12.216528688167188,12.274633407592773,11182100.0
2013-09-04,12.347263577018419,12.347263577018419,12.16568617147403,12.245580673217773,13726500.0
2013-09-05,12.318213506088503,12.536107276630418,12.310951627197174,12.478002548217773,7738300.0
2013-09-06,12.514313167793624,12.55789273806702,12.347262304388842,12.354525566101074,6338000.0
2013-09-09,12.427158151385488,12.594209032984397,12.412631626378884,12.565155982971191,9635300.0
2013-09-10,12.739473824261305,12.739473824261305,12.594211318485497,12.695894241333008,12162900.0
2013-09-11,12.674105724390207,12.724947185369476,12.637789405600794,12.666842460632324,7063000.0
2013-09-12,12.630524644344938,12.695892625089826,12.507051945751899,12.550631523132324,5454000.0
2013-09-13,12.536104082511205,12.59420879611914,12.507051033044416,12.586945533752441,4095700.0
2013-09-16,12.819363397038089,12.899257891568967,12.783048473337983,12.797574996948242,7962200.0
2013-09-17,12.928309515591575,12.942836039159278,12.79757495945885,12.841153144836426,5369100.0
2013-09-18,12.695891741270056,12.906522194635235,12.601472100836954,12.790312767028809,14262300.0
2013-09-19,12.841156213614832,12.88473440940672,12.76852496374444,12.783051490783691,8842600.0
2013-09-20,12.73946949974908,12.79031094391431,12.565153997860497,12.572417259216309,10964700.0
2013-09-23,12.870204084690327,12.891993868819583,12.732206274514757,12.81936264038086,10653800.0
2013-09-24,12.812101564658198,12.848417877735594,12.68136560823096,12.753996849060059,9132700.0
2013-09-25,12.659574931904666,12.688626591822876,12.528838998959108,12.579680442810059,8526900.0
2013-09-26,12.543365521580936,12.586943704120973,12.456207771175416,12.579680442810059,4675400.0
2013-09-27,12.528841581228917,12.536104844036833,12.369053955431957,12.39810562133789,7682900.0
2013-09-30,12.252844958527882,12.434422379230083,12.158423923980301,12.318211555480957,10700100.0
2013-10-01,12.419895319239776,12.65957744885117,12.412632056484798,12.652314186096191,9771900.0
2013-10-02,12.637785796581703,12.703153766409365,12.492524718884521,12.688627243041992,7562800.0
2013-10-03,12.906525745796367,12.964630475586786,12.724948292035561,12.855684280395508,10645800.0
2013-10-04,12.783048435891146,12.891994591997852,12.746732126971887,12.841153144836426,4444200.0
2013-10-07,12.783048473337983,12.899257891568967,12.695890717001976,12.797574996948242,6451300.0
2013-10-08,12.942838860382215,13.051785040236528,12.674105042429964,12.681366920471191,10981400.0
2013-10-09,12.819366461095754,12.833892988178112,12.456211595992047,12.53610610961914,16482600.0
2013-10-10,12.659573011181244,12.833887100219727,12.65230975097232,12.833887100219727,10695500.0
2013-10-11,13.000938767911038,13.160727732166997,12.950097328493351,13.138937950134277,11789100.0
2013-10-14,13.008204109338964,13.10262512792537,12.964625923628223,13.080835342407227,6662100.0
2013-10-15,13.073569012971756,13.240619840103898,13.05177923256639,13.182515144348145,11212900.0
2013-10-16,13.197044896363836,13.29146453059184,13.175255110622501,13.276939392089844,15598100.0
2013-10-17,13.255149815846254,13.589251557207195,13.204308366971814,13.545673370361328,11722200.0
2013-10-18,13.618307160604653,13.916094033023809,13.581992228973379,13.857989311218262,18201700.0
2013-10-21,13.763567167026686,13.807145354163161,13.705462455736189,13.785355567932129,9149900.0
2013-10-22,13.843455937906404,13.981455103441808,13.814404284034568,13.91608715057373,9070100.0
2013-10-23,13.785357290818613,13.799883816788153,13.57472820556335,13.596516609191895,7310500.0
2013-10-24,13.65462121292403,13.67641100169511,13.494833584580027,13.567464828491211,10937800.0
2013-10-25,13.349572844499862,13.443993889543846,13.28420624028025,13.41494083404541,11326500.0
2013-10-28,13.502098876327768,13.581993395167588,13.473045820267483,13.51662540435791,4698300.0
2013-10-29,13.574725911080828,13.64735714332619,13.502094678835467,13.632830619812012,6290000.0
2013-10-30,13.61830664858826,13.73451608783015,13.422202700370399,13.494833946228027,6733800.0
2013-10-31,13.50209577674145,13.560200490197346,13.327781636373766,13.371359825134277,11222600.0
2013-11-01,13.458520417293064,13.531150285387286,13.36409937224908,13.41494083404541,6402000.0
2013-11-04,13.436726959613503,13.473041883752508,13.262412830160288,13.320517539978027,8109000.0
2013-11-05,13.167994466374488,13.19704751980506,13.102627866807373,13.13167953491211,9365500.0
2013-11-06,13.131677001970921,13.298727870997116,13.09536207751325,13.269676208496094,9934100.0
2013-11-07,13.32051833000409,13.327781592327778,13.146204190212483,13.16799259185791,10357600.0
2013-11-08,13.073572080567846,13.10262512792537,12.979152447306985,13.080835342407227,8990200.0
2013-11-11,12.957363563271318,12.964626825616026,12.862942538115758,12.877469062805176,6615000.0
2013-11-12,12.826628360674395,12.935574531555178,12.790313432156042,12.935574531555176,8571600.0
2013-11-13,12.710418266052272,12.891995669853019,12.608735363228062,12.790312767028809,12877300.0
2013-11-14,12.790313204883464,12.81936487011678,12.695892175892368,12.710418701171875,10754400.0
2013-11-15,12.804838896140154,12.906523192148947,12.73947230021946,12.826628684997559,12669700.0
2013-11-18,12.870209423848587,12.98641888342942,12.83389448722684,12.855684280395508,10210200.0
2013-11-19,12.957364934409881,12.964628197523183,12.746734460101523,12.761260986328125,8452000.0
2013-11-20,12.695890312427457,12.841152773249938,12.659575389884584,12.746731758117676,10457400.0
2013-11-21,12.579681058382775,12.601470843381776,12.245579333684516,12.361788749694824,19212800.0
2013-11-22,12.339999915043153,12.485262388905976,12.296421727014554,12.441682815551758,15826400.0
2013-11-25,12.478002628888312,12.528844093412316,12.441686307566874,12.470739364624023,9930300.0
2013-11-26,12.674105042429964,12.746734905448948,12.601473794085143,12.681366920471191,14337100.0
2013-11-27,12.826626973112376,12.870205159685332,12.717680814017198,12.768522262573242,13181100.0
2013-11-29,12.855680661096693,12.921048636873422,12.826627611717862,12.877469062805176,3991200.0
2013-12-02,12.848419255033548,12.891997450072134,12.608737104332565,12.637788772583008,12010000.0
2013-12-03,12.666843121072796,12.855683832646044,12.659579856936212,12.732211112976074,10074800.0
2013-12-04,12.688631447935176,12.819367430915177,12.674106305079825,12.739474296569824,6448500.0
2013-12-05,12.71768328459195,12.761261479630535,12.630525509188937,12.637788772583008,9852400.0
2013-12-06,12.724943764222493,12.81210013523296,12.710417240612234,12.797574996948242,6875100.0
2013-12-09,12.855682021475248,12.87020716237606,12.688629740520906,12.761260986328125,9100100.0
2013-12-10,12.666841633133977,12.703156564225102,12.579683859059129,12.616000175476074,9872100.0
2013-12-11,12.783052021863677,12.819366955644666,12.659579307552018,12.695894241333008,7899600.0
2013-12-12,12.666839428953859,12.69589109170626,12.412630799573838,12.434420585632324,10866900.0
2013-12-13,12.521574388032683,12.543364169616853,12.361786812391333,12.405364990234375,10409400.0
2013-12-16,12.427157402038574,12.521577038236721,12.419894139973241,12.427157402038574,7179800.0
2013-12-17,12.557890690672965,12.565152565875724,12.398101729706319,12.405364990234375,24563300.0
2013-12-18,12.354527552736139,12.383579218931118,12.114845418993141,12.347264289855957,16981600.0
2013-12-19,12.325474536269434,12.412632305753743,12.274633081289316,12.38357925415039,8418300.0
2013-12-20,12.296423864333324,12.44894824160745,12.252845668730124,12.340002059936523,7594000.0
2013-12-23,12.441680830729881,12.52883857820842,12.390839388586317,12.448944091796875,7667100.0
2013-12-24,12.456210772219555,12.507052228319612,12.405369316119497,12.48526382446289,2766700.0
2013-12-26,12.536107276630418,12.594212005043062,12.41989781980513,12.478002548217773,2839300.0
2013-12-27,12.507053055454426,12.550632636701497,12.470738123074403,12.53610610961914,4619200.0
2013-12-30,12.645049579511888,12.797575310505595,12.645049579511888,12.768522262573242,7808000.0
2013-12-31,12.688630866580063,12.753998855075096,12.63052614184291,12.666842460632324,7647200.0
2014-01-02,12.630523317978497,12.637786580112499,12.427157519528851,12.456209182739258,6029100.0
2014-01-03,12.405368011093687,12.46347272414205,12.289158584996958,12.310948371887207,11362700.0
2014-01-06,12.340001390112281,12.361791179394045,12.245581740542873,12.274633407592773,10370200.0
2014-01-07,12.27463428124995,12.332739004811186,12.223792821299602,12.28189754486084,13083100.0
2014-01-08,12.390844104380129,12.463475357367185,12.383580840548829,12.412633895874023,13428900.0
2014-01-09,12.325476082376223,12.340002610000106,12.100320445509732,12.172951698303223,9422200.0
2014-01-10,12.231055214355031,12.354527916300125,12.216528688167188,12.274633407592773,11148000.0
2014-01-13,12.354528795643859,12.448948451933662,12.27463428124995,12.28189754486084,10286100.0
2014-01-14,12.390841642919414,12.630523760435315,12.376316503468185,12.623260498046875,13334500.0
2014-01-15,12.69589213346192,12.855681140351074,12.659577205710217,12.753996849060059,15510900.0
2014-01-16,13.00820105708088,13.20430492475351,12.993674536810637,13.182515144348145,21768200.0
2014-01-17,13.051787706591016,13.051787706591016,12.855685096921713,12.906526565551758,14574800.0
2014-01-21,12.906521995008994,12.950100183355964,12.797575831478756,12.848417282104492,8371500.0
2014-01-22,12.906521601328079,13.059045948552916,12.870205291041982,13.044519424438477,12870700.0
2014-01-23,12.928314153639004,13.029998469766758,12.790316286215534,12.855684280395508,8872200.0
2014-01-24,12.87020716237606,12.906523477942565,12.71768279297411,12.761260986328125,12403200.0
2014-01-27,12.572418606232084,12.579681868366086,12.361789545648437,12.456209182739258,11006600.0
2014-01-28,12.48526310793932,12.53610456112161,12.38357881624904,12.463473320007324,7525700.0
2014-01-29,12.43442005961011,12.521576429505858,12.332735780964377,12.354525566101074,9378900.0
2014-01-30,12.434418954988285,12.536101839275414,12.419892432854295,12.448944091796875,7230000.0
2014-01-31,12.347264493454086,12.434422264127686,12.252844845106303,12.289159774780273,13590600.0
2014-02-03,12.361790384239308,12.427158362554113,12.114844996233535,12.18021297454834,14171700.0
2014-02-04,12.180212256688726,12.252843493349618,12.129370806623784,12.158422470092773,12321900.0
2014-02-05,12.071265083260974,12.107580005886843,11.94052914528704,11.95505428314209,14334100.0
2014-02-06,12.129372960082843,12.340002059936523,12.129372960082843,12.340002059936523,10142700.0
2014-02-07,12.427158392113032,12.543367823765609,12.405368604181037,12.463473320007324,9430700.0
2014-02-10,12.448948332450867,12.579684305540342,12.419896663612024,12.53610610961914,8003300.0
2014-02-11,12.565153808400767,12.674101341769765,12.485260705342386,12.630521774291992,9631800.0
2014-02-12,12.68136521182874,12.710418261382499,12.579682309041889,12.623260498046875,6962800.0
2014-02-13,12.528842197895118,12.724946147383843,12.528842197895118,12.674104690551758,6564600.0
2014-02-14,12.790311356068063,13.044518585085767,12.7830480944782,12.993677139282227,11269900.0
2014-02-18,13.008206458879966,13.029996248333779,12.841155562378123,12.921050071716309,6412700.0
2014-02-19,12.87747263520476,12.986418829947363,12.790316233541088,12.899262428283691,8702500.0
2014-02-20,12.783049306921223,12.906521995008994,12.68136502034412,12.848417282104492,11836500.0
2014-02-21,12.935571782300718,12.97915134965145,12.848415418250111,12.884730339050293,6013200.0
2014-02-24,12.862942421336394,12.921048519566527,12.819364232989425,12.848417282104492,5499200.0
2014-02-25,12.81210013523296,12.87020484434845,12.775785211532854,12.797574996948242,5944700.0
2014-02-26,12.812101678474047,12.979153949462683,12.797576538439749,12.950100898742676,9376100.0
2014-02-27,12.9355728762707,13.080835342407227,12.921047737917483,13.080835342407227,8659800.0
2014-02-28,13.088100468599754,13.182520115310355,13.059047417103725,13.124415397644043,11279600.0
2014-03-03,12.971889030451855,13.131676633032116,12.90652106000413,13.095361709594727,18168800.0
2014-03-04,13.117151940744527,13.1679933947848,13.0808370122374,13.10262680053711,12548700.0
2014-03-05,13.313256219235225,13.378624200476906,13.262414763897418,13.356834411621094,9863100.0
2014-03-06,13.611041434073867,13.719987594577956,13.560199984860333,13.705462455749512,14240300.0
2014-03-07,13.80714474600556,13.81440800776265,13.574725911080828,13.632830619812012,14153200.0
2014-03-10,13.581990866488814,13.770830154418945,13.560201078500397,13.770830154418945,10652100.0
2014-03-11,13.741776775517287,13.770828437220114,13.574725911080828,13.632830619812012,8748200.0
2014-03-12,13.63283265729562,14.155775114032192,13.63283265729562,14.112196922302246,21260500.0
2014-03-13,14.104934067288678,14.177565312489135,13.930619910003045,13.995987892150879,18414700.0
2014-03-14,13.90156905235737,14.010516630019906,13.719991603354474,13.727254867553711,13077400.0
2014-03-17,13.828934553919225,13.916090924495936,13.763566583323925,13.879776000976562,10786300.0
2014-03-18,13.857987049398863,13.945144810544726,13.828935385900655,13.930618286132812,11987400.0
2014-03-19,13.857988124076163,13.872514649614597,13.632832519533316,13.712725639343262,10596800.0
2014-03-20,13.473044256722929,13.690937995910645,13.414939536671364,13.690937995910645,13124200.0
2014-03-21,13.640097369996612,13.690938829973307,13.378625421172599,13.45851993560791,12885000.0
2014-03-24,13.516624642299691,13.560202838607246,13.36409887723442,13.538413047790527,7898200.0
2014-03-25,13.647359900488697,13.930620239614326,13.647359900488697,13.887042045593262,17129500.0
2014-03-26,13.988721352436047,14.046826057921042,13.857985418763441,13.865248680114746,10597800.0
2014-03-27,13.799883624233464,14.163038456450135,13.799883624233464,14.104933738708496,14222200.0
2014-03-28,14.126720248942725,14.453558690892235,14.126720248942725,14.264718055725098,11246400.0
2014-03-31,14.33735277880431,14.55524651190012,14.330089515835205,14.540719985961914,14482300.0
2014-04-01,14.577031443057814,14.787661863009829,14.569768181818906,14.7586088180542,16133600.0
2014-04-02,14.744086613030682,14.780402929859585,14.518930989994827,14.55524730682373,14875200.0
2014-04-03,14.497139657071834,14.591560685452599,14.380930226238345,14.482614517211914,14904400.0
2014-04-04,14.547982981211046,14.664192415926625,14.330089252125033,14.359142303466797,14585200.0
2014-04-07,14.271982872755963,14.388192293938639,14.242931210123082,14.337350845336914,9693500.0
2014-04-08,14.446303066274472,14.51167106628418,14.373673186553603,14.51167106628418,9181600.0
2014-04-09,14.497139296478325,14.67871670080491,14.497139296478325,14.635138511657715,9754100.0
2014-04-10,14.678715647532497,14.744083619225638,14.373666960065256,14.395455360412598,9776500.0
2014-04-11,14.395459045665122,14.49714196751847,14.337354320988078,14.446300506591797,8414400.0
2014-04-14,14.569772937000547,14.765876898477801,14.511668213450902,14.715035438537598,9819500.0
2014-04-15,14.765872418012668,14.932923274363278,14.56976851603997,14.896608352661133,22468600.0
2014-04-16,14.823979178396442,14.831242440808586,14.562507272861948,14.635138511657715,15121500.0
2014-04-17,14.954708930850074,15.194390949774514,14.940182412048573,15.049128532409668,20492800.0
2014-04-21,14.816714851039421,14.954714056300178,14.715031955229156,14.932924270629883,11525800.0
2014-04-22,14.802188327259225,14.947450794410079,14.780399926914486,14.932924270629883,11191200.0
2014-04-23,14.794928664838318,14.860295260980568,14.744085823998715,14.823980331420898,9031700.0
2014-04-24,14.845767898599815,14.961977318190277,14.715031955229156,14.932924270629883,12202800.0
2014-04-25,14.57703536050689,14.635140080707846,14.417247726285716,14.46082592010498,15474700.0
2014-04-28,14.620617344658696,14.751353345335046,14.569775874468153,14.74409008026123,14382700.0
2014-04-29,14.736824687565976,14.816717813680786,14.5842989280271,14.598825454711914,13771200.0
2014-04-30,14.497141153244051,14.598825454711914,14.380931710417208,14.598825454711914,12965700.0
2014-05-01,14.591561172897954,14.606087698568835,14.344615777795914,14.359142303466797,10276400.0
2014-05-02,14.344613225294319,14.380928147683855,14.25019359588623,14.25019359588623,11073200.0
2014-05-05,14.184827641122846,14.330088736628976,14.163037853400368,14.279247283935547,7061200.0
2014-05-06,14.366405044501244,14.591560642919102,14.330088731643082,14.526192665100098,10549900.0
2014-05-07,14.555246728411134,14.77313907942236,14.504403886871119,14.765875816345215,14637400.0
2014-05-08,14.78039894082371,14.954713058579843,14.765872418012668,14.896608352661133,13522200.0
2014-05-09,14.889348312888911,14.925663242448579,14.715034157416133,14.823980331420898,10384000.0
2014-05-12,14.613353489417522,14.954718589782715,14.606090225325584,14.954718589782715,19623700.0
2014-05-13,14.903873362937327,15.041871189858979,14.83124212568478,14.991029739379883,9547500.0
2014-05-14,15.04186931104993,15.150816845983442,14.925659900091274,14.947449684143066,10140100.0
2014-05-15,14.94745329440265,15.034611066335593,14.831243855375918,15.005558013916016,12943300.0
2014-05-16,15.01282368343066,15.121769876815513,14.809456439873193,15.085454940795898,9131200.0
2014-05-19,14.991031487706227,15.056399470324488,14.940190031297755,15.005558013916016,6459900.0
2014-05-20,14.911134875472175,15.041869424795177,14.860292045633523,14.896608352661133,4564200.0
2014-05-21,14.896617017766669,14.976511554375222,14.874827220875355,14.88935375213623,5629400.0
2014-05-22,14.940188288900789,15.049134452116798,14.911136625195144,14.991029739379883,6156500.0
2014-05-23,15.049136207219593,15.049136207219593,14.925663505087968,15.005558013916016,7179700.0
2014-05-27,15.12903684032537,15.22345652825878,15.03461715239196,15.172615051269531,7520300.0
2014-05-28,15.216185842346498,15.26702728991518,15.114501561883586,15.15081787109375,7761100.0
2014-05-29,15.14355692190819,15.14355692190819,14.991031170583542,15.034610748291016,6114900.0
2014-05-30,14.816714851039421,14.983765718535015,14.816714851039421,14.932924270629883,6671500.0
2014-06-02,15.01282127702091,15.027347803230699,14.940190031297755,15.005558013916016,6475000.0
2014-06-03,15.034610446103775,15.470395131813437,14.983767606466966,15.426816940307617,20116100.0
2014-06-04,15.412290661752486,15.441343713439233,15.310607751500376,15.32513427734375,10888700.0
2014-06-05,15.339663293150469,15.405029899404578,15.288820444445754,15.397768020629883,8404000.0
2014-06-06,15.41229362022775,15.419556884543661,15.303347426141126,15.31787395477295,7647900.0
2014-06-09,15.46313445013624,15.484922854911234,15.368713411691798,15.405028343200684,8131800.0
2014-06-10,15.390501968214672,15.543026330717876,15.346922391505991,15.4703950881958,7595600.0
2014-06-11,15.477658838039337,15.521238416119402,15.288818155669698,15.346922874450684,7507600.0
2014-06-12,15.325132291608309,15.412288664723864,15.24523779514774,15.332395553588867,5641600.0
2014-06-13,15.354188891026483,15.40503035591184,15.267032489887592,15.31787395477295,5705100.0
2014-06-16,15.317871953449025,15.412291606567628,15.303345426715135,15.405028343200684,4543500.0
2014-06-17,15.419547805331568,15.470389240280886,15.346916590264598,15.441337585449219,10287700.0
2014-06-18,15.41955229198439,15.572078026538215,15.346921055783788,15.506710052490234,8455000.0
2014-06-19,15.499447737751133,15.753656387329102,15.499447737751133,15.753656387329102,9709300.0
2014-06-20,15.601134282960134,15.615660811542137,15.35418883837013,15.361452102661133,8450400.0
2014-06-23,15.267028330251541,15.267028330251541,15.129029116500375,15.143555641174316,6105200.0
2014-06-24,15.296080115435892,15.361448091660778,15.07092452250887,15.092714309692383,8122200.0
2014-06-25,15.16534633335235,15.296082304512208,14.874822722622584,15.274293899536133,5486200.0
2014-06-26,15.296082384504363,15.36145037042614,15.187136203076687,15.267030715942383,5177100.0
2014-06-27,15.383241281022949,15.470397678381323,15.339663082343762,15.455872535705566,5816000.0
2014-06-30,15.50671207346839,15.579343319134969,15.448607354000286,15.53576374053955,6491200.0
2014-07-01,15.739134086550662,15.964289746174485,15.739134086550662,15.957026481628418,8655700.0
2014-07-02,16.24028519222754,16.43638775665226,16.167653945802257,16.254810333251953,10574100.0
2014-07-03,16.400071931673104,16.494491577148438,16.349230477545944,16.494491577148438,4317800.0
2014-07-07,16.574386926705184,16.61796512027327,16.429125819702964,16.46544075012207,12390700.0
2014-07-08,16.42186387646427,16.472705337267726,16.312916305798677,16.392810821533203,10319000.0
2014-07-09,16.30565285672632,16.334704523533034,16.218495085654627,16.283863067626953,12353400.0
2014-07-10,16.131337592300476,16.668807983398438,16.12407571446811,16.668807983398438,14431800.0
2014-07-11,16.705116870469787,16.7559583088583,16.516276252651526,16.56711769104004,13026000.0
2014-07-14,16.739421211240348,16.843392314055492,16.650302111327342,16.82853889465332,14313800.0
2014-07-15,16.761702750530084,16.776556172437136,16.51662695506488,16.687437057495117,10256800.0
2014-07-16,16.07845923971884,16.115592790595866,15.528895435240011,15.54374885559082,41814000.0
2014-07-17,15.46947721652653,15.46947721652653,14.942193745511984,15.001605987548828,25798200.0
2014-07-18,15.268964067648804,15.350656451428273,15.179846391252953,15.209551811218262,19052400.0
2014-07-21,15.239256597239697,15.268962013208137,15.150137516334903,15.172417640686035,17570900.0
2014-07-22,15.380361557006836,15.454627230151948,15.35065613764873,15.380361557006836,10489800.0
2014-07-23,15.410071188005176,15.439778029251526,15.32837879107787,15.358085632324219,11879700.0
2014-07-24,15.476911669314813,15.573456079753308,15.410072686511127,15.514043807983398,12694300.0
2014-07-25,15.328378380080585,15.328378380080585,15.075875902257541,15.113009452819824,12177800.0
2014-07-28,15.001607908047227,15.164991240439905,14.949620950172507,15.127859115600586,12681000.0
2014-07-29,15.35065854970979,15.447202948418605,15.246687440869511,15.254114151000977,9895500.0
2014-07-30,15.402638372621537,15.432345202093128,15.30609400983805,15.387784957885742,9957300.0
2014-07-31,14.986755816125152,15.061021488867574,14.793665633594811,14.85307788848877,16332100.0
2014-08-01,14.875354796158085,15.075870227720197,14.875354796158085,15.001605987548828,9833500.0
2014-08-04,15.268963678733972,15.313523932296832,15.11300704076363,15.231831550598145,9836300.0
2014-08-05,14.860503059324266,14.890208475446737,14.615427356189972,14.704545021057129,13411900.0
2014-08-06,14.823372121442025,14.934771346836625,14.771386571724543,14.88278579711914,9394300.0
2014-08-07,14.927346192808358,15.031317303077126,14.756536106938196,14.78624153137207,8653500.0
2014-08-08,14.830796209979598,14.875356458862674,14.645132755799333,14.69711971282959,19783100.0
2014-08-11,14.860504732205884,14.979329243071605,14.860504732205884,14.890210151672363,10054400.0
2014-08-12,14.927341133946898,14.934767841663497,14.778809812614229,14.845648765563965,9283800.0
2014-08-13,15.098153114318846,15.187272201942648,15.053594278756869,15.098153114318848,11932500.0
2014-08-14,15.261537029488649,15.29867057426958,15.194698065382868,15.246685028076172,6287000.0
2014-08-15,15.261533449959131,15.261533449959131,15.07587001910075,15.18726921081543,7212400.0
2014-08-18,15.172420128477228,15.21697896798598,15.105581160964114,15.202125549316406,4432100.0
2014-08-19,15.32837562511005,15.454626841330427,15.32837562511005,15.402641296386719,7677200.0
2014-08-20,15.402640156971067,15.521464655623708,15.387786740514548,15.476905822753906,10026700.0
2014-08-21,15.387789462309092,15.439776429102373,15.291245071264445,15.313525199890137,10642500.0
2014-08-22,15.402639651815251,15.59572980991801,15.402639651815251,15.469478607177734,11389900.0
2014-08-25,15.484336874620894,15.49919029524407,15.335805501389457,15.358085632324219,9991200.0
2014-08-26,15.380361809867011,15.484334320579482,15.328376262760736,15.447200775146484,7830700.0
2014-08-27,15.536320180000052,15.55860030770773,15.36551011707437,15.52889347076416,12153100.0
2014-08-28,15.3877888282821,15.543746889235946,15.291244441215394,15.52889347076416,7620800.0
2014-08-29,15.558597056805207,15.558597056805207,15.454624565727269,15.551170349121094,5322800.0
2014-09-02,15.610583950641498,15.788820701049897,15.588303825653032,15.655142784118652,8116900.0
2014-09-03,15.803675844724323,15.877940103135206,15.721983460672433,15.855661392211914,9850200.0
2014-09-04,15.833381776036413,15.8779406158217,15.729410677704083,15.736837387084961,8057900.0
2014-09-05,15.692274722953595,15.736834972401468,15.580876932333432,15.729408264160156,5969000.0
2014-09-08,15.721983149331251,15.729409858325255,15.603158638426992,15.647717475891113,6724200.0
2014-09-09,15.647714552603249,15.744260334988827,15.580875600643889,15.632861137390137,7312400.0
2014-09-10,15.447202836842635,15.655146469521325,15.410070702953634,15.618014335632324,6244800.0
2014-09-11,15.469481659212764,15.551174046662036,15.402642690663358,15.521467208862305,7389100.0
2014-09-12,15.402635769869391,15.417489182095244,15.061015787670918,15.105574607849121,15136400.0
2014-09-15,15.202119120777173,15.202119120777173,15.023882421613372,15.031309127807617,8072900.0
2014-09-16,15.023888332810323,15.291244194997729,14.95704936726347,15.209551811218262,8209000.0
2014-09-17,15.268964942638753,15.39521617185099,15.254112940054966,15.313525199890137,6456800.0
2014-09-18,15.372938270971025,15.566027063249814,15.335804721301963,15.536321640014648,8889700.0
2014-09-19,15.50660739150827,15.558594336206552,15.22439963135748,15.239253044128418,8952700.0
2014-09-22,15.172417439655192,15.187270855692477,15.001607404725574,15.120431900024414,12063100.0
2014-09-23,15.068442493783845,15.209545660431377,15.061015787670918,15.105574607849121,9091000.0
2014-09-24,15.22440648943177,15.328377592664948,15.187274357277076,15.291245460510254,9684500.0
2014-09-25,15.098151042052464,15.127857872682993,14.897634184795335,14.934767723083496,12835200.0
2014-09-26,14.912489580773288,15.001608668001941,14.905062872129248,14.957048416137695,11396400.0
2014-09-29,14.801092207592117,14.875357879657532,14.667414281174345,14.815945625305176,12150400.0
2014-09-30,14.778811776889828,14.994182079797445,14.711972815056418,14.98675537109375,15357400.0
2014-10-01,14.986757537597327,15.023889669983822,14.845652884828558,14.927345275878906,16100700.0
2014-10-02,14.927344376122159,15.157566699341713,14.801093150517893,15.068449020385742,22937000.0
2014-10-03,15.306095281013727,15.52146414657084,15.246683033635932,15.469478607177734,19548800.0
2014-10-06,15.521464594367728,15.528891302566677,15.372934679887983,15.462052345275879,19804800.0
2014-10-07,15.365509099062237,15.402641226281633,15.120433376514596,15.135285377502441,9473500.0
2014-10-08,14.979332163364496,15.343232475897375,14.942200027667333,15.298673629760742,12264600.0
2014-10-09,15.424922579860105,15.432349289194892,15.157566709807654,15.202125549316406,10846800.0
2014-10-10,14.986757649674718,15.016463072506053,14.400060321380188,14.437193870544434,28668600.0
2014-10-13,14.711970876789843,14.934767859048192,14.570867679509183,14.607999801635742,14696600.0
2014-10-14,14.771384949536186,15.135285174095165,14.74167953145986,14.957048416137695,21296600.0
2014-10-15,14.645136353493044,15.038743482987819,14.444620850259941,14.905065536499023,20760400.0
2014-10-16,15.023884795856302,15.66256746449959,14.994179382884305,15.387784957885742,30662100.0
2014-10-17,15.261533765630663,15.462050615065127,15.261533765630663,15.387784957885742,14809100.0
2014-10-20,15.439777114359018,15.588307062289077,15.320951172914873,15.499189376831055,11512400.0
2014-10-21,15.54374539317407,15.944777737813872,15.447199598899802,15.88536548614502,17393800.0
2014-10-22,16.041321644877467,16.115587304851367,15.736833713834162,15.773965835571289,14927700.0
2014-10-23,15.840802573135102,15.907641516116641,15.692271273954027,15.818522453308105,10095300.0
2014-10-24,15.603157057057368,15.736834972401468,15.514037974661383,15.729408264160156,8800200.0
2014-10-27,15.833381770275384,15.89279402880081,15.677425122833636,15.863088607788086,11136800.0
2014-10-28,15.929926309869586,16.04132410869038,15.848233929701067,16.033897399902344,11058800.0
2014-10-29,16.019043982326274,16.085882944918723,15.922499601081551,16.033897399902344,9201700.0
2014-10-30,15.95962840889628,15.996761945112626,15.603154960216782,15.677420616149902,12181300.0
2014-10-31,16.108159573954964,16.434926190683278,16.108159573954964,16.353235244750977,19615000.0
2014-11-03,16.323528528546007,16.323528528546007,16.15271851182909,16.264116287231445,10560900.0
2014-11-04,16.33095778215157,16.338384490536335,16.160147738801367,16.301252365112305,8881100.0
2014-11-05,16.382935436208896,16.4720544774168,16.21955217991003,16.36065673828125,8994500.0
2014-11-06,16.368089913741365,16.382941912731404,16.130439515405108,16.189851760864258,6782500.0
2014-11-07,16.20470428466797,16.241837821348902,16.048747680106807,16.20470428466797,7835600.0
2014-11-10,16.41264866940967,16.58345869726899,16.405221961698437,16.53147315979004,7833800.0
2014-11-11,16.605743930019056,16.63544935350473,16.412653719611846,16.486919403076172,6580400.0
2014-11-12,16.175003311709805,16.390372217577625,16.152723183585557,16.375518798828125,11788800.0
2014-11-13,16.531478619587336,16.650303149211492,16.457212934447206,16.590890884399414,10891000.0
2014-11-14,16.66515529419325,16.687434006480263,16.568609485949477,16.635448455810547,8233100.0
2014-11-17,16.46463750720256,16.48691763480227,16.175002930906015,16.271547317504883,16309900.0
2014-11-18,16.160149892960305,16.42007905507662,16.115591053211787,16.375518798828125,13347000.0
2014-11-19,16.590882411457414,16.813677936596292,16.516616764244652,16.73198699951172,14975100.0
2014-11-20,16.78397890691667,16.94736225968446,16.724566649864748,16.902803421020508,11797500.0
2014-11-21,17.043911736426008,17.155309565347043,16.999351471657395,17.12560272216797,11661000.0
2014-11-24,16.97706769779397,17.088465493526247,16.89537531989038,17.036479949951172,9042000.0
2014-11-25,17.036480336823622,17.133024717584018,16.984494792068034,17.01420021057129,6605100.0
2014-11-26,17.07361322543296,17.259276702982035,17.02905438744116,17.214717864990234,7688400.0
2014-11-28,17.326109357540172,17.482067358456856,17.170152773122897,17.43008041381836,6019000.0
2014-12-01,17.22957012358704,17.244422124251475,16.962214280629713,17.036479949951172,7990200.0
2014-12-02,16.835963440129188,16.85081685762199,16.665153388461544,16.76169776916504,9853000.0
2014-12-03,16.89537860162816,17.14045436644232,16.769127364208735,17.029056549072266,16566400.0
2014-12-04,17.006771331005748,17.029051454414155,16.858241424448735,16.947359085083008,6130000.0
2014-12-05,16.902800498339175,16.93250591347877,16.746842465232294,16.88794708251953,7679900.0
2014-12-08,16.917652724837858,17.006770380491314,16.628016802715138,16.70970916748047,9404100.0
2014-12-09,16.54632938161485,16.783978402682944,16.390371326226475,16.76912498474121,9606600.0
2014-12-10,16.67258239198333,16.67258239198333,16.464638767962807,16.4794921875,10065400.0
2014-12-11,16.338385021850943,16.61316757502382,16.27897276934057,16.44235610961914,11096100.0
2014-12-12,16.434933236363754,16.501772213098413,16.31610870361328,16.31610870361328,11335100.0
2014-12-15,16.479488603876565,16.62801851744906,16.2566916087682,16.293825149536133,14120700.0
2014-12-16,16.197280800294653,16.226987635550515,15.91507294786328,15.922499656677246,11179200.0
2014-12-17,15.788819935400756,16.07845446370665,15.71455427220702,16.071027755737305,13146600.0
2014-12-18,16.375517117908686,16.501768331319994,16.130441399698483,16.18242835998535,10804900.0
2014-12-19,16.70228832697261,16.74684717045117,16.330961326151076,16.486919403076172,11708000.0
2014-12-22,16.53890304156532,16.76912535879795,16.501769495882684,16.613168716430664,4714700.0
2014-12-23,16.501767604891924,16.61316681267431,16.486915604820737,16.494340896606445,6055100.0
2014-12-24,16.516620008300382,16.717136870208854,16.501766592640564,16.598312377929688,1975600.0
2014-12-26,16.73199208717025,16.73941879579969,16.538901912304347,16.568607330322266,2634900.0
2014-12-29,16.8285395623881,16.895378535849932,16.620595932006836,16.620595932006836,3737200.0
2014-12-30,16.583457327146238,16.754267340893264,16.576030620048602,16.665149688720703,4791900.0
2014-12-31,16.694861615464436,16.813686142396563,16.583463798528083,16.620595932006836,3877200.0
2015-01-02,16.672580718686188,16.680006011209514,16.338385895140174,16.546329498291016,6074100.0
2015-01-05,16.44236126723262,16.464641400100245,16.1230197786314,16.145299911499023,9031800.0
2015-01-06,15.833381770275384,16.026471964608007,15.714557253224536,15.863088607788086,10169500.0
2015-01-07,16.03389714958892,16.160148364014812,15.84823368228613,16.09330940246582,10180200.0
2015-01-08,16.10816510741619,16.345814152673594,16.093311687962593,16.197282791137695,15825900.0
2015-01-09,16.056181269322227,16.07103327386077,15.610588553661538,15.744266510009766,17596000.0
2015-01-12,15.640288047875426,15.6625681709841,15.365506945366741,15.439772605895996,24695300.0
2015-01-13,15.61058243107011,15.818524578055102,15.588302308250444,15.632861137390137,11043200.0
2015-01-14,15.335805089246563,15.66999996178588,15.29867295518669,15.64029312133789,21760200.0
2015-01-15,16.776553960881433,17.17758638400405,16.271549014615843,16.99934959411621,36350200.0
2015-01-16,16.613169348751935,16.85824509358556,16.55375708989833,16.783979415893555,22402000.0
2015-01-20,16.78397653932908,17.222142404465746,16.687430749926225,17.147876739501953,23999700.0
2015-01-21,17.081037173659293,17.296407452725283,17.051330342133078,17.23699378967285,17966600.0
2015-01-22,17.22956992571467,17.615748852051524,16.999346211812153,17.608322143554688,25334400.0
2015-01-23,17.771706273285012,18.04648739551772,17.73457273210508,17.816265106201172,13027300.0
2015-01-26,17.786565375638645,17.96480218078051,17.749431822588125,17.942522048950195,14091400.0
2015-01-27,17.920235817790076,18.0167816063609,17.786559321806955,17.96479606628418,14735300.0
2015-01-28,18.15045728671547,18.187589406061015,17.712291479240168,17.771703720092773,16762900.0
2015-01-29,17.593470876695253,17.67516184056729,17.140451554996304,17.296409606933594,19411300.0
2015-01-30,17.073614781584592,17.170160591949603,16.83596573530156,16.865671157836914,17590300.0
2015-02-02,17.103318910690504,17.14045103710132,16.865668485561866,17.036479949951172,12854500.0
2015-02-03,17.3335389223451,17.40780458186193,17.125595358997902,17.192434310913086,16676200.0
2015-02-04,17.51920458635183,17.638029090059614,17.415233499732473,17.511777877807617,11266500.0
2015-02-05,17.615754451060834,17.645461294490236,17.311266388410772,17.571195602416992,12016600.0
2015-02-06,17.415229209394102,17.548905680758555,17.118166606807844,17.15530014038086,16529800.0
2015-02-09,17.021625752070296,17.036479168553285,16.702284380184853,16.835962295532227,12821100.0
2015-02-10,17.749424346533758,17.78655788394364,17.42265629982488,17.71971893310547,17077300.0
2015-02-11,17.734569371328348,18.083617509774808,17.652878429212798,18.039058685302734,14211100.0
2015-02-12,18.128185902984654,18.18017146172525,17.935095673019408,18.172744750976562,10136200.0
2015-02-13,18.157888547339738,18.536640792442608,18.120755002182655,18.44752311706543,11637500.0
2015-02-17,18.33612417068454,18.484654092547014,18.32869746211644,18.395536422729492,10525500.0
2015-02-18,18.336123036903068,18.454947533645676,18.276710788531762,18.350975036621094,7433100.0
2015-02-19,18.328695785333625,18.35097449249995,18.165311044782225,18.209871292114258,9929400.0
2015-02-20,18.343547520113823,18.35097281082235,18.04648489778844,18.15045738220215,7268000.0
2015-02-23,18.12818043432219,18.143033851338796,17.920236845589148,17.987075805664062,7827400.0
2015-02-24,18.105897492639333,18.625755675364246,18.083618787079423,18.596050262451172,15932700.0
2015-02-25,18.603475553304747,18.803992402341464,18.55891672568534,18.596050262451172,10388400.0
2015-02-26,18.417814873155223,18.558919500966837,18.3064170791986,18.328697204589844,7588500.0
2015-02-27,18.380681836295373,18.402961960582303,18.172738259116574,18.21729850769043,8541000.0
2015-03-02,18.12075110521973,18.291561126708984,18.12075110521973,18.291561126708984,7081200.0
2015-03-03,18.35097154472451,18.3658249581159,18.120749303155783,18.19501495361328,7485300.0
2015-03-04,18.247006222205325,18.269286349298948,17.92023810733171,18.068769454956055,9415000.0
2015-03-05,18.16530990600586,18.18016332085205,17.927660934465248,18.16530990600586,6882400.0
2015-03-06,18.009361803843486,18.105906212933867,17.853405123812806,17.89053726196289,6375000.0
2015-03-09,17.578618876830294,17.600899005046802,17.27413087370459,17.41523551940918,15598700.0
2015-03-10,17.095894886498407,17.27413167095668,17.014202495767513,17.118173599243164,12405600.0
2015-03-11,17.385524507839094,17.615746778137577,17.385524507839094,17.444936752319336,9485000.0
2015-03-12,17.452371203916314,17.638034727362232,17.430091071162707,17.474651336669922,10892000.0
2015-03-13,17.571191916518348,17.801414238801566,17.563765207218893,17.734575271606445,9748200.0
2015-03-16,17.801411580026297,18.113326241516734,17.749426039194518,18.031635284423828,18384800.0
2015-03-17,17.860828623225547,18.150464654388756,17.786564354388954,18.053918838500977,12558800.0
2015-03-18,18.2024451239427,18.492079657690343,17.93508929802196,18.350975036621094,14551700.0
2015-03-19,18.492077591285646,18.677741023761403,18.291560744251928,18.313840866088867,11699700.0
2015-03-20,18.41781513193396,18.49208080111511,18.32869746211644,18.395536422729492,7196900.0
2015-03-23,18.477228417477473,18.529215380361972,18.380684033691775,18.417816162109375,9110900.0
2015-03-24,18.276707310766476,18.343546254528277,18.157882836634265,18.19501495361328,9071500.0
2015-03-25,18.150461961817562,18.157888670899517,17.14045219067062,17.214717864990234,32339400.0
2015-03-26,17.12559788354357,17.45979269238434,17.051332213078968,17.229570388793945,36432500.0
2015-03-27,17.014199824204788,17.170157871429836,16.828536359151048,17.036479949951172,20264000.0
2015-03-30,16.917653970698883,17.303832867802424,16.917653970698883,17.266700744628906,14707100.0
2015-03-31,17.38552209973739,17.49691986564547,17.31868315689265,17.43750762939453,13621500.0
2015-04-01,17.4003814779691,17.430086898028193,17.18501116241595,17.251850128173828,13314800.0
2015-04-02,17.541485980031975,17.69744262123488,17.511779143707656,17.59347152709961,12443500.0
2015-04-06,17.229572280150926,17.630604678282886,17.22214557063922,17.482074737548828,11439200.0
2015-04-07,17.482069511477505,17.54890704410249,17.340964905936808,17.370670318603516,13305600.0
2015-04-08,17.177583427918833,17.340968186240918,17.14045130093646,17.229570388793945,10835200.0
2015-04-09,17.26670744600735,17.57862221782104,17.259280735190327,17.407812118530273,10183300.0
2015-04-10,17.623179776733988,17.67516533214911,17.363250583158237,17.452369689941406,10531900.0
2015-04-13,17.45978681100162,17.593464689508128,17.311255520105647,17.326108932495117,11125700.0
2015-04-14,17.259276702982035,17.303835540973836,16.954788713121545,17.214717864990234,13787000.0
2015-04-15,17.19986582546587,17.556339390972926,17.147880274225262,17.459794998168945,16883000.0
2015-04-16,17.459794246907375,17.48949966783811,16.82111140714684,17.25927734375,28320800.0
2015-04-17,17.11075018663389,17.266706858988528,16.98449894003719,17.244426727294922,16113600.0
2015-04-20,17.378099551604144,17.54148430276567,17.222142925313364,17.28155517578125,15253500.0
2015-04-21,17.30382881391091,17.355815757274062,17.19985776018335,17.326108932495117,13191400.0
2015-04-22,17.378105834728657,17.70487403869629,17.37067912367254,17.70487403869629,15880200.0
2015-04-23,17.704869591800627,18.13560880936541,17.6008984961298,18.046489715576172,22973300.0
2015-04-24,18.70745342768107,18.796571108586658,18.33612645207446,18.499509811401367,28481800.0
2015-04-27,18.484655874170866,19.13819212615559,18.395538195763834,18.87083625793457,25744900.0
2015-04-28,18.73715961108801,18.781719869852825,18.417818172440445,18.573776245117188,14437100.0
2015-04-29,18.454945867314816,18.492077988006756,18.261855723417607,18.41038703918457,12642500.0
2015-04-30,18.19501620895113,18.284135278948657,18.091045141036982,18.15045738220215,16033300.0
2015-05-01,18.343551264952445,18.447522354092303,18.24700546803699,18.37325668334961,9732900.0
2015-05-04,18.239579001630357,18.276712545744957,18.031636820588073,18.061342239379883,9436900.0
2015-05-05,17.97221974034488,18.157883161561255,17.949939619859098,18.039058685302734,13233000.0
2015-05-06,18.105895743978405,18.20244151374562,18.009351390710645,18.157882690429688,8302200.0
2015-05-07,18.083621085968893,18.128179919252865,17.994502002901182,18.098474502563477,7299600.0
2015-05-08,18.165315873924303,18.37325950058863,18.11333032138324,18.232154846191406,11054400.0
2015-05-11,18.25443112730726,18.28413796049642,18.076194377671605,18.098474502563477,6256500.0
2015-05-12,17.95736989420974,18.1950188939396,17.92766306099362,18.105899810791016,10406900.0
2015-05-13,18.180162794534947,18.32126739848955,18.113323846161695,18.15045738220215,6596700.0
2015-05-14,18.098476038309485,18.20987383922196,18.053915784744586,18.12818145751953,9130500.0
2015-05-15,18.157889185203484,18.269286991588174,18.12818234803425,18.239580154418945,5952400.0
2015-05-18,18.180167003512025,18.180167003512025,18.098476038309485,18.12818145751953,9387100.0
2015-05-19,18.18016371218866,18.313841615682634,18.165310297022742,18.261856079101562,10063100.0
2015-05-20,18.20987003576728,18.32126781341235,18.128177671127755,18.25442886352539,9053200.0
2015-05-21,18.105901328790218,18.14303487342364,17.935091272976134,18.001930236816406,12175800.0
2015-05-22,18.09847448982589,18.254431114459912,17.97222328186035,17.97222328186035,8574500.0
2015-05-26,17.94994760064204,18.105904263884423,17.935094180380826,18.016786575317383,10911600.0
2015-05-27,17.949943816237926,18.343550871174813,17.89795827278396,18.269285202026367,14361100.0
2015-05-28,18.187588100473825,18.30641257364928,18.09104374720606,18.157882690429688,10416600.0
2015-05-29,17.860823829048297,18.14303307427761,17.77913287195539,18.031635284423828,13170000.0
2015-06-01,17.95737445856477,18.00193330321502,17.771710953271917,17.92766761779785,10391300.0
2015-06-02,17.80883939819419,17.823692815500404,17.55633696998795,17.578617095947266,12267300.0
2015-06-03,17.660314716204937,17.675166721419377,17.43751763998521,17.571195602416992,10846500.0
2015-06-04,17.281555292268763,17.40037979400548,16.917655078637594,17.066184997558594,16981800.0
2015-06-05,16.94735730460021,17.110742026097366,16.89537177194185,16.97706413269043,9277100.0
2015-06-08,16.984500306337107,17.021632445646635,16.783983354464883,16.821115493774414,9155900.0
2015-06-09,16.984496954141143,17.15530702765305,16.865671015502386,16.954790115356445,14045900.0
2015-06-10,17.118165408540623,17.333535638689852,17.081033294066316,17.326108932495117,14611900.0
2015-06-11,17.571192810327396,17.608324942213535,17.422661449782773,17.459794998168945,12836500.0
2015-06-12,17.482072716456567,17.64545605732538,17.378100211812924,17.578617095947266,12115900.0
2015-06-15,17.370668497175778,17.40780202973994,17.251844025969316,17.274124145507812,12984800.0
2015-06-16,17.25927545330362,17.563763421117294,17.229570035626583,17.511777877807617,12381400.0
2015-06-17,17.496925473064312,17.60089798219918,17.415234507351084,17.52663230895996,12642300.0
2015-06-18,17.571192542296085,17.69744377188317,17.50435357272057,17.645458221435547,11225200.0
2015-06-19,17.541476490530655,17.586035304412004,17.370665107070373,17.37809181213379,11609100.0
2015-06-22,17.57119607268679,17.742006177476572,17.52663722285039,17.70487403869629,13407100.0
2015-06-23,17.83111596094538,17.85339608245244,17.638025824049524,17.771703720092773,9339600.0
2015-06-24,17.793986632460587,17.823693468160805,17.69744224943467,17.749427795410156,9368200.0
2015-06-25,17.853398907463895,18.068767783445896,17.823692074087187,17.88310432434082,8369700.0
2015-06-26,17.76428044095484,17.853399527681123,17.407806927049347,17.54891014099121,14805800.0
2015-06-29,17.371138376610762,17.578029214624724,17.133597856035657,17.148921966552734,14494500.0
2015-06-30,17.516727124713544,17.723616486280175,17.37113712384845,17.40178680419922,15836800.0
2015-07-01,17.72362108503076,17.80024749808028,17.509068882324822,17.570369720458984,12403200.0
2015-07-02,17.62400044425158,17.876866479121077,17.585687984418215,17.73893928527832,7884900.0
2015-07-06,17.624004888266704,17.82323294499557,17.524391590665786,17.57802963256836,7476100.0
2015-07-07,17.478418194333912,17.624008236822263,17.19490235854467,17.59335708618164,10131500.0
2015-07-08,17.309837683402655,17.3634757244434,16.99567076171229,17.03398323059082,13956700.0
2015-07-09,17.302173941354713,17.355811979431888,16.942031784603014,17.02631950378418,12147200.0
2015-07-10,17.118273990893496,17.371140108726525,17.118273990893496,17.294513702392578,9042600.0
2015-07-13,17.38646112201851,17.532049648186867,17.2868463814541,17.516725540161133,11501200.0
2015-07-14,17.44776200847329,17.547375287909283,17.386461191544964,17.470748901367188,8778400.0
2015-07-15,17.40179076810361,17.55504358934714,17.17191299776553,17.28685188293457,13861500.0
2015-07-16,16.896050930921806,17.493734912042584,16.627860806245717,17.4171085357666,29850800.0
2015-07-17,17.585694708345716,17.692970806117696,17.45543024896807,17.646995544433594,10314200.0
2015-07-20,17.646991381287375,17.654654166681517,17.332824487762004,17.54737663269043,12307200.0
2015-07-21,17.578029711205467,17.746606623871568,17.4937405241089,17.532052993774414,9372700.0
2015-07-22,17.217884760646623,17.27152426025072,16.942031784603014,17.02631950378418,17279900.0
2015-07-23,16.95735439436773,17.240871592516456,16.926704715974967,17.09528160095215,16251500.0
2015-07-24,16.90371594510642,17.018654793923012,16.558899398656642,16.581886291503906,15045700.0
2015-07-27,16.528249222146872,16.620201183471764,16.344346761023935,16.5742244720459,10167100.0
2015-07-28,16.63552839638781,16.850082038494172,16.551240666100437,16.765792846679688,13102700.0
2015-07-29,16.719813577533348,17.064631587218294,16.658512760425666,16.94202995300293,12780100.0
2015-07-30,17.033985121287124,17.455429633364446,17.003335435087724,17.394128799438477,17400600.0
2015-07-31,17.279183716331804,17.32516042530764,16.880729135895244,16.94202995300293,16313800.0
2015-08-03,16.781113767936844,16.781113767936844,16.489935262931336,16.643186569213867,11945800.0
2015-08-04,16.72748271893719,16.7964463470809,16.352014888781067,16.436304092407227,13832400.0
2015-08-05,16.512926022451715,16.75813080068015,16.48993912496537,16.558902740478516,7506500.0
2015-08-06,16.41331015703819,16.51292344080182,16.099143273940886,16.306034088134766,12945100.0
2015-08-07,16.29071499393984,16.405653893674973,16.083824097500155,16.11447525024414,16644500.0
2015-08-10,16.183434979088645,16.773454911828697,16.030182175386756,16.558902740478516,25398700.0
2015-08-11,16.09148135793334,16.168107751943165,15.746663315652578,15.961216926574707,18685200.0
2015-08-12,15.73134068904742,15.922905961367167,15.463149015494364,15.899917602539062,20957100.0
2015-08-13,15.746666414340545,15.853943971675543,15.63939031853274,15.739005088806152,7873400.0
2015-08-14,15.6087403469687,15.631727246206774,15.493800004669673,15.616401672363281,11355400.0
2015-08-17,15.248592064700647,15.562758925988181,15.087677972516326,15.539772033691406,18060200.0
2015-08-18,15.463149207289904,15.478474780032062,15.332884762035674,15.348210334777832,10410700.0
2015-08-19,15.32522066711411,15.37119591988791,15.041703441700648,15.256257057189941,12520400.0
2015-08-20,15.164305845012974,15.37885798897759,15.026378631591797,15.026378631591797,12865500.0
2015-08-21,14.75052680658403,14.94975487649777,14.459348219188332,14.467009544372559,20217500.0
2015-08-24,13.593471514266328,14.88845316112117,13.271641799116813,14.3750581741333,31876000.0
2015-08-25,15.118330902716378,15.332884533325068,14.329082918119665,14.3750581741333,25640300.0
2015-08-26,14.819488892592666,14.926764972401134,14.512984763477782,14.903778076171875,20952300.0
2015-08-27,15.034044895472155,15.279248237609865,15.00339374694134,15.279248237609863,17880000.0
2015-08-28,15.041704765024406,15.3865228449813,14.980403935423965,15.32522201538086,10980800.0
2015-08-31,15.447822353814002,15.470810711021343,15.133655446281702,15.233268737792969,9081400.0
2015-09-01,14.827151729498988,15.141318645612973,14.750525331575021,14.873126983642578,14185700.0
2015-09-02,15.095345731006582,15.378861547280607,15.057031795343063,15.279248237609863,14670900.0
2015-09-03,15.440161304887631,15.50912492274019,15.340548002171214,15.378860473632812,8174900.0
2015-09-04,15.095342673453258,15.194955962947384,15.018716279174058,15.072354316711426,8944000.0
2015-09-08,15.294568461214288,15.37119485152941,15.187292391689217,15.363532066345215,10390900.0
2015-09-09,15.662375969835036,15.830952871441388,15.187293484905226,15.233268737792969,10318700.0
2015-09-10,15.171970444216813,15.256259639843442,14.765852963165994,15.095345497131348,17806400.0
2015-09-11,15.125990743528495,15.286906300532106,15.026377464641882,15.248592376708984,9549900.0
2015-09-14,15.317558224792956,15.455485447733405,15.240931827434155,15.35587215423584,7790800.0
2015-09-15,15.447827559783045,15.754331784872504,15.355877023019922,15.624067306518555,11469800.0
2015-09-16,15.869263187393221,15.899914326181346,15.677697954547662,15.838613510131836,11471100.0
2015-09-17,15.769653720831165,16.106809021355573,15.761990934282077,15.830954551696777,11394200.0
2015-09-18,15.731338910609699,15.90757859045337,15.59341169628791,15.79263973236084,14057800.0
2015-09-21,15.731337547302246,15.876926072889933,15.631722807135146,15.731337547302246,12292100.0
2015-09-22,15.455485050352696,15.509123088666662,15.233268649878344,15.286908149719238,13482400.0
2015-09-23,15.057030324786204,15.547438422692728,15.018717854391706,15.332884788513184,22169600.0
2015-09-24,15.240929993089269,15.34820752109083,14.988063935308174,15.317556381225586,11088800.0
2015-09-25,15.447821241844531,15.555097311369604,15.294568461214288,15.363532066345215,10742300.0
2015-09-28,15.302226267523478,15.363527067524808,15.003385050207783,15.04169750213623,15576100.0
2015-09-29,15.034043083066644,15.286909181853181,14.934428323877599,15.24093246459961,10919600.0
2015-09-30,15.601076245408908,15.930568747643202,15.578087886580803,15.899917602539062,12400200.0
2015-10-01,16.053170769844915,16.091483240568774,15.784979090196689,15.984207153320312,14508200.0
2015-10-02,15.486130329549981,15.915237437138845,15.486130329549981,15.907574653625488,15271100.0
2015-10-05,16.13745471883538,16.42863468964856,15.930565379235917,16.39798355102539,10938100.0
2015-10-06,16.137451067480942,16.36733017056072,16.060824699787684,16.267715454101562,10577700.0
2015-10-07,16.612538602601145,16.93436827890714,16.574224675941586,16.80410385131836,13647100.0
2015-10-08,16.68916286663525,17.06463053086812,16.604873700257393,17.049304962158203,10343500.0
2015-10-09,17.095282361497365,17.187234323820054,16.788778256299825,16.819429397583008,11648800.0
2015-10-12,16.9113845539236,17.010999328990096,16.865409290869128,16.92671012878418,6779500.0
2015-10-13,16.71981561051952,16.88073118844737,16.612539532918916,16.811767578125,12740800.0
2015-10-14,16.689170701432968,17.263866644108006,16.59721870753292,17.118276596069336,22801100.0
2015-10-15,17.279184824615886,17.46308874926127,16.696827755503993,16.819429397583008,17867300.0
2015-10-16,16.86540780143826,17.02632193868177,16.850082227931125,16.9803466796875,9598700.0
2015-10-19,16.919044362428224,17.087621271631566,16.827092390981942,17.03398323059082,8940900.0
2015-10-20,17.010993889226953,17.179570774204137,16.988005534287286,17.09528160095215,6718400.0
2015-10-21,17.11060868449227,17.20256065085809,16.965018680049276,17.02631950378418,8154300.0
2015-10-22,17.156586988227698,17.332828166646273,17.10294894061094,17.248538970947266,8214500.0
2015-10-23,17.432441531104427,17.432441531104427,17.16424983062815,17.21788787841797,11854100.0
2015-10-26,17.217887222939552,17.256201156707387,16.804106968936853,16.9803466796875,12350400.0
2015-10-27,16.903720219537593,17.08762271645278,16.76579298146942,17.010997772216797,6885400.0
2015-10-28,16.911381708487923,17.06463450825353,16.758130370249333,16.919044494628906,9913700.0
2015-10-29,16.712151515376448,16.71981430053711,16.48993659182454,16.71981430053711,7939100.0
2015-10-30,16.735138816610604,16.91137847962296,16.589548830783265,16.827089309692383,8791800.0
2015-11-02,16.750465671738212,16.965017813082618,16.68150206586984,16.934368133544922,5716700.0
2015-11-03,17.041644583998508,17.585690657803685,16.942031296372512,17.447763442993164,12846400.0
2015-11-04,17.700631685466917,18.129737491831133,17.66231775358713,18.045448303222656,14372000.0
2015-11-05,17.800242154755992,17.800242154755992,17.58569001645489,17.60867691040039,8345300.0
2015-11-06,17.309838558138548,17.49374104879744,17.18723689769929,17.4860782623291,8805900.0
2015-11-09,17.432442929900283,17.608682661501952,17.378804877806495,17.59335708618164,8629200.0
2015-11-10,17.248538970947266,17.371140640221903,17.110611727631504,17.248538970947266,7388700.0
2015-11-11,17.179573863181524,17.39412749661591,17.07229777722786,17.302175521850586,5255100.0
2015-11-12,17.194899764425386,17.37880225594265,17.04164695739746,17.04164695739746,5685100.0
2015-11-13,16.911378049078362,16.972678863414476,16.528247594095973,16.77345085144043,7883500.0
2015-11-16,16.727478507762363,17.148921496739437,16.70449015032605,17.125934600830078,7121500.0
2015-11-17,17.187237172614214,17.48607854202408,17.148923239659677,17.256200790405273,7148400.0
2015-11-18,17.148923239659677,17.286850475241803,16.97268353265012,17.256200790405273,8010400.0
2015-11-19,17.578028448009565,17.578028448009565,17.309836795042727,17.371137619018555,7115100.0
2015-11-20,17.478414509697593,17.539715336528666,17.401788110777,17.49374008178711,6039900.0
2015-11-23,17.562705393797827,17.578030967370044,17.271526803561393,17.294513702392578,5502100.0
2015-11-24,17.18723149520358,17.302170333045556,16.980340710172054,17.240869522094727,8911500.0
2015-11-25,17.294514670149468,17.363478293556334,17.248539408387295,17.28685188293457,5442600.0
2015-11-27,17.156585613713407,17.348150889298513,17.11827314320721,17.20256233215332,3995600.0
2015-11-30,17.19490020261213,17.524392723049843,17.14892348241585,17.44010353088379,8612900.0
2015-12-01,17.50140853162304,17.892201977212,17.493745743098454,17.838563919067383,10256000.0
2015-12-02,17.76959800720215,17.89986247237543,17.66998323067284,17.76959800720215,6829100.0
2015-12-03,17.838561435368675,17.861548336214444,17.486080519951788,17.570369720458984,5884700.0
2015-12-04,17.49373872297796,17.907520368092865,17.41711233000925,17.861543655395508,6355600.0
2015-12-07,17.968824613888174,18.00713708690903,17.76193375191036,17.80790901184082,4634000.0
2015-12-08,17.62399811512965,17.792574962255273,17.53204617754428,17.685298919677734,6133900.0
2015-12-09,17.585686855879075,17.631662097034038,17.35580772705113,17.4171085357666,8663600.0
2015-12-10,17.40945585084934,17.509070636250552,17.325168103426105,17.355817794799805,7171900.0
2015-12-11,17.17957279517439,17.286848874458993,16.980344746840867,16.995670318603516,11326300.0
2015-12-14,17.11060868449227,17.171909508227174,16.911380641972098,17.02631950378418,7898600.0
2015-12-15,17.179574111230952,17.54737909254873,17.179574111230952,17.4860782623291,9444200.0
2015-12-16,17.708286743754936,17.800237217084128,17.53970844010738,17.746599197387695,7384800.0
2015-12-17,17.692971864236362,17.84622469438487,17.58569576004879,17.59335708618164,8925700.0
2015-12-18,17.44776804419066,17.685308609269633,17.409454106902267,17.570369720458984,8648000.0
2015-12-21,17.570365880460407,17.662316386802264,17.43243865942068,17.585691452026367,4958700.0
2015-12-22,17.608682072452957,17.692971272367707,17.585695171768755,17.66998291015625,4553900.0
2015-12-23,17.7772508572631,17.784912178995953,17.60100976535169,17.685298919677734,6172900.0
2015-12-24,17.73893928527832,17.838554019287717,17.685301256900953,17.73893928527832,2009500.0
2015-12-28,17.73894033925168,17.76959147816086,17.509062643539824,17.631664276123047,3100100.0
2015-12-29,17.677636136418414,17.800237745514593,17.608672548611008,17.685298919677734,4136700.0
2015-12-30,17.662317436775,17.692968581729037,17.501403310347413,17.532052993774414,2574100.0
2015-12-31,17.516727075126575,17.624003148340915,17.294510681723285,17.432437896728516,3898300.0
2016-01-04,17.041649017183992,17.087624280238465,16.750470402469315,16.92671012878418,9145100.0
2016-01-05,16.995669075380736,17.17957153849926,16.819429397583008,16.819429397583008,7642100.0
2016-01-06,16.597217898030216,16.635530374395643,16.29071370252492,16.352014541625977,8063200.0
2016-01-07,15.999531512339564,16.38266207161666,15.9535562544539,16.168109893798828,11242800.0
2016-01-08,16.298364410652823,16.39797765229146,15.915234084844489,15.945883750915527,9290700.0
2016-01-11,16.221748106549963,16.283048938209195,15.861605903242861,16.037845611572266,9771200.0
2016-01-12,16.26772257462649,16.275385360902522,15.716015116495349,15.899917602539062,11629400.0
2016-01-13,16.014857227444672,16.14512167721473,15.670040597954834,15.69302749633789,12858400.0
2016-01-14,15.884589717873638,16.75812822634042,15.861602823918478,16.71981430053711,18687600.0
2016-01-15,15.754328188246559,16.30603712898292,15.754328188246559,16.168109893798828,12066200.0
2016-01-19,16.57422729284046,16.704491740996648,16.267723138804456,16.59721565246582,14807000.0
2016-01-20,15.96888466797718,16.252400513816024,15.892258250186801,16.160449981689453,10815300.0
2016-01-21,16.206419786880446,16.45162307196473,15.976542072495649,16.34434700012207,9105000.0
2016-01-22,16.67383942372958,16.819429421982182,16.566563352136534,16.80410385131836,8369200.0
2016-01-25,16.635522754915428,16.911377135285722,16.627861432373248,16.69682502746582,8463700.0
2016-01-26,16.689169135944436,16.750469972285163,16.474615477988277,16.5435791015625,7709700.0
2016-01-27,16.643188972453405,16.85774258606207,16.5589012533614,16.612539291381836,6432800.0
2016-01-28,16.689164789083723,16.75812839469568,16.459285616534917,16.5742244720459,7169000.0
2016-01-29,16.75812965101078,17.164247068363647,16.75812965101078,17.125934600830078,9010200.0
2016-02-01,16.995670088597073,17.279185854734344,16.97268173126421,17.210222244262695,5389200.0
2016-02-02,17.087623799928867,17.33282860622396,17.072299687026288,17.28685188293457,13487900.0
2016-02-03,17.432441536893588,17.700633237458927,17.309839867182667,17.562705993652344,13083200.0
2016-02-04,17.601011562483425,17.81556513107172,17.562699103801442,17.80023956298828,6473100.0
2016-02-05,17.63166593378864,17.899857578351376,17.3634742892259,17.432437896728516,9325400.0
2016-02-08,17.225545633653883,17.55503807271617,17.05696875248268,17.470748901367188,8355200.0
2016-02-09,17.033985750951796,17.378803867986132,16.91138407856786,17.28685188293457,8426600.0
2016-02-10,17.37113893465807,17.55504142051379,17.07229757783341,17.087621688842773,5761600.0
2016-02-11,16.98034395489958,17.133596742324617,16.696828198148232,16.857742309570312,10394600.0
2016-02-12,17.079960889917984,17.102947787903215,16.796443635374448,17.04164695739746,7326900.0
2016-02-16,17.33282365305097,18.152722650890045,17.309835297975617,17.884531021118164,13843800.0
2016-02-17,17.899860130717283,18.19103871161586,17.83089651338105,18.114412307739258,11956100.0
2016-02-18,18.37493624591766,18.535851796791594,18.206359372097694,18.237009048461914,12780200.0
2016-02-19,18.23701715316938,18.413258351312074,18.014802150812493,18.22169303894043,8950300.0
2016-02-22,18.405592044406173,18.489879771895843,18.275327598438068,18.359615325927734,7250300.0
2016-02-23,18.19103265473342,18.19869543872239,17.82322779242247,17.930503845214844,5802500.0
2016-02-24,17.685308100910838,18.007137857246114,17.493742804557154,17.945837020874023,5267500.0
2016-02-25,18.145060527073582,18.16038609768228,17.91518135252365,18.15272331237793,5076800.0
2016-02-26,18.152724671937417,18.45922879943295,17.94583383780532,18.214025497436523,9920900.0
2016-02-29,18.060773875974572,18.198701107687693,17.976484687366096,18.045448303222656,6614000.0
2016-03-01,18.50520334354498,18.911322210357223,18.382601697248248,18.83469581604004,9858800.0
2016-03-02,18.73508058285365,18.926645818009508,18.681441089327535,18.865345001220703,5841300.0
2016-03-03,18.873008307410327,19.0569122386257,18.735082551289167,18.81937026977539,7957500.0
2016-03-04,18.819378265561916,19.11822118461106,18.727427722414127,18.888341903686523,7264600.0
2016-03-07,18.69676612637512,18.941969386546326,18.436237297061535,18.926645278930664,8971500.0
2016-03-08,18.666126873139756,19.041594757636215,18.635475717738807,18.888341903686523,11734000.0
2016-03-09,18.94197270697972,18.995612208380784,18.788721373271876,18.957298278808594,5807300.0
2016-03-10,19.049250248254875,19.15652632800306,18.78105858735744,18.957298278808594,6483700.0
2016-03-11,19.15652718393108,19.447705754054937,19.148864397674263,19.424718856811523,7560000.0
2016-03-14,19.39406545919128,19.447703495231984,19.24081413643598,19.325101852416992,4109400.0
2016-03-15,19.07989885893212,19.30977803887521,18.949634428755765,19.064573287963867,8839800.0
2016-03-16,18.97262293135396,19.769533627992022,18.941971789181352,19.754209518432617,10874100.0
2016-03-17,19.72356124634862,19.80785043806179,19.631610729504352,19.746549606323242,6264700.0
2016-03-18,19.830840383380345,20.114357687186043,19.76953954222335,19.95344352722168,7208700.0
2016-03-21,19.830834326918136,19.938111862325147,19.731221038533295,19.86914825439453,5494100.0
2016-03-22,19.738890128015857,19.96876792018247,19.662263710117866,19.777202606201172,6247400.0
2016-03-23,19.784861689862318,19.784861689862318,19.570309513750964,19.67758560180664,5465900.0
2016-03-24,19.55498437811135,19.731224087152416,19.493683546204583,19.715898513793945,5549000.0
2016-03-28,19.708232482353914,19.738883624024457,19.570306729417105,19.63926887512207,2197200.0
2016-03-29,19.58562867248585,19.938109455077086,19.493678180698026,19.899795532226562,4550800.0
2016-03-30,20.167988670951182,20.39786784085507,20.167988670951182,20.275264739990234,5999600.0
2016-03-31,20.13734109401252,20.259942746148887,20.060714696045544,20.076040267944336,5369100.0
2016-04-01,19.830839825110502,20.083705970455444,19.74655208434705,20.01474380493164,5091200.0
2016-04-04,20.02240398636192,20.02240398636192,19.777200642654844,19.807851791381836,4302700.0
2016-04-05,19.547313690185547,19.63926417011471,19.340422918055143,19.547313690185547,8612600.0
2016-04-06,19.271461585402648,19.723555639018528,19.17184831021984,19.63160514831543,8333100.0
2016-04-07,19.531991082239138,19.55497943646757,19.348088632991928,19.440040588378906,7774400.0
2016-04-08,19.731230346972207,19.77720562010636,19.317448504182074,19.3710880279541,8214600.0
2016-04-11,19.69290365518767,19.800179702280534,19.539650906603697,19.547313690185547,5406300.0
2016-04-12,19.692906978174687,19.708231086397657,19.394064214161773,19.593292236328125,4766900.0
2016-04-13,19.88447787888999,20.083704496272556,19.75421342196927,20.053054809570312,9082700.0
2016-04-14,19.38640594482422,19.562647114943324,19.225491809551645,19.38640594482422,13870800.0
2016-04-15,19.547320431366522,19.60095847341082,19.440044347277922,19.50900650024414,8019100.0
2016-04-18,19.44770182310758,19.677580979765697,19.40172657638665,19.539653778076172,6507600.0
2016-04-19,19.55497962085836,19.669918470030822,19.271462428807983,19.279125213623047,9378700.0
2016-04-20,19.102891715050102,19.34809506219194,18.957301679611923,19.24848175048828,9391300.0
2016-04-21,19.386401277980443,19.42471520205577,19.15652357963552,19.279125213623047,6044400.0
2016-04-22,19.29444846306085,19.3940617306245,19.118208818087762,19.210159301757812,6447400.0
2016-04-25,19.271466378703185,19.40939361059052,19.11821503557164,19.1641902923584,7772500.0
2016-04-26,19.309780310631368,19.424719183361795,19.14120193320149,19.1641902923584,9920000.0
2016-04-27,19.07990323286763,19.41705856382522,19.018602396468722,19.348094940185547,7302200.0
2016-04-28,18.88833860754911,19.064578335767006,18.44390716248421,18.51287078857422,12170200.0
2016-04-29,18.390264388111405,18.397927173656345,17.94583305719312,18.07609748840332,14955900.0
2016-05-02,18.068434135556938,18.198698562677176,17.976482173431595,18.15272331237793,6112100.0
2016-05-03,17.892195739761863,17.968822136767283,17.74660573160426,17.86920738220215,9323900.0
2016-05-04,17.861547822789692,18.04545033190596,17.8002469864176,17.945837020874023,7789900.0
2016-05-05,17.96882672840327,18.152729251293344,17.930512789346587,18.007139205932617,7238400.0
2016-05-06,18.00713117002029,18.091420336802543,17.884529542806117,17.938167572021484,5373300.0
2016-05-09,17.930509098713372,17.9994727132933,17.77725775861234,17.907522201538086,5189800.0
2016-05-10,17.85387842767138,17.96115594776358,17.80790318278997,17.922842025756836,5374500.0
2016-05-11,17.899862939798286,17.968826567957194,17.723621744765893,17.792585372924805,6185400.0
2016-05-12,17.80024310623536,17.846219819637618,17.432438168178706,17.61634063720703,7674600.0
2016-05-13,17.509066621734117,17.62400549570504,17.447765791514488,17.4860782623291,4837700.0
2016-05-16,17.60101826622703,17.807909129572643,17.55504300599262,17.708295822143555,4654300.0
2016-05-17,17.77725671202,17.861544432578874,17.55504030889445,17.585691452026367,4017400.0
2016-05-18,17.624004825462194,18.11441144856902,17.54737842522,18.0224609375,10028100.0
2016-05-19,17.861542264191105,17.869205049043824,17.662314242600733,17.815567016601562,3868700.0
2016-05-20,18.007137360851697,18.405593517049834,17.953499313195636,18.321304321289062,8380600.0
2016-05-23,18.873005644812935,18.972620381961555,18.55117600288002,18.597152709960938,6840000.0
2016-05-24,18.627806516264314,18.82703457320362,18.58949404672973,18.750408172607422,7573600.0
2016-05-25,18.857682216431257,18.941969926061642,18.78871861485301,18.865345001220703,5151600.0
2016-05-26,19.003272514772952,19.095224479293417,18.842358403770756,18.9956111907959,8204700.0
2016-05-27,19.102889680222532,19.164190510478267,18.987950806183914,19.00327491760254,5381300.0
2016-05-31,19.026260000353474,19.041585570659834,18.796382291865356,18.941970825195312,7999900.0
2016-06-01,18.941975985588286,19.35575772742631,18.941975985588286,19.348094940185547,6126800.0
2016-06-02,19.31744147202029,19.348092617303454,19.210165386583302,19.29445457458496,4188200.0
2016-06-03,19.41705873737199,19.616286822830908,19.394070375444226,19.56264877319336,5041800.0
2016-06-06,19.616283074158847,19.669921113546163,19.486018637849522,19.51666831970215,7579500.0
2016-06-07,19.70823446711124,20.014740068576423,19.692910356259603,19.96876335144043,6624300.0
2016-06-08,20.3135845217375,20.3672225717198,20.145007584432086,20.175657272338867,6173600.0
2016-06-09,19.853822439588235,20.114351297120713,19.853822439588235,20.09902572631836,5760100.0
2016-06-10,19.846159475945136,19.899797511744758,19.570306511614667,19.815509796142578,6699400.0
2016-06-13,19.577968053307863,19.784858875003394,19.539655587746562,19.63926887512207,7414600.0
2016-06-14,19.57030534323028,19.700568301522782,19.455365031633974,19.593292236328125,7191500.0
2016-06-15,19.669927401322216,19.94578193381154,19.6622646130278,19.80019187927246,6926800.0
2016-06-16,19.547318155617603,19.85382226127749,19.44770340782385,19.815509796142578,4637700.0
2016-06-17,19.838501478581613,19.869152627308605,19.616286496419782,19.807851791381836,5813100.0
2016-06-20,20.16799062071945,20.413193923100835,20.137340938685263,20.2063045501709,10019300.0
2016-06-21,20.26760186883949,20.42085317554712,20.183312700157927,20.3748779296875,6095200.0
2016-06-22,20.382545997522758,20.627749321034422,20.321245166644843,20.336570739746094,8010400.0
2016-06-23,20.413194497849954,20.543458938598633,20.321243987631483,20.543458938598633,6708600.0
2016-06-24,19.60862198476311,20.07604173105213,19.547321154227426,19.67758560180664,9529800.0
2016-06-27,19.589337536848873,19.843744281527357,19.366732393447105,19.796043395996094,10314300.0
2016-06-28,20.05044518697575,20.169699645916406,19.947093041128415,20.082246780395508,14428100.0
2016-06-29,20.41616057819649,20.64671611745406,20.408210178031226,20.51156234741211,8758600.0
2016-06-30,20.72621500243913,21.004472894353007,20.53540998076823,20.853418350219727,9765900.0
2016-07-01,21.171427532835786,21.187328331014967,21.060124978348668,21.09192657470703,5939300.0
2016-07-05,20.79777297291499,20.909075554690155,20.76597288514378,20.877275466918945,5678400.0
2016-07-06,20.51156178479054,20.829571717143175,20.47181130143833,20.789819717407227,6062900.0
2016-07-07,20.8693256286403,21.091932314577367,20.86137522738712,20.91702651977539,5327900.0
2016-07-08,21.068081822332147,21.306587802446444,20.996529725021052,21.25093650817871,5780600.0
2016-07-11,21.592794039173317,21.7597494217173,21.568942836985922,21.624595642089844,6051600.0
2016-07-12,21.624590454097763,21.696142527109878,21.3383821620493,21.441734313964844,8538700.0
2016-07-13,21.40198497153414,21.47353704834182,21.274781616405726,21.37813377380371,10553300.0
2016-07-14,21.46558667537954,21.64844130905256,21.179378367798392,21.55303955078125,12145100.0
2016-07-15,21.616641601327593,21.672292880676487,21.441735847506916,21.47353744506836,5996500.0
2016-07-18,21.712044347731442,21.982351873750613,21.584840984473445,21.974401473999023,7767300.0
2016-07-19,21.76769772607198,21.879001816930284,21.61664466539489,21.680246353149414,4997300.0
2016-07-20,21.783596234944245,21.93465079611058,21.68819447154296,21.902849197387695,5805100.0
2016-07-21,21.99825113090144,22.117504086046726,21.799495700198097,21.847196578979492,6369300.0
2016-07-22,21.886951629831206,22.093657488579776,21.847199628311976,22.053905487060547,5116800.0
2016-07-25,21.855152289535972,22.197011956047763,21.855152289535972,22.149311065673828,7799700.0
2016-07-26,22.236756183127603,22.586566152254548,22.228805784240226,22.522964477539062,10178800.0
2016-07-27,22.65017650164068,22.65017650164068,22.212915010055198,22.340118408203125,7057700.0
2016-07-28,22.49117415059415,22.570675141172657,22.260617032040745,22.371919631958008,4746300.0
2016-07-29,22.340111521335764,22.340111521335764,21.99030152607411,22.085704803466797,7366600.0
2016-08-01,22.538868528482237,22.856876947959705,22.538868528482237,22.753524780273438,7328200.0
2016-08-02,22.650168769432476,22.650168769432476,22.308309184968298,22.3878116607666,6088500.0
2016-08-03,22.32420998340468,22.45141333812852,22.189056229462647,22.3878116607666,3872000.0
2016-08-04,22.435514835491997,22.602470203391135,22.356013867942053,22.5786190032959,3165000.0
2016-08-05,22.77737351756579,22.936378478889548,22.761472718156675,22.8886775970459,5573000.0
2016-08-08,22.86482489931585,23.16693248636969,22.825072903398507,23.127182006835938,8731700.0
2016-08-09,23.19873581448572,23.397491259755288,23.166934215378408,23.373640060424805,6660600.0
2016-08-10,23.38954622851314,23.41339743331812,23.198741139225458,23.230541229248047,8229100.0
2016-08-11,23.166934967041016,23.3497911350735,22.896627431393444,23.166934967041016,9134000.0
2016-08-12,23.190787692582205,23.270290181775763,23.103334802830904,23.24643898010254,3481800.0
2016-08-15,23.357739831352237,23.413392631149275,23.302088547938943,23.365690231323242,3187000.0
2016-08-16,23.182835768982645,23.214637369124343,23.03973160111252,23.119234085083008,5914400.0
2016-08-17,23.055625145042086,23.055625145042086,22.84891935832744,23.039724349975586,6996800.0
2016-08-18,22.984075401323132,23.21463240388672,22.928424129361833,23.182830810546875,4254200.0
2016-08-19,22.761470224945597,22.80917261794779,22.66606847170827,22.769420623779297,6241800.0
2016-08-22,22.499116519362204,22.642220687166105,22.435514835491997,22.5786190032959,6415400.0
2016-08-23,22.7376255056565,22.809177594387286,22.62632141408425,22.658123016357422,5501800.0
2016-08-24,22.71377334561809,22.73762454631665,22.530918689413866,22.570669174194336,5391500.0
2016-08-25,22.761470988290455,22.928426336630203,22.674019630953996,22.737621307373047,6388200.0
2016-08-26,22.73762054482803,22.976126444304878,22.60246679742221,22.769420623779297,5267500.0
2016-08-29,22.72172583992885,22.87278042550694,22.7058250379977,22.817129135131836,3143900.0
2016-08-30,22.72967358016872,22.809176064134025,22.68197269634304,22.753524780273438,5001800.0
2016-08-31,22.864823526904715,23.039727749292,22.793271454931848,22.848922729492188,4674700.0
2016-09-01,22.809177571573198,23.07948512508938,22.76147516821115,23.023832321166992,6066600.0
2016-09-02,23.135134883285644,23.222586250900736,23.079483599425924,23.166934967041016,6050200.0
2016-09-06,23.46109504536426,23.628048906497426,23.29413966784725,23.445194244384766,6433000.0
2016-09-07,24.12891021130696,24.287913650129365,23.675748060268464,23.707548141479492,14429800.0
2016-09-08,23.771153844293995,23.78705464578303,23.564447974088182,23.68370246887207,6361600.0
2016-09-09,23.294138135813274,23.317989335713843,22.697871785752692,22.729673385620117,8325600.0
2016-09-12,22.6978680349571,23.087429987039727,22.419611664017356,23.047677993774414,5844500.0
2016-09-13,22.825077455019603,22.880730260401787,22.507069006183755,22.65017318725586,6857800.0
2016-09-14,22.67402229630813,22.864827347994613,22.54681892851714,22.753524780273438,5088700.0
2016-09-15,22.745574010851858,23.270288273564297,22.745574010851858,23.1987361907959,6305100.0
2016-09-16,23.15898360531283,23.230535686270866,22.872776797864393,22.984079360961914,7329300.0
2016-09-19,23.779101184200286,23.94605654557696,23.7473011016994,23.795001983642578,7696400.0
2016-09-20,23.977860278756623,24.041461969825583,23.763204002754915,23.771154403686523,5763300.0
2016-09-21,23.922202547408116,24.29586219227993,23.890400952244462,24.24816131591797,8097200.0
2016-09-22,24.454868687509226,24.605923241357146,24.256113254271717,24.3753662109375,5329000.0
2016-09-23,24.36741887425199,24.383319674841545,23.866555786751462,23.94605827331543,7959800.0
2016-09-26,23.866553868065164,23.906304349959612,23.620096027891787,23.72344970703125,4363300.0
2016-09-27,23.69165149932562,24.192516134631607,23.57239852019026,24.168664932250977,5707200.0
2016-09-28,24.224314886049005,24.248166087114832,23.954007339504887,24.113012313842773,4125100.0
2016-09-29,24.097112841492976,24.36742040293788,23.98581026315116,24.168664932250977,5985800.0
2016-09-30,24.081209580979603,24.39126757882416,24.03350718409302,24.31971549987793,5725700.0
2016-10-03,24.359461610144994,24.49461534430607,24.303810340146324,24.423063278198242,4198500.0
2016-10-04,24.50256896043199,24.58207143503594,24.136859700190833,24.160709381103516,5104800.0
2016-10-05,24.383321010071384,24.41512109660806,24.248167230426766,24.272018432617188,6205000.0
2016-10-06,24.407168772217204,24.49462013515523,24.152760533861677,24.462820053100586,4099900.0
2016-10-07,24.550270871210387,24.812627986969495,24.367416233399055,24.78877830505371,5753400.0
2016-10-10,24.796728333322978,25.027283847898506,24.772877135380565,24.8682804107666,7810500.0
2016-10-11,24.637718902754912,24.637718902754912,24.25610890332241,24.431013107299805,10157600.0
2016-10-12,24.566176382668807,24.971637733237863,24.407172912654858,24.92393684387207,9587000.0
2016-10-13,24.590026879903384,24.590026879903384,23.469046155479614,24.272018432617188,17323000.0
2016-10-14,24.69337460084079,24.86032995327978,24.303814133661305,24.3753662109375,9822900.0
2016-10-17,24.26406726301622,24.45487232534178,24.152763172705097,24.303817749023438,7598400.0
2016-10-18,24.57412281169452,24.62977409302364,24.39921856803389,24.534372329711914,5487500.0
2016-10-19,24.605922505489563,24.67747458062591,24.37536548196498,24.629772186279297,6733000.0
2016-10-20,24.5900262743076,24.764930536911546,24.48667258374502,24.693378448486328,7329800.0
2016-10-21,24.58207473679117,24.75697899130536,24.454871366892892,24.709278106689453,3817100.0
2016-10-24,24.756979558218738,24.971635818481445,24.70927867251052,24.971635818481445,3768900.0
2016-10-25,24.963684273605605,25.138590040489742,24.947783473637273,25.082937240600586,3214700.0
2016-10-26,24.79672851000046,24.987533545748406,24.70132523393467,24.8126277923584,4121500.0
2016-10-27,24.8285293368392,24.85238053566794,24.446919253881426,24.462820053100586,6243200.0
2016-10-28,24.59797381369609,24.725177174682013,24.454869653491006,24.462820053100586,5210800.0
2016-10-31,24.590022104148233,24.74902553871851,24.51847002785735,24.725175857543945,3212300.0
2016-11-01,24.741085308275927,24.804687007623304,24.23227019711278,24.415124893188477,5815800.0
2016-11-02,24.383316006717855,24.431016884926795,24.04145642738938,24.160709381103516,5274700.0
2016-11-03,24.12891254577761,24.24816551552804,23.993758775691447,24.073261260986328,4890800.0
2016-11-04,24.017603119984777,24.20840964882405,23.866550099530237,24.041454315185547,4431900.0
2016-11-07,24.423072198187498,24.947786530363,24.39127211073828,24.92393684387207,3981800.0
2016-11-08,24.804682532739513,25.043188483168528,24.653627955396416,24.915985107421875,4077100.0
2016-11-09,24.359465980899767,24.637723897203582,24.097108863558148,24.31971549987793,8996700.0
2016-11-10,24.28791837440916,24.28791837440916,23.349793808645114,23.405445098876953,10104300.0
2016-11-11,23.103332371739853,23.914254946692374,22.86482644564026,23.795001983642578,7506800.0
2016-11-14,23.278240020160176,23.53264676632851,22.904578784889587,22.93638038635254,8551400.0
2016-11-15,23.302087210894747,23.40544088820377,22.87277625177998,23.214635848999023,11135600.0
2016-11-16,23.12718412679385,23.77115135584825,23.12718412679385,23.739351272583008,8802600.0
2016-11-17,23.850650909433817,23.86655170730549,23.333887109672794,23.429288864135742,7065100.0
2016-11-18,23.39748878477594,23.508791337110566,23.206683759466497,23.429288864135742,5136600.0
2016-11-21,23.5326448425118,23.6439474057654,23.421340762874507,23.57239532470703,4477100.0
2016-11-22,23.826797476147632,23.969901610793276,23.667794061506235,23.779096603393555,8937500.0
2016-11-23,23.77115306772112,23.95400772971975,23.64394969273217,23.763202667236328,4017500.0
2016-11-25,23.651897233135497,23.69959811389221,23.540594672575278,23.580345153808594,2101800.0
2016-11-28,23.620095635041913,23.802951791312694,23.48494339229517,23.580345153808594,5435000.0
2016-11-29,23.516744418522276,23.651898183080945,23.166934407361538,23.49289321899414,9254600.0
2016-11-30,23.492890572238764,23.707546794657244,23.373637620800793,23.60419464111328,6403400.0
2016-12-01,23.453141520194983,23.469042319056,22.53091641562682,22.6978702545166,12499600.0
2016-12-02,22.674020790406235,22.952278707612347,22.570667113200475,22.94432830810547,5195800.0
2016-12-05,23.007933421310817,23.28619138004209,22.95228213284134,23.071535110473633,3953100.0
2016-12-06,23.30208703888388,23.540594473416945,23.214635677633705,23.461091995239258,4336200.0
2016-12-07,23.437241578109496,23.802952383363724,23.25438693367423,23.795001983642578,3911600.0
2016-12-08,24.06531432150775,24.06531432150775,23.73935544966994,23.88245964050293,4094600.0
2016-12-09,24.10506173005956,24.351518073662433,23.8188533849828,23.94605827331543,4387400.0
2016-12-12,23.82680569382387,23.82680569382387,23.55649812768481,23.771154403686523,3428000.0
2016-12-13,23.898354356575094,24.359466929754554,23.874504673586454,24.13686180114746,5857700.0
2016-12-14,24.057359108890584,24.160711272498023,23.73140030224229,23.74730110168457,6108400.0
2016-12-15,23.977855682373047,24.0812093582879,23.87450352284183,23.977855682373047,5073300.0
2016-12-16,23.89040663955977,23.914257841610496,23.365692325514914,23.437244415283203,6662100.0
2016-12-19,23.445192717640428,23.484944717500525,23.190785984070775,23.270288467407227,6157000.0
2016-12-20,23.333889382654657,23.500843227419765,23.166934021505856,23.302087783813477,5570800.0
2016-12-21,23.238487050970303,23.27823905114421,22.98408031539229,23.166934967041016,6267500.0
2016-12-22,23.04767814799826,23.055628546704522,22.658117709692377,22.848922729492188,7455900.0
2016-12-23,22.88072795681643,23.15898437379357,22.809175873484094,23.095382690429688,4853500.0
2016-12-27,23.055627461651312,23.238482074139284,23.055627461651312,23.135129928588867,3083000.0
2016-12-28,23.262337874756774,23.310038757810048,23.08743362597228,23.15103530883789,3663300.0
2016-12-29,23.047682567476095,23.182836338631798,22.90457839608961,23.158985137939453,5323900.0
2016-12-30,23.21463097233968,23.238480649490427,22.753518512030766,22.856870651245117,4862800.0
2017-01-03,23.254386901935405,23.46109274525198,23.103332340207192,23.302087783813477,6280300.0
2017-01-04,23.36569386388838,23.421345155953546,23.214640790106934,23.29414176940918,4391800.0
2017-01-05,23.476993754712748,23.779101364488326,23.469043354931326,23.691648483276367,4775700.0
2017-01-06,23.64394855123063,23.73140143595735,23.421341897555234,23.556495666503906,4878700.0
2017-01-09,23.683704156875777,23.96196062084659,23.628051347697614,23.88245964050293,8371700.0
2017-01-10,23.882455629566287,24.089159963405667,23.771151546286916,23.90630531311035,7582000.0
2017-01-11,23.67574564117666,24.009654799884956,23.628043249658703,23.985803604125977,7467300.0
2017-01-12,23.31003589867116,23.739348342643652,23.03972840055149,23.28618621826172,13032200.0
2017-01-13,23.453145988163683,23.572398969572475,23.23053931085239,23.405445098876953,9811100.0
2017-01-17,23.54059734432525,23.572397429644337,23.421342854323136,23.548547744750977,7679800.0
2017-01-18,23.492895130939406,23.59624882092228,23.405443758319873,23.445194244384766,7692800.0
2017-01-19,23.445193097858095,23.60419806710963,23.365690613232328,23.556495666503906,8493200.0
2017-01-20,23.54854641249566,24.057359879885663,23.508794412615977,23.90630531311035,7399400.0
2017-01-23,24.097111513132223,24.240215686759555,24.017609025963278,24.113012313842773,6959800.0
2017-01-24,24.272009909234683,24.56616705103395,24.25610911335814,24.502565383911133,7213600.0
2017-01-25,24.725174168372263,24.908028788008455,24.59797082285287,24.892127990722656,8025800.0
2017-01-26,24.8523786389204,25.003433187206493,24.653623213001058,24.733125686645508,8308700.0
2017-01-27,24.780834948350673,24.92393914605025,24.645681152343748,24.844436645507812,5982200.0
2017-01-30,24.70132865955606,24.804682349325898,24.59797648617007,24.79673194885254,7253100.0
2017-01-31,24.67747706433801,24.772878829865988,24.43101921789267,24.57412338256836,6263100.0
2017-02-01,24.836481476587732,24.892132761370256,24.518473051842033,24.709278106689453,5036900.0
2017-02-02,24.415118989243403,24.558223157266283,24.343568421615725,24.47077178955078,5794800.0
2017-02-03,24.613873864668676,24.709277146577254,24.486670499713053,24.621824264526367,5249100.0
2017-02-06,24.6059314875034,24.6059314875034,24.407175987657283,24.542329788208008,3523700.0
2017-02-07,24.574122793932908,24.621823675554296,24.248163989483334,24.26406478881836,6209500.0
2017-02-08,24.39922066109744,24.40717106145272,24.081212228805487,24.113012313842773,7776600.0
2017-02-09,24.113008099084638,24.248161848732916,23.985804748401968,24.01760482788086,8547000.0
2017-02-10,24.200470105631155,24.49462739646873,24.128918004317338,24.415124893188477,6749400.0
2017-02-13,24.59797237434487,25.281690020540534,24.59797237434487,25.194238662719727,10203800.0
2017-02-14,25.01933210794104,25.01933210794104,24.733125329886352,24.908029556274414,5208600.0
2017-02-15,25.043191684512642,25.28169766543057,25.043191684512642,25.241947174072266,4577200.0
2017-02-16,25.21808933885129,25.830257966054056,25.146537260112243,25.69510269165039,13197100.0
2017-02-17,25.52019391089861,25.742802036567085,25.45659375554114,25.711000442504883,7518200.0
2017-02-21,25.750753791748842,25.81435698696955,25.575848037659174,25.703054428100586,5475400.0
2017-02-22,25.599704934801654,25.599704934801654,25.369147863608447,25.49635124206543,5296200.0
2017-02-23,25.5599571704749,25.5599571704749,25.226046370975325,25.241947174072266,5291200.0
2017-02-24,25.130636062564953,25.377092361450195,25.019331995017158,25.377092361450195,3687100.0
2017-02-27,25.2975911880661,25.2975911880661,25.02728367874681,25.067035675048828,5841900.0
2017-02-28,25.114741902847108,25.18629399504539,24.963687317496962,25.019338607788086,6040800.0
2017-03-01,24.979583369603244,25.122687526788937,24.852380011301214,25.106786727905273,4910300.0
2017-03-02,24.796736585389585,24.83648707880516,24.478728088912614,24.542329788208008,8561100.0
2017-03-03,24.542321391741584,24.58207187155765,24.279964282358193,24.52642059326172,6120700.0
2017-03-06,24.48666859706205,24.597972670037517,24.41511652028625,24.52642059326172,5467400.0
2017-03-07,24.653622096969666,24.963680062125253,24.613870103755172,24.892127990722656,7014000.0
2017-03-08,25.019336897256323,25.059088899306442,24.804682151721007,24.820581436157227,4528500.0
2017-03-09,24.558220111142948,24.693373862357877,24.423066359928022,24.629772186279297,6120700.0
2017-03-10,24.542325387485405,24.70927924955501,24.5025733848137,24.693378448486328,5655300.0
2017-03-13,24.860331541416514,25.0988374699844,24.83648034200624,25.04318618774414,3965700.0
2017-03-14,24.947781548894483,25.019333626847917,24.804678909371244,24.8126277923584,5967200.0
2017-03-15,24.94778610902519,25.464550031514893,24.915986022113042,25.36914825439453,4571400.0
2017-03-16,25.639451608722933,25.814357365376505,25.599701127510933,25.76665496826172,6489000.0
2017-03-17,25.917700773005762,26.044904097025714,25.790497448985807,25.909751892089844,6199800.0
2017-03-20,26.07670841854468,26.323166211492566,26.005156351738314,26.116458892822266,5126700.0
2017-03-21,26.426525850366307,26.657079866450545,25.790505986945384,25.822307586669922,9159900.0
2017-03-22,25.893857959742423,26.116463077579336,25.82230588147095,25.989259719848633,6713500.0
2017-03-23,25.81436365949107,25.965416738033685,25.734859644914916,25.885915756225586,5909900.0
2017-03-24,26.021064003994905,26.315221230473295,25.925662234039024,26.084667205810547,5899900.0
2017-03-27,26.116465756005994,26.442424583168236,26.060814470839336,26.370872497558594,5661500.0
2017-03-28,26.521930875421777,26.57758216539365,26.339076203690215,26.513978958129883,4527000.0
2017-03-29,26.195965953162634,26.21186675129597,26.05286180272974,26.180065155029297,4083900.0
2017-03-30,26.108510061555926,26.35496785498035,26.060807672670517,26.291364669799805,3890600.0
2017-03-31,25.997216022762696,26.188019575173907,25.893862329425417,26.108518600463867,4853500.0
2017-04-03,26.18801823128683,26.235720633325588,26.00516357262304,26.14826774597168,4283100.0
2017-04-04,26.0767101446703,26.195964608163788,26.052860465078396,26.124412536621094,3756600.0
2017-04-05,26.283422854214223,26.498079112757733,26.13236676518308,26.156219482421875,5112900.0
2017-04-06,26.140313333938025,26.18801269312183,26.021058870444534,26.124412536621094,3990800.0
2017-04-07,26.12441157639122,26.26751571421667,26.052859507478495,26.132360458374023,3366300.0
2017-04-10,26.13236136629628,26.13236136629628,25.77460100930291,25.85410499572754,4937100.0
2017-04-11,25.98925721040937,25.98925721040937,25.424792554530224,25.758703231811523,6293800.0
2017-04-12,25.814361380568027,25.949513644264,25.456600928478988,25.663305282592773,6136500.0
2017-04-13,25.520198633645958,25.79845808403429,25.297593499549286,25.305543899536133,8781700.0
2017-04-17,25.472498119625847,25.496347802128835,25.257841878796896,25.46454620361328,6918900.0
2017-04-18,25.249895287994008,25.329397779891785,25.146541593611726,25.273746490478516,5468600.0
2017-04-19,25.377094441646207,25.400945640158035,25.035234844894934,25.130638122558594,4739200.0
2017-04-20,25.257845688822176,25.337348180719953,25.154491994439898,25.273746490478516,4237700.0
2017-04-21,25.512246138947713,25.551996616871765,25.40094358765354,25.504297256469727,4530400.0
2017-04-24,25.901815397898492,26.0767181565886,25.830263304371837,25.997217178344727,5717000.0
2017-04-25,26.04490687637538,26.378817533039662,26.036957994611207,26.291364669799805,5614300.0
2017-04-26,26.28342399190958,26.323174478671387,26.092617409578068,26.235721588134766,6027700.0
2017-04-27,26.323169507406,26.474222541680824,26.24366551612938,26.251617431640625,5625600.0
2017-04-28,26.35496785498035,26.434468803689242,26.267514991740498,26.291364669799805,5250500.0
2017-05-01,26.36292343969761,26.561678894771557,26.347022639359587,26.553730010986328,4015100.0
2017-05-02,26.6888798053316,27.022790516125138,26.6888798053316,26.975088119506836,5989300.0
2017-05-03,26.935338421505595,27.26129722595215,26.90353682283584,27.26129722595215,6660700.0
2017-05-04,27.181786910701543,27.181786910701543,27.006884224209863,27.14203643798828,5697300.0
2017-05-05,27.157946378942643,27.380551527311518,27.05459268887094,27.36465072631836,5249800.0
2017-05-08,27.58726078799489,27.905267731232613,27.53160949710909,27.809865951538086,6906900.0
2017-05-09,27.92911303520963,28.191468617902924,27.92911303520963,28.151718139648438,7297900.0
2017-05-10,28.040415587429035,28.326623883288693,27.88936255695514,28.151718139648438,9936700.0
2017-05-11,28.31867638850807,28.461780558776383,28.119920933442916,28.270977020263672,6648900.0
2017-05-12,28.223270586936003,28.239171385001544,28.02451516026744,28.119916915893555,4905000.0
2017-05-15,28.111976281827477,28.13582596954017,27.73036611458428,27.873470306396484,9784700.0
2017-05-16,27.833702858178025,27.8496036529541,27.666749062178944,27.8496036529541,6046200.0
2017-05-17,27.66675987965304,27.67471179653346,27.340801041212462,27.36465072631836,8128100.0
2017-05-18,27.38054926952877,27.81781367886493,27.356699586389503,27.746261596679688,8303700.0
2017-05-19,27.8893680480194,28.00861950626197,27.77806244111824,27.984769821166992,7283300.0
2017-05-22,28.13583164998092,28.231233452860714,28.032477927746108,28.143783569335938,5914200.0
2017-05-23,28.13583164998092,28.215335679687943,28.064279539628917,28.143783569335938,6612800.0
2017-05-24,28.159679401675906,28.294834726478296,28.096079215062396,28.23918342590332,7812500.0
2017-05-25,28.350480849065917,28.45383454530062,28.21532858171642,28.278928756713867,4514900.0
2017-05-26,28.263019932869096,28.2868726453949,28.088117226692916,28.231218338012695,3109800.0
2017-05-30,28.3663742117575,28.469727880887092,28.207369266812066,28.44587516784668,4219300.0
2017-05-31,28.08017311249538,28.111974716186523,27.905267324961944,28.111974716186523,7663100.0
2017-06-01,28.382281666948007,28.557184417923246,28.247126370573547,28.533334732055664,6016100.0
2017-06-02,28.549231167114367,28.803637886684463,28.501528769907228,28.763887405395508,5779200.0
2017-06-05,29.065996722557863,29.153446568889525,28.859289366002514,28.93084144592285,4819600.0
2017-06-06,28.922892188628868,29.08189714559164,28.811589628585118,28.962642669677734,5028000.0
2017-06-07,29.08984009078053,29.185241832377557,28.922886284794068,28.986486434936523,6537700.0
2017-06-08,29.21705360949268,29.336308102638522,29.050099745302695,29.280656814575195,7593900.0
2017-06-09,29.08189281541236,29.177294562278156,27.984762111771694,28.453824996948242,12040100.0
2017-06-12,28.453832451443752,28.453832451443752,27.833713352436632,28.016571044921875,11057000.0
2017-06-13,28.191473018577074,28.29482670438587,28.02451916418656,28.270977020263672,4969400.0
2017-06-14,28.199428921076386,28.437934894313518,28.119924908152015,28.342533111572266,7016400.0
2017-06-15,27.91321960441158,28.199427975809403,27.833715594152245,28.175575256347656,4623300.0
2017-06-16,28.517425537109375,28.581028724393178,28.398174110102584,28.517425537109375,7432400.0
2017-06-19,28.72414434216102,28.90699902952657,28.67644193263466,28.787744522094727,4523700.0
2017-06-20,29.034203985983442,29.209109797565983,28.716193970882145,28.724145889282227,4987400.0
2017-06-21,28.78774031300051,29.240902522555096,28.78774031300051,29.185251235961914,6329400.0
2017-06-22,29.19320315277103,29.352205095741464,29.12165106532727,29.185251235961914,6273400.0
2017-06-23,29.19319819677576,29.240897558462123,29.050094046182377,29.201147079467773,5558600.0
2017-06-26,29.914536350894437,29.980211920966205,29.487654540178575,29.660051345825195,10127200.0
2017-06-27,29.380934532719003,29.380934532719003,28.707775641012255,28.806285858154297,8081100.0
2017-06-28,28.95405146090144,29.05256167365875,28.52716969684216,29.019723892211914,8306200.0
2017-06-29,28.921210922595527,28.921210922595527,28.346562328385964,28.57642364501953,7332200.0
2017-06-30,28.60105946759469,28.80629094967227,28.48613033868467,28.699569702148438,5177500.0
2017-07-03,28.76524005875313,28.871958155323995,28.592846396677125,28.633892059326172,4470600.0
2017-07-05,28.79807146790713,28.79807146790713,28.428654322658552,28.58462905883789,9222200.0
2017-07-06,28.32193946838379,28.436868576767374,28.165964697232255,28.32193946838379,6493700.0
2017-07-07,28.362981973354895,28.461492179346987,28.305517425560925,28.42865753173828,7937800.0
2017-07-10,28.412242242778717,28.86375080334297,28.362985567748964,28.732402801513672,7779700.0
2017-07-11,29.085399145687713,29.085399145687713,28.773446488427794,29.044353485107422,9300800.0
2017-07-12,29.265997297489726,29.38913425182856,29.14285721156842,29.298831939697266,9211200.0
2017-07-13,29.11002710889939,29.684675775327037,29.11002710889939,29.676467895507812,9943900.0
2017-07-14,29.66005186277165,29.840653420449637,29.53691173253264,29.758562088012695,7196600.0
2017-07-17,29.577958547548594,29.602588453503174,29.257797954392565,29.479448318481445,4649800.0
2017-07-18,29.454818601414118,29.586166604242514,29.323470598585725,29.44660758972168,6185300.0
2017-07-19,29.602585063544606,29.898115716903177,29.602585063544606,29.889907836914062,7033800.0
2017-07-20,29.889906044803705,29.889906044803705,29.619002179238432,29.635417938232422,6996600.0
2017-07-21,29.6025801777964,29.6025801777964,29.307046441630735,29.43018341064453,5023500.0
2017-07-24,29.643628257493205,29.733930587768555,29.561533806523293,29.733930587768555,6842100.0
2017-07-25,29.561534496426773,29.758558051769565,29.528699846855616,29.635417938232422,5276300.0
2017-07-26,29.635417246604664,29.75855735726798,29.50406925663591,29.733930587768555,4342200.0
2017-07-27,29.996629368978958,30.054093924232742,29.52049090363799,29.701095581054688,7243100.0
2017-07-28,29.594371211346214,29.610790101331833,29.30704846555553,29.438396453857422,3678400.0
2017-07-31,29.577953290053802,29.88169806736097,29.430186406926847,29.520488739013672,7757600.0
2017-08-01,29.512280327284376,29.545118107738833,29.31525677614074,29.421977996826172,5437300.0
2017-08-02,29.881699166257224,29.939163719410608,29.438398500574028,29.61079216003418,6064600.0
2017-08-03,29.643625905998444,29.643625905998444,29.266000856241448,29.380929946899414,3919800.0
2017-08-04,29.49586772361948,29.61900786077745,29.35630869273486,29.577959060668945,4071400.0
2017-08-07,29.766767631665264,30.226487199337384,29.766767631665264,30.201860427856445,4860200.0
2017-08-08,30.136175711946468,30.341407096198214,30.07871117488257,30.127967834472656,3301200.0
2017-08-09,29.717507073950227,29.93915735970868,29.577948094806338,29.930946350097656,3153700.0
2017-08-10,29.553331334952976,29.57795810895866,29.011520385742188,29.011520385742188,5605400.0
2017-08-11,29.159289284119534,29.717519164648046,29.085405825473586,29.668262481689453,4291100.0
2017-08-14,29.577950999054064,29.635415545643202,29.430184127372588,29.594369888305664,3875600.0
2017-08-15,29.7093082919369,29.95558857630853,29.627216951535626,29.898120880126953,3820400.0
2017-08-16,29.717514128130016,29.914534563405635,29.668257453519434,29.832443237304688,3232000.0
2017-08-17,29.79960065309385,29.83243843087694,29.36451105800787,29.380929946899414,3324000.0
2017-08-18,29.553325552173696,29.635416870518732,29.233165026411772,29.438396453857422,3692800.0
2017-08-21,29.47944454948601,29.561535874615842,29.249586333855838,29.536909103393555,3588100.0
2017-08-22,29.939167498076536,30.103350166903205,29.83244625807226,29.980213165283203,3202300.0
2017-08-23,29.939154783828926,30.045872846929612,29.857060352694923,30.029457092285156,2956400.0
2017-08-24,30.193646643760268,30.316786753024275,30.02946400685235,30.234695434570312,4544500.0
2017-08-25,30.316793280468914,30.42351452270344,30.169026370169956,30.251117706298828,2975200.0
2017-08-28,30.0376769746575,30.267535210534636,30.02125808186862,30.185443878173828,2199900.0
2017-08-29,29.980213481653788,30.349630753579476,29.963794588281125,30.275747299194336,2997700.0
2017-08-30,30.275747773489638,30.439933578204684,30.210072198970114,30.31679344177246,2838900.0
2017-08-31,30.333207650043928,30.357834420892946,30.12797620874672,30.349626541137695,4288600.0
2017-09-01,30.37425258788562,30.571276144730675,30.300369145516623,30.55485725402832,4100000.0
2017-09-05,30.579489313981792,30.702629449758838,30.086935034041083,30.251117706298828,7123000.0
2017-09-06,30.423505945689627,30.677990894894815,30.37424927894853,30.59589958190918,4187700.0
2017-09-07,30.57127925877048,30.817556381225586,30.522022581646052,30.817556381225586,3597500.0
2017-09-08,30.842180204490433,30.932482538124315,30.66157553722267,30.78471565246582,5581800.0
2017-09-11,30.694417875061042,31.096672930526626,30.661580088577388,31.06383514404297,6920100.0
2017-09-12,31.07204068193197,31.145924130157287,30.907858025060996,31.080251693725586,3524500.0
2017-09-13,30.924270531011985,31.022783872667162,30.776506781695453,30.809341430664062,4983400.0
2017-09-14,30.784709381409808,30.973521889825882,30.677988178711132,30.686199188232422,5799000.0
2017-09-15,30.80113666311401,30.924273655248673,30.7026264430896,30.90785789489746,7245600.0
2017-09-18,31.088459703415477,31.2936911569424,31.055625050854598,31.25264549255371,6179600.0
2017-09-19,31.342951331266317,31.54818280769861,31.301905662296623,31.44146156311035,6559400.0
2017-09-20,31.490711612272,31.515338382150187,30.735458309648525,31.04741096496582,7961100.0
2017-09-21,31.022790814453785,31.466091556347525,30.924277450754854,31.392208099365234,8458000.0
2017-09-22,30.948902176323983,31.055623403339744,30.858599840509363,31.006366729736328,4529900.0
2017-09-25,30.784705590162588,30.784705590162588,30.259313782476966,30.43170738220215,5895000.0
2017-09-26,30.448143476946406,30.636956068826514,30.31679545078703,30.48918914794922,5995400.0
2017-09-27,30.61232463135962,30.669789188330515,30.38246327189255,30.579486846923828,4802700.0
2017-09-28,30.341405505450552,30.456334573552812,30.201849674635593,30.4152889251709,7618700.0
2017-09-29,30.58769067941595,30.86680554701653,30.58769067941595,30.825759887695312,3818500.0
2017-10-02,31.055621863658292,31.342944616475062,31.00636519249693,31.301898956298828,5096200.0
2017-10-03,31.490704994486887,31.58100730717402,31.400402681799754,31.556377410888672,3727100.0
2017-10-04,31.400405452375544,31.47428888458562,31.301895253289697,31.416824340820312,2717200.0
2017-10-05,31.73699310766589,31.892967891166375,31.5153427532703,31.57280731201172,4456400.0
2017-10-06,31.531761645994074,31.589226204735496,31.367575850339907,31.57280731201172,3086100.0
2017-10-09,31.6877343826505,31.860131179322515,31.605643055917835,31.827293395996094,1963500.0
2017-10-10,32.10640707200375,32.147452733811555,31.868337849301916,31.991477966308594,4112000.0
2017-10-11,32.6728429824344,33.1571892817973,32.574332773020124,33.124351501464844,9015400.0
2017-10-12,33.239283348838626,33.378839216265575,33.09972434982862,33.19823455810547,5524100.0
2017-10-13,33.41168264615875,33.543030656599946,33.3542180873147,33.51019287109375,3913100.0
2017-10-16,33.5594457763439,33.59228042657498,33.3706332282864,33.56765365600586,2707000.0
2017-10-17,33.518398584014825,33.86318588256836,33.280329374108945,33.86318588256836,7582200.0
2017-10-18,33.98631766697193,34.2490135819668,33.60048167175594,34.06840896606445,6653200.0
2017-10-19,33.67437029869906,33.896020598408676,33.24748858795269,33.715415954589844,5710500.0
2017-10-20,33.674374589623255,33.756465911865234,33.51839982473021,33.756465911865234,5251600.0
2017-10-23,33.96168930252822,34.051991614549046,33.7482500363192,33.83034133911133,5092400.0
2017-10-24,33.871401429949294,33.969914793195244,33.63333529773109,33.920658111572266,4251600.0
2017-10-25,33.90422044373212,33.99452274424543,33.411666426582165,33.78929138183594,3360000.0
2017-10-26,33.80571703722199,33.937065010207135,33.715414718622945,33.82213592529297,3651500.0
2017-10-27,34.05199840423097,34.62664703310339,34.002741733784845,34.602020263671875,4822800.0
2017-10-30,34.77441051281787,35.02068757780276,34.54455233637634,34.58559799194336,5200800.0
2017-10-31,34.62664626934545,34.905761132550886,34.56097071019922,34.749786376953125,3704500.0
2017-11-01,34.87292679465956,34.889345686066534,34.36395368737675,34.56097412109375,4235700.0
2017-11-02,34.55276359322575,34.675903703549515,34.43783449376789,34.602020263671875,3255800.0
2017-11-03,34.39679487244131,34.66769877849363,34.14230672783635,34.63486099243164,6140900.0
2017-11-06,34.63485511077939,34.872924321924714,34.54455591181889,34.831878662109375,5650500.0
2017-11-07,35.00427371529826,35.061738267659614,34.692321051348635,34.897552490234375,2761600.0
2017-11-08,34.823667651196445,34.92218099265299,34.65127400102215,34.831878662109375,2378400.0
2017-11-09,34.59380092544575,34.659476470231276,33.89601548580236,34.1833381652832,4680100.0
2017-11-10,34.30648798971729,34.33111476021521,34.142302212703655,34.2490234375,5333900.0
2017-11-13,34.24902117696155,34.48708724975586,34.07662440010515,34.48708724975586,2222000.0
2017-11-14,34.29828088050556,34.388583224715646,34.07663052605815,34.363956451416016,2799400.0
2017-11-15,33.9781210066942,34.19156348500086,33.887818660609355,34.101261138916016,3417300.0
2017-11-16,34.273651350430065,34.675906360942555,34.273651350430065,34.56097412109375,3304500.0
2017-11-17,34.67590161290794,34.823665352171325,34.45425130663852,34.53634262084961,3702000.0
2017-11-20,34.536350331275656,34.70874400855651,34.44604798653324,34.65127944946289,4455300.0
2017-11-21,34.987859373726096,35.19309083929725,34.93039481389287,34.95502471923828,3668500.0
2017-11-22,34.96324241107029,35.08638257760104,34.71696520959329,34.81547546386719,2768600.0
2017-11-24,35.028900153345,35.31622604400752,34.97964661269323,35.29159927368164,1499700.0
2017-11-27,34.207973519253414,34.216184530204764,33.70721145663056,33.73183822631836,8188400.0
2017-11-28,33.6825780668837,33.838555942973564,33.50197655523941,33.600486755371094,4864800.0
2017-11-29,33.55944984522479,33.58407661877976,32.213131943437034,32.35268783569336,11796100.0
2017-11-30,32.508663177490234,32.623595429743176,32.15566480310109,32.508663177490234,9357100.0
2017-12-01,32.79599075499505,32.82882854299938,32.01611051360334,32.59075927734375,7192200.0
2017-12-04,32.87808032525995,32.943755897736615,32.262385925417696,32.33626937866211,7109000.0
2017-12-05,32.18029022216797,32.4429862132401,31.958639892529007,32.18029022216797,4504000.0
2017-12-06,31.983268562297173,32.08998979362729,31.62206233601972,31.75341033935547,8622000.0
2017-12-07,31.810875544934074,32.0407337725714,31.695946431115413,32.024314880371094,11285400.0
2017-12-08,32.32805832735791,32.46761420780855,31.975059988874886,32.01610565185547,5071600.0
2017-12-11,32.17208021589182,32.492243900871216,32.163872335982084,32.319847106933594,5272500.0
2017-12-12,32.19671007338899,32.32805807284277,32.08178096531485,32.26238250732422,5488100.0
2017-12-13,32.40194782781083,32.41836672238768,32.196716342976124,32.254180908203125,4227100.0
2017-12-14,32.42656611228338,32.549706223570865,32.27879923137164,32.34447479248047,4737600.0
2017-12-15,32.34447956042986,32.525081116935645,32.2213394309901,32.426570892333984,7156400.0
2017-12-18,32.32805590220326,32.401939342659134,32.18028902129152,32.34447479248047,5746900.0
2017-12-19,32.18849819608138,32.35268397387807,32.11461475265204,32.29521942138672,4454900.0
2017-12-20,32.32805054606031,32.51686305559087,32.15565379250407,32.37730407714844,6330100.0
2017-12-21,32.4758095305749,32.55790081687847,32.18027588935107,32.20490264892578,3563100.0
2017-12-22,32.50866095915749,32.53329086303711,32.26238384144546,32.53329086303711,2523600.0
2017-12-26,32.27058173897279,32.27058173897279,31.86011899906433,31.975048065185547,2861500.0
2017-12-27,32.01611533816685,32.10641770299465,31.917605090893012,32.081790924072266,3092900.0
2017-12-28,32.43477668861247,32.74672936665231,32.34447748195405,32.623592376708984,4279500.0
2017-12-29,32.71388814135428,33.017632907405876,32.549705505371094,32.549705505371094,3870900.0
2018-01-02,33.25569598586137,33.698996578873704,33.18181255369265,33.67436981201172,4984000.0
2018-01-03,34.142296382835774,34.322901019870486,34.01915628820616,34.240806579589844,6963200.0
2018-01-04,34.413202523372995,34.47887808001853,34.02736958862059,34.06020736694336,4876600.0
2018-01-05,34.38857892398214,34.946808680572865,34.306487602194224,34.85650634765625,5330800.0
2018-01-08,34.80724942934892,34.872921854089434,34.63485265979144,34.840084075927734,3538200.0
2018-01-09,34.88114374134874,34.889351622657166,34.5856099089034,34.62665557861328,5729900.0
2018-01-10,33.945289143279254,34.0273836229454,33.428108013511405,33.90424346923828,7102700.0
2018-01-11,33.83855308876354,33.986319942288645,33.616902808475885,33.68257522583008,5701800.0
2018-01-12,33.69079732874349,33.90423666990283,33.46093596336009,33.813934326171875,5028000.0
2018-01-16,34.487085629631125,34.76620047954474,34.32290300275019,34.66769027709961,9081600.0
2018-01-17,35.02068859518218,35.52145374976267,34.88934061460228,35.406524658203125,7117700.0
2018-01-18,36.00580840464056,36.81852324522076,35.710274596580994,36.58866500854492,11866200.0
2018-01-19,36.999132744838256,37.384968947917436,36.59688077836269,36.67076110839844,6543700.0
2018-01-22,37.762582722711734,38.09095425989028,37.71332605266004,38.07453536987305,8335800.0
2018-01-23,38.15662120029665,38.23050462895599,37.811833954274796,37.992435455322266,5659600.0
2018-01-24,37.467047517509066,37.49167428579158,37.1468870035045,37.212562561035156,7400600.0
2018-01-25,37.52450391799895,37.58196845257127,36.97448533521187,37.023738861083984,7655700.0
2018-01-26,37.35212541709692,37.549148994995946,36.96628927331908,37.53273010253906,7057300.0
2018-01-29,37.32749552835235,37.508097067135544,37.105845196061665,37.2700309753418,11604400.0
2018-01-30,36.588659176658496,36.966284257174244,36.44910330708737,36.84314727783203,10224600.0
2018-01-31,37.29466195946218,37.598403649915845,37.04017381624858,37.19615173339844,6333300.0
2018-02-01,37.212563097090566,37.70511725933402,37.1879331968703,37.311073303222656,6706500.0
2018-02-02,36.94986100588752,37.20434907702476,36.49014466006895,36.539398193359375,12051800.0
2018-02-05,36.161779451726986,36.785684789052965,35.143833253159954,35.25876235961914,11748300.0
2018-02-06,34.70053866116459,35.8744629653484,34.56097962776079,35.78416061401367,13414100.0
2018-02-07,35.29159525638232,35.29159525638232,34.380367279052734,34.380367279052734,15239500.0
2018-02-08,34.569180660620276,34.5773885394703,33.13256072998047,33.13256072998047,11356000.0
2018-02-09,33.444513540037775,34.216182550920564,32.80418938094748,34.04378890991211,10588400.0
2018-02-12,34.50351184444502,35.12741723275896,34.4460472865192,34.91397476196289,6573300.0
2018-02-13,34.9221805080676,35.020690716574094,34.38036966390728,34.79083251953125,5831900.0
2018-02-14,34.61843533577547,35.37368860972439,34.41320391036087,35.340850830078125,6860100.0
2018-02-15,35.72667694091797,35.9154894238133,35.094563951268995,35.72667694091797,6116500.0
2018-02-16,35.58713024589614,36.08789545777075,35.55429559568161,35.693851470947266,4792100.0
2018-02-20,35.36548057687743,36.25207870239147,35.29980501787038,35.907291412353516,9291700.0
2018-02-21,35.84161634583303,35.97296433406891,35.19308428385076,35.209503173828125,6612600.0
2018-02-22,35.02889611410775,35.086363790880135,34.626644297781,34.79903793334961,7984000.0
2018-02-23,35.619976523868615,36.03865051269531,35.390118259624295,36.03865051269531,7204900.0
2018-02-26,36.2110402203755,36.45731735229492,35.956552076161366,36.45731735229492,3897600.0
2018-02-27,36.16177899646558,36.36701043586843,35.80057279048653,35.808780670166016,5999100.0
2018-02-28,35.84982365786263,36.046847202890945,35.53787414797706,35.587127685546875,6400100.0
2018-03-01,35.5871272162231,35.75952399019293,34.733366883247825,35.0699462890625,7792400.0
2018-03-02,34.7990446050606,35.34085551471199,34.60202416423289,35.30801773071289,4819600.0
2018-03-05,35.340858933095824,35.92371556333182,35.193092022390395,35.70206832885742,5977200.0
2018-03-06,36.399854565740846,36.44911124715766,35.652812121296606,35.74311447143555,8632000.0
2018-03-07,35.55429256505761,36.35058835048669,35.447571349103335,36.284915924072266,4482900.0
2018-03-08,36.3670057951777,36.440889229198,35.784149333230246,35.95654296875,7092400.0
2018-03-09,36.161782758764694,36.61329134610961,35.72669306407023,36.60508346557617,8336200.0
2018-03-12,36.769270303716745,37.2289867846382,36.73643251748417,37.12226867675781,5176100.0
2018-03-13,37.35211566460138,37.55734706935194,36.867769424126756,36.93344497680664,5842300.0
2018-03-14,37.29466231736424,37.31108121046304,36.80210805073504,37.06480407714844,4300500.0
2018-03-15,37.02375492330736,37.47526665023207,36.8513612447999,37.19615173339844,3942200.0
2018-03-16,36.941653286526595,37.368534989183054,36.88418874305195,36.91702651977539,8125600.0
2018-03-19,36.71180222866018,36.834939217867216,36.276709431695274,36.61328887939453,5116500.0
2018-03-20,36.69537611232241,36.867769742220425,36.54760924910046,36.80209732055664,6404200.0
2018-03-21,36.58865613802017,36.81851431896937,36.325960179340264,36.695377349853516,7036400.0
2018-03-22,36.20282855607027,36.42447891028094,35.866249084472656,35.866249084472656,6318500.0
2018-03-23,35.81699624832038,35.874460808153614,34.95502471923828,34.95502471923828,5923500.0
2018-03-26,35.96476300952293,36.35059603376923,35.447578841518684,36.34238815307617,5395200.0
2018-03-27,36.71180413165645,36.81031435444513,35.406531936268244,35.537879943847656,6995000.0
2018-03-28,35.283391659561474,35.439366439281144,34.84009096151587,35.04532241821289,8563100.0
2018-03-29,35.29981141830641,36.055061694328664,35.26697363284886,35.92371368408203,7758900.0
2018-04-02,35.57891710488475,35.784148513396644,34.82366389313795,34.889339447021484,6361200.0
2018-04-03,36.34238356932858,36.35059144898641,35.32443425468048,35.693851470947266,6174500.0
2018-04-04,34.782619139622334,36.07147216796875,34.76620025072573,36.07147216796875,5497100.0
2018-04-05,36.14536423226377,36.3095500288479,35.41474072562717,35.56250762939453,6115100.0
2018-04-06,35.20130537746706,35.43937152137139,34.69232903712991,34.82367706298828,5133100.0
2018-04-09,35.37368054379413,36.1535604088575,35.225913700662865,35.357261657714844,6696400.0
2018-04-10,36.014013670825314,36.30133957739522,35.32443587927427,35.77594757080078,5682300.0
2018-04-11,35.50503796362355,35.94833861116551,35.50503796362355,35.611759185791016,4788000.0
2018-04-12,35.570718060791094,35.997596740722656,35.34085669669307,35.997596740722656,7574700.0
2018-04-13,35.86623811344023,35.907286898450906,34.93859444595232,35.01247787475586,5749900.0
2018-04-16,35.14383498720042,35.30801764362407,35.0371137552583,35.19308853149414,5206900.0
2018-04-17,34.552767056464354,34.77441739831339,34.29007105092108,34.73337173461914,9831100.0
2018-04-18,34.56097107115451,34.69231905923575,33.830347691728676,34.413204193115234,8947400.0
2018-04-19,32.779562471300046,32.90270257525093,32.106403667956556,32.45119094848633,27527000.0
2018-04-20,32.31983526354921,32.45939422354082,31.868326875966336,31.975048065185547,15313300.0
2018-04-23,31.983264771038517,32.08177811055023,31.630266466745805,31.810871124267578,11178300.0
2018-04-24,32.048940330712995,32.18849619764669,31.441453930056248,31.810871124267578,13004000.0
2018-04-25,31.49071185767845,31.59743308062083,31.21159698107903,31.334733963012695,12359200.0
2018-04-26,31.2608536528024,31.654897631839845,31.2608536528024,31.334733963012695,7685800.0
2018-04-27,31.802664515426784,31.802664515426784,31.18697021100893,31.334733963012695,8276100.0
2018-04-30,31.7616185246006,31.8847586489785,31.50713352720866,31.564598083496094,7968000.0
2018-05-01,31.474292835517033,31.96684702435879,31.408617273493782,31.95863914489746,5507000.0
2018-05-02,31.687731984525914,31.687731984525914,30.907855044836438,30.989946365356445,11522200.0
2018-05-03,30.82575519440111,31.351147069519914,30.620523797458915,31.277263641357422,7021400.0
2018-05-04,31.19518656182691,31.736997571584755,31.145929876727465,31.679533004760742,9474000.0
2018-05-07,31.564598083496094,31.728783872138813,31.392204414633788,31.564598083496094,4590100.0
2018-05-08,31.999689780830643,32.328061378837326,31.966851994713245,32.163875579833984,8116600.0
2018-05-09,32.31984372488974,32.393727162679255,32.14745008057523,32.30342483520508,5861400.0
2018-05-10,32.4840228862787,32.730299918315566,32.377301690815855,32.64820861816406,7957900.0
2018-05-11,32.86986666750348,32.984795767554814,32.54149512599987,32.763145446777344,4184400.0
2018-05-14,32.94374923745445,33.28853652849985,32.738517812332276,32.795982360839844,5014000.0
2018-05-15,32.311639181463136,32.34447696422241,31.983267617037022,32.26238250732422,5622800.0
2018-05-16,32.34448173382799,32.697480121586004,32.24596837102311,32.664642333984375,7671500.0
2018-05-17,32.07356725228591,32.21312625146616,31.745195715518438,31.983264923095703,7964200.0
2018-05-18,31.581017286853523,31.64668972400796,31.425039376892713,31.539968490600586,7783900.0
2018-05-21,32.295210566650915,32.59074425933855,32.114605947434605,32.40193176269531,7902200.0
2018-05-22,32.40193660397221,32.66463256303761,32.38551771508277,32.5414924621582,5752000.0
2018-05-23,32.13103164149805,32.549705505371094,32.08998598250225,32.549705505371094,4815400.0
2018-05-24,32.3198384959418,32.385514044054986,31.835492289145783,32.23774719238281,7930800.0
2018-05-25,32.098196725111166,32.41836040963912,31.958640845759227,32.26238250732422,5403000.0
2018-05-29,31.597435567620913,31.6549001233629,31.219807317852037,31.326528549194336,7198200.0
2018-05-30,31.441447352764573,31.523541785184193,31.252634855573035,31.474285125732422,8413400.0
2018-05-31,31.466096575567267,31.901186374096227,31.4332587824296,31.769838333129883,8129400.0
2018-06-01,32.00789656519874,32.18029022216797,31.851918667536193,32.18029022216797,5970000.0
2018-06-04,32.71389889010495,32.83703903913534,32.566131963902116,32.81241226196289,8927200.0
2018-06-05,32.59074432246668,32.72209228262867,32.34446728861074,32.45939636230469,6345900.0
2018-06-06,32.71388852634094,32.77956408677354,32.47582244873047,32.47582244873047,9829700.0
2018-06-07,32.47583095287773,32.78778055187071,32.39373648083966,32.4429931640625,8216900.0
2018-06-08,32.14745168833957,32.14745168833957,31.62205971848619,31.95863914489746,8081300.0
2018-06-11,32.01610198941982,32.139242095858485,31.81907844543457,31.81907844543457,4511600.0
2018-06-12,32.12282566984489,32.311638217704036,31.99968555396217,32.18029022216797,6582600.0
2018-06-13,32.61537382550477,32.74672179669772,32.05714416503906,32.05714416503906,9616600.0
2018-06-14,32.040727162357946,32.07356493998391,31.687728881835938,31.687728881835938,7636000.0
2018-06-15,31.86834080373184,31.966851027519848,31.64669045152116,31.761619567871094,11235700.0
2018-06-18,31.44966446014073,31.49071011851843,31.063828381907776,31.400407791137695,8921400.0
2018-06-19,30.948894379384328,31.17054465738453,30.66156855312518,30.833965301513672,9848900.0
2018-06-20,31.474294103850493,31.67952554606872,31.20338709696246,31.482501983642578,8668600.0
2018-06-21,31.088448235732812,31.203377306260332,30.825752322646398,30.883216857910156,9246700.0
2018-06-22,31.41682410234698,31.449661878987257,31.170547040710375,31.293684005737305,10338500.0
2018-06-25,30.88949655150316,31.110745456717325,30.67675896747612,31.068195343017578,10528100.0
2018-06-26,30.91501550856587,31.229866104240564,30.727805467080906,31.025636672973633,8817000.0
2018-06-27,30.846938098342704,30.90650433980879,30.217233657836914,30.217233657836914,8798100.0
2018-06-28,30.20872826967809,30.583145141601562,30.081084457415752,30.583145141601562,7199000.0
2018-06-29,31.10222362126537,31.289433670679596,31.00861859655826,31.110734939575195,8088200.0
2018-07-02,30.812900592531697,31.119243130517845,30.668240641880924,31.09371566772461,7365500.0
2018-07-03,30.9660701751709,31.153280215104402,30.93203139588905,30.9660701751709,6512600.0
2018-07-05,30.974581653079024,31.144769058134216,30.83842978136487,31.136260986328125,9230900.0
2018-07-06,31.331984198617988,31.782986738429276,31.280926021121214,31.71491241455078,7251600.0
2018-07-09,32.22547229705042,32.36162415328853,31.97018797236851,32.191436767578125,7124100.0
2018-07-10,31.88510633465964,32.29356205780322,31.88510633465964,32.27654266357422,7211500.0
2018-07-11,31.76596971578505,31.78298586169738,31.400060902444757,31.459627151489258,7316200.0
2018-07-12,31.765974167363705,31.9872198025169,31.65534972672832,31.74895477294922,5275300.0
2018-07-13,31.944670338117636,32.165915955253645,31.89361215903211,32.14038848876953,4947500.0
2018-07-16,32.233995317792306,32.24250339172048,32.038277156269324,32.15740966796875,5399200.0
2018-07-17,31.91061499657339,32.43820292227103,31.78297123814085,32.3701286315918,6238500.0
2018-07-18,32.37014688862816,32.73605573998714,32.23399498436325,32.68499755859375,10532200.0
2018-07-19,33.561466055330534,34.36986918586054,32.863687331155134,33.876319885253906,17762300.0
2018-07-20,34.029493730760464,34.76130804278512,33.90184992555279,34.65919494628906,14481000.0
2018-07-23,34.73578749445871,34.87193939892719,34.57410812231411,34.6677131652832,6832800.0
2018-07-24,34.974050703461664,35.06765574158033,34.36136878816025,34.369876861572266,7018300.0
2018-07-25,34.48900278414966,34.80385662430149,34.30179598975623,34.795345306396484,7725700.0
2018-07-26,34.633665717305675,34.837891899881825,34.41241689904543,34.73577880859375,8476600.0
2018-07-27,34.8378947493406,35.67182542965474,34.8378947493406,35.271881103515625,9468500.0
2018-07-30,35.27188441338361,35.331450664273035,34.79535116015103,34.96554183959961,5174300.0
2018-07-31,35.11019669344459,35.38250368857184,34.96553674695884,35.067649841308594,4908300.0
2018-08-01,35.26336522178345,35.51014148958722,35.16125213535712,35.49312210083008,6115000.0
2018-08-02,34.97405113945682,35.44207633588467,34.88895741980666,35.35697937011719,4669300.0
2018-08-03,35.43355788506582,35.69735355667881,35.365483572269454,35.476104736328125,4575200.0
2018-08-06,35.059137429759936,35.24634420520951,34.88894679616513,34.94851303100586,7245800.0
2018-08-07,34.94852601107694,35.101697313589284,34.75280784589285,35.09318923950195,7494900.0
2018-08-08,35.3654964848051,35.83351851180654,35.27189143018124,35.714385986328125,5089600.0
2018-08-09,35.6888534949881,35.69736481559503,35.467607850973415,35.603759765625,4513300.0
2018-08-10,35.14422751746838,35.14422751746838,34.710244530141686,34.91447067260742,7053200.0
2018-08-13,34.62515819035631,34.88044581570131,34.43795137685151,34.64217758178711,6708600.0
2018-08-14,34.888952120094245,35.05063146131701,34.77832770445928,34.8123664855957,5339100.0
2018-08-15,34.42092514038086,34.5060188344959,34.14011010679181,34.42092514038086,6052800.0
2018-08-16,34.42092919147563,34.65919415993287,34.35285163127828,34.38689041137695,5544000.0
2018-08-17,34.19969080386982,34.22522151979355,33.8593126373581,34.14863586425781,7897200.0
2018-08-20,34.05502214853001,34.24223220245431,33.95290904916989,34.12309646606445,4156700.0
2018-08-21,34.35285091271959,34.92298910603822,34.344342840931255,34.795345306396484,6075100.0
2018-08-22,34.761321039728955,34.931511761599694,34.497528504641444,34.803871154785156,5512700.0
2018-08-23,35.144249388613915,35.18679625759592,34.616661071777344,34.616661071777344,4126100.0
2018-08-24,34.82939349714903,35.23784922180941,34.74429977180552,35.09318923950195,4232000.0
2018-08-27,35.25486828108036,35.493133306672014,35.20381009868893,35.339962005615234,5733000.0
2018-08-28,36.07178140459421,36.38663209539511,35.95264888624347,36.037742614746094,10683500.0
2018-08-29,36.75253775310828,37.765170562664046,36.66744403205602,37.552433013916016,12278200.0
2018-08-30,37.73963727785121,37.85877302377072,36.93974531766601,36.98229217529297,7826200.0
2018-08-31,36.692961943809074,37.109928859063096,36.5568100779108,37.101417541503906,8782900.0
2018-09-04,36.81210225571485,37.54391990797029,36.752536004588684,37.5354118347168,8174900.0
2018-09-05,37.51839244720679,37.926848131892136,37.45882619607251,37.6290168762207,7262400.0
2018-09-06,37.3907470793,37.50137150373912,37.08440776304235,37.484352111816406,10424900.0
2018-09-07,37.44179879631344,38.49697819068265,37.42477940732659,38.190635681152344,14256000.0
2018-09-10,38.29276049608164,38.34381867867873,37.88430477365754,37.969398498535156,6824900.0
2018-09-11,37.13545621291994,37.92683994559363,37.08440129217746,37.909820556640625,12509700.0
2018-09-12,37.37372386543297,37.69708578666252,37.2886301606384,37.390743255615234,10303700.0
2018-09-13,37.4332935963306,37.4332935963306,36.820608530271834,36.95676040649414,9624500.0
2018-09-14,37.45881759630113,37.91833135337123,37.39925135884203,37.790687561035156,5295400.0
2018-09-17,37.126954353477316,37.56093748298383,36.99080246518929,37.23757553100586,6210300.0
2018-09-18,37.01631702550304,37.51837754718783,36.88867325455493,37.06737518310547,8814200.0
2018-09-19,37.6120030974931,37.77368248240139,37.22056674700923,37.458831787109375,6393200.0
2018-09-20,37.65454149357883,37.80771276951326,37.356710260438,37.586463928222656,4728000.0
2018-09-21,37.65453822121347,37.79069009397658,37.4588201069988,37.49285888671875,6668600.0
2018-09-24,37.30564566432888,38.24168930401946,37.263098816364106,38.19914245605469,8229100.0
2018-09-25,38.12256339399314,38.2161684232994,37.55242839166154,37.586463928222656,6678200.0
2018-09-26,37.654546615867226,38.06300232521712,37.654546615867226,37.671566009521484,4564300.0
2018-09-27,37.95237958494178,38.48847914758866,37.9353634366448,38.088531494140625,6711700.0
2018-09-28,37.86726879163849,37.96938186598433,37.416266404337925,37.577945709228516,7727700.0
2018-10-01,37.909828192501735,38.25871762102084,37.79920376508333,38.00343322753906,5029800.0
2018-10-02,37.22906313149223,37.43329256324777,36.97377877638534,37.118438720703125,5440300.0
2018-10-03,37.47584199879931,37.646032662644544,37.07589442568055,37.40776443481445,5631100.0
2018-10-04,36.65041573111152,36.65892704881859,35.714372042563014,36.10580825805664,7885000.0
2018-10-05,35.637786324637204,35.79946565338451,35.03360936749394,35.425048828125,7921400.0
2018-10-08,34.68472115212789,35.03361052812159,34.37838187373954,34.85491180419922,7761800.0
2018-10-09,34.88896489266151,35.1442493524086,34.531567298239196,34.803871154785156,5678700.0
2018-10-10,34.335824560762084,34.41241017579455,33.4848747253418,33.4848747253418,12853500.0
2018-10-11,32.76157710209762,33.69762086371082,32.61691715095172,33.13599395751953,10209000.0
2018-10-12,34.15714348621298,34.53156368436757,33.34874007651829,33.748687744140625,7578600.0
2018-10-15,33.58699685489579,33.689109943904015,32.94878436789037,32.97431182861328,8209000.0
2018-10-16,33.90186783659567,34.089077984176015,33.5274507875535,34.04652786254883,10748100.0
2018-10-17,34.03800121044577,34.114586843013946,33.340222445320975,33.67209243774414,8173600.0
2018-10-18,33.867819677945654,33.99546351531419,32.72754620040229,32.795623779296875,9555600.0
2018-10-19,33.3232099700845,33.4593618733345,32.62543106016352,32.71903610229492,11266200.0
2018-10-22,33.34872429201893,33.382763065943266,32.795608823271074,32.94878005981445,8165700.0
2018-10-23,31.842552706936228,32.48927663169544,31.70640081426858,32.33610534667969,12350000.0
2018-10-24,31.961685476675274,31.961685476675274,31.000110998323713,31.04265785217285,13312400.0
2018-10-25,31.297953523391698,31.953185696853406,31.05118038350766,31.817033767700195,9927300.0
2018-10-26,31.102236379036547,31.73194110147115,30.753346845910364,31.204349517822266,11973200.0
2018-10-29,31.62980718095399,31.834036591418485,30.608669866980573,30.91501235961914,8269300.0
2018-10-30,31.34901073991358,32.165922289446414,31.204347493742464,32.148902893066406,12106400.0
2018-10-31,32.92325664907462,33.17854426393924,32.361629739382806,32.42119598388672,12610900.0
2018-11-01,32.99983830631439,33.25512589040513,32.66796834233619,33.22959518432617,14348600.0
2018-11-02,33.340228787408996,33.60402451557208,32.70201614331023,32.999847412109375,9736200.0
2018-11-05,32.948793537365496,33.03388726086739,32.59990407721977,32.744564056396484,8591900.0
2018-11-06,32.7615801376502,33.05941138590925,32.693502568838326,32.957298278808594,8578100.0
2018-11-07,33.43383025022331,33.44233832294255,32.9487889523011,33.34022521972656,6568700.0
2018-11-08,33.0083597889936,33.23811673776152,32.92326281938467,32.9317741394043,7953700.0
2018-11-09,32.412695053661984,32.66797947866123,32.17443002314503,32.39567565917969,5975400.0
2018-11-12,32.21697627155401,32.26803120790912,31.493666627387224,31.536216735839844,11666700.0
2018-11-13,31.81702540862792,32.438218625069915,31.689384834522333,31.825536727905273,15057100.0
2018-11-14,32.50629757118418,32.625430077173846,31.800007362649232,32.199954986572266,10404900.0
2018-11-15,32.39566681469043,32.82114182223416,32.24249555228535,32.778594970703125,10840400.0
2018-11-16,31.544711881198126,31.655336274823778,31.19582255925524,31.374521255493164,16382400.0
2018-11-19,31.178812806052182,31.212851590934097,30.600166447528387,30.6767520904541,15191700.0
2018-11-20,30.1236336802179,30.62569434975876,29.97046240841785,30.32785987854004,11673500.0
2018-11-21,30.991599513733778,31.246887127693736,30.753334536562466,30.77886199951172,7013100.0
2018-11-23,30.489539438208066,30.804390022893713,30.421461881456263,30.600160598754883,2320500.0
2018-11-26,31.238386015079392,31.391557335050674,31.034159752529632,31.349010467529297,7077300.0
2018-11-27,30.966074869199492,31.33198368665442,30.966074869199492,31.314964294433594,6870200.0
2018-11-28,31.714903379700747,32.353115809070886,31.54471274931212,32.3446044921875,8380200.0
2018-11-29,32.29356205780322,32.65095959825979,32.2254844808872,32.27654266357422,7056600.0
2018-11-30,31.689381909889097,31.995721207140573,31.5532300290717,31.987213134765625,8734400.0
2018-12-03,33.03388392066337,33.187055204372925,32.65946703054954,32.957298278808594,7457600.0
2018-12-04,32.78710918429528,32.99984672791747,31.851065290804538,31.859573364257812,13321200.0
2018-12-06,30.37891824803812,31.366020202636722,30.302332611641805,31.36602020263672,12075700.0
2018-12-07,31.187326554343493,31.43409964866422,30.753340128591194,31.076702117919922,10802700.0
2018-12-10,30.898005133248702,31.34049965832719,30.7022869628305,31.000118255615234,12439100.0
2018-12-11,31.68937594164442,31.78297770460784,30.889480952138808,31.229862213134766,8635800.0
2018-12-12,32.00423176248318,32.080817396499064,31.714908616880578,31.808513641357422,8405400.0
2018-12-13,31.9021221224254,32.04678208784218,31.646834483967513,31.76597023010254,5825900.0
2018-12-14,31.314963908447115,31.578759615442696,31.085206985473633,31.085206985473633,5969600.0
2018-12-17,31.170302444291483,31.43409489246507,30.73631608420437,30.821413040161133,10733100.0
2018-12-18,31.153281378138058,31.485151373234004,31.153281378138058,31.280921936035156,7100400.0
2018-12-19,31.161795597675134,31.72342260312121,30.719301101548314,30.829925537109375,11786400.0
2018-12-20,30.983093664499975,31.27241683444565,30.242767970801392,30.53209114074707,12540400.0
2018-12-21,31.178816076253234,31.425592423354555,30.33637716182808,30.387432098388672,16981000.0
2018-12-24,30.259788131439528,30.540599989514178,30.013011811898323,30.030031204223633,6288500.0
2018-12-26,30.064066369388954,31.289433254231696,30.064066369388954,31.280921936035156,10063400.0
2018-12-27,30.804393753478514,31.314962506483468,30.600164304606352,31.297943115234375,8688600.0
2018-12-28,31.595780027974516,32.06380196198522,31.502174991948934,31.60428810119629,7369000.0
2018-12-31,31.8510579927711,31.987209859648136,31.289431136138766,31.4085636138916,4600600.0
2019-01-02,30.804398309890715,31.272420277058576,30.634207618343098,31.076702117919922,5273100.0
2019-01-03,30.072576250595166,30.225747526179685,29.162059915796604,29.238645553588867,15998000.0
2019-01-04,29.323744050310005,29.8087854201257,29.111006493509525,29.75773048400879,14178200.0
2019-01-07,29.791753839764727,30.183193251209072,29.757718311648148,29.97896385192871,6850800.0
2019-01-08,29.876856186797333,29.936422429435513,29.476908632412318,29.732192993164062,11462600.0
2019-01-09,30.06407451762163,30.600170849097232,30.06407451762163,30.302339553833008,11770300.0
2019-01-10,30.17469431851138,31.042663940970783,30.1236393823251,30.991605758666992,7894600.0
2019-01-11,31.017134084018075,31.28943787643114,30.838435328893983,31.15328598022461,7232700.0
2019-01-14,30.744825543772222,30.795880468142126,30.395936160738607,30.42997169494629,6146200.0
2019-01-15,30.668243408203125,30.82992276400539,30.46401394908494,30.668243408203125,10165800.0
2019-01-16,30.549108713858736,30.659729885401187,30.32785987854004,30.32785987854004,8727400.0
2019-01-17,29.71518291910489,31.10223281707582,29.638600508374765,30.8809871673584,21916900.0
2019-01-18,30.838441565036977,31.493670466325554,30.770363980108446,31.349010467529297,12905900.0
2019-01-22,31.059675313349015,31.280920887289756,30.719294011468385,30.949050903320312,13381700.0
2019-01-23,31.08520206694346,31.263904031725367,30.83842903712229,31.051166534423828,13918600.0
2019-01-24,31.383037862019474,32.02975845336914,31.29794091176509,32.02975845336914,14094100.0
2019-01-25,32.33610203945281,32.55734762511555,32.23398894192515,32.45523452758789,16763700.0
2019-01-28,31.417078883989568,32.04678344140288,31.400062737083022,31.859573364257812,14086500.0
2019-01-29,31.731923509244414,31.731923509244414,30.889481654488357,30.91501235961914,10100800.0
2019-01-30,31.32347237462907,31.868079884912355,30.8809779609947,31.808513641357422,9281600.0
2019-01-31,31.748944858416163,32.42119287421275,31.748944858416163,32.01273727416992,7633400.0
2019-02-01,32.1233670516563,32.22548015721236,31.859571345676308,31.970195770263672,6438300.0
2019-02-04,31.910624977942824,32.34460804935153,31.808511886926063,32.28504180908203,7283800.0
2019-02-05,32.268024493104726,32.5658589597077,32.23398895798977,32.5488395690918,7314000.0
2019-02-06,32.69350184530426,33.03388318959638,32.59990005943514,32.9658088684082,8795200.0
2019-02-07,32.650950850076114,32.72753648052826,32.1914403134799,32.43821334838867,7916200.0
2019-02-08,32.08933209207337,32.26803085962251,31.91063332452423,32.15740966796875,7147200.0
2019-02-11,32.268020480034195,32.5828742980957,32.19143810096222,32.5828742980957,8860700.0
2019-02-12,32.880706787109375,32.99133119368877,32.71051614147567,32.880706787109375,8831200.0
2019-02-13,32.65094627849114,32.74455128550628,32.37864257414684,32.446720123291016,7155600.0
2019-02-14,32.2680331181219,32.51480947883875,32.131881202919104,32.387168884277344,7782800.0
2019-02-15,32.25951793238126,32.57436855823567,32.225479149554566,32.412689208984375,6257600.0
2019-02-19,32.5233166534862,32.89773356103469,32.421200295513366,32.727542877197266,8105700.0
2019-02-20,33.1274912413538,33.62104066483862,33.093452454598335,33.18705749511719,7178600.0
2019-02-21,33.24661813543089,33.34022316014522,33.016861232800316,33.1700325012207,4607300.0
2019-02-22,33.28916400261229,33.53594028843752,33.25512846872898,33.5189208984375,5117800.0
2019-02-25,33.92738374902696,33.96993061003415,33.59551368860648,33.68061065673828,5101500.0
2019-02-26,33.53594484873232,33.75719045658464,33.510417383319364,33.69762420654297,5587300.0
2019-02-27,33.62103554758296,33.68911311073222,33.23811061627744,33.56998062133789,8194900.0
2019-02-28,33.28916142164962,33.43382460237547,33.18704833568321,33.22959518432617,5705100.0
2019-03-01,33.49339343649583,33.62954531037928,33.35724156261238,33.5189208984375,5299200.0
2019-03-04,33.46787237349154,33.46787237349154,32.94028092096744,33.314701080322266,7081100.0
2019-03-05,33.144508609495446,33.382773609990224,32.89773228977318,33.20407485961914,7192400.0
2019-03-06,33.23811109678666,33.37426297893659,32.99984286843658,33.00835418701172,4433400.0
2019-03-07,32.99132866649262,33.08493367672668,32.650947401299035,32.872196197509766,4231300.0
2019-03-08,32.29355672691979,32.65946552714695,32.28504540815153,32.50629425048828,5066200.0
2019-03-11,32.531817424312734,32.92325363698866,32.506289963608474,32.880706787109375,6005400.0
2019-03-12,33.22959979214394,33.33171289226997,33.06792044643464,33.101959228515625,5580200.0
2019-03-13,33.3742683084597,33.56147514748777,33.20407761706537,33.36575698852539,6086400.0
2019-03-14,33.1870495841862,33.22959643442979,32.965804015249596,33.033878326416016,4935000.0
2019-03-15,33.53594388406333,34.097570829813144,33.53594388406333,33.74017333984375,8871300.0
2019-03-18,33.918869747339464,34.0209828451341,33.73165969628525,33.91035842895508,6290900.0
2019-03-19,34.02098846331751,34.10608543062989,33.69762647976523,33.833778381347656,8033600.0
2019-03-20,33.84228411246427,34.165646042616956,33.73165969628525,33.91035842895508,5394000.0
2019-03-21,34.25072638656899,35.093168041510864,34.225198933609285,34.922977447509766,6509600.0
2019-03-22,34.75280098943948,34.90597226173233,34.327325954429746,34.40391159057617,6759100.0
2019-03-25,34.03800248987366,34.429438739439156,33.84228436509091,33.96992492675781,4901800.0
2019-03-26,34.13160355330924,34.57409792383658,34.097564775703326,34.378379821777344,5573500.0
2019-03-27,34.1996948550691,34.25926112241765,33.86782472380774,34.20820617675781,7660300.0
2019-03-28,34.24223401531914,34.497518400293245,34.20819523169137,34.327327728271484,6632700.0
2019-03-29,34.735779321584296,34.931497435325475,34.54856927969418,34.85491180419922,6116300.0
2019-04-01,34.957023383239346,35.20379638671875,34.66770028794837,35.20379638671875,6834200.0
2019-04-02,35.04212773490979,35.19529902290271,34.88895644691687,35.11871337890625,5580200.0
2019-04-03,35.39952421493069,35.70586678202135,35.32293857315803,35.56120681762695,6821100.0
2019-04-04,35.51013778162909,35.89306587338823,35.44206347982533,35.77393341064453,7610300.0
2019-04-05,36.02922820150029,36.02922820150029,35.79096320671823,35.93562316894531,4430600.0
2019-04-08,35.94412536176874,36.156862837700785,35.80797350701689,36.0717658996582,6830300.0
2019-04-09,35.94413651683759,35.99519144939149,35.76543451454711,35.91860580444336,5049900.0
2019-04-10,35.96115493549593,36.16538441696578,35.89308060575096,36.05475997924805,4040200.0
2019-04-11,35.81648887576245,35.910093903624194,35.697356384344566,35.82499694824219,5172200.0
2019-04-12,36.13985063057228,36.29302190336563,35.97816803922546,36.233455657958984,6555700.0
2019-04-15,36.23345233627691,36.395131666684954,36.131335999698194,36.25897979736328,5274400.0
2019-04-16,36.446200989559394,36.65893855336644,36.37812341100469,36.599369049072266,6639100.0
2019-04-17,37.356714057152836,37.83324407860986,37.32267527101525,37.773677825927734,15795700.0
2019-04-18,37.49286716064451,38.8373667951198,37.44180897979706,38.633140563964844,16569800.0
2019-04-22,38.11405615360038,38.42890678495501,37.94386548261081,38.4203987121582,10872000.0
2019-04-23,38.4204004306914,38.65015411376953,38.34381478762629,38.65015411376953,11437500.0
2019-04-24,38.36083546893859,38.794818630143624,38.241699717632336,38.64164733886719,10776800.0
2019-04-25,38.23318989894405,38.32679493335324,37.80771483062383,37.85026168823242,10149800.0
2019-04-26,37.14397021326427,37.44180142616204,36.86315514443201,37.390743255615234,12745000.0
2019-04-29,37.31415435668738,37.37372059405301,37.084400724629376,37.29713821411133,9272100.0
2019-04-30,36.93123774961188,37.390748362830756,36.81210200206322,37.28863525390625,11863900.0
2019-05-01,37.6885828625266,37.918339792194644,37.28863525390625,37.28863525390625,7319000.0
2019-05-02,37.32266324499345,37.84174320492438,37.22905823633492,37.78217697143555,10717200.0
2019-05-03,38.23318860864296,38.41188735223857,37.91833797762445,38.04597854614258,5479900.0
2019-05-06,36.86315864974304,37.28863370640777,36.76955361789807,37.23757553100586,10756400.0
2019-05-07,37.297145025366625,37.4843518429395,36.83763118510062,37.23757553100586,10225200.0
2019-05-08,37.03335974369981,37.44181552351307,36.982301553928906,37.18653106689453,8112600.0
2019-05-09,36.52276622743825,36.84612808133021,35.97815883948301,36.80358123779297,11229400.0
2019-05-10,36.47171734148926,36.66743545100066,35.901579156289436,36.446189880371094,8313900.0
2019-05-13,35.2038022510413,35.32293473728006,34.6677060629669,34.88044357299805,11046000.0
2019-05-14,35.39102395565966,35.80799104095198,35.22934456338436,35.714385986328125,7107800.0
2019-05-15,35.35698516377501,36.02072862105426,35.28039950509348,35.714385986328125,5347700.0
2019-05-16,35.42505897626762,35.4335670502741,35.07616951188663,35.339962005615234,9214700.0
2019-05-17,34.36988019669625,34.84641350694261,34.114595770039045,34.25074768066406,11271000.0
2019-05-20,33.399800231624944,33.442347098620004,32.778606884367086,32.89773941040039,13979700.0
2019-05-21,33.314696473553504,33.476375817934056,32.897729511780526,33.44233703613281,11806400.0
2019-05-22,33.357243601889174,33.51892294759847,33.09344790993692,33.101959228515625,12217600.0
2019-05-23,32.319090007068155,32.48928070577352,31.834048625734304,32.39567565917969,14708800.0
2019-05-24,32.69350106386899,32.96580808046429,32.50629425048828,32.50629425048828,10540700.0
2019-05-28,32.446728519882974,32.50629476774063,32.038272857666016,32.038272857666016,12484600.0
2019-05-29,31.87659703917583,32.12337340199451,31.638331997071035,32.07231521606445,13043000.0
2019-05-30,32.2935430257554,32.65094035558152,32.19993803572028,32.3701286315918,7351600.0
2019-05-31,32.56585589635558,33.161521527412575,32.54883650734063,32.63393020629883,9302700.0
2019-06-03,33.153010805544696,33.2636352130713,32.897726457966584,33.033878326416016,9618300.0
2019-06-04,32.88070888537328,33.272145123028494,32.69349883861784,33.23810958862305,6985600.0
2019-06-05,33.3912797151001,33.40829585866361,32.42119398002973,32.53181838989258,8219800.0
2019-06-06,32.48927609337293,32.83816551543527,32.268027242630694,32.71052169799805,6234000.0
2019-06-07,32.965804015249596,33.1870495841862,32.812632757479406,33.033878326416016,4456900.0
2019-06-10,33.604020396830805,34.14862793366544,33.5699816142494,33.71464157104492,8351800.0
2019-06-11,34.4379575437617,34.548578738695674,33.986951705375006,34.003971099853516,6100600.0
2019-06-12,34.03800119139205,34.19968052844913,33.569979324233756,33.578487396240234,6163200.0
2019-06-13,33.71464057385476,33.71464057385476,33.21257990703803,33.56998062133789,6646800.0
2019-06-14,32.872206408790916,32.93177266178576,32.191446913051855,32.199954986572266,11281500.0
2019-06-17,32.26802138231498,32.37864578759519,32.046775817871094,32.046775817871094,6500700.0
2019-06-18,32.56586495892471,33.544455753736585,32.52331809760549,33.36575698852539,12303200.0
2019-06-19,33.9869420235869,34.003961413217134,33.44233453988592,33.52743148803711,10217600.0
2019-06-20,34.42092993814248,34.650686839617364,34.15713425583054,34.47198486328125,10400000.0
2019-06-21,34.480506896972656,34.63367821222326,34.395409918434645,34.480506896972656,12766200.0
2019-06-24,34.758141042639146,35.20623489946414,34.65270443378153,35.127159118652344,6571000.0
2019-06-25,34.72300055000442,34.72300055000442,34.18704277461479,34.19582748413086,6790500.0
2019-06-26,34.599995386265896,34.599995386265896,34.248546666750364,34.33641052246094,9133300.0
2019-06-27,34.77571541342541,34.93386363067447,34.52091529110457,34.78450012207031,11375200.0
2019-06-28,34.90750134591945,34.90750134591945,34.37154369748751,34.41547393798828,7040000.0
2019-07-01,36.4978061237537,36.814109257876474,36.15514551234166,36.35722732543945,11046800.0
2019-07-02,36.19028247972681,36.2957190770063,35.79490697074732,35.84762191772461,4445600.0
2019-07-03,35.45225799006652,35.469830763681664,35.153527541936796,35.434688568115234,3125000.0
2019-07-05,35.03051456919093,35.23259639841249,34.828432739969365,35.08323287963867,3149300.0
2019-07-08,34.76692630631731,34.87235956519651,34.47698400648378,34.547271728515625,6772300.0
2019-07-09,34.837212690096635,35.1535124241528,34.63512755626122,34.85478210449219,6577000.0
2019-07-10,35.8739836580748,36.146353162172566,35.62796827647556,35.76854705810547,7945000.0
2019-07-11,36.1463715170201,36.190301780150165,35.87400187461514,35.93550491333008,6126600.0
2019-07-12,36.12000389205248,36.26058270561246,35.86520374508024,36.22543716430664,4695800.0
2019-07-15,36.68231336397375,36.84046492325684,36.603237584332206,36.74381637573242,5784300.0
2019-07-16,36.72625143302487,36.85804554439609,36.52416958680888,36.699893951416016,6529500.0
2019-07-17,36.62081165412898,36.822893464472116,36.48023285773102,36.576881408691406,5514600.0
2019-07-18,37.358852343451275,37.98267056253026,37.17434329583575,37.94752502441406,11257600.0
2019-07-19,37.850870691317496,38.67677052783816,37.8420826330769,38.50983428955078,11438800.0
2019-07-22,38.83492935687409,39.43239006633852,38.77342634428182,39.18637466430664,10035800.0
2019-07-23,39.13366920877712,39.16881475354853,38.870084326318796,39.02823257446289,6565800.0
2019-07-24,39.098513826864135,39.212735142801456,38.87007454665228,39.13365936279297,7130400.0
2019-07-25,38.84371375146985,38.87007457926999,38.3253288269043,38.3253288269043,6593900.0
2019-07-26,38.42197694081549,38.56255573139756,38.11446188381182,38.184749603271484,4399000.0
2019-07-29,38.23746919334764,38.615275334187324,38.13203593477883,38.60648727416992,4138600.0
2019-07-30,38.13204320446753,38.13204320446753,37.57851262604333,37.87724304199219,4938500.0
2019-07-31,37.80694303826185,37.9299490596419,36.94589753693876,37.45549774169922,7592300.0
2019-08-01,37.56093534885166,38.12325056985492,36.550522881843044,36.787750244140625,9662800.0
2019-08-02,36.155146542783704,36.70867369161147,36.032137158047846,36.59445571899414,9317000.0
2019-08-05,35.50497235791824,35.6016209262091,34.95144178149279,35.030517578125,6668400.0
2019-08-06,36.181501372832784,36.47144366504708,35.92670126487949,36.25178909301758,8667700.0
2019-08-07,36.06728005691186,36.41872871282418,35.847625484882364,36.25178909301758,5484700.0
2019-08-08,36.770176203897115,37.06012186501806,36.682315710525124,36.814109802246094,7795900.0
2019-08-09,36.541726965814384,36.647160199501194,36.023342151999614,36.383575439453125,3480500.0
2019-08-12,36.067280737544074,36.26057783710987,35.89155640627179,35.98820495605469,3463500.0
2019-08-13,35.698267026363304,36.8931886032285,35.62797594458852,36.76139450073242,7697800.0
2019-08-14,35.89155529923862,36.10242516059389,35.364385673344536,35.52253723144531,9621800.0
2019-08-15,35.478604690200605,36.01456234109163,35.44345915697373,35.90034103393555,7690100.0
2019-08-16,36.18150341126352,36.664742826621115,36.15514593366712,36.497806549072266,4845700.0
2019-08-19,37.042559011090624,37.08648926953531,36.5944650122926,36.708683013916016,3797600.0
2019-08-20,36.9019767390777,37.095273880243305,36.65596463334953,36.84925842285156,7540300.0
2019-08-21,37.262197039187406,37.46427881925268,37.1567637956017,37.411563873291016,3914600.0
2019-08-22,37.24463269459044,37.3324965438305,36.66474469625864,37.01619338989258,3145600.0
2019-08-23,36.849253846850345,37.03376625489699,35.90034773426156,35.97942352294922,7526900.0
2019-08-26,36.34843617988595,36.50658773352303,36.13756967614494,36.322078704833984,5519000.0
2019-08-27,36.506595942437436,36.62081727945096,36.260583848866816,36.33087158203125,4192800.0
2019-08-28,36.304510053897,36.699888982819,36.067282696543806,36.59445571899414,3586000.0
2019-08-29,37.20070185973889,37.402783682312695,37.10405330292901,37.14798355102539,5171600.0
2019-08-30,37.52578546034666,37.68393701688179,37.21827040689653,37.45549774169922,5382200.0
2019-09-03,37.033754694526095,37.04253940089889,36.53294263972429,36.655948638916016,4748000.0
2019-09-04,37.437929308665616,37.912384033203125,37.244632194595575,37.912384033203125,4460900.0
2019-09-05,38.44834303725629,39.10730689429448,38.44834303725629,38.87008285522461,7698300.0
2019-09-06,38.65921530863965,38.69436085422861,38.386842357820754,38.404415130615234,4325300.0
2019-09-09,38.580138360762604,38.729505249246465,38.25505045288164,38.52742004394531,4677000.0
2019-09-10,38.307757338636435,38.747066497802734,38.096890819167825,38.747066497802734,5001600.0
2019-09-11,38.580131833578776,38.89643497764154,38.51862881686246,38.85250473022461,4016800.0
2019-09-12,38.9140040318736,39.063367529164246,38.59770091800786,38.720706939697266,6577900.0
2019-09-13,39.03701430671299,39.38846299411313,38.826144423940285,39.30938720703125,6231100.0
2019-09-16,39.12487165171437,39.30938404115399,39.089729467135086,39.18637466430664,3716300.0
2019-09-17,38.90521861150815,39.66961897242712,38.843715596491165,39.65204620361328,6110900.0
2019-09-18,39.68718931645723,39.713550146125115,39.19516518483033,39.57297134399414,4044800.0
2019-09-19,39.6455351521532,40.01721380594883,39.610136542116045,39.734031677246094,6422700.0
2019-09-20,39.61899221719174,39.73403602450068,38.822540283203125,38.822540283203125,7249200.0
2019-09-23,39.09686764618738,39.19421212953296,38.804834196150644,38.9995231628418,4347000.0
2019-09-24,39.29156439316448,39.4243041347225,38.99068291951619,39.04377746582031,7592200.0
2019-09-25,39.11456804770756,39.91101648909112,38.93757837991217,39.83137130737305,6719500.0
2019-09-26,39.91102187696746,41.15879430846491,39.91102187696746,41.11454772949219,15832500.0
2019-09-27,40.70746635442755,41.13223951129116,39.99065975333442,40.273841857910156,9610400.0
2019-09-30,41.21189694107892,41.36233937774562,40.81367093319409,41.13225173950195,8396900.0
2019-10-01,41.557018313010246,42.34461885933175,41.557018313010246,41.760555267333984,11575200.0
2019-10-02,41.33577712349,41.53931405354201,40.99950047860252,41.08799362182617,5785200.0
2019-10-03,41.10571066897832,41.71632172270561,40.91987296251329,41.70747375488281,6091600.0
2019-10-04,41.61896422852294,41.99064290143041,41.39772796811055,41.96409225463867,5704200.0
2019-10-07,42.23841652499998,42.61009511072305,41.97293374993872,42.43310546875,11059000.0
2019-10-08,42.70743814343936,42.83133326149637,42.12337466150063,42.35346221923828,13089700.0
2019-10-09,42.654351240193876,43.41540450824531,42.62780059367756,43.079124450683594,11033100.0
2019-10-10,43.28266232717781,43.7074355467368,42.910987025987744,43.30036163330078,9566500.0
2019-10-11,43.760532732820536,44.06141418028125,43.654340273657176,43.73398208618164,7499100.0
2019-10-14,43.73397802605587,44.362291509285534,43.62778557675108,44.1676025390625,7974000.0
2019-10-15,44.424242179490186,44.8136167861534,44.34459698996845,44.59238052368164,9323200.0
2019-10-16,44.548127050227876,45.24723434160716,44.309191518650266,44.36228942871094,13615700.0
2019-10-17,45.25608931466394,45.31803519809712,43.59239167552184,44.02601623535156,12410200.0
2019-10-18,43.937528114353476,44.32690276565588,43.4773562305609,43.6100959777832,9169200.0
2019-10-21,43.831328155584636,44.344597915615886,43.654341842550785,44.24725341796875,6538900.0
2019-10-22,44.51272488087197,44.98174794270986,44.40653244504685,44.81360626220703,10697300.0
2019-10-23,44.33574012892305,44.60122631147232,44.17644976971231,44.39768600463867,7118800.0
2019-10-24,44.68087396088412,45.176440994002306,44.45078637339591,45.087947845458984,7006600.0
2019-10-25,44.95520848297868,45.33573512977476,44.857863986012596,45.24724197387695,6303500.0
2019-10-28,45.48616983532938,45.55696367288775,45.17643709059531,45.406524658203125,7725500.0
2019-10-29,45.574677310860096,45.875558810662746,45.52157938414269,45.54813003540039,5303900.0
2019-10-30,45.831303727358204,46.07023928958142,45.636614741295425,45.937496185302734,5198100.0
2019-10-31,45.91980057916054,45.95519919325969,45.4419294162149,45.68971633911133,5140800.0
2019-11-01,45.91979514365585,46.10563278198242,45.75165681028379,46.10563278198242,5226600.0
2019-11-04,47.38880315662504,47.60119143786056,47.00827654393442,47.33570861816406,7233400.0
2019-11-05,47.459602611750896,47.760484055129226,47.33571084844171,47.3888053894043,5287100.0
2019-11-06,47.521546553508436,47.56579312777017,46.99057753497592,47.468448638916016,4545100.0
2019-11-07,47.69853543183611,48.114457273925076,47.36225539661334,47.4949951171875,7890900.0
2019-11-08,47.37110290955853,47.37110290955853,46.48615794430888,46.751644134521484,6558400.0
2019-11-11,46.36226570196186,46.680846426230495,46.15872876718959,46.54810333251953,4046500.0
2019-11-12,46.627747152220195,46.627747152220195,46.04368363337934,46.149879455566406,8625100.0
2019-11-13,46.530400407008564,46.848977707573454,46.14987386310974,46.79588317871094,5336200.0
2019-11-14,46.45961290998819,46.663149856688655,46.132184202321994,46.44191360473633,5308600.0
2019-11-15,46.91093881209662,47.247218899237154,46.79589837833086,47.15872573852539,5986400.0
2019-11-18,47.24721829125247,47.7516367275735,47.24721829125247,47.273765563964844,4774400.0
2019-11-19,47.831269373555386,47.91091454659622,47.50384071807497,47.57463455200195,4731100.0
2019-11-20,47.38880147353477,47.59233840726638,47.08792005501912,47.34455490112305,5264800.0
2019-11-21,47.344548240980295,47.35339620389912,46.84897792261035,46.884376525878906,6037000.0
2019-11-22,46.83128415441719,47.04367242332706,46.671997172481056,46.716243743896484,4172300.0
2019-11-25,46.98172311165103,47.733924898083615,46.725088290097595,47.57463455200195,5021500.0
2019-11-26,47.34454333636133,47.60117811977757,47.238350913353194,47.45958709716797,5672800.0
2019-11-27,47.813577582215295,47.840128227930954,47.37995641982798,47.6896858215332,2786100.0
2019-11-29,46.955187956896914,47.043681116079576,46.72510034174579,46.98173522949219,3391700.0
2019-12-02,47.38879480716768,47.42419341043624,46.707386885332745,46.884376525878906,4475800.0
2019-12-03,46.38881671097988,46.8401405653523,46.176431794873054,46.7073974609375,5468100.0
2019-12-04,47.141027490450405,47.406510354348605,46.99943640465152,47.06138229370117,3905200.0
2019-12-05,47.45075087548822,48.2649020467002,47.33571045383007,48.14101028442383,7624300.0
2019-12-06,48.229495255270535,48.698514954562235,48.229495255270535,48.61886978149414,5429100.0
2019-12-09,48.71623634306669,48.840128140496674,48.07022670232588,48.19411849975586,6541900.0
2019-12-10,48.38878724602129,48.725067252159995,48.07905788233885,48.247196197509766,4364800.0
2019-12-11,48.70737628353116,49.733912404841455,48.69852494259888,49.46842956542969,11028000.0
2019-12-12,50.663097279009854,51.875470888760375,50.459560350058815,51.86662292480469,15788700.0
2019-12-13,52.25600530209455,52.6719305620163,51.54804992675781,51.54804992675781,9886900.0
2019-12-16,51.583447424305504,51.94627475730906,51.583447424305504,51.804683685302734,5779400.0
2019-12-17,52.84006786402065,52.84006786402065,52.01706870152649,52.4152946472168,8407500.0
2019-12-18,52.742715837313334,52.77811444427483,51.96396673894225,52.30024337768555,10021200.0
2019-12-19,52.130940176779234,52.130940176779234,51.57844227545014,51.64973068237305,7228700.0
2019-12-20,51.48932304372422,51.952709546291466,51.07940539123862,51.62299346923828,8043800.0
2019-12-23,51.71210001097802,51.9883506116395,51.640811616878814,51.88141632080078,4022000.0
2019-12-24,51.67646262355813,51.765573974838716,51.2843645194112,51.471500396728516,2692200.0
2019-12-26,51.50714944460421,51.99726870535901,51.47150354216159,51.90815734863281,2490400.0
2019-12-27,52.157662126235635,52.31806525789089,51.979439446067325,52.09528350830078,2847800.0
2019-12-30,52.273507019632156,52.30023974046807,51.346734171018845,51.551692962646484,3519900.0
2019-12-31,51.40020719269122,51.801215034743564,51.20415815893678,51.774478912353516,2950200.0
2020-01-02,53.111174902513056,53.57456141205576,53.111174902513056,53.503273010253906,8432600.0
2020-01-03,52.54975205890327,52.558661831782686,51.72100380657097,51.738826751708984,10546400.0
2020-01-06,51.32892054656764,51.40912212302147,50.910093113424445,51.14178466796875,8897200.0
2020-01-07,51.19524809164441,52.22004212727386,50.56254872190191,51.97052764892578,7444300.0
2020-01-08,51.85467784103487,52.55866897242476,51.78338945017672,52.35371017456055,5381500.0
2020-01-09,53.191377474677765,53.20920042530685,52.30916351450979,52.78145980834961,5112700.0
2020-01-10,53.200287145102116,53.200287145102116,52.371538692035124,52.45174026489258,4807700.0
2020-01-13,53.60129303107902,53.610202805787665,52.977503420697154,53.52109146118164,6613700.0
2020-01-14,53.61020072883287,54.03794128525417,53.39632875093234,53.75278091430664,6715200.0
2020-01-15,53.17355486044321,53.200290986246095,51.917065727876015,52.03291320800781,10075100.0
2020-01-16,52.754717996199076,53.19136831357684,51.952702352922024,52.35371017456055,11215700.0
2020-01-17,52.25568636076099,52.35371087395767,51.69427540296713,52.20222091674805,8125700.0
2020-01-21,51.67646063212667,52.57649748314482,51.213074144688605,51.89924240112305,9873700.0
2020-01-22,52.48739518727771,52.523037692935226,51.97053976236679,51.99727249145508,8124500.0
2020-01-23,51.56061411022004,51.74774998377302,50.45561501991562,51.22198486328125,9999200.0
2020-01-24,51.76557329771302,51.81012897277049,51.20416227372451,51.444766998291016,10402200.0
2020-01-27,49.5644891665127,49.89420864649694,49.065460157896844,49.243682861328125,9675500.0
2020-01-28,49.66251717867061,50.90118341110868,49.43973538436505,50.87445068359375,8124400.0
2020-01-29,51.25761642818694,51.25761642818694,50.66055967557281,50.96354293823242,7693400.0
2020-01-30,49.08328622555525,49.9387674941284,49.06546327420409,49.72489547729492,10295700.0
2020-01-31,49.395171203136115,49.439726874451914,47.76440711781537,48.06739044189453,13467200.0
2020-02-03,48.43275458940312,48.95851969336363,48.24561872173412,48.807029724121094,9594300.0
2020-02-04,50.72295488864102,51.36456751359392,50.705135337396996,51.257633209228516,12746600.0
2020-02-05,51.77448932018862,51.8190484000028,50.94574074647665,51.61408615112305,6594400.0
2020-02-06,51.92597926600831,51.93488904175139,51.04376189471033,51.70319747924805,4236300.0
2020-02-07,50.918998991344196,50.918998991344196,49.95658354694502,50.08134078979492,6808400.0
2020-02-10,50.29520980049753,50.83879784838144,50.206098454678504,50.81206512451172,4281200.0
2020-02-11,51.64082192710262,52.48739344709718,51.51606466298604,52.273521423339844,6523200.0
2020-02-12,52.79927590163724,53.2448394113557,52.48738280458624,53.13790512084961,5962900.0
2020-02-13,52.69234123927178,53.200283364815796,52.34480224804479,52.870567321777344,6460100.0
2020-02-14,52.59431615224159,52.72798316313302,51.56951873850861,51.854679107666016,6932400.0
2020-02-18,49.99223053690208,50.40215159944104,49.5734030981878,50.06352233886719,10989000.0
2020-02-19,51.01702398017734,51.631900425331956,50.79424221607176,51.36456298828125,7866300.0
2020-02-20,50.74077780387109,50.8298925569303,49.73380658965384,50.33086013793945,7192900.0
2020-02-21,50.48235775362468,50.48235775362468,49.475383055547894,49.53776168823242,6816600.0
2020-02-24,47.71984872980107,48.73573293523799,47.39013270157918,48.22779083251953,9968800.0
2020-02-25,49.306055255182905,49.430812482966395,47.96936484428066,47.996097564697266,12670700.0
2020-02-26,48.55750938923214,49.37734455808096,48.45948488004813,49.03871536254883,10969300.0
2020-02-27,48.29909238250521,48.655541204151035,47.4703438580927,47.48816680908203,11878900.0
2020-02-28,45.75938588111977,48.16543029128523,45.44749268324203,47.978294372558594,13604500.0
2020-03-02,48.450591772950006,49.91204004399541,47.96938560033867,49.88530731201172,13797700.0
2020-03-03,50.17045484487666,50.23283346967106,48.15650910284296,48.90505599975586,14661800.0
2020-03-04,49.8763841260328,50.87444551122298,49.50210898197394,50.865535736083984,9878200.0
2020-03-05,50.00113530716945,50.25064977334613,49.23476556176431,49.662506103515625,10004200.0
2020-03-06,48.655536712062954,49.08328069755529,48.094129104941764,49.07436752319336,12971200.0
2020-03-09,45.9376006344465,48.245619924720344,45.50095026566445,46.18711853027344,13781100.0
2020-03-10,47.86243170141033,48.673357158261574,46.77525904238614,48.57533264160156,11698700.0
2020-03-11,47.32776225355696,47.72877014053798,46.41881217619339,46.55248260498047,14498000.0
2020-03-12,44.25336753041797,45.43856809478847,43.22857010106572,43.388973236083984,15942200.0
2020-03-13,46.249505065661666,46.748534143917574,43.92366242787977,46.543575286865234,14948700.0
2020-03-16,41.29482204909082,43.08598568166257,40.011600494384766,40.011600494384766,16628200.0
2020-03-17,40.76906824017032,43.27313682470963,40.12745558662165,43.255313873291016,13415700.0
2020-03-18,39.03136448914296,41.072046269310434,38.55015506161894,39.539306640625,15018500.0
2020-03-19,39.34769271499337,40.64308872092566,38.412127217115774,39.482627868652344,11182600.0
2020-03-20,43.19790183823382,43.431791506385224,40.0133826670874,40.0583610534668,14157700.0
2020-03-23,40.58911270861342,41.029909114320866,39.14978380929871,40.71505355834961,10508600.0
2020-03-24,43.17991609851458,44.00752950988636,42.73012530582172,43.96255111694336,12216200.0
2020-03-25,44.349372084022086,45.024058282353955,43.2248950868023,44.079498291015625,9796600.0
2020-03-26,44.16945478858084,45.39288630259661,44.0075298275122,44.86213302612305,10577500.0
2020-03-27,42.48723716594059,43.26087786568662,41.839537337012494,42.199371337890625,12158500.0
2020-03-30,42.44225846045448,43.32384798130403,42.07343015651099,43.01799011230469,8428300.0
2020-03-31,42.99999161882535,44.106476364672666,42.874050767829345,42.990997314453125,9595700.0
2020-04-01,42.12740400146885,42.78409809572967,41.6506234649323,41.839534759521484,8755200.0
2020-04-02,42.208370925960374,43.37782985935375,41.929502800429894,43.29686737060547,6174700.0
2020-04-03,42.99100661234992,43.31485654588373,42.082427250865464,42.334312438964844,5486200.0
2020-04-06,43.746651801021486,45.069034347936686,43.63869954408986,44.952091217041016,7370300.0
2020-04-07,46.13953456279259,46.16652090885426,44.6732158012945,44.72719192504883,6568700.0
2020-04-08,45.16798585023766,45.518822082749956,44.56526789830754,45.221961975097656,6325900.0
2020-04-09,45.230961294789374,45.57280326020676,42.92803461820427,43.47677993774414,12274000.0
2020-04-13,43.845616135506546,44.160468376291476,43.143940034906905,43.854610443115234,9873200.0
2020-04-14,44.97908471528518,46.12155387884925,44.93410631689626,45.54582214355469,11068800.0
2020-04-15,44.763170729656174,44.95208543918899,44.115474429473565,44.673213958740234,9398100.0
2020-04-16,46.60731219057117,47.80375363272806,46.49036565117429,47.138065338134766,18615900.0
2020-04-17,48.69434479774022,48.748317488439234,47.6778167994611,48.298526763916016,11288500.0
2020-04-20,47.67781875045199,48.41547529432473,47.28200413206183,47.308990478515625,9901700.0
2020-04-21,46.418405414582985,46.60732014326842,45.446859149996044,46.21150207519531,13102500.0
2020-04-22,47.210049940046034,47.77678740474562,47.147079491927414,47.63285446166992,8255500.0
2020-04-23,47.50691169435413,47.79477756916781,47.01213900486319,47.353981018066406,7619900.0
2020-04-24,47.317993761926274,47.57887326591765,46.77824614064839,47.434940338134766,5701800.0
2020-04-27,47.81276543137375,48.35251304151006,47.650840462006535,48.13661193847656,5812300.0
2020-04-28,48.13661173218661,48.33452078981654,47.38996076031012,47.4619255065918,8561100.0
2020-04-29,48.35251447578896,49.198120005187434,48.064648617626425,49.00920867919922,8565500.0
2020-04-30,48.757321282653976,48.946232586834206,47.64183863732205,47.794769287109375,6337900.0
2020-05-01,47.21003216766088,47.28200032792208,45.959614551983904,45.96860885620117,10238700.0
2020-05-04,46.58932759501175,46.940163837625875,46.13053909956932,46.913177490234375,7514000.0
2020-05-05,46.967155309587476,47.3000029780116,46.4004213627429,46.517364501953125,7780700.0
2020-05-06,46.877195335051226,47.335980417742455,46.77824081503534,46.89518737792969,8206700.0
2020-05-07,47.63284335518255,47.65982970333185,46.868196985183445,47.075103759765625,5493400.0
2020-05-08,47.33598330277791,47.983683159353376,47.20104812041236,47.59686279296875,6086000.0
2020-05-11,47.32697660295471,47.524885603221655,47.120073298871354,47.138065338134766,6459300.0
2020-05-12,47.353965056552525,47.353965056552525,45.95062024776663,45.96860885620117,8584500.0
2020-05-13,46.69728522532426,46.79623975993505,45.410883138647634,45.806697845458984,8611000.0
2020-05-14,45.36590251342841,46.91318403691052,44.79017081119273,46.868202209472656,13695600.0
2020-05-15,45.48284389574491,45.923636928611614,44.42133740406207,44.79916000366211,17777200.0
2020-05-18,45.82468193182499,46.94915884503691,45.671754718811144,46.661293029785156,12726500.0
2020-05-19,46.193519933680925,46.29247447190847,45.69875067417511,45.70774841308594,12940300.0
2020-05-20,46.40042196294796,46.85920708275166,45.4288721587073,46.63431167602539,8406200.0
2020-05-21,46.86819259857752,46.967147108038375,45.599782879807556,45.65375900268555,7842600.0
2020-05-22,45.734725628811596,45.752717671406536,44.62824074645703,44.79916000366211,12462300.0
2020-05-26,46.14854614069662,46.23850638062534,45.689760927773065,45.71674728393555,8872000.0
2020-05-27,45.905647941188406,46.54435348510742,45.65376619135815,46.54435348510742,11405700.0
2020-05-28,46.292463483041004,46.43639638676024,45.06903208561197,45.23095703125,8178700.0
2020-05-29,45.28493424676654,45.63577049354792,44.85313552521781,45.27593994140625,10918500.0
2020-06-01,45.79770225399605,46.130546507925395,45.464858000066705,45.9056510925293,6187300.0
2020-06-02,46.283468010813635,46.814221223325674,46.13953511072381,46.7872314453125,6063600.0
2020-06-03,47.35397024514013,47.90271551655033,47.15606121436763,47.73179626464844,8380200.0
2020-06-04,47.73180125669567,48.91025096448306,47.70481147500233,48.829288482666016,13269500.0
2020-06-05,49.92677609226978,50.68242473255317,49.53096144512374,49.65690231323242,9776100.0
2020-06-08,50.142680566948314,50.178661223391344,49.21610917300219,49.989749908447266,6302100.0
2020-06-09,49.73786839773524,50.9433079010586,49.43201051087315,50.925315856933594,9355100.0
2020-06-10,51.11422565113347,52.21171628866612,51.11422565113347,51.77091979980469,9194300.0
2020-06-11,50.2416404518148,50.745407478101235,49.48599162820121,49.51298141479492,9877100.0
2020-06-12,50.82635862486703,51.15920284438549,49.791838448345516,50.37656784057617,9838800.0
2020-06-15,49.21610490780384,50.484514733639806,49.04518565170935,50.39455795288086,7509700.0
2020-06-16,50.90731399285433,51.2761422471917,49.96275416410066,50.1966438293457,8827200.0
2020-06-17,50.511504228620694,51.11422220589896,50.2776111093551,50.91631317138672,8248700.0
2020-06-18,50.78944294914156,51.242596429864186,50.56286620878024,50.889137268066406,6831500.0
2020-06-19,51.18820780510493,51.20633435603449,50.09157740351196,50.127830505371094,6965100.0
2020-06-22,50.30002049037388,50.753173828125,50.13688501220063,50.753173828125,4480400.0
2020-06-23,51.33321878729615,51.804498758262305,51.23352448188016,51.44197463989258,7836500.0
2020-06-24,51.39665267965144,51.713862102432145,50.89818468075115,51.27883529663086,7080200.0
2020-06-25,51.260712905010045,51.74105439379884,50.7078652140643,51.69573974609375,4509600.0
2020-06-26,51.65948908114896,51.89512733469917,50.94350585887208,51.05226516723633,6229300.0
2020-06-29,51.06131377960568,51.124754964771036,50.44502501746919,51.10662841796875,5016600.0
2020-06-30,50.97975840138853,51.6504269664527,50.92537874780404,51.4510383605957,7158700.0
2020-07-01,51.63230055510042,52.0854539643401,51.44197349568229,51.49635314941406,6866500.0
2020-07-02,52.520476941647445,53.535539535302185,52.520476941647445,53.12770080566406,10021200.0
2020-07-06,54.9856338664053,56.308844469347754,54.8859430189541,56.08226776123047,12725600.0
2020-07-07,55.52034911677424,55.73786425458326,54.99469300777168,55.021881103515625,6672300.0
2020-07-08,55.86474643805961,56.86168591817977,55.73786404867551,56.725738525390625,8721900.0
2020-07-09,57.052016309692604,58.882756542658065,56.997636654631215,58.71055603027344,16903300.0
2020-07-10,58.429599925035966,58.51116421723547,57.2695248815432,57.8676872253418,10700000.0
2020-07-13,59.09119461060707,60.79505564740057,58.89181294303702,58.9733772277832,16667700.0
2020-07-14,59.8162334512722,60.74972810940776,59.209009710581924,60.68628692626953,10482700.0
2020-07-15,60.88569451917317,60.91288261836818,59.0549577227933,59.870628356933594,12432500.0
2020-07-16,59.254336992363015,60.3872205095244,58.29365398247328,60.35096740722656,15709400.0
2020-07-17,61.00349208442268,61.62884582085562,60.151568623512766,60.17875671386719,11716600.0
2020-07-20,60.45064804240395,60.70441970111266,59.63497762612333,60.62284851074219,6357300.0
2020-07-21,62.39014449392035,62.76173352766294,61.36602050105378,61.45664978027344,10619700.0
2020-07-22,61.71950251383233,62.44455084673065,61.656061303296724,62.109214782714844,7366100.0
2020-07-23,61.86449661753039,62.08200828712795,60.49597157906264,61.057884216308594,8559500.0
2020-07-24,64.71029983676951,69.6859216893683,64.66498173588923,66.97606658935547,41226800.0
2020-07-27,73.73713084507884,75.58599777359238,72.89426514111786,75.4500503540039,39899200.0
2020-07-28,71.91544537408693,72.12389898680891,69.3234072944558,69.71311950683594,31500100.0
2020-07-29,69.88530700251904,75.55878862181709,69.83998890375756,74.92436981201172,28304000.0
2020-07-30,72.51361491301894,73.66462160039961,71.2447839067109,72.44110870361328,16820300.0
2020-07-31,72.1692078805026,72.29609027913595,70.2478418928705,71.49854278564453,12021200.0
2020-08-03,70.48346768864026,71.7341753364019,70.15720364419293,71.55290985107422,10129800.0
2020-08-04,71.89733326861385,72.6767578125,71.36260856312292,72.6767578125,12569400.0
2020-08-05,73.39271771528993,76.12976083627812,73.02112865888058,73.9818115234375,14436300.0
2020-08-06,74.35341269379877,74.40778889059251,72.70393455018943,72.97582244873047,9838700.0
2020-08-07,72.94863861504354,73.22053344405238,71.96983244267176,72.53173828125,8705800.0
2020-08-10,73.00302297240452,73.27491089146929,71.7976331456228,72.38673400878906,7421400.0
2020-08-11,71.67982081142581,71.77951513946019,70.6375732421875,70.6375732421875,7056300.0
2020-08-12,70.83692975794551,72.09669542471514,70.44721762915248,71.9516830444336,8354400.0
2020-08-13,71.59823337137962,71.6888626636189,70.5378561315792,70.96382141113281,6551800.0
2020-08-14,71.07258805910323,71.80670137708115,70.73725891906557,71.06352996826172,5611200.0
2020-08-17,72.32329864894389,73.31116992283832,72.19641622687622,72.6767578125,8663900.0
2020-08-18,72.70392432701374,73.24770696220479,71.82480572474537,71.96981811523438,6804800.0
2020-08-19,71.60730074285803,71.80668934112083,70.91850565283342,71.18133544921875,7976800.0
2020-08-20,69.1693302119924,69.8762483637989,68.86118923897797,69.61341857910156,11457100.0
2020-08-21,70.71005837450906,71.35354233175048,70.56505287207725,71.00007629394531,7942300.0
2020-08-24,72.25981966619386,72.42295511137418,71.13599463736507,71.50758361816406,6405600.0
2020-08-25,72.36857865180708,72.93955621954763,72.02418464245264,72.54077911376953,6113100.0
2020-08-26,73.63741521806162,74.47121567549526,73.41990355842046,74.09056854248047,7821600.0
2020-08-27,74.48030650496139,74.59812392091926,72.65862757302978,73.04833984375,8018200.0
2020-08-28,72.55891930738848,73.30209059771094,72.42297882070977,72.9033203125,5699500.0
2020-08-31,71.59823714295396,72.28703224648537,71.3172842478409,71.82481384277344,9812900.0
2020-09-01,72.61329810876664,73.95462820461564,72.49547380787241,73.90931701660156,10193300.0
2020-09-02,73.72807334578539,74.96065142361057,72.39580094441747,74.47124481201172,12567800.0
2020-09-03,73.51959079892279,74.144937624797,71.03630584054413,73.57396697998047,20090100.0
2020-09-04,72.95769466605665,73.83681333544499,70.15721007799382,71.51667022705078,13638700.0
2020-09-08,70.71005747668491,71.73418864370038,69.98501614458662,70.07564544677734,11553500.0
2020-09-09,71.25384381917435,72.23264991790668,71.19040261912158,71.96076202392578,7867500.0
2020-09-10,73.17518424483418,73.6192794045066,71.38070126242046,71.50758361816406,11241800.0
2020-09-11,72.51360397052075,72.77643375402498,71.23570815223175,71.43509674072266,7853500.0
2020-09-14,72.95768737792969,73.5196000059867,72.45921594057498,72.95768737792969,7091100.0
2020-09-15,73.91838501595227,78.6583729186592,73.75524950517183,77.80644226074219,21048400.0
2020-09-16,78.38647726480185,78.38647726480185,75.2597214083272,75.3412857055664,14492600.0
2020-09-17,73.78988046692525,74.9650534713572,73.43459641329153,74.61888122558594,10090200.0
2020-09-18,75.03791106386018,75.46606859851148,72.97908098436703,73.0884017944336,10528300.0
2020-09-21,72.69667856405498,73.47101519926838,72.04076759531436,73.41635131835938,8417100.0
2020-09-22,73.63501350699313,73.68967045289635,72.33230301087426,73.31616973876953,6375200.0
2020-09-23,72.60557793804549,72.81510776611685,70.95669558120558,70.98402404785156,9094700.0
2020-09-24,69.98195527078718,71.96790534177362,69.38981288741425,71.40309143066406,9940900.0
2020-09-25,71.21178224170735,71.89502182124336,70.5012141910335,71.85858154296875,6057500.0
2020-09-28,73.16129830319879,73.21596220049187,72.39607324382591,72.66936492919922,5999300.0
2020-09-29,72.60559470873886,74.00851423954484,72.25031065973371,73.34349822998047,6114600.0
2020-09-30,73.41636892392883,74.64620576037325,73.398152259438,73.85364532470703,5878900.0
2020-10-01,74.75552901196579,75.35678326956665,74.46401369168844,75.26568603515625,6253800.0
2020-10-02,73.52569653037031,74.88306404375311,73.43459929898474,73.6076889038086,6145900.0
2020-10-05,74.29092384583824,77.09675592577004,74.29092384583824,77.0147705078125,10129100.0
2020-10-06,76.31328855555911,76.93275926806083,75.40230262248427,75.72115325927734,7795600.0
2020-10-07,77.23339748134607,79.25578765776004,77.23339748134607,79.18290710449219,11446400.0
2020-10-08,80.95023174057131,80.95023174057131,78.81852048551283,79.98458862304688,10920800.0
2020-10-09,80.47651372061051,80.89557346879648,79.83882619123673,80.87734985351562,7608800.0
2020-10-12,81.18707560429962,83.14568996295273,80.78623953635083,82.81774139404297,10022000.0
2020-10-13,82.44426116156426,82.58091049829568,81.46950608661528,81.66081237792969,8247000.0
2020-10-14,81.66989407219897,81.879416954357,80.41272897816515,80.7133560180664,8159000.0
2020-10-15,79.51999513297548,81.52416221719945,79.42889789283329,80.3034439086914,10327900.0
2020-10-16,80.66782035168748,80.70425367873266,78.74563916239602,78.98249053955078,7457200.0
2020-10-19,80.47650582541668,81.64257382944535,79.51997462519705,79.76593780517578,7994500.0
2020-10-20,79.97546854935926,81.05954420528643,79.95724493566331,80.40363311767578,7357600.0
2020-10-21,80.1667769638248,80.95933737454249,79.7750526620134,79.83882141113281,7387600.0
2020-10-22,80.5676384480487,81.02313164244015,80.05748134414355,80.35810852050781,5656200.0
2020-10-23,80.39453128509729,80.57672574302795,79.6475228871447,80.44918823242188,4165400.0
2020-10-26,79.44709609129418,79.96635788469065,78.13527389733581,79.00982666015625,5568000.0
2020-10-27,79.21935420188245,79.4562125452603,78.32659167343722,78.99160766601562,5315800.0
2020-10-28,77.57046167957829,77.80731999295065,76.37706525663154,76.38617706298828,8727300.0
2020-10-29,76.7688117901607,77.73446198613661,76.54106521709708,77.33362579345703,5845600.0
2020-10-30,76.91456133859042,77.20607663015649,75.75761197995175,76.40441131591797,4963600.0
2020-11-02,77.06943218948265,78.30837399453726,77.0056634326169,78.08062744140625,6597100.0
2020-11-03,78.51791231904053,80.38543008523365,78.39947965051081,79.88439178466797,6274700.0
2020-11-04,80.82268547515326,81.7792166812441,80.5858271501951,81.48770141601562,7620800.0
2020-11-05,82.37135846913723,82.86329177910541,81.7792161358271,82.3804702758789,6670100.0
2020-11-06,81.81565587856163,83.35522454506575,81.12331147670014,83.27323913574219,6403000.0
2020-11-09,83.99292720564821,84.24800918700159,81.02311711490391,81.1051025390625,8978000.0
2020-11-10,80.53117582937325,80.89557167390434,78.98249522768431,79.85704803466797,8350100.0
2020-11-11,81.53325460762807,83.06371150844137,81.40571711174965,82.79041290283203,7707300.0
2020-11-12,82.79041879048705,83.71051674784765,81.78833541577659,81.82477569580078,7474600.0
2020-11-13,83.39166232659163,85.45959756416907,83.09103526752196,84.922119140625,9170900.0
2020-11-16,87.83729197417455,93.32143305494297,87.78263502362469,90.43360137939453,18436200.0
2020-11-17,89.25842553431171,89.35862761599857,87.17226642848394,87.19048309326172,10843700.0
2020-11-18,89.75035990443982,90.00544188588417,87.79174507925954,88.30189514160156,8526600.0
2020-11-19,88.15612251013617,88.23811487390212,87.10849404737701,88.01036834716797,5542800.0
2020-11-20,88.05593560362769,88.54786206988688,86.81699372871695,86.84432220458984,5329800.0
2020-11-23,88.51142216486778,90.1238646741299,88.2290117178411,89.39507293701172,8802400.0
2020-11-24,89.72301197109537,89.81410918386077,87.47287536940406,88.03768920898438,7022800.0
2020-11-25,87.63686168188251,89.26752766546785,87.58220473894559,88.8120346069336,5194900.0
2020-11-27,89.7685883011333,90.4336043892011,89.32220697281498,89.9507827758789,4367100.0
2020-11-30,88.87580633959776,89.23109038115525,87.63686462278656,88.38387298583984,13840500.0
2020-12-01,89.90522651663608,95.0158594394752,89.75035358694942,91.88206481933594,16157300.0
2020-12-02,92.92058278640293,92.95702306466559,90.66133418602543,90.67955780029297,8676300.0
2020-12-03,92.06424819978525,92.18268083473059,90.579343436982,90.64311218261719,7359000.0
2020-12-04,92.47420690589611,94.51481395509109,91.73630339124193,94.49659729003906,10824500.0
2020-12-07,96.58274768893536,98.03121926844047,95.62621641027414,96.91981506347656,11793000.0
2020-12-08,98.18608977221645,98.2407467191539,95.75375832967727,96.23657989501953,9876200.0
2020-12-09,96.57364711989615,97.11112563125641,94.2961816644245,95.12517547607422,8204100.0
2020-12-10,93.83157140415477,95.75375269476655,93.1027797199358,94.95208740234375,7135000.0
2020-12-11,94.75166553839684,95.76286065828245,94.03198569044307,94.76988220214844,7492600.0
2020-12-14,94.53303447752936,95.56245332693074,94.28707126279006,94.34172821044922,5878000.0
2020-12-15,96.27300478580783,96.91069223237828,95.12516043170915,95.73551940917969,7399900.0
2020-12-16,96.24567940682371,96.26389607005122,94.70611072889527,95.83573150634766,5986900.0
2020-12-17,95.96564151128995,96.34986832854563,95.0050674885537,95.05081176757812,7779300.0
2020-12-18,95.14230152526436,95.87416817499006,94.37384782469024,95.39845275878906,7417000.0
2020-12-21,94.73977355272466,96.02053669160163,94.52021635107641,95.901611328125,6116400.0
2020-12-22,96.12113426695458,96.25836008641906,94.14510619728952,95.0873794555664,5597100.0
2020-12-23,95.75522856738658,95.93819870573716,94.77636101090157,94.92273712158203,3320800.0
2020-12-24,95.83757577661615,97.28300161606305,95.75523746181094,96.94451904296875,3172100.0
2020-12-28,98.43568467782308,98.95713738248708,96.92621411813337,97.10918426513672,5157000.0
2020-12-29,97.88678458162643,98.02401044191264,96.25838872120968,96.56942749023438,4602400.0
2020-12-30,98.52718459372397,100.35684452660351,98.25273979155128,99.62498474121094,9571800.0
2020-12-31,100.32024112787003,100.3293844007339,99.20414763388885,99.75304412841797,4909500.0
2021-01-04,101.97607073260606,104.38207040071497,101.04294050297511,102.18647766113281,11262100.0
2021-01-05,102.8360195660364,105.15968107978831,102.4700862558181,103.16535186767578,10583600.0
2021-01-06,104.15336359864217,106.47703195561573,102.9640891347277,105.76346588134766,10609300.0
2021-01-07,109.17577838816568,112.46917105294052,107.57482633485455,111.08777618408203,13556100.0
2021-01-08,115.18623439853178,115.53386724286449,107.01680323012906,108.58116149902344,18976800.0
2021-01-11,109.54172061864573,113.07296427983232,108.68178533455199,112.15813446044922,12006800.0
2021-01-12,114.50011431509857,114.5367013692697,111.31650317314354,112.52407836914062,14163200.0
2021-01-13,113.80482542809563,114.17075873408639,107.94991347103527,109.07515716552734,20650500.0
2021-01-14,112.93573969759652,123.1818309995742,111.30734371727914,115.68022918701172,37125400.0
2021-01-15,117.52819478040885,117.59222561267119,112.71618769908069,114.56414794921875,17343100.0
2021-01-19,119.46762167453205,122.63293896280346,117.50074316445722,120.11715698242188,20443800.0
2021-01-20,123.67583726206321,124.53577946836421,119.01935714237167,119.51335906982422,17360700.0
2021-01-21,121.90108299184173,123.86796167407284,121.06858444071473,122.73358154296875,15460100.0
2021-01-22,118.96446215461178,120.07141236493626,117.83922539873785,118.14112091064453,19163200.0
2021-01-25,120.6020121251289,120.91305090154744,116.50357162092611,119.4035873413086,20469300.0
2021-01-26,118.05879027594546,118.30579823427375,115.49726400517967,115.86319732666016,17084600.0
2021-01-27,114.30797097843525,114.44519683266228,111.151811229198,111.37136840820312,16732700.0
2021-01-28,113.89631178230002,116.71398928302179,113.05467002897198,115.113037109375,14148100.0
2021-01-29,113.43890133702129,113.76824064120628,110.28274114811266,111.17012023925781,15169200.0
2021-02-01,113.93288829284198,116.04614260362773,112.87168252214315,115.87232971191406,10179900.0
2021-02-02,118.44302130552455,119.15658746883258,116.59506110760589,117.50074768066406,9302400.0
2021-02-03,118.01302203010111,118.14109761967306,115.3234206898978,116.64077758789062,9676600.0
2021-02-04,116.64080168836158,117.28117976853707,115.24111318483686,117.23543548583984,7445100.0
2021-02-05,117.82092283317456,117.90326812348704,115.90893191707019,116.8969497680664,6226800.0
2021-02-08,117.73861080762653,121.90108983783091,117.73861080762653,121.26071166992188,11160000.0
2021-02-09,122.56888965665074,122.96227371967919,120.52882316180343,121.37960815429688,7929100.0
2021-02-10,122.69698956650404,124.41687435541918,121.22411277495803,122.30361938476562,12196300.0
2021-02-11,123.86796228690024,127.3717624623311,122.64209357694064,127.30773162841797,12347900.0
2021-02-12,127.08813805897876,127.90233591958118,125.47804284003273,126.30138397216797,11114100.0
2021-02-16,129.54901913769982,130.08876524700798,127.5455400968798,128.12188720703125,11833600.0
2021-02-17,127.3534660541615,127.74683617841701,124.50834474062754,124.66386413574219,12311200.0
2021-02-18,123.3648379466825,124.307111782367,122.03832320552775,123.16357421875,11614600.0
2021-02-19,124.55405780293407,126.20075405122446,124.16068773319455,125.0206298828125,10771900.0
2021-02-22,122.21211131369772,123.75817593044611,121.83702774032896,122.1938247680664,10363800.0
2021-02-23,118.10453796386719,120.5196881838394,114.70136286169098,118.10453796386719,18444700.0
2021-02-24,118.47962192959875,121.10519338124281,116.80548842375099,121.0320053100586,12782900.0
2021-02-25,120.31841112351108,120.33669766766252,115.0123958480452,115.26854705810547,13581200.0
2021-02-26,114.74711126306443,116.54017697680347,112.36855498890439,115.21367645263672,17281000.0
2021-03-01,118.5893881539231,119.20232242783061,116.40293857129667,118.13197326660156,9714900.0
2021-03-02,117.49157662238437,117.57392190784189,115.26854705810547,115.26854705810547,8274500.0
2021-03-03,115.9272468723922,116.87867081273664,112.25877699291385,112.42344665527344,10660300.0
2021-03-04,111.56349658363165,112.66129658320308,103.8240369479035,105.74517822265625,24454200.0
2021-03-05,110.60291804137577,110.96885133686659,105.55305391871606,110.51143646240234,17448700.0
2021-03-08,110.27359628865673,110.69441720245311,104.01615618269724,104.22657012939453,17246900.0
2021-03-09,107.09913033824311,108.31585571473191,105.50732835237228,106.4678955078125,17717100.0
2021-03-10,107.7669696655357,107.97737664304668,103.75086678947636,104.13509368896484,15240300.0
2021-03-11,108.16946778824828,110.51143669659429,107.09911865483699,110.31017303466797,15091600.0
2021-03-12,108.86473561085265,108.86473561085265,107.29122739117038,108.22435760498047,8171000.0
2021-03-15,108.54454257638935,108.96536339027489,106.76977076946618,108.93791961669922,8935000.0
2021-03-16,109.52342606608978,110.923114559883,108.04139925993354,109.1849365234375,10793400.0
2021-03-17,108.12708111550792,109.75242778726178,105.95994754923927,109.0545425415039,9890400.0
2021-03-18,108.35666133430847,108.65969435674317,104.77538044835129,105.14269256591797,10283800.0
2021-03-19,105.0324803735108,105.50080342518383,103.95809837781512,104.3437728881836,11536000.0
2021-03-22,105.40897990036989,108.65968015628074,105.40897990036989,107.6036605834961,9376400.0
2021-03-23,106.61190725433578,107.20878841973584,105.25286186833279,105.50079345703125,8977400.0
2021-03-24,103.27858070285995,105.31715608068818,99.95441655464596,100.05542755126953,24196100.0
2021-03-25,99.17387767078895,103.53569173501347,99.07286667935638,101.42365264892578,16772400.0
2021-03-26,102.84699267274401,107.16289045575992,102.11236849415197,107.03433227539062,12910900.0
2021-03-29,107.02515279909666,107.21799006649145,103.20511834243224,105.04167175292969,10863600.0
2021-03-30,105.85893681455863,106.60273869938761,104.94984484355709,105.66609954833984,8206200.0
2021-03-31,106.3272773932326,108.68724861951708,106.11607063495738,108.61378479003906,9806500.0
2021-04-01,112.77356868941175,114.67440133668822,111.69918654223282,114.60094451904297,17904000.0
2021-04-05,116.68543345237526,116.98846647975523,112.65419883470763,114.3254623413086,14113900.0
2021-04-06,113.86631685939133,113.87550158853077,111.6073568978883,112.43380737304688,13042300.0
2021-04-07,112.4337864203202,112.58989175712131,110.04626171348187,110.09217834472656,11193200.0
2021-04-08,111.46042543480272,113.70102286712337,111.46042543480272,113.3428955078125,10226700.0
2021-04-09,112.71846477139587,113.35207793541892,111.75427143535171,112.7643814086914,8315200.0
2021-04-12,112.22260896751322,112.45217817176864,109.49532570001541,111.01966857910156,9868400.0
2021-04-13,112.39707030939172,112.85620866277495,110.5146002581624,111.35941314697266,8384800.0
2021-04-14,112.02055034048992,112.42459424983181,110.6523202918919,110.96453094482422,9521900.0
2021-04-15,111.75427275616224,112.02975857140085,107.03433102928139,108.67804718017578,18709100.0
2021-04-16,109.4494084497641,110.74417502863903,108.21891395747818,109.12800598144531,9512100.0
2021-04-19,108.35665726479334,109.16473828837444,105.78547954428744,105.9691390991211,12630300.0
2021-04-20,106.56599511216665,107.23633306207721,105.18858030419841,105.5558853149414,9299200.0
2021-04-21,105.14267565462187,107.88832085635403,104.47233062243974,107.80567932128906,8472200.0
2021-04-22,107.89751150214587,107.89751150214587,105.06003988164254,105.89566802978516,7411800.0
2021-04-23,107.05268837168377,109.01779974736915,106.45580717681234,108.9443359375,8380300.0
2021-04-26,110.19320412542318,111.6073510857402,109.64223950597511,111.58898162841797,8444000.0
2021-04-27,111.57061987212286,111.70836277931689,110.09219381375728,111.35941314697266,5491800.0
2021-04-28,110.19320742898721,110.57888197357376,109.0269990662911,109.88099670410156,6476500.0
2021-04-29,110.85434018827993,110.95535116373989,107.99849971313466,109.36672973632812,8831800.0
2021-04-30,108.36583076166784,108.52193611267406,107.11697394182819,107.19961547851562,7950700.0
2021-05-03,107.86998167237081,107.9434455010926,106.27218193010178,106.46501922607422,10229500.0
2021-05-04,105.60180817178518,106.35479469764387,104.4447777032091,105.93238830566406,9638300.0
2021-05-05,106.52011695760264,106.97007066241045,105.46409715555055,105.9507827758789,7059000.0
2021-05-06,105.87730974215978,108.02607392693739,105.10595364610685,107.4383773803711,8581700.0
2021-05-07,108.72395879672851,109.6605979146707,106.56601003000598,107.28226470947266,9614300.0
2021-05-10,105.58346473005969,105.95076982858707,103.05820364525772,103.13166046142578,12281200.0
2021-05-11,100.76249905949933,103.75607586966784,100.21152746930875,103.62751770019531,10007700.0
2021-05-12,100.41354157799081,101.09306427847655,99.22896396139754,99.36670684814453,15058900.0
2021-05-13,100.42273629929164,102.3235687090646,99.08205321371267,99.86258697509766,10552000.0
2021-05-14,101.57059097900765,103.60916646690826,101.23082606239235,103.26940155029297,8425200.0
2021-05-17,100.15643716783325,101.03798193957789,99.05450795462619,100.8267822265625,10688600.0
2021-05-18,103.76527283139754,104.20604875433737,101.68996541311881,101.78179168701172,7476600.0
2021-05-19,99.63301418164596,103.2969359673205,99.17387586744483,103.21429443359375,7280500.0
2021-05-20,103.20513407059508,104.42644395611482,102.93883294478199,104.02239990234375,6442500.0
2021-05-21,104.6835633372425,104.6835633372425,102.56234600624317,102.70926666259766,5979400.0
2021-05-24,103.08573836542527,105.17940799987677,102.95718019530246,104.3437728881836,6653600.0
2021-05-25,105.46406066529492,105.54670919809413,104.31621497454096,104.94064331054688,5331700.0
2021-05-26,104.68351245748586,106.52006530761719,104.68351245748586,106.52006530761719,6605100.0
2021-05-27,106.52010566616175,107.00679123490002,105.6018288931776,106.30889892578125,6513700.0
2021-05-28,106.79558037989526,108.20972029784954,106.47417793810149,107.76895141601562,5386500.0
2021-06-01,109.92690330156252,110.22993629503944,107.8332335391679,108.8249740600586,7596100.0
2021-06-02,109.1831095300026,109.68815755077844,108.28319521135927,109.22901916503906,5383400.0
2021-06-03,108.40254687105843,108.59538410112141,106.94248354930461,107.27306365966797,4912200.0
2021-06-04,108.56784740873027,110.05545104310323,108.40255733758944,109.74324035644531,5352100.0
2021-06-07,108.48520622825677,109.04535556256555,107.96178880179225,108.55867004394531,6266000.0
2021-06-08,107.94342787600291,108.06280132376219,105.6569138701814,106.4466323852539,11564800.0
2021-06-09,106.52009674278322,108.03525469245875,106.4925495628447,107.55774688720703,6401600.0
2021-06-10,107.47509721762889,109.13717566988329,107.09860043789465,108.5770263671875,8566600.0
2021-06-11,108.62295169630934,108.74232514520091,107.58530154731125,108.58621978759766,6036600.0
2021-06-14,108.86170455904842,111.11147965043891,108.7790560137636,111.102294921875,7610300.0
2021-06-15,110.51458355208352,112.02974129038644,109.5228431772786,109.6881332397461,8196900.0
2021-06-16,109.7799767950558,110.10137222279731,107.89750685187785,108.37500762939453,8059400.0
2021-06-17,108.47734005650372,110.8371439737984,108.39437446387704,109.80473327636719,7608100.0
2021-06-18,108.32062606075937,108.67090722528428,106.20048508570233,106.7351303100586,12532800.0
2021-06-21,106.35717839821926,106.37561831870376,104.1817319438068,105.21414947509766,11116200.0
2021-06-22,104.6242176584212,105.5367969710238,103.25073870855684,105.38931274414062,11792400.0
2021-06-23,107.11306436382421,108.23766051450505,106.75356323798621,106.97480010986328,8913700.0
2021-06-24,107.59239909852084,108.4681054875602,107.17758525678947,108.07173156738281,6772200.0
2021-06-25,108.2653050993857,108.70777177658832,107.41725158691406,107.41725158691406,6712800.0
2021-06-28,108.11782723448056,110.5698094091298,108.01642876152596,110.25640106201172,11026600.0
2021-06-29,110.06283914907834,110.8832399733147,109.15947272980438,110.82793426513672,7874900.0
2021-06-30,110.76339721679688,111.31647534007513,109.70332671139779,110.76339721679688,7936400.0
2021-07-01,110.70808494644204,110.80948342329202,108.7999608418186,109.15946197509766,8295600.0
2021-07-02,109.46366901171145,109.86004299975941,109.15026061932363,109.61116027832031,5144300.0
2021-07-06,110.47764611085177,111.50084390955452,108.97511576443999,110.6620101928711,7181500.0
2021-07-07,111.20585371278143,111.58379475638984,108.96588139989548,109.00275421142578,7391800.0
2021-07-08,106.80888256298543,109.03041511786486,106.35719586294242,108.65248107910156,7565400.0
2021-07-09,108.77230686670835,111.34412750859087,108.42202569842627,111.13211059570312,8374200.0
2021-07-12,111.7128513133363,113.13242297628669,110.17344124910639,113.04023742675781,10668700.0
2021-07-13,113.55646841042783,115.66738984455652,112.57935628071638,114.21094512939453,13460200.0
2021-07-14,115.36315931533302,115.94389021927353,114.36761459477583,114.66259002685547,10587700.0
2021-07-15,110.726537081991,111.26117534380448,107.73068928571952,108.33907318115234,23734500.0
2021-07-16,109.46366662287488,109.68489648518958,106.16362344861086,106.68904876708984,12110000.0
2021-07-19,105.0851240032925,106.57844145513678,104.37534161102275,106.32955169677734,9230200.0
2021-07-20,106.81809240710241,107.73067870981929,105.48148633462702,107.29743194580078,7108000.0
2021-07-21,107.14073085850795,108.65248107910156,106.86418826798244,108.65248107910156,5564700.0
2021-07-22,108.85525973562368,108.85525973562368,107.12227984173398,107.44490814208984,5746500.0
2021-07-23,108.44969225896963,108.44969225896963,106.31111810103181,107.65694427490234,5773900.0
2021-07-26,106.73515334309194,107.02090890653326,105.88709958317031,106.6061019897461,6440600.0
2021-07-27,106.30188081665275,106.37562643868185,103.28760060210207,104.66107940673828,11127500.0
2021-07-28,105.02982611669428,106.4770508965555,104.97451337028856,106.07145690917969,6819700.0
2021-07-29,106.92871478761874,107.95191253484603,106.56921363673027,107.06698608398438,7162000.0
2021-07-30,106.46782605032705,108.23767913316875,106.18207049929342,107.5186767578125,6482600.0
2021-08-02,108.31140170766295,109.12258243971908,107.53709378607796,107.72145080566406,6028800.0
2021-08-03,108.13626092940349,109.36225554224694,107.70301418405506,109.1502456665039,5874700.0
2021-08-04,109.1686893580339,110.20110708670646,109.03041805904118,109.4544448852539,4254000.0
2021-08-05,109.75864032211912,109.91534451233085,108.9935452295272,109.89691162109375,4452300.0
2021-08-06,109.11337259370677,109.3253824689423,108.26531199445563,108.96588134765625,4338100.0
2021-08-09,109.15946231716589,109.50053056152736,108.14548457825853,108.97510528564453,4280200.0
2021-08-10,109.23320110404603,109.74019345814308,105.15885048068807,107.26055145263672,5132800.0
2021-08-11,107.38962188551619,108.11784419974532,106.19127994407165,106.91950225830078,4490400.0
2021-08-12,106.51389639590982,106.88261043592632,105.49069875949415,106.65216064453125,6338400.0
2021-08-13,106.0714452333186,106.48625210545922,105.53679995113295,106.46781921386719,4593200.0
2021-08-16,106.09909456042263,106.44938278396253,105.1772952905097,105.66584777832031,5435900.0
2021-08-17,104.83622855260472,104.9468399582088,102.0892637781948,102.42111206054688,13398800.0
2021-08-18,103.00184309270298,104.16331208154894,101.74819558821495,101.8127212524414,9167300.0
2021-08-19,100.47612642125263,102.29207221667822,99.25935159360884,101.87725830078125,12146900.0
2021-08-20,100.60517204395757,101.13059734800272,99.30543872669654,99.6649398803711,13042000.0
2021-08-23,101.47164102377435,102.62388983527406,100.72497901163987,102.28282165527344,9533500.0
2021-08-24,103.0755881497751,104.22783717087023,103.05715525985634,103.34291076660156,6719800.0
2021-08-25,106.66140654435677,109.86005155204217,106.56922801193573,107.87818145751953,22106800.0
2021-08-26,108.75389053197172,109.19635028212673,107.25135308877752,108.864501953125,9892100.0
2021-08-27,109.07651478986455,109.97066125195344,108.48656379003137,109.2239990234375,6827700.0
2021-08-30,109.58349226698684,110.15501033356914,109.20555823166946,109.68489074707031,6434200.0
2021-08-31,110.62512255252,111.35334475517949,109.41756083361315,109.70332336425781,8424900.0
2021-09-01,110.81871002343162,111.86956063485702,110.21031912588515,111.0399398803711,8603900.0
2021-09-02,111.48241040167885,111.8972172765815,111.03994364004818,111.3441390991211,6866400.0
2021-09-03,112.07235954554423,114.74557889737939,111.77738405358267,114.27545928955078,10361400.0
2021-09-07,114.87462566233555,115.48300951344908,114.20170911192811,114.9483642578125,9739900.0
2021-09-08,113.35366877907653,113.51037298290174,111.74973985683442,112.35812377929688,7983300.0
2021-09-09,112.63465455737398,113.83298938345168,112.34889200264452,113.08633422851562,5101300.0
2021-09-10,113.39973869614924,114.61651340397476,113.27990732750122,113.35365295410156,5163900.0
2021-09-13,113.32600367329879,114.39528716161747,112.64386715490608,113.95282745361328,6622800.0
2021-09-14,113.9620363444597,113.9620363444597,112.82822722920098,113.46426391601562,5110500.0
2021-09-15,112.83746753578599,112.92042610576614,111.42710855118202,111.99862670898438,5566500.0
2021-09-16,111.0702545390602,112.11616356043997,110.46862258130896,111.80146789550781,7301400.0
2021-09-17,111.2461169029323,111.50527969768741,108.93215329025233,108.98768615722656,10722700.0
2021-09-20,106.62743503301945,107.37716400738248,105.10022477552864,106.16464233398438,8991000.0
2021-09-21,107.04394483376022,107.2475747362383,106.02580238302544,106.40528869628906,8182200.0
2021-09-22,106.65519981111422,107.59003590237978,106.35901279040179,107.24757385253906,5345600.0
2021-09-23,108.26573299884147,108.26573299884147,106.98842053735171,107.54377746582031,5484700.0
2021-09-24,107.36791745897617,107.88624307663412,106.93289114630313,107.03470611572266,4455900.0
2021-09-27,107.09022672256665,107.89548855349311,106.45157760584469,107.50674438476562,5198800.0
2021-09-28,105.82220961768202,106.47937458525065,103.52675408644019,103.57303619384766,9792300.0
2021-09-29,103.94324879088181,104.45231655105101,102.75849348387426,103.31385040283203,6522400.0
2021-09-30,104.06357695145695,104.91511390769081,103.34162139892578,103.34162139892578,6433400.0
2021-10-01,103.66556060048177,103.94323903389542,102.09206830888682,103.25830078125,5315200.0
2021-10-04,102.7399803309696,103.13798233904231,100.44452541104081,100.90731811523438,8514500.0
2021-10-05,101.62928782834996,102.13835560184796,101.09244655885162,101.12947082519531,8039600.0
2021-10-06,100.37047767415518,101.37010448589857,99.57447370774351,101.20349884033203,7553600.0
2021-10-07,102.73998944014164,103.39715429096354,102.26793886274734,102.5826416015625,7821900.0
2021-10-08,102.72144698736426,102.80474626445975,101.36083563490133,101.85139465332031,5143400.0
2021-10-11,101.88844043050453,103.39714205926768,101.72183477946609,102.05504608154297,5318500.0
2021-10-12,102.2494108788061,102.76773639548085,100.48153953754604,101.07391357421875,9294600.0
2021-10-13,101.18498585483138,101.86066623858098,100.8425167477726,101.7958755493164,7845100.0
2021-10-14,105.6463179362683,106.2016677689057,102.88807737411823,104.18389129638672,16930500.0
2021-10-15,106.23867273842951,106.39602053446356,104.55410788376123,106.3127212524414,11558800.0
2021-10-18,104.97990423226443,106.76628450449645,104.97990423226443,106.75702667236328,6773800.0
2021-10-19,107.18277165172276,108.27496249736625,107.0254167969497,108.2564468383789,5406100.0
2021-10-20,108.18240151118499,108.32124071105885,106.95137849516298,106.98839569091797,8205800.0
2021-10-21,106.45158898513141,107.69187014984045,106.0813533774853,107.63633728027344,4640300.0
2021-10-22,107.59005895837373,108.43234517188027,105.7296371459961,105.7296371459961,6283000.0
2021-10-25,105.88696429160719,106.0258035049164,104.69295835579707,105.18351745605469,6667700.0
2021-10-26,106.38679654625048,106.72000788152535,105.25758113911417,105.683349609375,4852300.0
2021-10-27,105.54450213786338,106.49785397095339,105.24831509203291,105.28533935546875,5394500.0
2021-10-28,105.20203494454904,107.38640988781943,105.09096215964139,107.37715911865234,5714300.0
2021-10-29,105.58153625012211,105.69260905079067,104.79478999827623,105.23906707763672,7118900.0
2021-11-01,105.12799825073976,105.83143811600816,104.91511048779233,105.62781524658203,4955700.0
2021-11-02,105.13723719260601,106.25720168756096,105.0909621618021,105.61854553222656,4479700.0
2021-11-03,104.99841754330558,105.60930027892357,104.34125270971586,105.5260009765625,6073000.0
2021-11-04,104.93362559194497,109.08024447646528,104.0450644024049,109.02471160888672,14682800.0
2021-11-05,109.37642815279204,110.6352248977425,107.5993058287407,109.03396606445312,8668100.0
2021-11-08,109.58005740609661,113.1528176953992,108.33977633179117,111.91253662109375,15776300.0
2021-11-09,112.22722196877223,114.09690124001007,111.22758811128395,112.71778106689453,10874100.0
2021-11-10,110.70002645884153,111.81073331661679,108.92290396038963,109.40420532226562,9046100.0
2021-11-11,110.38532705440349,111.50528464523492,109.0339730920369,109.39495086669922,6994000.0
2021-11-12,109.58005623224145,109.97805824139732,108.54339802983034,109.85773468017578,6947200.0
2021-11-15,110.44084641237251,110.73703344923537,108.7655391471472,109.33014678955078,5157000.0
2021-11-16,108.93214361131898,109.57079270974641,108.44158449888346,109.29312133789062,5555100.0
2021-11-17,109.21908461105082,110.65374490306203,108.76554971153999,110.20020294189453,6391400.0
2021-11-18,111.042491886358,114.36534039153482,110.88514404853412,114.20799255371094,13229700.0
2021-11-19,112.94918606456551,115.51306159598862,112.93992823323354,115.01324462890625,9071800.0
2021-11-22,114.30979228354168,118.55822570837161,114.04137168098325,115.4667739868164,16076100.0
2021-11-23,113.58784490430803,114.03212195541713,110.62596729640303,112.32904815673828,10984000.0
2021-11-24,111.0702521808496,111.87551405135707,109.58931689743622,111.7274169921875,6992600.0
2021-11-26,108.75628631765233,110.18168870487392,107.84920950336355,108.37679290771484,6766900.0
2021-11-29,109.55227942058465,110.95916600474203,109.12651101930471,110.40381622314453,7634000.0
2021-11-30,109.311638236684,111.22759980073309,107.14577171282697,108.43233489990234,10561800.0
2021-12-01,110.34827924511406,114.31904098090743,110.34827924511406,111.65335083007812,12924400.0
2021-12-02,111.39419894372394,114.21723717416921,111.08875407387457,112.64373779296875,8425500.0
2021-12-03,111.99585283944796,112.78259915367458,109.2005875533943,110.45012664794922,7809000.0
2021-12-06,110.04284986115196,110.60745753147526,107.90474980374636,110.27424621582031,5681200.0
2021-12-07,111.5700571940202,113.45825212593114,111.31089442993243,113.21759796142578,7459200.0
2021-12-08,112.57896558848279,113.125064723811,111.17207868855257,112.73632049560547,5795700.0
2021-12-09,112.16243610617015,113.00471512596883,110.59819456155773,110.60745239257812,6103900.0
2021-12-10,111.07023827112653,111.80145152047677,109.4412061325531,110.26497650146484,5973900.0
2021-12-13,110.01508351510316,110.17243134160405,107.72888639931419,107.75665283203125,5854300.0
2021-12-14,106.84959102756102,108.27499352692155,106.67372752505632,107.63633728027344,6267300.0
2021-12-15,108.09910444741458,111.54228277902664,107.81217527366529,111.44046783447266,6700700.0
2021-12-16,111.84568476718353,112.22674793604817,107.942148544885,108.341796875,9116100.0
2021-12-17,108.08157000459025,109.19686412399561,107.74698035059522,108.10945129394531,11725600.0
2021-12-20,107.7376880586339,108.38828222716663,105.86957069668011,106.82686614990234,6980800.0
2021-12-21,107.87709833707164,109.2061608334022,106.9569803291096,109.15039825439453,6122900.0
2021-12-22,108.66711416699223,112.86807061587169,108.58347028675507,112.73795318603516,9300100.0
2021-12-23,112.42195515060268,113.19337073701142,111.38100856083904,112.1617202758789,6512500.0
2021-12-27,112.663586904045,114.55959266313086,112.64499464974573,114.03911590576172,6309900.0
2021-12-28,114.6711088574521,114.9313507612178,113.26769867490938,113.44428253173828,6321000.0
2021-12-29,113.2026427538204,114.45735039877171,112.43122733172083,112.84017181396484,5847700.0
2021-12-30,112.45913648836236,112.97031721783878,111.70631313301413,111.92007446289062,4187800.0
2021-12-31,112.78440928575755,113.15617637580226,111.73417381543364,111.81781768798828,3888200.0
2022-01-03,115.36818723249996,120.44278813964995,115.24736593383017,119.70855712890625,18592000.0
2022-01-04,121.6324242962908,125.93561631441433,121.10266560954383,123.98384094238281,25554900.0
2022-01-05,121.48372437556124,121.64172307221581,117.92405954693383,118.09135437011719,17891200.0
2022-01-06,118.03560023802143,119.8944285882265,116.00018092546932,119.40184020996094,16249000.0
2022-01-07,117.6173855932486,118.1657366410467,114.60607807666274,114.78266906738281,21248100.0
2022-01-10,116.27902094228706,116.98537777934085,114.55960594535574,116.18608093261719,11857700.0
2022-01-11,117.60806495860982,120.40560347767196,116.6414734117044,120.05242156982422,12113100.0
2022-01-12,121.28854090637648,123.53772134244912,121.02830609107775,122.89642333984375,16389200.0
2022-01-13,130.81505731884695,134.7650679306061,129.11422751832822,129.36517333984375,52020000.0
2022-01-14,126.48397000512938,133.72411427472892,126.48397000512938,130.7313995361328,28255300.0
2022-01-18,127.09737900400687,127.4970202623814,123.88159995706876,124.38349151611328,15191400.0
2022-01-19,125.11775973293526,126.30740900893697,121.69752160986484,121.7625732421875,11155100.0
2022-01-20,122.60832216072352,123.37973766488095,119.15090012890892,119.271728515625,11421900.0
2022-01-21,118.10994562180606,118.94641973063098,115.49828717698233,115.73993682861328,15573700.0
2022-01-24,115.03358107765017,117.17123636333484,111.65051429031519,117.06900024414062,17083400.0
2022-01-25,116.6321796164422,116.93888798753571,113.10969913950304,113.83464813232422,11370500.0
2022-01-26,116.52994413822701,117.72888924843329,113.28629072447238,114.39229583740234,13592100.0
2022-01-27,115.24736906177522,115.37748649183358,107.83993622221737,108.16522979736328,18599800.0
2022-01-28,110.33075720186632,111.15793526038215,106.12980819988253,109.30840301513672,14005900.0
2022-01-31,111.0835813479568,114.10417747848558,110.42369812111461,113.97406005859375,10189100.0
2022-02-01,114.22498924400364,114.54098662037778,111.62262704303274,114.3644027709961,6956300.0
2022-02-02,117.31993984240448,117.54299723122615,113.89969582005068,115.38675689697266,8562900.0
2022-02-03,112.8773541653415,115.13583100322984,110.8326457180022,111.38099670410156,9926800.0
2022-02-04,111.93864445241843,113.23052957623874,110.96275674150732,112.47769927978516,5743200.0
2022-02-07,113.90900455602123,115.34030330600052,113.27700260266502,113.67665100097656,6562900.0
2022-02-08,113.38853156016772,115.11724252663312,113.02606059212184,114.97782897949219,7036200.0
2022-02-09,116.06524778011625,116.68796071019922,114.09489412876502,116.66007232666016,10979700.0
2022-02-10,115.99090805474681,119.57844783790588,115.5819634916297,115.90725708007812,10474900.0
2022-02-11,116.64148207842584,117.64525111604841,111.94793753294692,112.46841430664062,9845700.0
2022-02-14,111.48322806358716,112.9702964244003,109.67087324878891,111.31593322753906,8081800.0
2022-02-15,113.40711637973293,115.81430281984636,112.88664670224571,115.73065185546875,9248700.0
2022-02-16,114.4480654065009,115.5168931676161,112.98888537846743,114.87559509277344,5749500.0
2022-02-17,113.84395289104653,114.08560258869379,111.20441974597169,111.30665588378906,7976700.0
2022-02-18,112.01299516626607,112.17100096777696,110.08910807475529,110.8884048461914,8389000.0
2022-02-22,109.20617265049765,110.93488369546859,107.5518164461609,108.65782165527344,9793500.0
2022-02-23,110.1820498575094,110.99993175337269,107.58898353896262,107.71910095214844,8114700.0
2022-02-24,100.3767322555029,104.0758038419374,97.01225034385614,103.98285675048828,27539100.0
2022-02-25,104.36391512732327,105.02379831895423,101.6407314005511,103.37873840332031,14258900.0
2022-02-28,101.6500296266887,102.02178961943866,97.58848717900274,99.45661163330078,26390800.0
2022-03-01,102.23554951762881,103.26719972093967,99.49378079873,100.4231948852539,20377900.0
2022-03-02,100.7484947571921,102.20767468151183,100.24661026788333,101.87308502197266,13342400.0
2022-03-03,102.15190827034787,102.23555213666174,100.00495685368847,101.1109619140625,10841700.0
2022-03-04,99.44731469415902,100.48826110161384,96.48248126737712,97.64424896240234,22372100.0
2022-03-07,95.99918890706361,96.74271597643644,92.06776391199676,92.28153228759766,29422900.0
2022-03-08,93.13660528846958,95.83190815165057,91.65883996878925,92.9414291381836,25650000.0
2022-03-09,97.13309285426078,98.25768333386338,95.50661778947817,97.54203033447266,14348400.0
2022-03-10,96.83565556607884,98.08106703354431,95.28352865858272,96.62188720703125,11811000.0
2022-03-11,97.92308306222955,97.92308306222955,94.14966358748096,94.25189971923828,18116400.0
2022-03-14,94.3541260787782,94.67013059273914,92.0770641344223,92.29083251953125,17959400.0
2022-03-15,91.11047634794768,94.93036942213357,90.7294201987426,94.88389587402344,13415600.0
2022-03-16,96.18201181426475,98.79692522518043,96.0139101360621,98.70353698730469,20347100.0
2022-03-17,98.75956396816503,99.4880021652247,97.82566738217766,99.45064544677734,8042000.0
2022-03-18,98.72219832937907,99.9642823865258,97.95640348306772,99.66543579101562,10218200.0
2022-03-21,99.6654421656888,100.13239044635634,98.18054292813208,99.85221862792969,10366100.0
2022-03-22,99.35725262631833,100.82346991362729,99.20783288449245,99.96428680419922,10401200.0
2022-03-23,99.45996863511324,101.03825586342808,98.385986328125,98.385986328125,12905300.0
2022-03-24,99.72147601881765,100.84215619375013,98.83427711476175,100.78611755371094,10834000.0
2022-03-25,100.57131393323603,100.8421447666952,98.84359974995976,99.67477416992188,7432100.0
2022-03-28,98.63816562526544,99.66545050366322,97.69492802438783,99.30123138427734,8151200.0
2022-03-29,100.78611411878869,102.50448747842788,99.73081358071221,102.0281982421875,14076200.0
2022-03-30,100.66470215596496,102.11223742092507,99.46931580487941,99.67477416992188,15456300.0
2022-03-31,99.88957511062901,100.06701773688654,97.30268477683936,97.36805725097656,13021600.0
2022-04-01,98.77824733548981,98.94634902055574,95.45357748092604,95.9952392578125,12085100.0
2022-04-04,97.14390993253922,98.59145234471404,96.45282852369272,97.8630142211914,9077200.0
2022-04-05,97.57352959749107,97.68559264058315,95.36019187056029,95.72441101074219,12291000.0
2022-04-06,93.7818976397363,95.38820097932434,93.12817285039968,94.49166107177734,14902600.0
2022-04-07,93.78188643161123,94.538347454655,93.06278924928219,93.87527465820312,12431000.0
2022-04-08,93.9686694572396,94.04337576303479,92.56782469140454,92.7265853881836,11796200.0
2022-04-11,91.72732688982315,91.87674664355468,90.50392460119977,91.12029266357422,12480500.0
2022-04-12,93.3896669312108,93.52975285662085,90.99889373779297,90.99889373779297,13291500.0
2022-04-13,93.20286808981275,95.46289577739533,92.92269630620045,94.79048919677734,15776800.0
2022-04-14,97.12525470744345,97.59220304738307,91.8300622425439,91.85807800292969,17828500.0
2022-04-18,91.47517941310204,93.24024361570841,91.02691298469819,92.24097442626953,10277400.0
2022-04-19,91.93277671460558,92.87600708007812,91.25102911251835,92.87600708007812,10103000.0
2022-04-20,93.76321109989567,94.32354758130629,92.36236633383668,92.46509552001953,8596900.0
2022-04-21,93.15618618409356,93.99669455212106,90.97087155228768,91.204345703125,13038500.0
2022-04-22,90.61597582397064,91.32573915561278,89.05637038640454,89.35521697998047,11650100.0
2022-04-25,88.76687980201663,89.91556869626106,88.20653610963141,89.87821197509766,10654400.0
2022-04-26,88.66414963285467,88.73885594930051,86.63758850097656,86.63758850097656,14176000.0
2022-04-27,85.76907719906622,86.56289516530269,84.25616896944295,84.29352569580078,15846300.0
2022-04-28,86.0679223308344,89.84085868664025,85.71303702875525,88.92564392089844,15176200.0
2022-04-29,87.02049198974991,89.27117925926414,86.63759093504392,86.78701782226562,10629300.0
2022-05-02,86.38542978528251,88.03842352290197,85.20871815210799,87.56214141845703,8251900.0
2022-05-03,86.64692418945788,87.83297684481495,86.39477524603276,87.44073486328125,9511900.0
2022-05-04,87.70224509499845,89.71945832125897,85.8437854773221,89.64474487304688,9082500.0
2022-05-05,87.82361924785073,88.14114060720706,85.19003165675996,86.05855560302734,11517200.0
2022-05-06,85.35814479851773,86.74030768148768,84.30283715300493,85.57293701171875,7944900.0
2022-05-09,83.99465336151579,84.2281274861586,81.25833633569954,81.52916717529297,11428600.0
2022-05-10,84.06935761327412,84.3215136517667,82.26693713004643,82.94868469238281,11690400.0
2022-05-11,82.9953927152088,84.5830140719488,81.99612364654091,82.02413940429688,11531300.0
2022-05-12,80.52056533933214,82.37901756324965,79.74542945759943,81.89339447021484,11592900.0
2022-05-13,82.99538715118035,85.32078751488308,82.33232147016733,84.94722747802734,11180600.0
2022-05-16,83.92928115478793,85.33012590703724,83.58373688420974,84.43358612060547,6729100.0
2022-05-17,87.13254743378945,87.30998292605413,86.26402339248567,87.1512222290039,7668800.0
2022-05-18,85.98384809272501,87.06717142280453,84.39622693664533,84.54564666748047,9610900.0
2022-05-19,83.90126660818655,86.01187490622999,83.63977670180455,84.24681091308594,7739000.0
2022-05-20,86.88973726017963,86.88973726017963,82.95803357664734,84.77912902832031,10469900.0
2022-05-23,85.00326458717915,85.83443910832125,84.65772740851294,85.4515380859375,6920500.0
2022-05-24,83.6024138488702,83.86391086113095,82.66851732313407,82.85530090332031,8788600.0
2022-05-25,83.42497618897038,84.90986820632354,83.15414534852773,84.43358612060547,9113500.0
2022-05-26,83.49969648362067,85.33013292203228,83.15415218463527,84.98458862304688,9762700.0
2022-05-27,86.49751949439643,87.618192743649,86.41346508191577,87.57149505615234,6279000.0
2022-05-31,89.2244841464743,89.92490661317515,88.26257176554897,89.00035095214844,9621700.0
2022-06-01,89.28052803805764,89.99029156437271,87.6275339225678,88.4867172241211,6152400.0
2022-06-02,87.77693271782542,89.999611015675,87.43139556232549,89.97158813476562,6335000.0
2022-06-03,88.1224978433327,88.32795626821124,86.75900944421758,87.57149505615234,9137100.0
2022-06-06,88.72017255820455,89.22447755196428,86.73097546481777,86.95510864257812,9440200.0
2022-06-07,86.54419873525988,87.655538001683,85.70369034574097,87.63685607910156,7360200.0
2022-06-08,87.78626953874283,88.6547935542883,86.9831179921066,87.29130554199219,6446300.0
2022-06-09,86.85236881996988,87.31931703943208,84.79779950436193,84.84449005126953,8086700.0
2022-06-10,84.55499556269612,84.72309722882734,82.7712497095779,82.81794738769531,10460400.0
2022-06-13,80.37114913870717,81.09025360042023,79.3998956985786,79.89486694335938,14603700.0
2022-06-14,81.00618727171279,82.07082880182368,80.58593666116681,81.42644500732422,10449600.0
2022-06-15,81.72529695933544,83.87325495624114,81.59455199974404,83.23820495605469,11742500.0
2022-06-16,80.00586908581228,80.67242732319431,78.85112271007495,79.34869384765625,10505200.0
2022-06-17,79.79933166503906,80.36261963250855,78.81357235002112,79.79933166503906,9735500.0
2022-06-21,80.73814056863779,82.38106784765077,80.73814056863779,81.63001251220703,9604000.0
2022-06-22,79.46133668700942,80.90711329534416,79.3768467371359,79.7148208618164,7868700.0
2022-06-23,78.98254278765683,79.07643006458323,77.6963701798508,78.97315979003906,10370300.0
2022-06-24,79.00132464234149,81.25448324305482,79.00132464234149,80.66302490234375,10670100.0
2022-06-27,81.60183919184156,81.67694614870193,80.34382989610191,80.60669708251953,7358000.0
2022-06-28,80.8789638330084,81.498578392665,79.17970275878906,79.17970275878906,8289200.0
2022-06-29,79.26420406274848,79.43319116294082,78.2315083005041,78.53192901611328,7981300.0
2022-06-30,76.47591158434383,77.18941338679295,75.21790222255143,76.7481689453125,14201600.0
2022-07-01,74.2039643398784,74.37295138532018,71.51895193041034,72.28878021240234,19531700.0
2022-07-05,69.98870468011394,71.49080818259333,69.22825918620681,71.45325469970703,22253100.0
2022-07-06,69.74459723665933,71.63161820460387,69.26579937499724,70.9368896484375,11530500.0
2022-07-07,73.79089477489183,76.00649986506838,73.54680074628766,75.71546936035156,15847800.0
2022-07-08,75.03012973288658,77.13308151723466,74.87992298405801,76.5228500366211,10004200.0
2022-07-11,74.88932133120532,75.35872915672084,73.99744932776382,74.26970672607422,9519600.0
2022-07-12,76.19427218274932,76.49469286714631,74.10071039024328,74.26030731201172,10363700.0
2022-07-13,74.42930093192255,76.7200133282688,74.07255357617794,76.31632232666016,14706500.0
2022-07-14,77.87474140388925,78.89805400430451,75.5840364972838,78.55068969726562,23377000.0
2022-07-15,80.34384873018988,80.77570308948115,78.83235489137273,80.39078521728516,14061000.0
2022-07-18,80.79446808395701,80.8132484069728,78.2690589955229,78.4662094116211,11352500.0
2022-07-19,79.79930530445269,81.17936502455629,79.3862242555529,80.87894439697266,10673100.0
2022-07-20,79.9683148900961,81.44225512868786,79.90259808312429,81.26387786865234,11664800.0
2022-07-21,81.37654649031302,82.42802267000414,81.11367923603912,82.41863250732422,7135000.0
2022-07-22,82.06187937199901,82.36230009337606,80.55038560309089,81.03856658935547,8612100.0
2022-07-25,81.01978302001953,81.39530350155486,80.39077117200033,81.01978302001953,5960900.0
2022-07-26,79.57400752811641,79.98708149698064,78.71968194489003,79.25480651855469,6977700.0
2022-07-27,80.0903503622253,82.52188630309728,80.0903503622253,82.26840209960938,9399500.0
2022-07-28,81.79899588628831,83.19783620590157,81.16060102895842,83.18844604492188,10668200.0
2022-07-29,82.44677695234363,83.75172992479271,82.41861363334878,83.06639862060547,10366200.0
2022-08-01,80.08096863450425,81.57368190892625,79.14215309207205,81.02916717529297,20102600.0
2022-08-02,79.34869365925621,82.15575754164732,79.02010962225579,80.78508758544922,15541600.0
2022-08-03,80.70057521223525,81.46101343460873,79.38623214988355,81.21692657470703,20779400.0
2022-08-04,81.67695441328816,83.01007080078125,81.32020707599396,83.01007080078125,13472500.0
2022-08-05,82.64393630756534,85.41344663134116,82.62516314706481,84.27747344970703,13293500.0
2022-08-08,83.53580191112688,83.64845518109213,81.59245421569825,82.55943298339844,12120300.0
2022-08-09,81.62061376638502,81.80837398272425,79.27357524917903,79.9964599609375,13075000.0
2022-08-10,81.49859129139637,83.24478912353516,81.02918342603853,83.24478912353516,10704600.0
2022-08-11,84.45585921370586,85.43222839776317,83.84562757834563,84.04277801513672,11158800.0
2022-08-12,84.19297108673032,85.76079119237757,84.15541760866412,85.30077362060547,12098800.0
2022-08-15,84.50278861418508,86.3147028897424,84.49339845327502,85.96733856201172,15949500.0
2022-08-16,85.56366518028037,85.7608156243479,83.1509090372697,84.44647216796875,10566100.0
2022-08-17,83.55458746442538,84.2774723167895,83.06640650943325,83.74234771728516,9093100.0
2022-08-18,83.28233286613141,84.18359500263647,83.01007547657342,83.80806732177734,10947700.0
2022-08-19,83.08517869320016,83.16966865721571,81.69572848554634,81.86471557617188,9602800.0
2022-08-22,80.18423940169085,80.76630045745564,79.74299494806644,80.0246353149414,8054000.0
2022-08-23,79.94953148509383,81.30142093566377,79.78992740638867,80.76629638671875,8462500.0
2022-08-24,80.55037122676852,80.8601748922809,79.98707620745068,80.3250503540039,7085800.0
2022-08-25,81.047952569238,82.23085506966174,80.74753186336291,82.21208190917969,6602100.0
2022-08-26,82.14636215892243,82.4186195330176,79.47073922397925,79.55522918701172,9381500.0
2022-08-29,78.77601790488782,79.16092856398082,77.71515172688711,77.78086853027344,9639700.0
2022-08-30,78.65396610500046,78.84173351368382,76.72939851350735,77.72454071044922,8392300.0
2022-08-31,78.9637687827524,79.67727053669621,77.97800968634854,78.2502670288086,8887100.0
2022-09-01,76.46652022247862,76.82327469939638,75.21790104104818,76.6448974609375,11566000.0
2022-09-02,76.56041159876101,77.90291813283343,75.67792268245493,75.95018005371094,8850100.0
2022-09-06,76.07221542144956,76.07221542144956,74.65460207423669,75.1333999633789,12704400.0
2022-09-07,73.59373135763697,75.27421161701862,73.44352463303457,75.05828094482422,9843500.0
2022-09-08,74.17581964530697,75.79996655840071,73.95049875309734,75.33055877685547,8181700.0
2022-09-09,75.8844731244672,76.6636918577981,75.79997598872767,76.54164123535156,7084700.0
2022-09-12,76.95471590835928,77.45228703054033,76.75756549179289,77.12370300292969,7903000.0
2022-09-13,75.49954600046502,76.17549435312063,73.71579499486698,73.98805236816406,12835100.0
2022-09-14,74.86114868832136,75.25545665623972,74.14765403942819,74.78604888916016,8849600.0
2022-09-15,74.18936034011296,74.82192249873911,73.33020294604461,73.62288665771484,10533100.0
2022-09-16,72.80150151882972,73.64177244872711,72.62211540915355,73.53791809082031,10604500.0
2022-09-19,72.27278661927011,73.85891723632812,72.27278661927011,73.85891723632812,10378600.0
2022-09-20,73.20744656949174,74.05716043124444,73.17912397461689,73.78336334228516,8202800.0
2022-09-21,73.24524379932757,74.87857656350225,72.82982635498047,72.82982635498047,10869000.0
2022-09-22,72.17838019245694,72.46162067895864,71.1492870175034,71.4041976928711,10817900.0
2022-09-23,70.14850494516455,70.23347275531617,69.00610711925508,69.7425308227539,12685500.0
2022-09-26,69.36487684958921,70.04464811916627,68.84560512891134,68.93058013916016,13441500.0
2022-09-27,69.402653840047,69.90303910390566,68.30746501845826,68.94947052001953,12430600.0
2022-09-28,67.13674218896462,68.2508101905328,66.7496474073122,68.09974670410156,12943600.0
2022-09-29,66.5797098825815,66.73077338102878,64.65370069910699,65.40899658203125,16120300.0
2022-09-30,64.02111612578229,65.75830993057005,63.955027661655166,64.72920989990234,10472400.0
2022-10-03,64.27603640905262,65.68278074461718,63.87006234136723,65.38066101074219,11945100.0
2022-10-04,66.84406618310852,68.85505024017453,66.76853443933331,68.74175262451172,14900700.0
2022-10-05,68.8456031880761,70.72441739494221,68.52460409932701,70.31844329833984,14037100.0
2022-10-06,69.83695182556123,70.73386800798588,69.73309746299357,70.19571685791016,11796800.0
2022-10-07,67.7976253186436,68.00533400598486,65.85272979736328,65.85272979736328,14758600.0
2022-10-10,65.94714829223724,65.97547089767882,63.265835998240945,63.671810150146484,16042200.0
2022-10-11,60.61283733549095,61.28317259250714,59.12112133380518,59.904747009277344,28699300.0
2022-10-12,60.04636806960078,60.641171622849264,59.829219681231216,60.52787399291992,16468700.0
2022-10-13,59.53653787796937,66.27758779454392,58.83788362804321,62.89762496948242,36639300.0
2022-10-14,63.50186610884582,63.68124500760509,60.216307081019174,60.34848403930664,19440900.0
2022-10-17,61.34925341821128,61.69857510234774,60.46177350112359,61.264278411865234,11280100.0
2022-10-18,62.21785557128955,62.41612100991313,59.27218219080204,60.15021896362305,16656100.0
2022-10-19,59.234411081708885,60.527861476062576,58.696256454712746,60.103004455566406,12385200.0
2022-10-20,60.18798063204216,61.63249101471461,59.83865532151422,60.02748107910156,11300900.0
2022-10-21,58.554648222234874,60.21630707145212,58.554648222234874,60.187984466552734,13699000.0
2022-10-24,57.195100960041835,58.17698833842146,56.34538691941848,57.86542892456055,25010800.0
2022-10-25,56.609744118682954,57.93152079239698,56.18488707344975,57.723812103271484,21700600.0
2022-10-26,57.45945376535457,58.516872861616186,57.05347968703467,57.44057083129883,14006000.0
2022-10-27,58.39413639931698,58.960613624176105,57.50666009572124,57.54442596435547,12937600.0
2022-10-28,57.37448341273639,58.564079467604394,56.71359511489795,58.545196533203125,11972300.0
2022-10-31,58.14867056555607,58.79067598254229,57.65772503482825,58.110904693603516,10802800.0
2022-11-01,59.72535968782779,59.885862847645946,58.13923263549805,58.13923263549805,11561900.0
2022-11-02,59.007817860183025,59.37602606738235,57.138450622558594,57.138450622558594,16547200.0
2022-11-03,56.64750753700155,57.48777832255216,56.109356503524154,56.911861419677734,11040900.0
2022-11-04,58.0731348541814,59.007820312615905,57.610515559799346,58.98893737792969,14662800.0
2022-11-07,59.121118946839445,59.41379905505787,58.50743972848392,59.2532958984375,8507100.0
2022-11-08,60.77333691268643,62.07622699256926,60.631716703261475,61.38701248168945,14102800.0
2022-11-09,62.81264774804899,62.87873622323521,61.320928218870314,61.36813735961914,15086800.0
2022-11-10,63.95505610610974,66.91017338106519,63.55852514498718,66.88184356689453,21367900.0
2022-11-11,68.67565007158899,70.4317231373138,68.33576449737761,69.70475006103516,15524700.0
2022-11-14,69.14772523899515,69.56314261761713,68.20360007165675,68.73231506347656,11575300.0
2022-11-15,77.34272379709903,78.29629213209644,75.53944866387496,75.96430206298828,48742400.0
2022-11-16,76.05871397082537,76.06815723847315,74.49147008712076,75.01073455810547,24006600.0
2022-11-17,74.8691292191593,78.30574427809415,74.2932122864655,76.92732238769531,24278400.0
2022-11-18,78.15467015802072,78.21131535578984,76.47412872858041,77.67316436767578,18578400.0
2022-11-21,76.29477124001171,76.5024799804296,75.02964666198298,75.46394348144531,18659700.0
2022-11-22,76.80458921057026,78.54178345155249,76.69129878825032,77.9281005859375,16504700.0
2022-11-23,77.83369366606551,78.31519239290819,77.16336555340796,77.38995361328125,14683800.0
2022-11-25,77.55042660329126,77.76757852175885,76.85177612304688,76.85177612304688,5908300.0
2022-11-28,75.78491369989821,76.54965987948415,74.48202373938878,74.79358673095703,13214200.0
2022-11-29,75.44503996375185,75.7282731710089,74.5481167996808,74.89744567871094,11502300.0
2022-11-30,76.12481347163964,78.76836695416254,75.97375718289466,78.34351348876953,21667300.0
2022-12-01,78.40015786675492,78.95718828006724,76.6063185371105,78.06027221679688,15975100.0
2022-12-02,77.2388816512607,77.5693312394947,76.61576275402992,76.94620513916016,10519800.0
2022-12-05,77.36161376542371,77.58820177479974,76.42692472092956,77.05949401855469,11523300.0
2022-12-06,76.85177188981486,76.8895377519508,74.73693403191434,75.11457824707031,13992100.0
2022-12-07,74.58588147960576,75.25620942346787,74.19878673848811,74.81246948242188,14925300.0
2022-12-08,75.0107417278079,76.44581601712484,74.68029935957814,76.28531646728516,11197500.0
2022-12-09,76.33252143621594,77.59765295740142,76.18146514892578,76.18146514892578,13787900.0
2022-12-12,75.33175740273894,75.93599700927734,74.3970753868599,75.93599700927734,11516600.0
2022-12-13,77.50323269827733,77.50323269827733,75.180685615967,76.01152038574219,16938000.0
2022-12-14,76.30419213966812,76.95564077941953,75.0768265987371,75.54888916015625,17910000.0
2022-12-15,75.20803427411195,75.20803427411195,73.47998729760283,73.68887329101562,17080200.0
2022-12-16,73.68888040245659,74.11614198008459,72.37860528632326,72.445068359375,11929100.0
2022-12-19,73.03372016992036,73.22361978905114,71.93233135468093,72.2551498413086,12561300.0
2022-12-20,71.31518054473726,72.35010645337931,71.11579134886854,71.7994155883789,12080600.0
2022-12-21,72.02730102198781,73.50848231439959,71.94184435453906,73.24263000488281,10806100.0
2022-12-22,72.42605409935518,72.56847699922602,70.28023554137546,71.47657775878906,13019700.0
2022-12-23,71.10628509521484,71.54304335814216,70.42266094665736,71.10628509521484,7452600.0
2022-12-27,70.57459841797075,70.96388006265009,70.41318913222399,70.56510162353516,8974800.0
2022-12-28,70.44167236605253,70.78348452687557,69.15987314100028,69.36875915527344,10275700.0
2022-12-29,70.59358700380376,72.1982048495671,70.40369457265402,72.16022491455078,11142500.0
2022-12-30,70.53661667398958,70.80246895991036,69.92895223647598,70.72650909423828,7784100.0
2023-01-03,72.01780402586849,72.1317438341713,70.04289081221229,70.28975677490234,9276200.0
2023-01-04,71.20124473792859,72.73939936283,70.70752011730474,72.46405029296875,12316400.0
2023-01-05,72.16020982294829,72.57798177682308,71.53355189213609,71.90385437011719,10039200.0
2023-01-06,72.63493293276487,74.76175769883594,72.30261769493016,74.1256103515625,13744100.0
2023-01-09,76.4898181408422,77.11647605565058,76.01507993044686,76.25244903564453,22247600.0
2023-01-10,76.44235872931172,77.45829834354257,76.39488200445008,77.16395568847656,10269000.0
2023-01-11,77.44880414734493,77.75263636242858,76.55629384631672,77.648193359375,11771400.0
2023-01-12,80.66752859597608,84.34200553324652,80.15481037840826,82.60446166992188,36086800.0
2023-01-13,81.0948017446522,82.69941230961324,80.61056663923554,82.4145736694336,18719900.0
2023-01-17,81.86386502435859,85.19652956909748,81.80689875239186,84.49391174316406,21850000.0
2023-01-18,85.90862680603104,86.61123730511613,84.84521064325442,84.94965362548828,19209800.0
2023-01-19,84.53189871638916,85.46238895165688,83.80080493748208,83.93373107910156,13651100.0
2023-01-20,85.45287241721148,86.43083190917969,84.69328843148658,86.43083190917969,14287200.0
2023-01-23,87.12397463458039,90.89339788653588,87.08599470140003,90.82693481445312,22875100.0
2023-01-24,90.95035284852516,93.04869499913185,86.9245746033939,89.7824935913086,11370500.0
2023-01-25,87.99748248233334,88.30131467317197,86.51630145748639,87.74112701416016,14147300.0
2023-01-26,89.14635630651024,89.51665159647649,87.95951057099495,88.72858428955078,15759400.0
2023-01-27,88.13041444346172,89.36473687511294,87.57971629740616,88.58616638183594,13646600.0
2023-01-30,88.15890660484136,89.48817538023067,87.90255109346947,88.42475891113281,14079800.0
2023-01-31,86.40235498412208,88.07343552640118,85.45287855572514,88.04495239257812,13342100.0
2023-02-01,88.30131261183075,90.93135927326223,87.89303743580376,89.95339965820312,16788500.0
2023-02-02,91.71943001489952,92.5739603282542,90.99782583429656,91.76690673828125,14925300.0
2023-02-03,90.23825515812615,92.05175166160706,89.54513406643117,89.87745666503906,12242200.0
2023-02-06,87.1619465512173,87.39931567881436,86.1554965243327,87.1904296875,12425200.0
2023-02-07,87.14296357275434,89.91543358205128,87.04801735894341,89.77301788330078,15258900.0
2023-02-08,90.21925026329654,91.09277411402763,89.46917023271446,89.51663970947266,12899700.0
2023-02-09,91.14975233071723,93.58990686898022,90.78895383555682,91.80489349365234,16997400.0
2023-02-10,91.10227323706289,91.62448824379695,89.4881659790452,90.55158233642578,11511400.0
2023-02-13,90.64653172542685,91.52004845468558,90.11482715004006,91.25419616699219,7803500.0
2023-02-14,90.9788550455969,93.98869437794728,90.40917048727404,93.01073455810547,15345100.0
2023-02-15,87.66515778046671,88.94694947211823,86.1839696700887,88.07343292236328,30208300.0
2023-02-16,86.38338029741556,87.15245399012002,85.338950290124,86.23146057128906,15568400.0
2023-02-17,85.42440695916409,85.73773596139598,84.44644726486266,85.54783630371094,11235300.0
2023-02-21,83.91474602696329,84.90220263939162,83.0602228136082,83.2121353149414,14007600.0
2023-02-22,83.31657863530582,83.63939722928394,82.28165253162422,82.44306182861328,10106400.0
2023-02-23,85.73774803040381,87.3423587111133,84.94018384371874,85.52886199951172,15468300.0
2023-02-24,83.6393926413165,83.69636616484144,82.83233895670925,83.65838623046875,8817600.0
2023-02-27,84.21856648001405,84.36098941027308,82.8323315962838,82.8893051147461,10609400.0
2023-02-28,82.7373843931456,83.69635771846704,82.50951205383741,82.6709213256836,7520400.0
2023-03-01,84.54139106889059,85.4908675985359,83.81029008446231,83.95271301269531,8176700.0
2023-03-02,83.21211912562738,84.8262262634127,82.71839453743577,84.53189086914062,9761600.0
2023-03-03,84.19007799410919,85.31046053360737,83.43999070340077,85.25349426269531,10844000.0
2023-03-06,85.52883824993923,86.71568378323458,84.98763697651376,85.0541000366211,9960000.0
2023-03-07,85.4054074938779,85.68075654562341,83.83877707839557,84.3609848022461,8761100.0
2023-03-08,83.88625407082814,86.25044871761325,83.68686485906856,86.24095916748047,8813000.0
2023-03-09,85.17753253400923,86.10802265406875,84.09512994687849,84.38946533203125,10354700.0
2023-03-10,83.58241023069093,84.66481279765247,82.79434304339757,82.8418197631836,11928800.0
2023-03-13,82.01577922384304,84.50341031509122,81.94931615717269,83.30706787109375,11847600.0
2023-03-14,83.5824128030791,85.10157371189122,83.27858062131668,84.77875518798828,11100100.0
2023-03-15,82.794348851143,82.8323287808499,81.12327540762487,82.31961059570312,12171500.0
2023-03-16,82.03232701293794,85.39188666178049,81.90825513880411,85.2296371459961,13184600.0
2023-03-17,85.00056090286252,85.92634857517838,84.94329808820866,85.39187622070312,13287700.0
2023-03-20,85.14372821559125,86.25085788210104,84.6188020723102,85.93589782714844,8217500.0
2023-03-21,86.85213903478675,88.76097725533151,86.66125812538824,88.28376770019531,12299700.0
2023-03-22,89.2381940642126,90.69845425656452,88.32195251767104,88.39830780029297,12812400.0
2023-03-23,90.1830782024677,91.45245762728638,89.17139606803791,90.27851867675781,11169700.0
2023-03-24,89.66768466549065,89.88720429456406,87.89246429695243,88.56056213378906,7653700.0
2023-03-27,87.8447603029911,87.9783784331943,86.42267747060467,86.52766418457031,9349800.0
2023-03-28,86.52764982733147,86.72807698938004,85.82137436299942,86.67080688476562,7521300.0
2023-03-29,87.57750224756545,88.97095331693244,87.28162736291262,88.53192138671875,9264000.0
2023-03-30,89.09503616590135,89.2572856919634,87.8352030381917,88.2551498413086,10232800.0
2023-03-31,87.08120998015217,89.00914093510045,86.97622328054405,88.78007507324219,8701800.0
2023-04-03,88.77054081104309,89.33364470082017,87.5297928128706,88.60828399658203,6863600.0
2023-04-04,88.79917371729067,89.02823231345296,87.53934051593582,87.96882629394531,6338400.0
2023-04-05,87.42479610673155,87.97836098299967,84.99103154792327,86.08860778808594,9171800.0
2023-04-06,85.57323526502218,86.7662593528238,85.32508421589992,86.12679290771484,5874500.0
2023-04-10,84.38973706776244,84.97193331504559,82.52862269145731,84.96238708496094,12232900.0
2023-04-11,84.59972840126049,85.74502867881765,84.43747886357419,85.17237854003906,11079200.0
2023-04-12,84.85741647622388,85.42052032170452,82.90085415955087,82.910400390625,11299100.0
2023-04-13,82.61454359164112,83.63577209122906,82.0514396227139,83.08221435546875,7910500.0
2023-04-14,83.94117150493287,84.34203313057066,82.5954441267609,83.22535705566406,7656400.0
2023-04-17,83.75028104075037,84.03660970055435,83.18717723321357,83.97933959960938,8163600.0
2023-04-18,84.17977564273752,84.37066386332171,83.5116850747956,84.12251281738281,8468200.0
2023-04-19,82.29957097158108,83.39714722829115,82.1182289931219,83.25399017333984,11191300.0
2023-04-20,84.2942898747107,87.6920193492835,84.08431651947046,85.22007751464844,19206300.0
2023-04-21,83.77890597000759,83.90298511109046,81.39285826167226,81.478759765625,13175400.0
2023-04-24,81.50738871859213,82.0418610590397,80.16165435642867,80.78202819824219,10567600.0
2023-04-25,79.47447303754717,79.5985521773377,78.51051501620039,78.53914642333984,13423700.0
2023-04-26,78.4914379604281,78.62505607439365,77.5083872869782,78.50098419189453,11583500.0
2023-04-27,79.12134742124721,80.03758891326852,78.41507930312163,79.85624694824219,10013700.0
2023-04-28,80.6293381687208,80.65796957999522,79.90397752932581,80.4575424194336,8262600.0
2023-05-01,80.45753633077457,80.8297592124553,80.07576721884456,80.1521224975586,4931100.0
2023-05-02,79.69400664886658,80.21894014424005,78.78731128228436,79.17861938476562,6875000.0
2023-05-03,78.85412531755814,79.94216273882289,78.6823295520089,78.93047332763672,7151600.0
2023-05-04,79.21678492426484,79.94214547568353,78.87319346736335,79.6844482421875,7290600.0
2023-05-05,80.45753344011047,81.66964249917666,79.9326000198614,81.09699249267578,6865000.0
2023-05-08,80.64843992975676,81.64103698730469,80.56254567827428,81.64103698730469,6746600.0
2023-05-09,81.36424146361678,81.58376109612102,80.45754608430326,81.18289947509766,7287800.0
2023-05-10,80.6579742123284,81.26880196006596,80.33346787541969,81.03019714355469,7442300.0
2023-05-11,80.30484174468731,80.30484174468731,78.76822604274996,79.62720489501953,8730900.0
2023-05-12,79.57948101592171,80.10441455943133,79.1690804132619,79.62720489501953,5069800.0
2023-05-15,79.53175566035257,81.7650931486746,79.43631519430853,81.75555419921875,8707300.0
2023-05-16,81.78418805969221,82.79587013700484,81.68874030914942,81.96552276611328,11283200.0
2023-05-17,84.27520657375793,87.6156733100417,84.0461407547751,86.73760223388672,23215600.0
2023-05-18,87.0907600869611,89.14276301383146,86.91896432374308,88.42694854736328,14879000.0
2023-05-19,87.93063730580629,88.56055746605345,87.38661865906582,88.3601303100586,9295200.0
2023-05-22,87.87339010697674,88.22652789125853,87.04304264311287,87.53934478759766,9259800.0
2023-05-23,86.85214513868222,87.17664416379317,86.21268603745266,86.31767272949219,7656700.0
2023-05-24,85.21054234191459,86.0408896412965,85.11510188123216,86.02179718017578,9443900.0
2023-05-25,92.63593469785556,97.7039061197877,92.5595866880926,96.34862518310547,60793200.0
2023-05-26,96.25317764535478,99.67954645882877,96.13865199829503,98.50560760498047,26135800.0
2023-05-30,99.05917684534957,100.44308187333047,96.90218725763458,97.33168029785156,25248000.0
2023-05-31,95.18423606243088,95.42284087757805,93.59035036320057,94.09619140625,22206700.0
2023-06-01,94.18208980064708,96.00502674142244,94.10573451474004,94.33479309082031,14998500.0
2023-06-02,96.63495842620107,96.68268230598181,94.12483817686706,94.43025207519531,13085100.0
2023-06-05,93.54263290300803,94.30616393542448,89.95401447756352,93.580810546875,10568500.0
2023-06-06,93.16085327781624,96.01456448103158,92.97951131023513,95.2701187133789,13827600.0
2023-06-07,96.7590176758111,98.32426461041744,95.00288981030768,95.71870422363281,14367500.0
2023-06-08,94.47795618894695,96.11001217513136,94.1343646885249,95.38465881347656,9074200.0
2023-06-09,98.01884821485396,99.90860142103939,97.5893624906321,98.11429595947266,14902400.0
2023-06-12,99.58409341993176,102.49507482205615,99.55546200968799,102.18011474609375,20568100.0
2023-06-13,104.98611493096755,105.64466652747778,101.87470621324489,101.93197631835938,17858600.0
2023-06-14,101.1970646548534,102.79094294045086,100.42398744792158,102.51416778564453,12862600.0
2023-06-15,101.8509451654308,102.22473442642134,100.70084798621842,100.8062744140625,11987900.0
2023-06-16,101.04587285715502,101.35256590831638,100.0107810674333,100.22163391113281,11430800.0
2023-06-20,99.84785412508955,100.51874290385088,98.78401098152568,99.65617370605469,9295500.0
2023-06-21,98.86068633420314,99.41656978786237,97.39430991952287,97.4134750366211,9340400.0
2023-06-22,97.20262285896543,99.12904253083592,97.11636886321897,98.84151458740234,8575900.0
2023-06-23,97.29845200213495,97.94059669447694,96.80966479089032,97.6722412109375,8919000.0
2023-06-26,97.77767767384127,98.75526689419344,95.92793297712137,95.94710540771484,8560000.0
2023-06-27,96.94384677286894,98.51564951275323,95.86083126560825,97.83517456054688,9732000.0
2023-06-28,96.32087830117602,97.64349071413552,96.0525227952543,96.7234115600586,8160900.0
2023-06-29,97.12595167839629,97.29846698897818,95.86084183817559,96.45506286621094,7383900.0
2023-06-30,97.18345479316662,97.65307692852961,96.23462430804652,96.7234115600586,11704600.0
2023-07-03,97.99811073561193,99.36864695329972,97.82559543156245,98.86068725585938,5638400.0
2023-07-05,97.183474149248,98.80319372177273,96.76176837758588,96.79051971435547,9010800.0
2023-07-06,94.97909282310141,95.41996362446756,94.49988447655484,95.27620697021484,9140800.0
2023-07-07,94.95992267045278,97.70099485229956,94.88324758415835,96.06210327148438,8036600.0
2023-07-10,96.08126664700372,96.56047495945761,95.26661397825983,95.62122344970703,8041600.0
2023-07-11,98.07477613814048,98.07477613814048,95.97584136495925,97.04927062988281,7677800.0
2023-07-12,98.55400779865707,100.08747331736281,98.48691891071809,99.57951354980469,10202000.0
2023-07-13,100.63374888010794,101.25672116893637,98.25687235588433,101.18004608154297,9265900.0
2023-07-14,101.59218338992127,102.8381281865405,100.49958879503862,100.7679443359375,9518300.0
2023-07-17,100.32706106517381,100.66250544980788,98.32396634754888,100.43248748779297,10722600.0
2023-07-18,99.37823316800784,99.416570714701,97.7680927675924,98.86068725585938,10343600.0
2023-07-19,99.5795032050628,100.432493539735,98.30480715450248,98.77442932128906,11204800.0
2023-07-20,94.45196689362513,96.27295273889783,93.01434187126942,93.79065704345703,22810200.0
2023-07-21,93.80982405916671,93.91525048124521,92.3242825599373,93.20602416992188,15381200.0
2023-07-24,93.22520746110817,94.18362434893021,92.75558523347473,94.16445922851562,9054900.0
2023-07-25,95.38163250446951,96.6946660948269,94.9886854361436,96.14836883544922,9202200.0
2023-07-26,95.3528747484366,95.96626084704508,94.4711331457043,95.27620697021484,8993500.0
2023-07-27,97.27930952711345,97.52849995359695,94.79701341452477,95.21871185302734,8049800.0
2023-07-28,95.94708871680726,96.79049271270645,95.63080947629311,96.66590118408203,6758700.0
2023-07-31,95.05576701661444,95.63081556461694,94.32736828933713,95.02701568603516,8647900.0
2023-08-01,95.01743864756136,95.06536241124745,94.01109810727115,94.30821228027344,6428500.0
2023-08-02,93.44562720879748,93.44562720879748,91.2508521127957,91.72047424316406,9820900.0
2023-08-03,90.8962485715282,91.8259140657949,90.64706546067701,91.03043365478516,8571700.0
2023-08-04,91.31795024249527,93.52231177617367,91.17418626210062,92.16136169433594,7562600.0
2023-08-07,92.70765549859374,92.9089221387537,91.2700303727602,92.34345245361328,6601400.0
2023-08-08,90.93458060074096,90.9537530309593,89.77489718527967,90.56079864501953,7659000.0
2023-08-09,91.84507568851724,91.86424080550417,89.81322961735717,90.07200622558594,6426900.0
2023-08-10,91.4808828711594,91.97926371413938,90.35953694266455,90.85791778564453,7459600.0
2023-08-11,89.6119681474637,89.6119681474637,88.14559165681118,88.16475677490234,10658400.0
2023-08-14,87.87723191137525,89.4106972099288,87.50344997335718,89.19984436035156,7489700.0
2023-08-15,88.67271179939253,88.85481331624618,87.68554374681821,87.86764526367188,6069500.0
2023-08-16,87.63763514272387,88.86440748533215,87.52262249355186,87.96349334716797,7439500.0
2023-08-17,89.05607978669715,89.05607978669715,87.55136583014777,87.82930755615234,7712500.0
2023-08-18,86.32458437407264,87.53219135851886,85.83578985215466,87.31175231933594,9066200.0
2023-08-21,86.73670831841413,89.04649599451017,86.73670831841413,88.71104431152344,8618300.0
2023-08-22,89.46820107484213,89.60237883325843,87.99223842012353,88.40435791015625,7059000.0
2023-08-23,89.88989776321912,91.14542122480984,89.36276568507259,90.30201721191406,10362600.0
2023-08-24,92.51597154118153,92.7555757386101,88.6248017148261,88.68230438232422,12254400.0
2023-08-25,88.41393919905123,89.52570606357605,87.60887269340692,89.22859191894531,10356000.0
2023-08-28,89.91866357814324,90.23494287598271,89.37236629648412,90.09117889404297,5174800.0
2023-08-29,89.8707355628831,91.64381240271325,89.62155247225554,91.12626647949219,8910300.0
2023-08-30,91.48086726563946,91.93132426574964,90.69496589698089,90.83872985839844,6073400.0
2023-08-31,89.4586151922432,90.47454191106108,89.39152631278594,89.6790542602539,8661200.0
2023-09-01,90.37870063906661,90.64705615374764,89.21900996011891,89.31485748291016,7094600.0
2023-09-05,89.5161395273733,91.0975288678224,89.00817974255754,90.6662368774414,6396500.0
2023-09-06,89.94740192621083,90.05282834360335,87.78137823088097,88.42352294921875,7933700.0
2023-09-07,86.32459266810406,86.53544551397982,84.75278985066188,86.30542755126953,14684400.0
2023-09-08,86.97631874732218,87.28301181019907,85.60578252306063,85.9124755859375,5820800.0
2023-09-11,86.35334624527538,86.63128797550938,85.45243948783825,85.87413787841797,7268600.0
2023-09-12,86.69838738265256,87.76223067123556,86.6600498311917,86.71755981445312,8242600.0
2023-09-13,86.83255208133471,88.06891050924895,86.71754675641006,87.42677307128906,5757800.0
2023-09-14,89.3834236355402,89.52793376821982,87.9287010400558,88.12138366699219,6506300.0
2023-09-15,87.1965100572207,87.8034436617631,85.60691364522219,85.98263549804688,19940500.0
2023-09-18,85.29864914537248,86.38727844577754,85.19267553603056,85.57803344726562,6647400.0
2023-09-19,85.21192510413768,85.58764698009013,84.57609091025257,84.94217681884766,7172100.0
2023-09-20,85.27938074720326,86.05009660166577,84.09441375732422,84.09441375732422,6935300.0
2023-09-21,82.8901601715404,82.98649779879061,82.22541804836132,82.23505401611328,10652500.0
2023-09-22,83.09248331359467,83.59344345721345,82.32176748485251,82.50481414794922,7967200.0
2023-09-25,82.26396661851162,83.08284759521484,81.90750926037663,83.08284759521484,8758000.0
2023-09-26,81.84005783444047,82.10981347310495,80.94410396162273,81.2042236328125,8877600.0
2023-09-27,82.05199887854793,82.42772073096117,81.02117093857768,82.31211853027344,7860700.0
2023-09-28,82.12909813956149,83.94027091291129,81.86898575486057,83.24663543701172,6647700.0
2023-09-29,84.537569938676,84.8073182735769,83.52600633270677,83.71868896484375,7338300.0
2023-10-02,83.98842819570427,85.18303098509944,83.83428210670357,84.44122314453125,6305000.0
2023-10-03,83.81502189397635,84.12330673797356,81.94604089281735,82.28323364257812,8201700.0
2023-10-04,82.34102698232968,83.5838022096095,82.25431797340376,83.4970932006836,7658500.0
2023-10-05,83.65125019790509,84.72061489695243,83.36222993056066,83.84392547607422,6651700.0
2023-10-06,84.86509811704063,86.72444278810188,84.18109148210264,86.02117156982422,9777100.0
2023-10-09,85.54913079794072,86.06935551278066,84.81695151950986,85.73217010498047,4781300.0
2023-10-10,86.00192165098862,87.34104206368488,85.87668345200002,87.2928695678711,7182900.0
2023-10-11,87.91907354246676,88.64161686498846,87.31213244749044,88.6319808959961,8051700.0
2023-10-12,89.1232995844403,90.01925346940234,88.47782205649884,89.03659057617188,8897800.0
2023-10-13,89.35451214255346,89.53755877821652,86.89786223795139,87.14834594726562,7985100.0
2023-10-16,87.1676315712937,88.53564519452762,87.11945907536804,87.88053894042969,8791800.0
2023-10-17,86.52215654361011,88.34296522308705,85.27938108220518,87.66859436035156,7997100.0
2023-10-18,85.6261891543949,86.71482568489807,85.33717626539256,86.31983184814453,9982700.0
2023-10-19,89.68207032705473,91.29093898475325,88.97879896868042,89.5086669921875,22751600.0
2023-10-20,88.63198159386586,90.8670486617945,87.75529216092643,87.96723937988281,12197300.0
2023-10-23,86.6859222474016,88.88245247114793,85.89594195026321,87.77455139160156,8227900.0
2023-10-24,87.86126183109279,88.63197761999854,87.53371239836666,88.28515625,7374800.0
2023-10-25,87.47592213670414,87.5240872856783,83.50674782668148,84.43160247802734,13027100.0
2023-10-26,83.930621730634,84.91327725998178,83.37185321880408,84.24853515625,9377300.0
2023-10-27,84.33525432315712,84.56646611966542,82.74565760322022,82.84199523925781,12480700.0
2023-10-30,84.11367027069564,85.06743270279621,82.851630346516,82.90943145751953,9785500.0
2023-10-31,82.99614505892222,83.26589339196043,81.84007132435602,83.15028381347656,9004900.0
2023-11-01,83.30442724483788,84.65317621683765,83.17918170131018,84.58573913574219,9508800.0
2023-11-02,87.09056000188261,87.71676570913215,86.19460595307108,87.16763305664062,11032600.0
2023-11-03,88.29479045396708,89.06549887737887,87.51443871202132,88.4296646118164,9226700.0
2023-11-06,88.63197357362246,89.21964268206348,87.94796683348902,89.21000671386719,8402700.0
2023-11-07,88.87281619839034,89.64353190762637,88.39112071764025,89.02696228027344,6241300.0
2023-11-08,89.91329281862303,90.01926642726681,88.56454381323104,88.6319808959961,6537700.0
2023-11-09,89.23891171247584,89.95182639270139,88.24662009145626,88.2658920288086,8166000.0
2023-11-10,90.59729460492352,94.17147449398887,90.18303616225069,93.8728256225586,19281700.0
2023-11-13,93.45856412602322,93.62233883403087,92.21578883861382,92.8901596069336,9526300.0
2023-11-14,94.41232729923918,96.04046060163265,94.36415480445837,95.28901672363281,13873200.0
2023-11-15,96.29092289159513,97.01346610694003,94.81693590830588,95.18302917480469,10422900.0
2023-11-16,94.64354349981106,95.47206046790527,94.32563000980042,94.93256378173828,8459000.0
2023-11-17,95.31790909995925,96.06935291346764,94.7206040263574,95.93447875976562,7243000.0
2023-11-20,96.24276651649166,96.90750133706953,95.89594515354219,96.30056762695312,6448900.0
2023-11-21,96.33909242382002,96.48360253247364,94.64352233913574,94.80730438232422,10112600.0
2023-11-22,95.10596552180105,96.00191949126639,94.36415029811008,95.03852844238281,7413500.0
2023-11-24,94.8747560823705,95.11560385056792,93.90172904082752,94.24855041503906,4297600.0
2023-11-27,93.85354106830712,93.97878659117157,92.89015015440516,93.65122985839844,6856100.0
2023-11-28,94.28708517282752,94.6531711275938,93.68014410428735,94.39305877685547,6358100.0
2023-11-29,95.37569560937129,96.07897417467147,94.99033779345704,95.26008605957031,7091100.0
2023-11-30,95.30827764159292,95.35645013451882,93.35259497028498,93.7475814819336,9681400.0
2023-12-01,94.12329623146833,95.16376025859354,93.4681900681032,94.94218444824219,7500400.0
2023-12-04,93.49709364850936,93.64159640940908,91.76298701681715,93.45855712890625,10619400.0
2023-12-05,92.92870063594589,93.46819727676429,92.3699320579037,93.15028381347656,8009600.0
2023-12-06,94.21964186733608,94.96144969642555,93.88244914038728,94.26780700683594,11262300.0
2023-12-07,94.37379363178673,95.99229101422627,94.30635654710554,95.65510559082031,11373700.0
2023-12-08,95.49131798332044,96.69555672597188,95.32753592825146,96.67628479003906,10572500.0
2023-12-11,95.92484130706437,97.50480195462764,95.73216604764056,97.25431823730469,9482800.0
2023-12-12,96.4836021575645,97.9286885383066,96.29091956341192,97.8805160522461,7378600.0
2023-12-13,97.68785748694086,98.92099689970013,97.21579791332628,98.38150024414062,8988800.0
2023-12-14,100.03567754435014,100.48092496345411,99.50331987105827,100.1324691772461,10074500.0
2023-12-15,100.18087624644507,101.4004715902128,99.10647205534258,99.25166320800781,16379200.0
2023-12-18,99.54204799528823,99.99697687252544,98.80642554906548,99.62916564941406,5660600.0
2023-12-19,99.92921533945848,100.64548974675121,99.78402418204894,100.53901672363281,8498500.0
2023-12-20,99.40652589813102,99.78401845489206,96.73504124793423,96.83183288574219,10814100.0
2023-12-21,98.0514309414113,99.42589143701595,97.91592116774486,99.26134490966797,9068200.0
2023-12-22,99.62916362411875,100.26799440756051,99.4162175680617,99.84210968017578,5566400.0
2023-12-26,100.28735180151105,101.5940574390763,100.2486336675062,101.10041046142578,6407500.0
2023-12-27,101.68116500580106,101.99090266240252,100.74227065727308,101.29399108886719,5889700.0
2023-12-28,101.63278192799687,102.13610293207363,101.34239959716797,101.34239959716797,5335100.0
2023-12-29,101.361752315402,101.603735105542,100.34542164292249,100.66484069824219,4409600.0
2024-01-02,98.97097482367404,99.3291120610008,97.36420533076614,98.27406311035156,9020900.0
2024-01-03,97.1222110179458,98.00303193606572,96.46402490514699,96.9576644897461,6650600.0
2024-01-04,96.33818559230696,97.21900647812221,95.94133766327826,95.95101165771484,7996700.0
2024-01-05,95.8251879085931,97.41259447104804,95.63160462428549,96.4156265258789,7347300.0
2024-01-08,97.40291104717836,99.49364592052025,97.27708265349213,98.9612808227539,12455600.0
2024-01-09,97.80944655919487,98.69994145303394,96.99638054567276,98.62250518798828,7764000.0
2024-01-10,99.23230217656588,99.48396635325135,96.77376345681236,97.56746673583984,6975700.0
2024-01-11,98.43859420684625,98.88384903081484,96.78343283986852,97.97399139404297,7862700.0
2024-01-12,97.65458034678264,99.09679579909977,97.63522497163339,97.99335479736328,6519700.0
2024-01-16,97.30611266053819,99.06774697365013,96.98669362402465,98.40955352783203,11185500.0
2024-01-17,97.6352225162422,100.01633237509346,96.79311971620874,99.64851379394531,17649500.0
2024-01-18,107.63393487211127,109.75370633449539,105.96909959092393,109.4052505493164,58783700.0
2024-01-19,109.58917415249509,111.45728170661867,107.45972103294477,110.5377426147461,37812600.0
2024-01-22,111.09912996654216,111.40886762173146,108.91160362285815,109.4052505493164,17755500.0
2024-01-23,109.8795473350501,110.9442775702009,109.53109889458963,110.46998596191406,11667900.0
2024-01-24,111.63149979338692,115.03861414606686,110.93458819324754,112.78333282470703,21859200.0
2024-01-25,114.23523831374497,115.02894161165932,112.7446307468341,112.82205963134766,15485300.0
2024-01-26,113.15114748342356,114.25458835070675,112.5703902982316,113.49960327148438,10196400.0
2024-01-29,113.41249382028438,114.09005007253357,112.04771470578508,113.22859191894531,10042200.0
2024-01-30,112.62847129353456,114.22555919759914,111.85412340528241,112.33808898925781,11030800.0
2024-01-31,109.86019289751722,111.06042553633864,109.26007288574196,109.33750915527344,12853900.0
2024-02-01,110.15057084218088,110.37319087733297,108.99873037900558,109.75371551513672,8807600.0
2024-02-02,111.17658195499186,112.24130483378896,110.26672423333453,112.03804016113281,10044000.0
2024-02-05,113.373775750459,115.7064934244347,112.84141803560406,114.98054504394531,13267600.0
2024-02-06,116.26790254330749,117.10999799107161,114.48690523181936,115.55162811279297,11503800.0
2024-02-07,116.16141195024964,120.99138601213,116.1517305716448,120.97203063964844,18172500.0
2024-02-08,122.92724935929172,130.42871536350046,122.06579127345762,129.44142150878906,33367000.0
2024-02-09,130.1867476426025,130.83525978045745,126.40213306980931,128.84132385253906,16984200.0
2024-02-12,128.99617477258445,129.22846877141902,126.08269286858497,126.27629089355469,14203800.0
2024-02-13,123.8274287827521,125.7536096485844,122.42393160917784,123.4596176147461,14494000.0
2024-02-14,125.4729294035016,126.59571839953894,123.8564786456083,125.12447357177734,13069700.0
2024-02-15,126.6054162940684,126.92483539363793,124.23398757606861,124.89217376708984,12554000.0
2024-02-16,123.05309725314122,124.51467550954304,121.77542829750098,122.62721252441406,13104400.0
2024-02-20,122.82079187277036,122.98533840777876,120.16866239860687,121.31082153320312,12038800.0
2024-02-21,120.43968203507134,121.35921374044753,118.96842982952363,121.32049560546875,11469700.0
2024-02-22,125.53099025822551,127.26358047747041,124.86311541729896,124.93087768554688,17014100.0
2024-02-23,126.31503129742235,126.80867093031503,123.63386491686535,125.37613677978516,10123300.0
2024-02-26,125.85043357622182,127.02162219521311,124.43724735928136,126.45054626464844,9526700.0
2024-02-27,126.57636815956806,127.73788265485395,124.46627044677734,124.46627044677734,8851800.0
2024-02-28,124.37916007300213,124.4565963418806,122.58848881737943,123.29507446289062,6519100.0
2024-02-29,123.92422581733354,125.0470295128954,123.0724490510212,124.543701171875,9369900.0
2024-03-01,125.9568973961959,132.26779846746652,125.92786064045836,129.60598754882812,24393000.0
2024-03-04,135.45228864211066,137.4365504703193,133.26475477211804,133.82615661621094,26544600.0
2024-03-05,132.72270856839933,133.0227648482365,129.441422708851,130.64166259765625,13694700.0
2024-03-06,134.34884073368966,139.38207954100116,134.1649314600711,137.03001403808594,22292700.0
2024-03-07,140.25320713610978,146.73835716695473,139.52725882842918,144.41531372070312,34675700.0
2024-03-08,148.9646232964364,153.3203142088405,140.28227822948745,141.6761016845703,43856900.0
2024-03-11,139.0142884692774,139.76927370112054,134.47468831277217,134.5618133544922,29227100.0
2024-03-12,139.88538783377632,141.99547025773984,136.0620634585197,139.76922607421875,21218500.0
2024-03-13,138.46254692059892,138.63676742940038,136.83641499116965,137.58172607421875,12923100.0
2024-03-14,138.03665158809676,138.51094313319638,134.56178256365908,135.1425323486328,14961900.0
2024-03-15,131.09661160342554,133.28413092377346,130.3125896496115,132.58721923828125,22751200.0
2024-03-18,136.2355808003143,137.5573134491992,132.76604186538785,132.79519653320312,14732900.0
2024-03-19,131.492905235868,132.43561237345614,129.2867747853791,131.0749969482422,17341100.0
2024-03-20,132.68830406373976,133.4463551596311,131.21106982301797,132.90211486816406,12750200.0
2024-03-21,138.53891611224515,138.58751217288722,135.12767136960895,135.52613830566406,17809400.0
2024-03-22,135.47749710310262,137.36291092407308,135.1956637723842,136.58541870117188,9944100.0
2024-03-25,136.21612656865,137.69334553596985,135.34144222358378,136.28414916992188,9922200.0
2024-03-26,136.65350356349796,136.99366116328747,134.73893441717203,134.9333038330078,10786400.0
2024-03-27,134.95274966675498,135.36092990228025,131.34713534212725,132.84381103515625,13842800.0
2024-03-28,131.86221802263458,132.9507134556904,131.6289806529652,132.22181701660156,10019400.0
2024-04-01,133.42691151036695,138.9373814417638,133.19367414907896,137.5087432861328,14222700.0
2024-04-02,136.4299612825726,137.0713787863482,135.42894483654902,136.2744598388672,9869200.0
2024-04-03,134.68061360754368,138.90820365238437,134.4959574879203,138.00437927246094,9707500.0
2024-04-04,139.94808559343534,142.62070528358774,135.50667048112706,135.73020935058594,15759500.0
2024-04-05,136.06063749484707,138.0043608876306,135.01102508321208,137.3823699951172,8263600.0
2024-04-08,141.15321378687284,141.8918234195013,138.74298583515713,138.7721405029297,16307400.0
2024-04-09,142.1445176563152,144.00077746398014,138.92765710605792,141.3087158203125,18443400.0
2024-04-10,142.5040882006211,144.25342742634277,141.17262756533054,142.10562133789062,18861300.0
2024-04-11,143.0580596923828,143.4079305474962,140.0744515588459,143.0580596923828,11818800.0
2024-04-12,140.9199479967808,142.38745384077214,138.15013619058817,138.50973510742188,12024000.0
2024-04-15,140.93940678599972,141.3864549234659,135.94403757130567,136.19671630859375,13458800.0
2024-04-16,134.01002757118488,136.58545549709146,133.20338047019052,135.8662872314453,14218200.0
2024-04-17,137.15885074611882,138.55833401049546,133.49492787055408,135.11793518066406,18823200.0
2024-04-18,129.15072160308222,131.32769750168802,126.633602952136,128.5481719970703,39306100.0
2024-04-19,125.72977339393294,127.848440116941,123.07659447188868,124.10676574707031,28284000.0
2024-04-22,123.18347485492684,126.98345779610335,122.24076778605323,126.09906005859375,18556800.0
2024-04-23,127.66377549635048,129.94765681654158,126.98347515504949,129.67552185058594,12573800.0
2024-04-24,132.26067403926172,132.45504344107013,127.8386997083047,129.2284698486328,15558000.0
2024-04-25,126.342039974273,133.96143328750324,125.23411806306062,132.7368927001953,18034300.0
2024-04-26,132.96038339881807,134.8360840020092,132.12458182790883,134.40846252441406,9453400.0
2024-04-29,134.1169133926557,134.7486175601959,132.08572601700465,134.60284423828125,9997100.0
2024-04-30,134.05861738925145,135.76908879727776,133.39774366220524,133.47549438476562,10980600.0
2024-05-01,133.55324904130342,135.50668595383405,129.46171909840118,131.14303588867188,12561800.0
2024-05-02,131.78446566724094,132.89238752316706,129.47142984386912,132.396728515625,9261900.0
2024-05-03,134.99159580563295,138.11127865583282,134.855535749111,137.57675170898438,13264300.0
2024-05-06,136.51744050881888,138.81103515625,135.87600810407324,138.81103515625,8601600.0
2024-05-07,137.8780138460605,138.28619397819716,136.55628134843255,137.139404296875,8682900.0
2024-05-08,137.13940053919774,140.20075886105653,136.8381257948828,139.55934143066406,10202300.0
2024-05-09,138.91792867122672,139.31639557003064,137.15886117825607,138.7721405029297,8012700.0
2024-05-10,143.0774824842166,146.26518771449688,142.79563428314148,145.06007385253906,23671400.0
2024-05-13,143.8549966494743,144.2631768510854,142.1833930641515,142.29029846191406,8278700.0
2024-05-14,142.3680210402363,147.7326867687592,142.13476890139228,147.67437744140625,12316500.0
2024-05-15,149.04475102547548,151.61046601094478,148.43247324424232,151.20228576660156,14027100.0
2024-05-16,149.76389415159267,150.69687308066665,147.927076128706,147.94650268554688,13394100.0
2024-05-17,149.66674473115035,149.66674473115035,146.59565731916058,147.41201782226562,7711200.0
2024-05-20,147.40228040958084,149.8999724042573,146.57620676052338,149.22938537597656,9261200.0
2024-05-21,148.0145623153484,149.65701121005793,147.6744047370064,149.34600830078125,7919400.0
2024-05-22,151.49383355733661,152.805838188647,150.19152737672732,151.7562255859375,13455200.0
2024-05-23,154.70095692575663,156.25594176486936,151.48409668390866,152.66976928710938,20873000.0
2024-05-24,152.77669316295797,156.13934198183998,152.30049030581284,155.49790954589844,11908200.0
2024-05-28,155.18687624675795,155.86719133146835,153.16541686805857,154.9244842529297,13964400.0
2024-05-29,152.3393371027836,152.46568388216338,148.89895285680095,149.9971466064453,15780000.0
2024-05-30,149.26826878516945,149.71533179347537,147.61610648648738,148.656005859375,9687800.0
2024-05-31,147.2176301352609,148.2089333829163,143.65089889502062,146.79000854492188,13782600.0
2024-06-03,150.7552263545828,152.72810499760513,148.17008474508123,150.5900115966797,12924400.0
2024-06-04,149.083618816706,149.46264438814333,146.74144276215063,148.17979431152344,10066700.0
2024-06-05,154.12756047151515,159.1229295682122,153.50556950797667,158.33572387695312,23192600.0
2024-06-06,159.8907019158173,160.06562991559238,155.84775340965575,157.5096435546875,14819100.0
2024-06-07,158.9674395667291,161.445675259237,157.40274149698362,159.7643585205078,14023300.0
2024-06-10,159.38533504819276,165.06100439572273,157.8497916261232,163.42828369140625,12418900.0
2024-06-11,163.44769547702649,163.67123434780171,159.18122315789122,161.04721069335938,11508600.0
2024-06-12,168.48195258912102,171.10597633290814,166.713157096324,168.11264038085938,20309500.0
2024-06-13,168.61377389486458,169.70570323644952,166.23494748712943,168.5747833251953,15591800.0
2024-06-14,167.6875913428858,169.28647243273434,166.08871025303728,168.18479919433594,9192500.0
2024-06-17,173.3811513505768,174.190343186242,169.13046567087343,172.79620361328125,18593700.0
2024-06-18,175.5065271910058,180.22517472305853,174.50235262998441,175.18479919433594,27155100.0
2024-06-20,178.0023106996613,178.57751450290175,169.14996492862528,170.9828338623047,28403200.0
2024-06-21,168.37978993494644,173.03018491434509,167.89232602611256,169.59844970703125,20175600.0
2024-06-24,166.15693667331817,167.12212054413385,162.92992805765536,163.60263061523438,19741700.0
2024-06-25,165.688984767688,168.3115430586125,164.7725502105095,168.27255249023438,13346800.0
2024-06-26,167.80459387148858,169.3352378924602,165.93273399399723,167.755859375,11901500.0
2024-06-27,169.43270665609427,171.08033712369792,166.8588976944809,167.32687377929688,10864600.0
2024-06-28,168.47728160974359,172.3867518608033,168.47728160974359,169.45220947265625,11216100.0
2024-07-01,169.8714080828943,170.9048290663998,166.17642376313464,168.00929260253906,10717000.0
2024-07-02,166.83943238383634,172.27953237583623,166.7419336339421,171.2948455810547,10655500.0
2024-07-03,173.52739127385624,177.91456604003906,173.42014862896755,177.91456604003906,11808700.0
2024-07-05,179.52320160094303,180.43963609835424,177.72933804817328,179.37696838378906,11372900.0
2024-07-08,185.2362769831111,187.96607772442144,180.4883834860914,181.95077514648438,22582400.0
2024-07-09,183.37417672422072,183.71540742404662,177.92433358364957,179.89369201660156,19935200.0
2024-07-10,183.55940974797423,186.62068252421054,182.01902199893306,186.2599639892578,19293500.0
2024-07-11,188.2488180831615,188.61929543264625,178.42154340834298,179.8741912841797,21584200.0
2024-07-12,178.48005042879478,185.60677070352315,178.1680663730833,182.65274047851562,19220300.0
2024-07-15,183.9493834585445,185.29478868017466,179.46472418014176,180.57614135742188,15683100.0
2024-07-16,183.54964887684218,184.83654575171136,180.38113373734902,181.37554931640625,16663300.0
2024-07-17,170.82686813906963,172.15277068053206,166.2349511761741,166.90765380859375,45052600.0
2024-07-18,171.0998450594087,174.20986741532747,160.38538217005018,167.56085205078125,52903600.0
2024-07-19,164.92851777177572,166.24467612163468,161.07755631922538,161.61376953125,22585300.0
2024-07-22,162.4327117947922,166.5956574211671,162.01348512982815,165.10401916503906,21037200.0
2024-07-23,165.1722757907425,167.23911808773,163.7586333729686,165.562255859375,11690700.0
2024-07-24,160.95081827017188,161.30179285433297,155.58871565873235,155.79345703125,19536600.0
2024-07-25,154.19457157081746,159.3031832963892,148.29625589702093,156.26141357421875,25731800.0
2024-07-26,160.18063666631753,160.46335917598833,155.19875513297674,157.8798065185547,13089200.0
2024-07-29,158.6012550295658,159.13746832072775,154.65280914968784,155.99819946289062,12663100.0
2024-07-30,156.4174433526029,157.10963386940418,148.72526238898618,150.6653594970703,22018000.0
2024-07-31,159.66391852782743,162.4717002747587,158.00654436185914,161.6430206298828,19860400.0
2024-08-01,159.3811856421195,163.46613532653038,152.90766592690676,154.2140655517578,21095600.0
2024-08-02,147.45784079888202,150.00240314259247,143.20715467733325,146.10269165039062,31095300.0
2024-08-05,130.50384045727716,146.23917510334877,130.2211179309467,144.24057006835938,31193100.0
2024-08-06,146.66812929239174,153.75585801670385,144.01632469095983,151.4940185546875,24528100.0
2024-08-07,157.49960699370678,158.57201877005073,150.64586496963042,151.15281677246094,22379000.0
2024-08-08,155.27675968783103,160.61936003221084,151.6402681701549,160.42437744140625,18889600.0
2024-08-09,162.15000128979932,163.59289029028827,159.14722183522326,162.929931640625,20519400.0
2024-08-12,161.83800233028091,165.27949600901425,161.3895290313003,163.42713928222656,14727300.0
2024-08-13,163.78787502631818,168.12630088361692,162.16949126231341,168.01905822753906,15243500.0
2024-08-14,167.5705965198716,168.184790923525,162.99818271687033,165.70848083496094,11510300.0
2024-08-15,168.10679645987898,171.04133871183862,166.53717695460298,169.59844970703125,15393500.0
2024-08-16,169.04271845587456,170.61235269572387,167.9313014390768,170.16387939453125,10710000.0
2024-08-19,170.3783838364857,171.05108642578125,166.81015925066035,171.05108642578125,11511000.0
2024-08-20,171.0023358710578,171.0023358710578,165.59149830162426,167.72657775878906,13555500.0
2024-08-21,166.08870822262747,168.7405131503806,165.6499936677443,167.14163208007812,9434800.0
2024-08-22,167.68756337201265,168.93546963026523,161.89649048931952,162.2669677734375,13546100.0
2024-08-23,164.76279210897525,168.94522567082143,163.7098683387541,166.98562622070312,12189100.0
2024-08-26,166.10819238238653,166.76139218021234,163.6123797589874,164.83103942871094,9611300.0
2024-08-27,162.24746953338607,166.30317242278085,160.9020645181021,166.27392578125,9186000.0
2024-08-28,167.024635959261,168.14579696617233,162.03299556353804,164.95777893066406,10581400.0
2024-08-29,164.42156321237883,171.02182841082137,163.31014614454185,164.90902709960938,13213200.0
2024-08-30,165.7962148708397,167.91180635533226,164.51906186705907,167.3950958251953,9481400.0
2024-09-03,163.78785786822107,164.4508015809133,155.79345349513454,156.46615600585938,18464400.0
2024-09-04,155.30599529643092,159.77116622678122,154.96476462960752,156.8366241455078,11317400.0
2024-09-05,157.4898250587635,160.4633577256815,157.01211997333903,159.59567260742188,10260600.0
2024-09-06,160.7558431453063,161.26280976285767,152.09847958563017,152.88818359375,14964400.0
2024-09-09,156.72938741074447,159.0107297634033,156.23217958933066,158.69874572753906,10339000.0
2024-09-10,158.80598675564664,158.80598675564664,153.73636523445933,158.35751342773438,11910800.0
2024-09-11,159.6931810513131,166.10820793866037,157.37284806246763,165.9619598388672,15059500.0
2024-09-12,166.93658512678775,168.4532888776036,165.37093714585598,167.74874877929688,13399900.0
2024-09-13,168.54134968425134,171.01701965268458,167.76830566325293,168.79576110839844,8787800.0
2024-09-16,166.26139732240316,166.89743340710265,163.18882552049422,165.44921875,12194300.0
2024-09-17,165.71343072478572,166.58431851271683,162.78763178589875,163.75637817382812,8629100.0
2024-09-18,164.842534924061,167.91510668246545,163.41388006161165,163.6878662109375,9116000.0
2024-09-19,170.63541310166337,173.9623963957608,168.92299215564617,172.43589782714844,15855000.0
2024-09-20,171.11487177950718,172.24018586794188,169.92106862127207,170.3418426513672,18429800.0
2024-09-23,171.08551655344354,171.63348883431414,169.9699972870642,171.00723266601562,5794200.0
2024-09-24,175.64544761154713,178.8550122564214,173.24806147995426,178.06240844726562,14576100.0
2024-09-25,177.62207137963298,179.8726845165713,177.31873066134276,178.4342498779297,8280900.0
2024-09-26,184.45219118348598,185.2643697321562,179.85312096778853,182.81805419921875,15103400.0
2024-09-27,181.8493280632253,181.9471866678578,173.59056351809934,174.14833068847656,17908400.0
2024-09-30,170.52778031432425,173.0230253338352,168.23801745377082,169.94065856933594,13540200.0
2024-10-01,171.5454462284442,172.21085188812862,167.11272320733377,168.37503051757812,11850200.0
2024-10-02,169.2459066381689,173.16979152241427,167.12249153792848,172.02491760253906,11164400.0
2024-10-03,172.02490067505553,176.90773662236285,171.35949512686412,175.62586975097656,12555000.0
2024-10-04,175.84115111928713,177.33829497644678,173.73732581000712,177.26980590820312,9993800.0
2024-10-07,177.70036687908564,181.02735004255277,177.04474117467655,180.54786682128906,12054200.0
2024-10-08,180.98820438494448,182.5342625720479,178.12111498365627,182.05479431152344,10394200.0
2024-10-09,183.76722982401674,183.96293208469027,178.3461861234951,183.12139892578125,11925000.0
2024-10-10,181.86887226325538,183.06267537011234,180.44021750335102,181.79058837890625,6443800.0
2024-10-11,184.12926178075867,187.37797572912282,183.9726940150516,186.7125701904297,12163900.0
2024-10-14,186.5168868366693,190.0787217460163,186.40924835323608,188.08253479003906,11714400.0
2024-10-15,188.81644348394508,189.4622595013563,180.29347274798118,183.11163330078125,21812700.0
2024-10-16,185.70468408565353,185.92974091038965,182.65168739836884,183.45407104492188,18689200.0
2024-10-17,198.98329455511822,208.03466125976385,197.6329237174385,201.41981506347656,62274700.0
2024-10-18,201.5274536461503,201.5274536461503,196.44890063846677,196.46847534179688,21030800.0
2024-10-21,196.49785347722914,199.07138228749915,195.37255426444887,197.61337280273438,14820000.0
2024-10-22,194.79523737147133,195.87160734093627,192.87731925708852,194.2178955078125,11165100.0
2024-10-23,192.45653595235694,198.76804221858893,192.01620212546595,196.54678344726562,16535700.0
2024-10-24,194.68756790474038,196.19449159467572,193.17084939745948,193.67967224121094,9935800.0
2024-10-25,195.94987952127124,200.7935814220888,195.7052479613196,199.07138061523438,13434900.0
2024-10-28,194.98113317128144,195.45083651680528,190.34292835045608,190.49948120117188,20135300.0
2024-10-29,190.21572301676508,194.52123267732892,189.44269382507846,192.71096801757812,13779100.0
2024-10-30,190.20592831093148,191.2529435850235,188.4739327491415,190.30377197265625,10007800.0
2024-10-31,188.71855207091457,188.71855207091457,183.63021912608534,186.4483642578125,13062700.0
2024-11-01,190.02979846129972,193.91454894387772,188.41523608983445,188.806640625,12691200.0
2024-11-04,189.54051759051845,190.1863484511213,186.5070953990233,187.44647216796875,10917300.0
2024-11-05,189.42310965546008,194.08088914145617,189.33504587810916,191.55628967285156,10339200.0
2024-11-06,187.9161626324431,190.0884919649707,184.45218649553743,189.07083129882812,19834900.0
2024-11-07,192.0944772741086,197.67207366682308,192.03576809067872,196.86968994140625,14865200.0
2024-11-08,199.5117087238807,202.17330121442967,195.7248170622274,196.8794708251953,13112100.0
2024-11-11,193.70906743114978,193.94390418057745,187.37800125497853,189.88302612304688,16610000.0
2024-11-12,189.66772374218317,189.83407139445373,185.64598070457117,187.65196228027344,11819000.0
2024-11-13,188.30758308537781,188.34671756342692,182.49513510641341,182.65170288085938,13882200.0
2024-11-14,184.35433561849194,188.52286691102262,183.5128024640908,184.4521942138672,11453900.0
2024-11-15,184.13905560820072,184.74575201346795,180.84142704812152,182.01565551757812,9834800.0
2024-11-18,180.3912944717351,183.96290880317716,179.5497614193267,183.45407104492188,10681500.0
2024-11-19,185.0686635829217,185.93955129708374,183.98249891189934,185.59706115722656,9390100.0
2024-11-20,184.79466873385135,184.79466873385135,180.10752013081685,184.315185546875,10624500.0
2024-11-21,185.34265702170427,188.17059723242343,182.7299937763236,187.13336181640625,18137300.0
2024-11-22,188.80661040392448,188.85553969576986,185.362194307515,185.9982452392578,8838900.0
2024-11-25,184.05099517632047,184.2075629567259,179.76506043838103,181.1056365966797,14380000.0
2024-11-26,181.4187562130428,181.9080193257329,178.41468846531066,179.8922576904297,10186600.0
2024-11-27,178.0917829750352,178.53211681484714,174.2266071549341,177.29917907714844,9895200.0
2024-11-29,177.6123048017769,182.93549030663388,177.28938932838008,180.69467163085938,8045300.0
2024-12-02,185.27415401753422,191.09638213792144,184.88274949542222,190.22549438476562,16646900.0
2024-12-03,189.3448238533947,194.72671807144985,188.46415622652668,194.61907958984375,11217700.0
2024-12-04,195.55847367649244,198.249420817779,194.01240043630912,196.38043212890625,12761100.0
2024-12-05,196.92841000880946,201.21435980957014,196.4391468783528,199.9129180908203,12483700.0
2024-12-06,197.66228426818282,198.8267327872574,195.63672795057417,198.66038513183594,9672900.0
2024-12-09,196.61525179310772,198.7680212640713,194.70712879032098,194.89305114746094,9699700.0
2024-12-10,194.82458031790586,195.61718418316897,186.28203549398557,187.81832885742188,15307900.0
2024-12-11,190.48967741850288,191.79111894594234,189.1099520099629,190.4211883544922,9027600.0
2024-12-12,191.05534966877076,191.830833611285,187.77668210728348,187.94357299804688,7944900.0
2024-12-13,194.8640610798348,198.8200428944105,193.6468451236814,197.29852294921875,19477000.0
2024-12-16,199.46793234421185,201.72569248205457,197.18072439845048,198.5059356689453,15139300.0
2024-12-17,197.30834593239138,198.68262692756937,193.84318065733453,196.97459411621094,11169400.0
2024-12-18,199.27160215726636,201.47046660782732,190.39764183402193,191.96824645996094,14721100.0
2024-12-19,194.75609181315775,194.9229826990445,190.3878254780675,191.06515502929688,10553400.0
2024-12-20,189.06262056676567,194.44196802320536,188.45399760339095,193.58795166015625,16170100.0
2024-12-23,197.30835388528462,204.2288737709989,197.2200104560065,203.55154418945312,17847000.0
2024-12-24,202.13799293014702,203.3944827635814,200.79315966589465,202.54046630859375,7634500.0
2024-12-26,201.7256936189015,204.3368424450223,199.16362946576803,199.33050537109375,8044900.0
2024-12-27,200.74407197989046,200.74407197989046,195.3941718348141,197.92678833007812,10664400.0
2024-12-30,196.16966271213113,198.2605471551534,194.8346403647034,196.70956420898438,11235200.0
2024-12-31,197.10221787102086,198.0740405959166,193.73522157497322,193.8628387451172,6427900.0
2025-01-02,193.381802255391,200.0274653390722,193.0774982626213,197.877685546875,10951400.0
2025-01-03,200.3514177018653,204.96509248684876,199.9587552865976,204.77857971191406,10261900.0
2025-01-06,214.75197648598242,218.1189723815399,211.72854334669486,215.9691925048828,24339900.0
2025-01-07,217.1766051332744,217.41218759156678,207.43880242233382,207.53695678710938,17010000.0
2025-01-08,206.11361026591754,206.43755115460453,202.1379911501737,203.31594848632812,13262700.0
2025-01-10,203.78710653290173,206.12338391632446,199.4973582484293,204.54295349121094,17265200.0
2025-01-13,196.8371745312873,199.8507819076943,196.37580553897592,197.6617431640625,16612400.0
2025-01-14,201.4214067172163,202.47174691133299,194.85427534309173,197.75009155273438,14182900.0
2025-01-15,198.77099264402855,205.20068072786154,195.68866374556282,203.0018310546875,18286500.0
2025-01-16,214.8697657763514,217.87356202343722,209.25482070823492,210.84506225585938,38539600.0
2025-01-17,211.2181025934703,211.7187303435454,207.18358784715863,207.61550903320312,21606100.0
2025-01-21,210.52114131980596,216.10662373274755,208.15540082904354,214.68325805664062,19061300.0
2025-01-22,217.87355928213137,221.28963977715546,215.2820473585719,219.10060119628906,17294500.0
2025-01-23,216.05754925567436,220.5730545757548,215.38021971302751,220.49452209472656,8986800.0
2025-01-24,222.06512577183747,222.241812607527,216.9017390888884,217.80484008789062,13183800.0
2025-01-27,193.42106117398708,203.19813757237432,184.2231599330463,188.77793884277344,68667500.0
2025-01-28,192.05659096982373,199.11453833010734,188.92519264299813,198.6826171875,31738800.0
2025-01-29,200.73426964798279,202.6582632060178,196.0813207740119,198.6139373779297,15199500.0
2025-01-30,202.77604332858198,205.77001358045874,201.6471557939459,204.32701110839844,13539000.0
2025-01-31,206.07432224223862,211.05121148890842,204.37610040890024,205.4755401611328,15746900.0
2025-02-03,195.9635104464069,201.22506687534135,194.34380610123142,196.13038635253906,17719800.0
2025-02-04,200.3219592520505,201.97109637295486,198.36850315852655,200.3023223876953,12692900.0
2025-02-05,202.21651340815654,206.61422756401277,200.08637037987398,204.73931884765625,10997800.0
2025-02-06,206.20192896454392,207.3013536826201,203.1981328751299,206.63385009765625,8491400.0
2025-02-07,209.09775944603237,209.26463535398537,201.9416573765679,202.3343048095703,11616200.0
2025-02-10,204.1797914634577,206.1234218228205,202.73678885435098,204.13070678710938,9296500.0
2025-02-11,201.36249131340278,205.98597686346253,197.30834003107458,204.90618896484375,9224500.0
2025-02-12,201.13669497388534,203.26685281627135,199.28140828740257,202.5895233154297,7373700.0
2025-02-13,198.17219258502806,198.5844768925795,195.57085460222098,198.12310791015625,15580900.0
2025-02-14,196.30707335044397,202.46191990968953,193.8333675862775,200.1550750732422,23220300.0
2025-02-18,200.999261481411,202.06925333439222,196.83714520547352,199.01637268066406,14988100.0
2025-02-19,198.29977592903938,198.87895107184727,196.34633487014077,197.25924682617188,13163100.0
2025-02-20,196.60155255970264,196.66044817205145,193.9805929604135,196.42486572265625,10639300.0
2025-02-21,197.63228894390426,198.96731120161243,192.40999114863592,194.5990447998047,13757300.0
2025-02-24,193.26400454981965,195.13891311500944,187.943552879745,188.1300506591797,15114300.0
2025-02-25,187.14844234109964,189.975551939885,184.02685464122436,185.89195251464844,20581000.0
2025-02-26,187.58036671186903,192.47872391653846,187.58036671186903,191.0455322265625,14112300.0
2025-02-27,191.11424561319234,191.19277809764432,177.7542118835444,177.76402282714844,24219200.0
2025-02-28,176.01671552181463,178.81437722717504,172.2963308296179,177.2143096923828,27929400.0
2025-03-03,177.8229388534028,178.23523818872764,167.9280843335214,169.79318237304688,37403000.0
2025-03-04,171.84475885424763,180.22791736836857,170.98091657739133,176.69403076171875,29395200.0
2025-03-05,179.63894175809273,181.34698954741108,177.4008184361111,180.8954315185547,17334000.0
2025-03-06,175.30012523525366,178.21557814487267,172.56135917904692,172.62026977539062,17864300.0
2025-03-07,172.5613527831208,175.19213844966438,167.8789715987717,173.84730529785156,21012700.0
2025-03-10,169.3023271904084,171.67787841032563,164.8260809261982,167.5157470703125,18265100.0
2025-03-11,167.51578031324703,170.1465663458417,165.01262642982215,167.8299102783203,16561100.0
2025-03-12,172.3748587282097,174.85839043097488,171.55027515602941,173.916015625,14737600.0
2025-03-13,170.69625190923483,170.69625190923483,167.36851488112123,168.43849182128906,14381600.0
2025-03-14,169.4790385738201,171.16744959922298,168.77226116883566,170.89259338378906,11449400.0
2025-03-17,170.75516343842025,173.90621391660974,170.62756125454655,173.00311279296875,9678100.0
2025-03-18,171.84420371703155,172.04129234734563,167.9516318430601,170.6123809814453,9986000.0
2025-03-19,170.48427249619868,173.1745692333503,169.24260054910545,171.23321533203125,10678500.0
2025-03-20,172.3073863437074,176.0718291556694,172.01174585220568,174.8892822265625,12209700.0
2025-03-21,172.36649286299152,174.62318546573724,171.26276948276578,174.16001892089844,9993200.0
2025-03-24,177.37262000286188,180.26985436833027,177.06711534162807,178.52560424804688,11440000.0
2025-03-25,179.81655522168182,179.85596693262767,177.18538368676613,178.26937866210938,8718800.0
2025-03-26,176.62367652180157,176.9390303769863,168.97652597636554,170.9770050048828,14612400.0
2025-03-27,168.89769030683823,169.11449232663966,165.11353420341266,165.7935028076172,17559100.0
2025-03-28,165.5963758845333,166.17780760343155,161.6742567768864,162.84695434570312,16332000.0
2025-03-31,158.02807597915856,163.7141739468438,157.40723250753592,163.5860595703125,19408300.0
2025-04-01,163.9704019839043,166.41433429867445,162.6597406720627,166.18768310546875,9180000.0
2025-04-02,164.42370089754408,169.25243989282757,163.93097181488665,167.91221618652344,10072700.0
2025-04-03,157.73243614785235,159.4471388189363,154.9238893166978,155.09141540527344,28370500.0
2025-04-04,148.69580409018576,149.10969477678094,142.73377829544694,144.665283203125,36085100.0
2025-04-07,132.55397250933532,151.51419303845535,132.29775879943173,144.04441833496094,46388300.0
2025-04-08,149.76993659588322,150.39078008849052,136.9589796904957,139.31422424316406,30479700.0
2025-04-09,138.16121723437755,158.28426904861382,135.894660685229,156.44146728515625,45612500.0
2025-04-10,153.23875980669712,153.73148893790835,144.77367694134387,148.93231201171875,24503500.0
2025-04-11,153.73149485715285,155.7122606276051,151.02148453114535,154.79579162597656,19632200.0
2025-04-14,155.99805612136186,156.2838324198637,151.79014485609153,153.57382202148438,17509400.0
2025-04-15,154.2143634729415,155.9487645404872,153.78075944683025,155.04214477539062,14306600.0
2025-04-16,148.41002969219187,151.30726453537622,146.3307120259125,149.46446228027344,23806100.0
2025-04-17,153.78075442377525,155.20966579995059,149.24764070946162,149.53343200683594,27239900.0
2025-04-21,147.8088849624508,148.0946612322026,143.71922429600804,145.70985412597656,15170500.0
2025-04-22,145.84781241968727,150.38092611776133,145.2959582380571,149.1983642578125,12668600.0
2025-04-23,157.0524643225267,158.0477867015265,153.73147508913934,155.51515197753906,17667900.0
2025-04-24,155.4855848747269,162.15714072497394,155.10125679975275,161.79251098632812,18761100.0
2025-04-25,161.54615836796253,163.49737646506995,158.81644993220866,162.69915771484375,14654800.0
2025-04-28,162.60060388947855,162.91595773291507,158.16604196522005,161.02386474609375,11415600.0
2025-04-29,161.9896284824502,163.58606600150046,161.1224204291887,162.08816528320312,9830100.0
2025-04-30,161.16180455778687,164.492657613254,159.39784124616585,164.26600646972656,10073000.0
2025-05-01,170.28718196721312,172.23838501579615,168.46407826104326,170.20834350585938,22670600.0
2025-05-02,177.18540088745686,178.02303139923274,174.56407826658196,176.67295837402344,21691200.0
2025-05-05,176.3970209894858,177.46131766915752,173.6870108904853,173.83482360839844,14618900.0
2025-05-06,170.09008833321676,172.19896824252586,168.10930776255594,169.7747344970703,14565600.0
2025-05-07,171.56827261048522,173.42092373634193,168.87796099238295,172.00186157226562,9682500.0
2025-05-08,172.79023198015787,174.86954932107042,171.13466947168257,172.67198181152344,10343000.0
2025-05-09,177.1853963391371,177.83580239292604,173.90381856254703,173.95309448242188,11582800.0
2025-05-12,184.55661153839023,186.4191269454637,181.92543993391493,184.26097106933594,22064900.0
2025-05-13,184.9902098949475,191.4548131198742,184.9902098949475,191.16903686523438,19996000.0
2025-05-14,192.4402989805906,193.3666322046662,190.42010642294284,191.9278564453125,12359000.0
2025-05-15,190.2919977274667,191.66178411967616,188.84337286932217,191.3957061767578,10241800.0
2025-05-16,191.70119583419375,192.2432008894349,189.7697060479343,191.3957061767578,9146700.0
2025-05-19,186.25161033452943,190.68617248535156,186.0643708600352,190.68617248535156,10144400.0
2025-05-20,189.01090170313805,190.9128289717806,188.03529258959958,190.63690185546875,7054100.0
2025-05-21,190.29199152973158,192.4304340990348,187.7593566435917,188.97146606445312,7375700.0
2025-05-22,188.55757298996878,193.96774405354802,188.55757298996878,193.33705139160156,11825000.0
2025-05-23,189.2276744265463,189.99633056537473,187.26660733359293,189.18824768066406,9403100.0
2025-05-27,191.27744694252618,195.42621763729747,190.88325463150926,194.8053741455078,12228200.0
2025-05-28,193.2384895868867,195.18970759652035,192.63735949971846,193.2877655029297,17787600.0
2025-05-29,196.5594867245473,196.8945388824462,193.22863340794657,194.28306579589844,14609900.0
2025-05-30,192.9231586783342,193.06112222675617,187.78891476946802,190.5087890625,11998300.0
2025-06-02,190.23285547810895,192.32203720983154,189.4050741503753,192.00668334960938,7447400.0
2025-06-03,191.52381595314938,195.28825863030664,190.8241339828809,194.7364044189453,9548300.0
2025-06-04,198.45156957504062,201.06302769089294,197.46611141254567,199.45672607421875,13531100.0
2025-06-05,201.90068598685608,202.76787899992377,199.33848858662626,200.38307189941406,12214300.0
2025-06-06,200.61958023853305,203.29016351428606,200.27466385707774,202.19630432128906,8532000.0
2025-06-09,203.39857195455645,206.22684728997706,202.87628029741273,203.98985290527344,11472300.0
2025-06-10,208.5328074077316,210.12924485775542,206.90680741507023,209.37045288085938,14514000.0
2025-06-11,211.87350913225313,214.2681652968273,209.85331685175197,210.98660278320312,13326400.0
2025-06-12,210.59096277283007,213.51859131429157,209.59201613832428,213.07350158691406,9796100.0
2025-06-13,207.8117020265518,210.92723955974915,207.1094617560725,208.79087829589844,10152500.0
2025-06-16,210.67010784160857,215.21979695850854,210.4030570003079,213.32078552246094,10932900.0
2025-06-17,211.55037177570432,213.57795094713933,211.16463837952938,211.5602569580078,8389700.0
2025-06-18,212.35151318352737,212.81637332247965,210.56131418078343,211.16464233398438,6932000.0
2025-06-20,212.84603953216853,213.14276101134945,205.87315268488268,207.21827697753906,16992000.0
2025-06-23,204.36978504466168,208.2864601805501,203.94448074674293,208.01942443847656,7535500.0
2025-06-24,212.04489338833162,217.95947690490735,211.54047745877085,217.6825408935547,14814700.0
2025-06-25,218.38479179951528,221.05525494829968,218.38479179951528,220.30357360839844,9168400.0
2025-06-26,222.5190374056815,222.75641758314234,220.26397854138278,221.5596466064453,7982200.0
2025-06-27,221.84649688161542,226.37640035066002,221.57944605159514,226.06979370117188,13133000.0
2025-06-30,224.95216344629193,225.6543887018925,222.3410415335963,224.01255798339844,9279800.0
2025-07-01,224.94225500455963,226.09947026769942,218.76062048380976,222.2223358154297,9990200.0
2025-07-02,222.02451826759608,231.26236402149354,221.5497729797945,231.04476928710938,12012500.0
2025-07-03,231.3118238305155,234.9812488842855,230.71839594548146,232.23165893554688,7779600.0
2025-07-07,229.09633663166315,230.0062714664003,224.95216623245454,226.66323852539062,13817500.0
2025-07-08,227.2665499775294,227.8105368202231,225.0510467872318,225.3675537109375,8854400.0
2025-07-09,227.92922122251156,230.71838191577604,227.72152675753793,229.30401611328125,9475300.0
2025-07-10,230.23375055613343,230.50080140517912,225.27855753429614,227.2467803955078,13124700.0
2025-07-11,228.4732036715932,229.72931598676968,226.89069925443167,227.8797607421875,8817800.0
2025-07-14,226.82148541214806,227.33580164011,223.83451532728643,226.168701171875,10673500.0
2025-07-15,231.89537025715035,235.1098201921258,231.29204212721817,234.35812377929688,14270100.0
2025-07-16,233.81412610965515,235.70323714456447,231.58873779607893,234.96144104003906,15092800.0
2025-07-17,243.10143746413144,245.5642062147579,238.74957257830778,242.9135284423828,27395700.0
2025-07-18,242.62669704630306,243.2794813199559,236.0791141278278,237.77040100097656,16252000.0
2025-07-21,237.49344773010733,239.68916551534434,236.09888245452257,236.2373504638672,11971800.0
2025-07-22,235.22850855188508,235.3966472031473,229.22489774255888,232.03384399414062,11919500.0
2025-07-23,235.91095768194432,237.86929526337553,233.79436663545897,237.70115661621094,9885400.0
2025-07-24,237.58248044627922,239.3034378763647,235.42631842966208,238.957275390625,9081900.0
2025-07-25,238.68034611595448,243.54652724562774,238.3044978886934,242.9135284423828,11593400.0
2025-07-28,240.34194616284356,241.2815515759682,238.41327924287592,240.0946807861328,11892200.0
2025-07-29,238.8583547101592,241.30133784767156,237.1967386171479,238.69021606445312,9411500.0
2025-07-30,239.47157786964024,241.89479074280126,238.58142851060097,240.25294494628906,6823800.0
2025-07-31,243.2893442791621,244.7037100762124,237.17695143480157,238.97703552246094,13490700.0
2025-08-01,233.042664998658,234.59549879241723,229.3040137488738,232.6371612548828,13549800.0
2025-08-04,235.3076230077108,236.3856964111328,233.80424531526904,236.3856964111328,6450700.0
2025-08-05,235.72304055746707,236.01976204025797,227.6522947033383,229.92713928222656,11868900.0
2025-08-06,228.50289504897336,229.66009528365544,226.3170774140901,228.83917236328125,9457200.0
2025-08-07,241.79586477231484,245.12899717944072,238.16601089845722,239.96609497070312,17691000.0
2025-08-08,240.50019173112435,240.50019173112435,236.3560217387914,239.1847381591797,10552500.0
2025-08-11,239.39243843795268,242.6662446749137,238.89790768874101,239.44189453125,8272900.0
2025-08-12,241.05407115917808,242.09258875760275,239.05616269373908,241.61782836914062,7295800.0
2025-08-13,243.73443403610307,243.73443403610307,237.31543414287015,238.7990264892578,7971900.0
2025-08-14,235.36697531476835,238.73967878010387,234.22956058325795,238.36383056640625,11040500.0
2025-08-15,237.70116504327265,238.16602518092384,234.66473882890776,236.26702880859375,8155500.0
2025-08-18,237.36486741059724,240.2034689976107,237.36486741059724,238.7693328857422,6919800.0
2025-08-19,237.3945392867456,237.54289247113815,230.0359195032672,230.15460205078125,14594700.0
2025-08-20,225.6444971011653,226.52476126016785,221.2530614883864,226.09947204589844,17165200.0
2025-08-21,225.65439116993508,227.81055324042055,223.78506540621768,224.84336853027344,7449100.0
2025-08-22,225.50602954319973,231.8854734132166,223.69604512662985,230.4414520263672,10299500.0
2025-08-25,231.73710258931123,234.68450150793558,229.70952358237176,233.0129852294922,7655000.0
2025-08-26,233.78446406541104,236.21756201810857,233.15146530329247,236.1087646484375,9793100.0
2025-08-27,234.27898888885386,236.78131323605734,232.86463821081736,236.67251586914062,9516400.0
2025-08-28,233.7152287241487,238.02753734338535,233.41850726433492,235.66368103027344,8466200.0
2025-08-29,233.26025652884064,233.36905389564595,228.05779856133378,228.34461975097656,15526000.0
2025-09-02,223.6762509693863,226.83135955189434,223.161949858343,225.89175415039062,13974900.0
2025-09-03,228.98753058273127,229.90735056526964,226.09947271440987,228.85894775390625,7198500.0
2025-09-04,228.81938327434523,232.73605834941404,227.7808656845428,232.6371612548828,6241900.0
2025-09-05,237.61214384880353,241.87499656468773,235.29772843336622,240.74746704101562,14056600.0
2025-09-08,239.34299772238555,245.16856935138122,238.97703470505294,244.48611450195312,12986600.0
2025-09-09,244.2289474339731,251.9436301044328,244.2289474339731,248.17530822753906,13443400.0
2025-09-10,256.0383526818429,261.68588554992897,254.9306086009324,257.5911865234375,18822400.0
2025-09-11,257.5021623226766,258.7780600831707,255.40535681473955,256.0779113769531,10005000.0
2025-09-12,257.9967095132713,258.09562170431815,255.55372629485313,256.4933166503906,8496600.0
2025-09-15,257.15599481605153,259.92535499441186,255.91966791789744,258.5209045410156,8147700.0
2025-09-16,263.84097609726933,264.35689969082887,258.5724633115559,260.0111389160156,10381900.0
2025-09-17,262.2733126722264,262.7396392925697,257.6993694692491,260.7354431152344,10422000.0
2025-09-18,255.98290497700958,268.4248732551709,255.9630722413997,266.53973388671875,16917300.0
2025-09-19,264.28746706886636,264.48591554485137,260.7553022050341,262.7991943359375,17640200.0
2025-09-22,264.45615148973303,274.19935397621805,263.37467693651274,270.49853515625,15630300.0
2025-09-23,280.1921209032043,283.7639812686768,277.8108907525507,280.49969482421875,17830300.0
2025-09-24,278.1184836694121,279.0114412520244,274.55655456745717,278.5153503417969,10231000.0
2025-09-25,270.98467736982275,274.97326742244326,268.0775920808023,274.49700927734375,11863400.0
2025-09-26,271.74866369561613,273.3460617183889,268.5042101180865,271.2227783203125,10451900.0
2025-09-29,274.32833360045987,277.6819128974079,271.0938415527344,271.0938415527344,8046200.0
2025-09-30,273.1675126962315,277.304894031587,271.68914115820706,277.1064758300781,8348800.0
2025-10-01,276.2631087070019,288.208986311923,275.00304869455965,286.2146911621094,14620100.0
2025-10-02,294.201735453789,294.40018392472103,284.7859398924857,285.85748291015625,10198000.0
2025-10-03,290.57035399568434,293.7453479391941,288.2188879210599,289.9056091308594,10572500.0
2025-10-06,297.6644678735823,304.8974513064171,297.59500788147363,300.0357666015625,15785000.0
2025-10-07,304.22276587496935,304.6990240193715,290.9870648531753,291.731201171875,13081000.0
2025-10-08,292.69360127979013,304.00446659548385,291.6815868469853,302.13916015625,12821200.0
2025-10-09,299.94645575777207,300.4623793558781,295.0947028531109,297.53546142578125,10259900.0
2025-10-10,297.61482409111863,297.8529682966983,278.1382918317124,278.4657287597656,23398000.0
2025-10-13,295.9083028677765,302.24835937204824,290.0346033193896,300.52197265625,20318300.0
2025-10-14,293.3186773196876,299.39082440667886,289.06220939930364,293.6262512207031,16567900.0
2025-10-15,303.895392577868,304.21286776333625,297.7240201528247,302.3277282714844,20788000.0
2025-10-16,308.49904950435075,308.9356118757877,294.37039174943067,297.4957580566406,26341500.0
2025-10-17,296.0670304388142,300.92871499569696,292.614257300604,292.7729797363281,17633300.0
2025-10-20,297.6545340590304,301.27599150095165,294.73751720293313,295.3725280761719,13391600.0
2025-10-21,296.66234488893014,297.0294472938208,291.3640979481377,292.20745849609375,11190500.0
2025-10-22,290.7092438004568,292.8920556948521,282.17647495734303,286.6214599609375,15409100.0
2025-10-23,287.53427914594323,291.7907476292175,287.36562519288015,288.45703125,10379900.0
2025-10-24,293.2591772976509,295.6205747892861,292.0884100589532,292.6539306640625,8747000.0
2025-10-27,296.3151101013185,298.13081988382834,291.3938964929148,295.9182434082031,13615000.0
2025-10-28,295.9876516121254,299.7678614617131,293.76514401741196,299.17254638671875,11804200.0
2025-10-29,303.4091830331609,305.5522993596172,300.0159382255111,302.7047424316406,16177300.0
2025-10-30,300.71041474560946,304.90735421516405,298.468104705007,300.8493347167969,14507100.0
2025-10-31,303.59767416941185,305.274463694973,294.3604647981282,298.0811462402344,12667900.0
2025-11-03,300.22425988441034,307.6953869467885,299.7579332697235,302.47650146484375,12466600.0
2025-11-04,294.5589597765923,299.6289946218963,291.21531170382036,291.7510681152344,16224300.0
2025-11-05,290.3322240172327,295.8884479721017,289.22098528205584,291.3442687988281,10502500.0
2025-11-06,291.8006567120239,292.3364433314327,285.1331941869922,286.9786376953125,11516900.0
2025-11-07,282.9801478677512,285.6392179644077,274.96333266669853,284.26007080078125,15715700.0
2025-11-10,292.05859781386835,294.8069605685671,289.46901804750956,292.96148681640625,10869200.0
2025-11-11,289.77658064251733,292.61423600809553,286.6512143890135,288.8935546875,9666300.0
2025-11-12,291.40380677329665,292.5646425230715,287.3159923229249,288.3478698730469,9715900.0
2025-11-13,286.9092216695595,287.2366283376572,277.810901328304,279.99371337890625,13827600.0
2025-11-14,273.75285805235495,284.6172295623482,271.0938183480427,282.59320068359375,11486800.0
2025-11-17,279.23965539133576,284.28985724965776,277.6124626636006,279.8052062988281,10227100.0
2025-11-18,275.3800424644778,277.999416912211,270.58781776308274,275.73724365234375,11850400.0
2025-11-19,274.755011120154,282.32533319842275,274.15969595458324,280.1623840332031,11179200.0
2025-11-20,289.92542986207985,290.56044073608274,274.24896982769974,275.3304443359375,15747300.0
2025-11-21,270.6770761292138,276.5111091322138,264.7339176775704,272.90948486328125,20872800.0
2025-11-24,271.05414860241115,282.8313417341185,271.05414860241115,282.4146423339844,13570300.0
2025-11-25,280.51957879068505,283.168687312,270.9449999389071,282.4543151855469,13726800.0
2025-11-26,286.8397618751708,290.52074784219457,285.4804776659429,287.6930236816406,12220300.0
2025-11-28,290.1933134527253,290.38183039735287,286.7405102489479,289.23089599609375,5515400.0
2025-12-01,284.6768096049723,288.88365066237424,280.97596066559765,285.43084716796875,7713000.0
2025-12-02,289.7170732420839,292.19752763627986,286.9191134184747,289.8063659667969,10746400.0
2025-12-03,289.89568272362914,294.30097251523483,283.8334662155739,293.14013671875,9599200.0
2025-12-04,291.6816100599067,291.73120703722344,287.9311641494156,290.6398010253906,6753000.0
2025-12-05,293.7353903860806,298.44825362493873,290.957293641084,292.4158020019531,10275300.0
2025-12-08,298.84514290641494,300.2540239771721,294.40015794900637,299.5098876953125,16643100.0
2025-12-09,297.6445973625877,302.29793225289956,296.1662562251443,301.0378723144531,11349100.0
2025-12-10,302.98257458725914,311.52527628350236,300.13501744817404,307.7153015136719,12429200.0
2025-12-11,303.7507581691417,304.26807460223984,298.0999588756921,303.2831726074219,15028400.0
2025-12-12,302.71608144218436,302.71608144218436,289.4844520085434,290.53900146484375,19306100.0
2025-12-15,293.6329959576229,294.2796490463091,286.07205200498913,286.2610778808594,12082400.0
2025-12-16,285.7835789370498,286.9773930782894,281.86382693382285,285.39556884765625,11418400.0
2025-12-17,287.04703993240423,287.614117587584,273.6661568096194,275.5364990234375,16823000.0
2025-12-18,283.5351899801831,285.6840919054254,280.30189395409326,283.2168273925781,11260300.0
2025-12-19,284.9080762017799,290.66832540772776,284.9080762017799,287.4648742675781,12735800.0
2025-12-22,293.15551451119416,293.4937633890043,289.71327581912294,291.77264404296875,6091100.0
2025-12-23,291.89199494157896,296.37882444082817,290.6981808430299,295.42376708984375,6802300.0
2025-12-24,296.2097021978008,297.62241721204856,294.70748375869647,297.2642517089844,2753900.0
2025-12-26,298.35858618714826,301.82071082512005,296.98567416931934,301.2834777832031,5125900.0
2025-12-29,300.22894787531203,302.9349691756451,297.11503019815467,299.3733825683594,6205100.0
2025-12-30,300.80596326630786,302.98470987914686,297.9109463420213,298.0402526855469,6190600.0
2025-12-31,302.43754506486727,305.8101362096284,301.8704673812959,302.328125,8175100.0
